Copyright 1986-2022 Xilinx, Inc. All Rights Reserved. Copyright 2022-2023 Advanced Micro Devices, Inc. All Rights Reserved.
----------------------------------------------------------------------------------------------------------------------------------------------------
| Tool Version : Vivado v.2023.2 (win64) Build 4029153 Fri Oct 13 20:14:34 MDT 2023
| Date         : Tue Oct  6 14:04:10 2026
| Host         : DESKTOP-5BKHJFE running 64-bit major release  (build 9200)
| Command      : report_timing -delay_type max -max_paths 20 -file E:/ResearchOnWork/RISC_V_CORE/Synthesis/fpga/ecg_artix7/reports/timing_setup.rpt
| Design       : ecg_arty_top
| Device       : 7a100t-csg324
| Speed File   : -1  PRODUCTION 1.23 2018-06-13
| Design State : Routed
----------------------------------------------------------------------------------------------------------------------------------------------------

Timing Report

Slack (VIOLATED) :        -1.238ns  (required time - arrival time)
  Source:                 u_soc_top/gen_cv32e40p_core.u_core/core_i/id_stage_i/alu_operator_ex_o_reg[5]/C
                            (rising edge-triggered cell FDCE clocked by clk_50m_unbuf  {rise@0.000ns fall@10.000ns period=20.000ns})
  Destination:            u_soc_top/gen_cv32e40p_core.u_core/core_i/id_stage_i/mult_operand_b_ex_o_reg[27]/D
                            (rising edge-triggered cell FDCE clocked by clk_50m_unbuf  {rise@0.000ns fall@10.000ns period=20.000ns})
  Path Group:             clk_50m_unbuf
  Path Type:              Setup (Max at Slow Process Corner)
  Requirement:            20.000ns  (clk_50m_unbuf rise@20.000ns - clk_50m_unbuf rise@0.000ns)
  Data Path Delay:        21.059ns  (logic 6.478ns (30.762%)  route 14.581ns (69.238%))
  Logic Levels:           32  (CARRY4=8 LUT3=2 LUT5=4 LUT6=15 MUXF7=2 MUXF8=1)
  Clock Path Skew:        -0.046ns (DCD - SCD + CPR)
    Destination Clock Delay (DCD):    1.395ns = ( 21.395 - 20.000 ) 
    Source Clock Delay      (SCD):    2.345ns
    Clock Pessimism Removal (CPR):    0.904ns
  Clock Uncertainty:      0.089ns  ((TSJ^2 + DJ^2)^1/2) / 2 + PE
    Total System Jitter     (TSJ):    0.071ns
    Discrete Jitter          (DJ):    0.163ns
    Phase Error              (PE):    0.000ns

    Location             Delay type                Incr(ns)  Path(ns)    Netlist Resource(s)
  -------------------------------------------------------------------    -------------------
                         (clock clk_50m_unbuf rise edge)
                                                      0.000     0.000 r  
    E3                                                0.000     0.000 r  clk_100m_i (IN)
                         net (fo=0)                   0.000     0.000    clk_100m_i
    E3                   IBUF (Prop_ibuf_I_O)         1.482     1.482 r  clk_100m_i_IBUF_inst/O
                         net (fo=1, routed)           1.233     2.715    clk_100m_i_IBUF
    MMCME2_ADV_X1Y2      MMCME2_ADV (Prop_mmcme2_adv_CLKIN1_CLKOUT0)
                                                     -7.070    -4.355 r  u_mmcm/CLKOUT0
                         net (fo=1, routed)           1.719    -2.636    clk_50m_unbuf
    BUFGCTRL_X0Y16       BUFG (Prop_bufg_I_O)         0.096    -2.540 r  u_bufg_clk50/O
                         net (fo=4563, routed)        2.067    -0.473    u_soc_top/gen_cv32e40p_core.u_core/core_i/sleep_unit_i/core_clock_gate_i/clk_50m
    SLICE_X52Y97         LUT2 (Prop_lut2_I0_O)        0.124    -0.349 r  u_soc_top/gen_cv32e40p_core.u_core/core_i/sleep_unit_i/core_clock_gate_i/cnt_q[1]_i_4/O
                         net (fo=1, routed)           0.794     0.445    u_soc_top_n_44
    BUFGCTRL_X0Y0        BUFG (Prop_bufg_I_O)         0.096     0.541 r  cnt_q_reg[1]_i_2/O
                         net (fo=2420, routed)        1.804     2.345    u_soc_top/gen_cv32e40p_core.u_core/core_i/id_stage_i/clk
    SLICE_X40Y162        FDCE                                         r  u_soc_top/gen_cv32e40p_core.u_core/core_i/id_stage_i/alu_operator_ex_o_reg[5]/C
  -------------------------------------------------------------------    -------------------
    SLICE_X40Y162        FDCE (Prop_fdce_C_Q)         0.419     2.764 r  u_soc_top/gen_cv32e40p_core.u_core/core_i/id_stage_i/alu_operator_ex_o_reg[5]/Q
                         net (fo=59, routed)          0.569     3.333    u_soc_top/gen_cv32e40p_core.u_core/core_i/id_stage_i/register_file_i/i___171_i_34_0[5]
    SLICE_X40Y162        LUT3 (Prop_lut3_I0_O)        0.299     3.632 r  u_soc_top/gen_cv32e40p_core.u_core/core_i/id_stage_i/register_file_i/i___183_i_5/O
                         net (fo=96, routed)          0.925     4.557    u_soc_top/gen_cv32e40p_core.u_core/core_i/id_stage_i/register_file_i/i___183_i_5_n_0
    SLICE_X44Y162        LUT6 (Prop_lut6_I0_O)        0.124     4.681 r  u_soc_top/gen_cv32e40p_core.u_core/core_i/id_stage_i/register_file_i/BReg_DP[24]_i_27/O
                         net (fo=1, routed)           0.623     5.304    u_soc_top/gen_cv32e40p_core.u_core/core_i/id_stage_i/register_file_i/BReg_DP[24]_i_27_n_0
    SLICE_X45Y158        LUT6 (Prop_lut6_I5_O)        0.124     5.428 r  u_soc_top/gen_cv32e40p_core.u_core/core_i/id_stage_i/register_file_i/BReg_DP[24]_i_19/O
                         net (fo=2, routed)           0.585     6.013    u_soc_top/gen_cv32e40p_core.u_core/core_i/id_stage_i/register_file_i/ex_stage_i/alu_i/adder_op_a[6]
    SLICE_X41Y157        LUT5 (Prop_lut5_I0_O)        0.124     6.137 r  u_soc_top/gen_cv32e40p_core.u_core/core_i/id_stage_i/register_file_i/BReg_DP[24]_i_23/O
                         net (fo=1, routed)           0.000     6.137    u_soc_top/gen_cv32e40p_core.u_core/core_i/id_stage_i/register_file_i/BReg_DP[24]_i_23_n_0
    SLICE_X41Y157        CARRY4 (Prop_carry4_S[2]_CO[3])
                                                      0.398     6.535 r  u_soc_top/gen_cv32e40p_core.u_core/core_i/id_stage_i/register_file_i/BReg_DP_reg[24]_i_12/CO[3]
                         net (fo=1, routed)           0.000     6.535    u_soc_top/gen_cv32e40p_core.u_core/core_i/id_stage_i/register_file_i/BReg_DP_reg[24]_i_12_n_0
    SLICE_X41Y158        CARRY4 (Prop_carry4_CI_O[1])
                                                      0.334     6.869 r  u_soc_top/gen_cv32e40p_core.u_core/core_i/id_stage_i/register_file_i/BReg_DP_reg[31]_i_98/O[1]
                         net (fo=3, routed)           0.702     7.571    u_soc_top/gen_cv32e40p_core.u_core/core_i/id_stage_i/register_file_i/ex_stage_i/alu_i/data0[8]
    SLICE_X42Y159        LUT5 (Prop_lut5_I3_O)        0.303     7.874 r  u_soc_top/gen_cv32e40p_core.u_core/core_i/id_stage_i/register_file_i/BReg_DP[31]_i_102/O
                         net (fo=1, routed)           0.000     7.874    u_soc_top/gen_cv32e40p_core.u_core/core_i/id_stage_i/register_file_i/BReg_DP[31]_i_102_n_0
    SLICE_X42Y159        CARRY4 (Prop_carry4_S[0]_CO[3])
                                                      0.513     8.387 r  u_soc_top/gen_cv32e40p_core.u_core/core_i/id_stage_i/register_file_i/BReg_DP_reg[31]_i_83/CO[3]
                         net (fo=1, routed)           0.000     8.387    u_soc_top/gen_cv32e40p_core.u_core/core_i/id_stage_i/register_file_i/BReg_DP_reg[31]_i_83_n_0
    SLICE_X42Y160        CARRY4 (Prop_carry4_CI_CO[3])
                                                      0.117     8.504 r  u_soc_top/gen_cv32e40p_core.u_core/core_i/id_stage_i/register_file_i/BReg_DP_reg[16]_i_11/CO[3]
                         net (fo=1, routed)           0.000     8.504    u_soc_top/gen_cv32e40p_core.u_core/core_i/id_stage_i/register_file_i/BReg_DP_reg[16]_i_11_n_0
    SLICE_X42Y161        CARRY4 (Prop_carry4_CI_CO[3])
                                                      0.117     8.621 r  u_soc_top/gen_cv32e40p_core.u_core/core_i/id_stage_i/register_file_i/BReg_DP_reg[31]_i_84/CO[3]
                         net (fo=1, routed)           0.000     8.621    u_soc_top/gen_cv32e40p_core.u_core/core_i/id_stage_i/register_file_i/BReg_DP_reg[31]_i_84_n_0
    SLICE_X42Y162        CARRY4 (Prop_carry4_CI_CO[3])
                                                      0.117     8.738 r  u_soc_top/gen_cv32e40p_core.u_core/core_i/id_stage_i/register_file_i/BReg_DP_reg[8]_i_8/CO[3]
                         net (fo=1, routed)           0.000     8.738    u_soc_top/gen_cv32e40p_core.u_core/core_i/id_stage_i/register_file_i/BReg_DP_reg[8]_i_8_n_0
    SLICE_X42Y163        CARRY4 (Prop_carry4_CI_CO[3])
                                                      0.117     8.855 r  u_soc_top/gen_cv32e40p_core.u_core/core_i/id_stage_i/register_file_i/BReg_DP_reg[31]_i_82/CO[3]
                         net (fo=1, routed)           0.000     8.855    u_soc_top/gen_cv32e40p_core.u_core/core_i/id_stage_i/register_file_i/BReg_DP_reg[31]_i_82_n_0
    SLICE_X42Y164        CARRY4 (Prop_carry4_CI_O[3])
                                                      0.315     9.170 r  u_soc_top/gen_cv32e40p_core.u_core/core_i/id_stage_i/register_file_i/BReg_DP_reg[0]_i_8/O[3]
                         net (fo=2, routed)           0.499     9.669    u_soc_top/gen_cv32e40p_core.u_core/core_i/id_stage_i/register_file_i/ex_stage_i/alu_i/adder_round_result[31]
    SLICE_X44Y164        LUT6 (Prop_lut6_I2_O)        0.307     9.976 r  u_soc_top/gen_cv32e40p_core.u_core/core_i/id_stage_i/register_file_i/BReg_DP[0]_i_6/O
                         net (fo=61, routed)          0.780    10.757    u_soc_top/gen_cv32e40p_core.u_core/core_i/id_stage_i/register_file_i/shift_right_result126_out
    SLICE_X44Y165        LUT3 (Prop_lut3_I2_O)        0.124    10.881 r  u_soc_top/gen_cv32e40p_core.u_core/core_i/id_stage_i/register_file_i/BReg_DP[18]_i_10/O
                         net (fo=3, routed)           0.738    11.619    u_soc_top/gen_cv32e40p_core.u_core/core_i/id_stage_i/register_file_i/alu_operand_a_ex_o_reg[11][1]
    SLICE_X45Y168        LUT6 (Prop_lut6_I0_O)        0.124    11.743 r  u_soc_top/gen_cv32e40p_core.u_core/core_i/id_stage_i/register_file_i/BReg_DP[18]_i_7/O
                         net (fo=4, routed)           0.841    12.583    u_soc_top/gen_cv32e40p_core.u_core/core_i/id_stage_i/register_file_i/BReg_DP[18]_i_7_n_0
    SLICE_X48Y168        LUT6 (Prop_lut6_I3_O)        0.124    12.707 r  u_soc_top/gen_cv32e40p_core.u_core/core_i/id_stage_i/register_file_i/BReg_DP[16]_i_4/O
                         net (fo=3, routed)           0.680    13.387    u_soc_top/gen_cv32e40p_core.u_core/core_i/id_stage_i/register_file_i/alu_clpx_shift_ex_o_reg[1]_12
    SLICE_X51Y167        LUT5 (Prop_lut5_I2_O)        0.124    13.511 r  u_soc_top/gen_cv32e40p_core.u_core/core_i/id_stage_i/register_file_i/BReg_DP[16]_i_2/O
                         net (fo=3, routed)           0.592    14.103    u_soc_top/gen_cv32e40p_core.u_core/core_i/id_stage_i/register_file_i/shift_left_result[2]
    SLICE_X51Y167        LUT5 (Prop_lut5_I4_O)        0.124    14.227 r  u_soc_top/gen_cv32e40p_core.u_core/core_i/id_stage_i/register_file_i/i___112__16_i_33/O
                         net (fo=5, routed)           1.015    15.243    u_soc_top/gen_cv32e40p_core.u_core/core_i/id_stage_i/register_file_i/ex_stage_i/alu_i/radix_2_rev[16]
    SLICE_X51Y163        LUT6 (Prop_lut6_I0_O)        0.124    15.367 r  u_soc_top/gen_cv32e40p_core.u_core/core_i/id_stage_i/register_file_i/i___50_i_107/O
                         net (fo=1, routed)           0.000    15.367    u_soc_top/gen_cv32e40p_core.u_core/core_i/id_stage_i/register_file_i/i___50_i_107_n_0
    SLICE_X51Y163        MUXF7 (Prop_muxf7_I1_O)      0.217    15.584 r  u_soc_top/gen_cv32e40p_core.u_core/core_i/id_stage_i/register_file_i/i___50_i_98/O
                         net (fo=1, routed)           0.000    15.584    u_soc_top/gen_cv32e40p_core.u_core/core_i/id_stage_i/register_file_i/i___50_i_98_n_0
    SLICE_X51Y163        MUXF8 (Prop_muxf8_I1_O)      0.094    15.678 r  u_soc_top/gen_cv32e40p_core.u_core/core_i/id_stage_i/register_file_i/i___50_i_92/O
                         net (fo=1, routed)           0.408    16.086    u_soc_top/gen_cv32e40p_core.u_core/core_i/id_stage_i/register_file_i/i___50_i_92_n_0
    SLICE_X51Y162        LUT6 (Prop_lut6_I0_O)        0.316    16.402 r  u_soc_top/gen_cv32e40p_core.u_core/core_i/id_stage_i/register_file_i/i___50_i_86/O
                         net (fo=64, routed)          0.627    17.029    u_soc_top/gen_cv32e40p_core.u_core/core_i/id_stage_i/register_file_i/ex_stage_i/alu_i/extract_sign
    SLICE_X47Y160        LUT6 (Prop_lut6_I5_O)        0.124    17.153 r  u_soc_top/gen_cv32e40p_core.u_core/core_i/id_stage_i/register_file_i/i___112__32_i_36/O
                         net (fo=1, routed)           0.442    17.595    u_soc_top/gen_cv32e40p_core.u_core/core_i/id_stage_i/register_file_i/i___112__32_i_36_n_0
    SLICE_X47Y156        LUT6 (Prop_lut6_I5_O)        0.124    17.719 r  u_soc_top/gen_cv32e40p_core.u_core/core_i/id_stage_i/register_file_i/i___112__32_i_32/O
                         net (fo=1, routed)           0.354    18.073    u_soc_top/gen_cv32e40p_core.u_core/core_i/id_stage_i/register_file_i/ex_stage_i/alu_i/bextins_result[3]
    SLICE_X46Y156        LUT6 (Prop_lut6_I5_O)        0.124    18.197 r  u_soc_top/gen_cv32e40p_core.u_core/core_i/id_stage_i/register_file_i/i___112__32_i_25/O
                         net (fo=1, routed)           0.000    18.197    u_soc_top/gen_cv32e40p_core.u_core/core_i/id_stage_i/register_file_i/i___112__32_i_25_n_0
    SLICE_X46Y156        MUXF7 (Prop_muxf7_I1_O)      0.214    18.411 r  u_soc_top/gen_cv32e40p_core.u_core/core_i/id_stage_i/register_file_i/i___112__32_i_12/O
                         net (fo=1, routed)           0.613    19.024    u_soc_top/gen_cv32e40p_core.u_core/core_i/id_stage_i/register_file_i/i___112__32_i_12_n_0
    SLICE_X44Y156        LUT6 (Prop_lut6_I5_O)        0.297    19.321 r  u_soc_top/gen_cv32e40p_core.u_core/core_i/id_stage_i/register_file_i/i___112__32_i_4/O
                         net (fo=1, routed)           0.407    19.728    u_soc_top/gen_cv32e40p_core.u_core/core_i/id_stage_i/gen_hwloop_regs.hwloop_regs_i/alu_result[3]
    SLICE_X45Y156        LUT6 (Prop_lut6_I3_O)        0.124    19.852 r  u_soc_top/gen_cv32e40p_core.u_core/core_i/id_stage_i/gen_hwloop_regs.hwloop_regs_i/i___112__32_i_2/O
                         net (fo=37, routed)          0.737    20.589    u_soc_top/gen_cv32e40p_core.u_core/core_i/id_stage_i/gen_hwloop_regs.hwloop_regs_i/csr_access_ex_o_reg_1
    SLICE_X43Y155        LUT6 (Prop_lut6_I2_O)        0.124    20.713 r  u_soc_top/gen_cv32e40p_core.u_core/core_i/id_stage_i/gen_hwloop_regs.hwloop_regs_i/i___81_i_1/O
                         net (fo=4, routed)           0.921    21.634    u_soc_top/gen_cv32e40p_core.u_core/core_i/if_stage_i/mult_dot_op_c_ex_o_reg[3]_0
    SLICE_X48Y156        LUT6 (Prop_lut6_I3_O)        0.124    21.758 r  u_soc_top/gen_cv32e40p_core.u_core/core_i/if_stage_i/mult_operand_b_ex_o[3]_i_1/O
                         net (fo=9, routed)           0.847    22.605    u_soc_top/gen_cv32e40p_core.u_core/core_i/if_stage_i/operand_b[3]
    SLICE_X50Y156        LUT6 (Prop_lut6_I0_O)        0.124    22.729 r  u_soc_top/gen_cv32e40p_core.u_core/core_i/if_stage_i/mult_operand_b_ex_o[27]_i_1/O
                         net (fo=2, routed)           0.675    23.404    u_soc_top/gen_cv32e40p_core.u_core/core_i/id_stage_i/mult_operand_b_ex_o_reg[31]_1[19]
    SLICE_X50Y157        FDCE                                         r  u_soc_top/gen_cv32e40p_core.u_core/core_i/id_stage_i/mult_operand_b_ex_o_reg[27]/D
  -------------------------------------------------------------------    -------------------

                         (clock clk_50m_unbuf rise edge)
                                                     20.000    20.000 r  
    E3                                                0.000    20.000 r  clk_100m_i (IN)
                         net (fo=0)                   0.000    20.000    clk_100m_i
    E3                   IBUF (Prop_ibuf_I_O)         1.411    21.411 r  clk_100m_i_IBUF_inst/O
                         net (fo=1, routed)           1.162    22.573    clk_100m_i_IBUF
    MMCME2_ADV_X1Y2      MMCME2_ADV (Prop_mmcme2_adv_CLKIN1_CLKOUT0)
                                                     -7.324    15.249 r  u_mmcm/CLKOUT0
                         net (fo=1, routed)           1.639    16.888    clk_50m_unbuf
    BUFGCTRL_X0Y16       BUFG (Prop_bufg_I_O)         0.091    16.979 r  u_bufg_clk50/O
                         net (fo=4563, routed)        1.860    18.840    u_soc_top/gen_cv32e40p_core.u_core/core_i/sleep_unit_i/core_clock_gate_i/clk_50m
    SLICE_X52Y97         LUT2 (Prop_lut2_I0_O)        0.100    18.940 r  u_soc_top/gen_cv32e40p_core.u_core/core_i/sleep_unit_i/core_clock_gate_i/cnt_q[1]_i_4/O
                         net (fo=1, routed)           0.694    19.633    u_soc_top_n_44
    BUFGCTRL_X0Y0        BUFG (Prop_bufg_I_O)         0.091    19.724 r  cnt_q_reg[1]_i_2/O
                         net (fo=2420, routed)        1.671    21.395    u_soc_top/gen_cv32e40p_core.u_core/core_i/id_stage_i/clk
    SLICE_X50Y157        FDCE                                         r  u_soc_top/gen_cv32e40p_core.u_core/core_i/id_stage_i/mult_operand_b_ex_o_reg[27]/C
                         clock pessimism              0.904    22.299    
                         clock uncertainty           -0.089    22.210    
    SLICE_X50Y157        FDCE (Setup_fdce_C_D)       -0.045    22.165    u_soc_top/gen_cv32e40p_core.u_core/core_i/id_stage_i/mult_operand_b_ex_o_reg[27]
  -------------------------------------------------------------------
                         required time                         22.165    
                         arrival time                         -23.404    
  -------------------------------------------------------------------
                         slack                                 -1.238    

Slack (VIOLATED) :        -1.213ns  (required time - arrival time)
  Source:                 u_soc_top/gen_cv32e40p_core.u_core/core_i/id_stage_i/alu_operator_ex_o_reg[5]/C
                            (rising edge-triggered cell FDCE clocked by clk_50m_unbuf  {rise@0.000ns fall@10.000ns period=20.000ns})
  Destination:            u_soc_top/gen_cv32e40p_core.u_core/core_i/id_stage_i/mult_dot_op_b_ex_o_reg[27]/D
                            (rising edge-triggered cell FDCE clocked by clk_50m_unbuf  {rise@0.000ns fall@10.000ns period=20.000ns})
  Path Group:             clk_50m_unbuf
  Path Type:              Setup (Max at Slow Process Corner)
  Requirement:            20.000ns  (clk_50m_unbuf rise@20.000ns - clk_50m_unbuf rise@0.000ns)
  Data Path Delay:        21.020ns  (logic 6.478ns (30.818%)  route 14.543ns (69.182%))
  Logic Levels:           32  (CARRY4=8 LUT3=2 LUT5=4 LUT6=15 MUXF7=2 MUXF8=1)
  Clock Path Skew:        -0.046ns (DCD - SCD + CPR)
    Destination Clock Delay (DCD):    1.395ns = ( 21.395 - 20.000 ) 
    Source Clock Delay      (SCD):    2.345ns
    Clock Pessimism Removal (CPR):    0.904ns
  Clock Uncertainty:      0.089ns  ((TSJ^2 + DJ^2)^1/2) / 2 + PE
    Total System Jitter     (TSJ):    0.071ns
    Discrete Jitter          (DJ):    0.163ns
    Phase Error              (PE):    0.000ns

    Location             Delay type                Incr(ns)  Path(ns)    Netlist Resource(s)
  -------------------------------------------------------------------    -------------------
                         (clock clk_50m_unbuf rise edge)
                                                      0.000     0.000 r  
    E3                                                0.000     0.000 r  clk_100m_i (IN)
                         net (fo=0)                   0.000     0.000    clk_100m_i
    E3                   IBUF (Prop_ibuf_I_O)         1.482     1.482 r  clk_100m_i_IBUF_inst/O
                         net (fo=1, routed)           1.233     2.715    clk_100m_i_IBUF
    MMCME2_ADV_X1Y2      MMCME2_ADV (Prop_mmcme2_adv_CLKIN1_CLKOUT0)
                                                     -7.070    -4.355 r  u_mmcm/CLKOUT0
                         net (fo=1, routed)           1.719    -2.636    clk_50m_unbuf
    BUFGCTRL_X0Y16       BUFG (Prop_bufg_I_O)         0.096    -2.540 r  u_bufg_clk50/O
                         net (fo=4563, routed)        2.067    -0.473    u_soc_top/gen_cv32e40p_core.u_core/core_i/sleep_unit_i/core_clock_gate_i/clk_50m
    SLICE_X52Y97         LUT2 (Prop_lut2_I0_O)        0.124    -0.349 r  u_soc_top/gen_cv32e40p_core.u_core/core_i/sleep_unit_i/core_clock_gate_i/cnt_q[1]_i_4/O
                         net (fo=1, routed)           0.794     0.445    u_soc_top_n_44
    BUFGCTRL_X0Y0        BUFG (Prop_bufg_I_O)         0.096     0.541 r  cnt_q_reg[1]_i_2/O
                         net (fo=2420, routed)        1.804     2.345    u_soc_top/gen_cv32e40p_core.u_core/core_i/id_stage_i/clk
    SLICE_X40Y162        FDCE                                         r  u_soc_top/gen_cv32e40p_core.u_core/core_i/id_stage_i/alu_operator_ex_o_reg[5]/C
  -------------------------------------------------------------------    -------------------
    SLICE_X40Y162        FDCE (Prop_fdce_C_Q)         0.419     2.764 r  u_soc_top/gen_cv32e40p_core.u_core/core_i/id_stage_i/alu_operator_ex_o_reg[5]/Q
                         net (fo=59, routed)          0.569     3.333    u_soc_top/gen_cv32e40p_core.u_core/core_i/id_stage_i/register_file_i/i___171_i_34_0[5]
    SLICE_X40Y162        LUT3 (Prop_lut3_I0_O)        0.299     3.632 r  u_soc_top/gen_cv32e40p_core.u_core/core_i/id_stage_i/register_file_i/i___183_i_5/O
                         net (fo=96, routed)          0.925     4.557    u_soc_top/gen_cv32e40p_core.u_core/core_i/id_stage_i/register_file_i/i___183_i_5_n_0
    SLICE_X44Y162        LUT6 (Prop_lut6_I0_O)        0.124     4.681 r  u_soc_top/gen_cv32e40p_core.u_core/core_i/id_stage_i/register_file_i/BReg_DP[24]_i_27/O
                         net (fo=1, routed)           0.623     5.304    u_soc_top/gen_cv32e40p_core.u_core/core_i/id_stage_i/register_file_i/BReg_DP[24]_i_27_n_0
    SLICE_X45Y158        LUT6 (Prop_lut6_I5_O)        0.124     5.428 r  u_soc_top/gen_cv32e40p_core.u_core/core_i/id_stage_i/register_file_i/BReg_DP[24]_i_19/O
                         net (fo=2, routed)           0.585     6.013    u_soc_top/gen_cv32e40p_core.u_core/core_i/id_stage_i/register_file_i/ex_stage_i/alu_i/adder_op_a[6]
    SLICE_X41Y157        LUT5 (Prop_lut5_I0_O)        0.124     6.137 r  u_soc_top/gen_cv32e40p_core.u_core/core_i/id_stage_i/register_file_i/BReg_DP[24]_i_23/O
                         net (fo=1, routed)           0.000     6.137    u_soc_top/gen_cv32e40p_core.u_core/core_i/id_stage_i/register_file_i/BReg_DP[24]_i_23_n_0
    SLICE_X41Y157        CARRY4 (Prop_carry4_S[2]_CO[3])
                                                      0.398     6.535 r  u_soc_top/gen_cv32e40p_core.u_core/core_i/id_stage_i/register_file_i/BReg_DP_reg[24]_i_12/CO[3]
                         net (fo=1, routed)           0.000     6.535    u_soc_top/gen_cv32e40p_core.u_core/core_i/id_stage_i/register_file_i/BReg_DP_reg[24]_i_12_n_0
    SLICE_X41Y158        CARRY4 (Prop_carry4_CI_O[1])
                                                      0.334     6.869 r  u_soc_top/gen_cv32e40p_core.u_core/core_i/id_stage_i/register_file_i/BReg_DP_reg[31]_i_98/O[1]
                         net (fo=3, routed)           0.702     7.571    u_soc_top/gen_cv32e40p_core.u_core/core_i/id_stage_i/register_file_i/ex_stage_i/alu_i/data0[8]
    SLICE_X42Y159        LUT5 (Prop_lut5_I3_O)        0.303     7.874 r  u_soc_top/gen_cv32e40p_core.u_core/core_i/id_stage_i/register_file_i/BReg_DP[31]_i_102/O
                         net (fo=1, routed)           0.000     7.874    u_soc_top/gen_cv32e40p_core.u_core/core_i/id_stage_i/register_file_i/BReg_DP[31]_i_102_n_0
    SLICE_X42Y159        CARRY4 (Prop_carry4_S[0]_CO[3])
                                                      0.513     8.387 r  u_soc_top/gen_cv32e40p_core.u_core/core_i/id_stage_i/register_file_i/BReg_DP_reg[31]_i_83/CO[3]
                         net (fo=1, routed)           0.000     8.387    u_soc_top/gen_cv32e40p_core.u_core/core_i/id_stage_i/register_file_i/BReg_DP_reg[31]_i_83_n_0
    SLICE_X42Y160        CARRY4 (Prop_carry4_CI_CO[3])
                                                      0.117     8.504 r  u_soc_top/gen_cv32e40p_core.u_core/core_i/id_stage_i/register_file_i/BReg_DP_reg[16]_i_11/CO[3]
                         net (fo=1, routed)           0.000     8.504    u_soc_top/gen_cv32e40p_core.u_core/core_i/id_stage_i/register_file_i/BReg_DP_reg[16]_i_11_n_0
    SLICE_X42Y161        CARRY4 (Prop_carry4_CI_CO[3])
                                                      0.117     8.621 r  u_soc_top/gen_cv32e40p_core.u_core/core_i/id_stage_i/register_file_i/BReg_DP_reg[31]_i_84/CO[3]
                         net (fo=1, routed)           0.000     8.621    u_soc_top/gen_cv32e40p_core.u_core/core_i/id_stage_i/register_file_i/BReg_DP_reg[31]_i_84_n_0
    SLICE_X42Y162        CARRY4 (Prop_carry4_CI_CO[3])
                                                      0.117     8.738 r  u_soc_top/gen_cv32e40p_core.u_core/core_i/id_stage_i/register_file_i/BReg_DP_reg[8]_i_8/CO[3]
                         net (fo=1, routed)           0.000     8.738    u_soc_top/gen_cv32e40p_core.u_core/core_i/id_stage_i/register_file_i/BReg_DP_reg[8]_i_8_n_0
    SLICE_X42Y163        CARRY4 (Prop_carry4_CI_CO[3])
                                                      0.117     8.855 r  u_soc_top/gen_cv32e40p_core.u_core/core_i/id_stage_i/register_file_i/BReg_DP_reg[31]_i_82/CO[3]
                         net (fo=1, routed)           0.000     8.855    u_soc_top/gen_cv32e40p_core.u_core/core_i/id_stage_i/register_file_i/BReg_DP_reg[31]_i_82_n_0
    SLICE_X42Y164        CARRY4 (Prop_carry4_CI_O[3])
                                                      0.315     9.170 r  u_soc_top/gen_cv32e40p_core.u_core/core_i/id_stage_i/register_file_i/BReg_DP_reg[0]_i_8/O[3]
                         net (fo=2, routed)           0.499     9.669    u_soc_top/gen_cv32e40p_core.u_core/core_i/id_stage_i/register_file_i/ex_stage_i/alu_i/adder_round_result[31]
    SLICE_X44Y164        LUT6 (Prop_lut6_I2_O)        0.307     9.976 r  u_soc_top/gen_cv32e40p_core.u_core/core_i/id_stage_i/register_file_i/BReg_DP[0]_i_6/O
                         net (fo=61, routed)          0.780    10.757    u_soc_top/gen_cv32e40p_core.u_core/core_i/id_stage_i/register_file_i/shift_right_result126_out
    SLICE_X44Y165        LUT3 (Prop_lut3_I2_O)        0.124    10.881 r  u_soc_top/gen_cv32e40p_core.u_core/core_i/id_stage_i/register_file_i/BReg_DP[18]_i_10/O
                         net (fo=3, routed)           0.738    11.619    u_soc_top/gen_cv32e40p_core.u_core/core_i/id_stage_i/register_file_i/alu_operand_a_ex_o_reg[11][1]
    SLICE_X45Y168        LUT6 (Prop_lut6_I0_O)        0.124    11.743 r  u_soc_top/gen_cv32e40p_core.u_core/core_i/id_stage_i/register_file_i/BReg_DP[18]_i_7/O
                         net (fo=4, routed)           0.841    12.583    u_soc_top/gen_cv32e40p_core.u_core/core_i/id_stage_i/register_file_i/BReg_DP[18]_i_7_n_0
    SLICE_X48Y168        LUT6 (Prop_lut6_I3_O)        0.124    12.707 r  u_soc_top/gen_cv32e40p_core.u_core/core_i/id_stage_i/register_file_i/BReg_DP[16]_i_4/O
                         net (fo=3, routed)           0.680    13.387    u_soc_top/gen_cv32e40p_core.u_core/core_i/id_stage_i/register_file_i/alu_clpx_shift_ex_o_reg[1]_12
    SLICE_X51Y167        LUT5 (Prop_lut5_I2_O)        0.124    13.511 r  u_soc_top/gen_cv32e40p_core.u_core/core_i/id_stage_i/register_file_i/BReg_DP[16]_i_2/O
                         net (fo=3, routed)           0.592    14.103    u_soc_top/gen_cv32e40p_core.u_core/core_i/id_stage_i/register_file_i/shift_left_result[2]
    SLICE_X51Y167        LUT5 (Prop_lut5_I4_O)        0.124    14.227 r  u_soc_top/gen_cv32e40p_core.u_core/core_i/id_stage_i/register_file_i/i___112__16_i_33/O
                         net (fo=5, routed)           1.015    15.243    u_soc_top/gen_cv32e40p_core.u_core/core_i/id_stage_i/register_file_i/ex_stage_i/alu_i/radix_2_rev[16]
    SLICE_X51Y163        LUT6 (Prop_lut6_I0_O)        0.124    15.367 r  u_soc_top/gen_cv32e40p_core.u_core/core_i/id_stage_i/register_file_i/i___50_i_107/O
                         net (fo=1, routed)           0.000    15.367    u_soc_top/gen_cv32e40p_core.u_core/core_i/id_stage_i/register_file_i/i___50_i_107_n_0
    SLICE_X51Y163        MUXF7 (Prop_muxf7_I1_O)      0.217    15.584 r  u_soc_top/gen_cv32e40p_core.u_core/core_i/id_stage_i/register_file_i/i___50_i_98/O
                         net (fo=1, routed)           0.000    15.584    u_soc_top/gen_cv32e40p_core.u_core/core_i/id_stage_i/register_file_i/i___50_i_98_n_0
    SLICE_X51Y163        MUXF8 (Prop_muxf8_I1_O)      0.094    15.678 r  u_soc_top/gen_cv32e40p_core.u_core/core_i/id_stage_i/register_file_i/i___50_i_92/O
                         net (fo=1, routed)           0.408    16.086    u_soc_top/gen_cv32e40p_core.u_core/core_i/id_stage_i/register_file_i/i___50_i_92_n_0
    SLICE_X51Y162        LUT6 (Prop_lut6_I0_O)        0.316    16.402 r  u_soc_top/gen_cv32e40p_core.u_core/core_i/id_stage_i/register_file_i/i___50_i_86/O
                         net (fo=64, routed)          0.627    17.029    u_soc_top/gen_cv32e40p_core.u_core/core_i/id_stage_i/register_file_i/ex_stage_i/alu_i/extract_sign
    SLICE_X47Y160        LUT6 (Prop_lut6_I5_O)        0.124    17.153 r  u_soc_top/gen_cv32e40p_core.u_core/core_i/id_stage_i/register_file_i/i___112__32_i_36/O
                         net (fo=1, routed)           0.442    17.595    u_soc_top/gen_cv32e40p_core.u_core/core_i/id_stage_i/register_file_i/i___112__32_i_36_n_0
    SLICE_X47Y156        LUT6 (Prop_lut6_I5_O)        0.124    17.719 r  u_soc_top/gen_cv32e40p_core.u_core/core_i/id_stage_i/register_file_i/i___112__32_i_32/O
                         net (fo=1, routed)           0.354    18.073    u_soc_top/gen_cv32e40p_core.u_core/core_i/id_stage_i/register_file_i/ex_stage_i/alu_i/bextins_result[3]
    SLICE_X46Y156        LUT6 (Prop_lut6_I5_O)        0.124    18.197 r  u_soc_top/gen_cv32e40p_core.u_core/core_i/id_stage_i/register_file_i/i___112__32_i_25/O
                         net (fo=1, routed)           0.000    18.197    u_soc_top/gen_cv32e40p_core.u_core/core_i/id_stage_i/register_file_i/i___112__32_i_25_n_0
    SLICE_X46Y156        MUXF7 (Prop_muxf7_I1_O)      0.214    18.411 r  u_soc_top/gen_cv32e40p_core.u_core/core_i/id_stage_i/register_file_i/i___112__32_i_12/O
                         net (fo=1, routed)           0.613    19.024    u_soc_top/gen_cv32e40p_core.u_core/core_i/id_stage_i/register_file_i/i___112__32_i_12_n_0
    SLICE_X44Y156        LUT6 (Prop_lut6_I5_O)        0.297    19.321 r  u_soc_top/gen_cv32e40p_core.u_core/core_i/id_stage_i/register_file_i/i___112__32_i_4/O
                         net (fo=1, routed)           0.407    19.728    u_soc_top/gen_cv32e40p_core.u_core/core_i/id_stage_i/gen_hwloop_regs.hwloop_regs_i/alu_result[3]
    SLICE_X45Y156        LUT6 (Prop_lut6_I3_O)        0.124    19.852 r  u_soc_top/gen_cv32e40p_core.u_core/core_i/id_stage_i/gen_hwloop_regs.hwloop_regs_i/i___112__32_i_2/O
                         net (fo=37, routed)          0.737    20.589    u_soc_top/gen_cv32e40p_core.u_core/core_i/id_stage_i/gen_hwloop_regs.hwloop_regs_i/csr_access_ex_o_reg_1
    SLICE_X43Y155        LUT6 (Prop_lut6_I2_O)        0.124    20.713 r  u_soc_top/gen_cv32e40p_core.u_core/core_i/id_stage_i/gen_hwloop_regs.hwloop_regs_i/i___81_i_1/O
                         net (fo=4, routed)           0.921    21.634    u_soc_top/gen_cv32e40p_core.u_core/core_i/if_stage_i/mult_dot_op_c_ex_o_reg[3]_0
    SLICE_X48Y156        LUT6 (Prop_lut6_I3_O)        0.124    21.758 r  u_soc_top/gen_cv32e40p_core.u_core/core_i/if_stage_i/mult_operand_b_ex_o[3]_i_1/O
                         net (fo=9, routed)           0.847    22.605    u_soc_top/gen_cv32e40p_core.u_core/core_i/if_stage_i/operand_b[3]
    SLICE_X50Y156        LUT6 (Prop_lut6_I0_O)        0.124    22.729 r  u_soc_top/gen_cv32e40p_core.u_core/core_i/if_stage_i/mult_operand_b_ex_o[27]_i_1/O
                         net (fo=2, routed)           0.637    23.366    u_soc_top/gen_cv32e40p_core.u_core/core_i/id_stage_i/mult_operand_b_ex_o_reg[31]_1[19]
    SLICE_X51Y157        FDCE                                         r  u_soc_top/gen_cv32e40p_core.u_core/core_i/id_stage_i/mult_dot_op_b_ex_o_reg[27]/D
  -------------------------------------------------------------------    -------------------

                         (clock clk_50m_unbuf rise edge)
                                                     20.000    20.000 r  
    E3                                                0.000    20.000 r  clk_100m_i (IN)
                         net (fo=0)                   0.000    20.000    clk_100m_i
    E3                   IBUF (Prop_ibuf_I_O)         1.411    21.411 r  clk_100m_i_IBUF_inst/O
                         net (fo=1, routed)           1.162    22.573    clk_100m_i_IBUF
    MMCME2_ADV_X1Y2      MMCME2_ADV (Prop_mmcme2_adv_CLKIN1_CLKOUT0)
                                                     -7.324    15.249 r  u_mmcm/CLKOUT0
                         net (fo=1, routed)           1.639    16.888    clk_50m_unbuf
    BUFGCTRL_X0Y16       BUFG (Prop_bufg_I_O)         0.091    16.979 r  u_bufg_clk50/O
                         net (fo=4563, routed)        1.860    18.840    u_soc_top/gen_cv32e40p_core.u_core/core_i/sleep_unit_i/core_clock_gate_i/clk_50m
    SLICE_X52Y97         LUT2 (Prop_lut2_I0_O)        0.100    18.940 r  u_soc_top/gen_cv32e40p_core.u_core/core_i/sleep_unit_i/core_clock_gate_i/cnt_q[1]_i_4/O
                         net (fo=1, routed)           0.694    19.633    u_soc_top_n_44
    BUFGCTRL_X0Y0        BUFG (Prop_bufg_I_O)         0.091    19.724 r  cnt_q_reg[1]_i_2/O
                         net (fo=2420, routed)        1.671    21.395    u_soc_top/gen_cv32e40p_core.u_core/core_i/id_stage_i/clk
    SLICE_X51Y157        FDCE                                         r  u_soc_top/gen_cv32e40p_core.u_core/core_i/id_stage_i/mult_dot_op_b_ex_o_reg[27]/C
                         clock pessimism              0.904    22.299    
                         clock uncertainty           -0.089    22.210    
    SLICE_X51Y157        FDCE (Setup_fdce_C_D)       -0.058    22.152    u_soc_top/gen_cv32e40p_core.u_core/core_i/id_stage_i/mult_dot_op_b_ex_o_reg[27]
  -------------------------------------------------------------------
                         required time                         22.152    
                         arrival time                         -23.366    
  -------------------------------------------------------------------
                         slack                                 -1.213    

Slack (VIOLATED) :        -1.192ns  (required time - arrival time)
  Source:                 u_soc_top/gen_cv32e40p_core.u_core/core_i/id_stage_i/alu_operator_ex_o_reg[5]/C
                            (rising edge-triggered cell FDCE clocked by clk_50m_unbuf  {rise@0.000ns fall@10.000ns period=20.000ns})
  Destination:            u_soc_top/gen_cv32e40p_core.u_core/core_i/id_stage_i/mult_dot_op_b_ex_o_reg[16]/D
                            (rising edge-triggered cell FDCE clocked by clk_50m_unbuf  {rise@0.000ns fall@10.000ns period=20.000ns})
  Path Group:             clk_50m_unbuf
  Path Type:              Setup (Max at Slow Process Corner)
  Requirement:            20.000ns  (clk_50m_unbuf rise@20.000ns - clk_50m_unbuf rise@0.000ns)
  Data Path Delay:        20.990ns  (logic 6.478ns (30.863%)  route 14.512ns (69.137%))
  Logic Levels:           32  (CARRY4=8 LUT3=2 LUT5=5 LUT6=14 MUXF7=2 MUXF8=1)
  Clock Path Skew:        -0.046ns (DCD - SCD + CPR)
    Destination Clock Delay (DCD):    1.395ns = ( 21.395 - 20.000 ) 
    Source Clock Delay      (SCD):    2.345ns
    Clock Pessimism Removal (CPR):    0.904ns
  Clock Uncertainty:      0.089ns  ((TSJ^2 + DJ^2)^1/2) / 2 + PE
    Total System Jitter     (TSJ):    0.071ns
    Discrete Jitter          (DJ):    0.163ns
    Phase Error              (PE):    0.000ns

    Location             Delay type                Incr(ns)  Path(ns)    Netlist Resource(s)
  -------------------------------------------------------------------    -------------------
                         (clock clk_50m_unbuf rise edge)
                                                      0.000     0.000 r  
    E3                                                0.000     0.000 r  clk_100m_i (IN)
                         net (fo=0)                   0.000     0.000    clk_100m_i
    E3                   IBUF (Prop_ibuf_I_O)         1.482     1.482 r  clk_100m_i_IBUF_inst/O
                         net (fo=1, routed)           1.233     2.715    clk_100m_i_IBUF
    MMCME2_ADV_X1Y2      MMCME2_ADV (Prop_mmcme2_adv_CLKIN1_CLKOUT0)
                                                     -7.070    -4.355 r  u_mmcm/CLKOUT0
                         net (fo=1, routed)           1.719    -2.636    clk_50m_unbuf
    BUFGCTRL_X0Y16       BUFG (Prop_bufg_I_O)         0.096    -2.540 r  u_bufg_clk50/O
                         net (fo=4563, routed)        2.067    -0.473    u_soc_top/gen_cv32e40p_core.u_core/core_i/sleep_unit_i/core_clock_gate_i/clk_50m
    SLICE_X52Y97         LUT2 (Prop_lut2_I0_O)        0.124    -0.349 r  u_soc_top/gen_cv32e40p_core.u_core/core_i/sleep_unit_i/core_clock_gate_i/cnt_q[1]_i_4/O
                         net (fo=1, routed)           0.794     0.445    u_soc_top_n_44
    BUFGCTRL_X0Y0        BUFG (Prop_bufg_I_O)         0.096     0.541 r  cnt_q_reg[1]_i_2/O
                         net (fo=2420, routed)        1.804     2.345    u_soc_top/gen_cv32e40p_core.u_core/core_i/id_stage_i/clk
    SLICE_X40Y162        FDCE                                         r  u_soc_top/gen_cv32e40p_core.u_core/core_i/id_stage_i/alu_operator_ex_o_reg[5]/C
  -------------------------------------------------------------------    -------------------
    SLICE_X40Y162        FDCE (Prop_fdce_C_Q)         0.419     2.764 r  u_soc_top/gen_cv32e40p_core.u_core/core_i/id_stage_i/alu_operator_ex_o_reg[5]/Q
                         net (fo=59, routed)          0.569     3.333    u_soc_top/gen_cv32e40p_core.u_core/core_i/id_stage_i/register_file_i/i___171_i_34_0[5]
    SLICE_X40Y162        LUT3 (Prop_lut3_I0_O)        0.299     3.632 r  u_soc_top/gen_cv32e40p_core.u_core/core_i/id_stage_i/register_file_i/i___183_i_5/O
                         net (fo=96, routed)          0.925     4.557    u_soc_top/gen_cv32e40p_core.u_core/core_i/id_stage_i/register_file_i/i___183_i_5_n_0
    SLICE_X44Y162        LUT6 (Prop_lut6_I0_O)        0.124     4.681 r  u_soc_top/gen_cv32e40p_core.u_core/core_i/id_stage_i/register_file_i/BReg_DP[24]_i_27/O
                         net (fo=1, routed)           0.623     5.304    u_soc_top/gen_cv32e40p_core.u_core/core_i/id_stage_i/register_file_i/BReg_DP[24]_i_27_n_0
    SLICE_X45Y158        LUT6 (Prop_lut6_I5_O)        0.124     5.428 r  u_soc_top/gen_cv32e40p_core.u_core/core_i/id_stage_i/register_file_i/BReg_DP[24]_i_19/O
                         net (fo=2, routed)           0.585     6.013    u_soc_top/gen_cv32e40p_core.u_core/core_i/id_stage_i/register_file_i/ex_stage_i/alu_i/adder_op_a[6]
    SLICE_X41Y157        LUT5 (Prop_lut5_I0_O)        0.124     6.137 r  u_soc_top/gen_cv32e40p_core.u_core/core_i/id_stage_i/register_file_i/BReg_DP[24]_i_23/O
                         net (fo=1, routed)           0.000     6.137    u_soc_top/gen_cv32e40p_core.u_core/core_i/id_stage_i/register_file_i/BReg_DP[24]_i_23_n_0
    SLICE_X41Y157        CARRY4 (Prop_carry4_S[2]_CO[3])
                                                      0.398     6.535 r  u_soc_top/gen_cv32e40p_core.u_core/core_i/id_stage_i/register_file_i/BReg_DP_reg[24]_i_12/CO[3]
                         net (fo=1, routed)           0.000     6.535    u_soc_top/gen_cv32e40p_core.u_core/core_i/id_stage_i/register_file_i/BReg_DP_reg[24]_i_12_n_0
    SLICE_X41Y158        CARRY4 (Prop_carry4_CI_O[1])
                                                      0.334     6.869 r  u_soc_top/gen_cv32e40p_core.u_core/core_i/id_stage_i/register_file_i/BReg_DP_reg[31]_i_98/O[1]
                         net (fo=3, routed)           0.702     7.571    u_soc_top/gen_cv32e40p_core.u_core/core_i/id_stage_i/register_file_i/ex_stage_i/alu_i/data0[8]
    SLICE_X42Y159        LUT5 (Prop_lut5_I3_O)        0.303     7.874 r  u_soc_top/gen_cv32e40p_core.u_core/core_i/id_stage_i/register_file_i/BReg_DP[31]_i_102/O
                         net (fo=1, routed)           0.000     7.874    u_soc_top/gen_cv32e40p_core.u_core/core_i/id_stage_i/register_file_i/BReg_DP[31]_i_102_n_0
    SLICE_X42Y159        CARRY4 (Prop_carry4_S[0]_CO[3])
                                                      0.513     8.387 r  u_soc_top/gen_cv32e40p_core.u_core/core_i/id_stage_i/register_file_i/BReg_DP_reg[31]_i_83/CO[3]
                         net (fo=1, routed)           0.000     8.387    u_soc_top/gen_cv32e40p_core.u_core/core_i/id_stage_i/register_file_i/BReg_DP_reg[31]_i_83_n_0
    SLICE_X42Y160        CARRY4 (Prop_carry4_CI_CO[3])
                                                      0.117     8.504 r  u_soc_top/gen_cv32e40p_core.u_core/core_i/id_stage_i/register_file_i/BReg_DP_reg[16]_i_11/CO[3]
                         net (fo=1, routed)           0.000     8.504    u_soc_top/gen_cv32e40p_core.u_core/core_i/id_stage_i/register_file_i/BReg_DP_reg[16]_i_11_n_0
    SLICE_X42Y161        CARRY4 (Prop_carry4_CI_CO[3])
                                                      0.117     8.621 r  u_soc_top/gen_cv32e40p_core.u_core/core_i/id_stage_i/register_file_i/BReg_DP_reg[31]_i_84/CO[3]
                         net (fo=1, routed)           0.000     8.621    u_soc_top/gen_cv32e40p_core.u_core/core_i/id_stage_i/register_file_i/BReg_DP_reg[31]_i_84_n_0
    SLICE_X42Y162        CARRY4 (Prop_carry4_CI_CO[3])
                                                      0.117     8.738 r  u_soc_top/gen_cv32e40p_core.u_core/core_i/id_stage_i/register_file_i/BReg_DP_reg[8]_i_8/CO[3]
                         net (fo=1, routed)           0.000     8.738    u_soc_top/gen_cv32e40p_core.u_core/core_i/id_stage_i/register_file_i/BReg_DP_reg[8]_i_8_n_0
    SLICE_X42Y163        CARRY4 (Prop_carry4_CI_CO[3])
                                                      0.117     8.855 r  u_soc_top/gen_cv32e40p_core.u_core/core_i/id_stage_i/register_file_i/BReg_DP_reg[31]_i_82/CO[3]
                         net (fo=1, routed)           0.000     8.855    u_soc_top/gen_cv32e40p_core.u_core/core_i/id_stage_i/register_file_i/BReg_DP_reg[31]_i_82_n_0
    SLICE_X42Y164        CARRY4 (Prop_carry4_CI_O[3])
                                                      0.315     9.170 r  u_soc_top/gen_cv32e40p_core.u_core/core_i/id_stage_i/register_file_i/BReg_DP_reg[0]_i_8/O[3]
                         net (fo=2, routed)           0.499     9.669    u_soc_top/gen_cv32e40p_core.u_core/core_i/id_stage_i/register_file_i/ex_stage_i/alu_i/adder_round_result[31]
    SLICE_X44Y164        LUT6 (Prop_lut6_I2_O)        0.307     9.976 r  u_soc_top/gen_cv32e40p_core.u_core/core_i/id_stage_i/register_file_i/BReg_DP[0]_i_6/O
                         net (fo=61, routed)          0.780    10.757    u_soc_top/gen_cv32e40p_core.u_core/core_i/id_stage_i/register_file_i/shift_right_result126_out
    SLICE_X44Y165        LUT3 (Prop_lut3_I2_O)        0.124    10.881 r  u_soc_top/gen_cv32e40p_core.u_core/core_i/id_stage_i/register_file_i/BReg_DP[18]_i_10/O
                         net (fo=3, routed)           0.738    11.619    u_soc_top/gen_cv32e40p_core.u_core/core_i/id_stage_i/register_file_i/alu_operand_a_ex_o_reg[11][1]
    SLICE_X45Y168        LUT6 (Prop_lut6_I0_O)        0.124    11.743 r  u_soc_top/gen_cv32e40p_core.u_core/core_i/id_stage_i/register_file_i/BReg_DP[18]_i_7/O
                         net (fo=4, routed)           0.841    12.583    u_soc_top/gen_cv32e40p_core.u_core/core_i/id_stage_i/register_file_i/BReg_DP[18]_i_7_n_0
    SLICE_X48Y168        LUT6 (Prop_lut6_I3_O)        0.124    12.707 r  u_soc_top/gen_cv32e40p_core.u_core/core_i/id_stage_i/register_file_i/BReg_DP[16]_i_4/O
                         net (fo=3, routed)           0.680    13.387    u_soc_top/gen_cv32e40p_core.u_core/core_i/id_stage_i/register_file_i/alu_clpx_shift_ex_o_reg[1]_12
    SLICE_X51Y167        LUT5 (Prop_lut5_I2_O)        0.124    13.511 r  u_soc_top/gen_cv32e40p_core.u_core/core_i/id_stage_i/register_file_i/BReg_DP[16]_i_2/O
                         net (fo=3, routed)           0.592    14.103    u_soc_top/gen_cv32e40p_core.u_core/core_i/id_stage_i/register_file_i/shift_left_result[2]
    SLICE_X51Y167        LUT5 (Prop_lut5_I4_O)        0.124    14.227 r  u_soc_top/gen_cv32e40p_core.u_core/core_i/id_stage_i/register_file_i/i___112__16_i_33/O
                         net (fo=5, routed)           1.015    15.243    u_soc_top/gen_cv32e40p_core.u_core/core_i/id_stage_i/register_file_i/ex_stage_i/alu_i/radix_2_rev[16]
    SLICE_X51Y163        LUT6 (Prop_lut6_I0_O)        0.124    15.367 r  u_soc_top/gen_cv32e40p_core.u_core/core_i/id_stage_i/register_file_i/i___50_i_107/O
                         net (fo=1, routed)           0.000    15.367    u_soc_top/gen_cv32e40p_core.u_core/core_i/id_stage_i/register_file_i/i___50_i_107_n_0
    SLICE_X51Y163        MUXF7 (Prop_muxf7_I1_O)      0.217    15.584 r  u_soc_top/gen_cv32e40p_core.u_core/core_i/id_stage_i/register_file_i/i___50_i_98/O
                         net (fo=1, routed)           0.000    15.584    u_soc_top/gen_cv32e40p_core.u_core/core_i/id_stage_i/register_file_i/i___50_i_98_n_0
    SLICE_X51Y163        MUXF8 (Prop_muxf8_I1_O)      0.094    15.678 r  u_soc_top/gen_cv32e40p_core.u_core/core_i/id_stage_i/register_file_i/i___50_i_92/O
                         net (fo=1, routed)           0.408    16.086    u_soc_top/gen_cv32e40p_core.u_core/core_i/id_stage_i/register_file_i/i___50_i_92_n_0
    SLICE_X51Y162        LUT6 (Prop_lut6_I0_O)        0.316    16.402 r  u_soc_top/gen_cv32e40p_core.u_core/core_i/id_stage_i/register_file_i/i___50_i_86/O
                         net (fo=64, routed)          0.950    17.351    u_soc_top/gen_cv32e40p_core.u_core/core_i/id_stage_i/register_file_i/ex_stage_i/alu_i/extract_sign
    SLICE_X53Y160        LUT6 (Prop_lut6_I5_O)        0.124    17.475 r  u_soc_top/gen_cv32e40p_core.u_core/core_i/id_stage_i/register_file_i/i___112__15_i_40/O
                         net (fo=1, routed)           0.567    18.043    u_soc_top/gen_cv32e40p_core.u_core/core_i/id_stage_i/register_file_i/i___112__15_i_40_n_0
    SLICE_X55Y160        LUT6 (Prop_lut6_I5_O)        0.124    18.167 r  u_soc_top/gen_cv32e40p_core.u_core/core_i/id_stage_i/register_file_i/i___112__15_i_33/O
                         net (fo=1, routed)           0.472    18.638    u_soc_top/gen_cv32e40p_core.u_core/core_i/id_stage_i/register_file_i/ex_stage_i/alu_i/bextins_result[16]
    SLICE_X58Y160        LUT6 (Prop_lut6_I5_O)        0.124    18.762 r  u_soc_top/gen_cv32e40p_core.u_core/core_i/id_stage_i/register_file_i/i___112__15_i_26/O
                         net (fo=1, routed)           0.000    18.762    u_soc_top/gen_cv32e40p_core.u_core/core_i/id_stage_i/register_file_i/i___112__15_i_26_n_0
    SLICE_X58Y160        MUXF7 (Prop_muxf7_I1_O)      0.214    18.976 r  u_soc_top/gen_cv32e40p_core.u_core/core_i/id_stage_i/register_file_i/i___112__15_i_20/O
                         net (fo=1, routed)           0.292    19.268    u_soc_top/gen_cv32e40p_core.u_core/core_i/id_stage_i/register_file_i/i___112__15_i_20_n_0
    SLICE_X61Y160        LUT6 (Prop_lut6_I5_O)        0.297    19.565 r  u_soc_top/gen_cv32e40p_core.u_core/core_i/id_stage_i/register_file_i/i___112__15_i_8/O
                         net (fo=1, routed)           0.423    19.988    u_soc_top/gen_cv32e40p_core.u_core/core_i/id_stage_i/int_controller_i/alu_result[0]
    SLICE_X60Y159        LUT6 (Prop_lut6_I3_O)        0.124    20.112 r  u_soc_top/gen_cv32e40p_core.u_core/core_i/id_stage_i/int_controller_i/i___112__15_i_3/O
                         net (fo=34, routed)          0.634    20.745    u_soc_top/gen_cv32e40p_core.u_core/regfile_alu_wdata_fw[16]
    SLICE_X59Y158        LUT6 (Prop_lut6_I5_O)        0.124    20.869 r  u_soc_top/gen_cv32e40p_core.u_core/i___112__15/O
                         net (fo=5, routed)           0.625    21.494    u_soc_top/gen_cv32e40p_core.u_core/core_i/if_stage_i/mult_dot_op_c_ex_o_reg[16]
    SLICE_X56Y158        LUT6 (Prop_lut6_I2_O)        0.124    21.618 f  u_soc_top/gen_cv32e40p_core.u_core/core_i/if_stage_i/alu_operand_b_ex_o[16]_i_2/O
                         net (fo=2, routed)           0.601    22.220    u_soc_top/gen_cv32e40p_core.u_core/core_i/if_stage_i/alu_operand_b_ex_o[16]_i_2_n_0
    SLICE_X51Y158        LUT5 (Prop_lut5_I4_O)        0.124    22.344 r  u_soc_top/gen_cv32e40p_core.u_core/core_i/if_stage_i/mult_operand_b_ex_o[16]_i_1/O
                         net (fo=2, routed)           0.991    23.335    u_soc_top/gen_cv32e40p_core.u_core/core_i/id_stage_i/mult_operand_b_ex_o_reg[31]_1[8]
    SLICE_X51Y158        FDCE                                         r  u_soc_top/gen_cv32e40p_core.u_core/core_i/id_stage_i/mult_dot_op_b_ex_o_reg[16]/D
  -------------------------------------------------------------------    -------------------

                         (clock clk_50m_unbuf rise edge)
                                                     20.000    20.000 r  
    E3                                                0.000    20.000 r  clk_100m_i (IN)
                         net (fo=0)                   0.000    20.000    clk_100m_i
    E3                   IBUF (Prop_ibuf_I_O)         1.411    21.411 r  clk_100m_i_IBUF_inst/O
                         net (fo=1, routed)           1.162    22.573    clk_100m_i_IBUF
    MMCME2_ADV_X1Y2      MMCME2_ADV (Prop_mmcme2_adv_CLKIN1_CLKOUT0)
                                                     -7.324    15.249 r  u_mmcm/CLKOUT0
                         net (fo=1, routed)           1.639    16.888    clk_50m_unbuf
    BUFGCTRL_X0Y16       BUFG (Prop_bufg_I_O)         0.091    16.979 r  u_bufg_clk50/O
                         net (fo=4563, routed)        1.860    18.840    u_soc_top/gen_cv32e40p_core.u_core/core_i/sleep_unit_i/core_clock_gate_i/clk_50m
    SLICE_X52Y97         LUT2 (Prop_lut2_I0_O)        0.100    18.940 r  u_soc_top/gen_cv32e40p_core.u_core/core_i/sleep_unit_i/core_clock_gate_i/cnt_q[1]_i_4/O
                         net (fo=1, routed)           0.694    19.633    u_soc_top_n_44
    BUFGCTRL_X0Y0        BUFG (Prop_bufg_I_O)         0.091    19.724 r  cnt_q_reg[1]_i_2/O
                         net (fo=2420, routed)        1.671    21.395    u_soc_top/gen_cv32e40p_core.u_core/core_i/id_stage_i/clk
    SLICE_X51Y158        FDCE                                         r  u_soc_top/gen_cv32e40p_core.u_core/core_i/id_stage_i/mult_dot_op_b_ex_o_reg[16]/C
                         clock pessimism              0.904    22.299    
                         clock uncertainty           -0.089    22.210    
    SLICE_X51Y158        FDCE (Setup_fdce_C_D)       -0.067    22.143    u_soc_top/gen_cv32e40p_core.u_core/core_i/id_stage_i/mult_dot_op_b_ex_o_reg[16]
  -------------------------------------------------------------------
                         required time                         22.143    
                         arrival time                         -23.335    
  -------------------------------------------------------------------
                         slack                                 -1.192    

Slack (VIOLATED) :        -1.154ns  (required time - arrival time)
  Source:                 u_soc_top/gen_cv32e40p_core.u_core/core_i/id_stage_i/alu_operator_ex_o_reg[5]/C
                            (rising edge-triggered cell FDCE clocked by clk_50m_unbuf  {rise@0.000ns fall@10.000ns period=20.000ns})
  Destination:            u_soc_top/gen_cv32e40p_core.u_core/core_i/id_stage_i/mult_dot_op_b_ex_o_reg[23]/D
                            (rising edge-triggered cell FDCE clocked by clk_50m_unbuf  {rise@0.000ns fall@10.000ns period=20.000ns})
  Path Group:             clk_50m_unbuf
  Path Type:              Setup (Max at Slow Process Corner)
  Requirement:            20.000ns  (clk_50m_unbuf rise@20.000ns - clk_50m_unbuf rise@0.000ns)
  Data Path Delay:        20.936ns  (logic 6.483ns (30.967%)  route 14.453ns (69.034%))
  Logic Levels:           32  (CARRY4=8 LUT3=2 LUT5=4 LUT6=15 MUXF7=2 MUXF8=1)
  Clock Path Skew:        -0.049ns (DCD - SCD + CPR)
    Destination Clock Delay (DCD):    1.392ns = ( 21.392 - 20.000 ) 
    Source Clock Delay      (SCD):    2.345ns
    Clock Pessimism Removal (CPR):    0.904ns
  Clock Uncertainty:      0.089ns  ((TSJ^2 + DJ^2)^1/2) / 2 + PE
    Total System Jitter     (TSJ):    0.071ns
    Discrete Jitter          (DJ):    0.163ns
    Phase Error              (PE):    0.000ns

    Location             Delay type                Incr(ns)  Path(ns)    Netlist Resource(s)
  -------------------------------------------------------------------    -------------------
                         (clock clk_50m_unbuf rise edge)
                                                      0.000     0.000 r  
    E3                                                0.000     0.000 r  clk_100m_i (IN)
                         net (fo=0)                   0.000     0.000    clk_100m_i
    E3                   IBUF (Prop_ibuf_I_O)         1.482     1.482 r  clk_100m_i_IBUF_inst/O
                         net (fo=1, routed)           1.233     2.715    clk_100m_i_IBUF
    MMCME2_ADV_X1Y2      MMCME2_ADV (Prop_mmcme2_adv_CLKIN1_CLKOUT0)
                                                     -7.070    -4.355 r  u_mmcm/CLKOUT0
                         net (fo=1, routed)           1.719    -2.636    clk_50m_unbuf
    BUFGCTRL_X0Y16       BUFG (Prop_bufg_I_O)         0.096    -2.540 r  u_bufg_clk50/O
                         net (fo=4563, routed)        2.067    -0.473    u_soc_top/gen_cv32e40p_core.u_core/core_i/sleep_unit_i/core_clock_gate_i/clk_50m
    SLICE_X52Y97         LUT2 (Prop_lut2_I0_O)        0.124    -0.349 r  u_soc_top/gen_cv32e40p_core.u_core/core_i/sleep_unit_i/core_clock_gate_i/cnt_q[1]_i_4/O
                         net (fo=1, routed)           0.794     0.445    u_soc_top_n_44
    BUFGCTRL_X0Y0        BUFG (Prop_bufg_I_O)         0.096     0.541 r  cnt_q_reg[1]_i_2/O
                         net (fo=2420, routed)        1.804     2.345    u_soc_top/gen_cv32e40p_core.u_core/core_i/id_stage_i/clk
    SLICE_X40Y162        FDCE                                         r  u_soc_top/gen_cv32e40p_core.u_core/core_i/id_stage_i/alu_operator_ex_o_reg[5]/C
  -------------------------------------------------------------------    -------------------
    SLICE_X40Y162        FDCE (Prop_fdce_C_Q)         0.419     2.764 r  u_soc_top/gen_cv32e40p_core.u_core/core_i/id_stage_i/alu_operator_ex_o_reg[5]/Q
                         net (fo=59, routed)          0.569     3.333    u_soc_top/gen_cv32e40p_core.u_core/core_i/id_stage_i/register_file_i/i___171_i_34_0[5]
    SLICE_X40Y162        LUT3 (Prop_lut3_I0_O)        0.299     3.632 r  u_soc_top/gen_cv32e40p_core.u_core/core_i/id_stage_i/register_file_i/i___183_i_5/O
                         net (fo=96, routed)          0.925     4.557    u_soc_top/gen_cv32e40p_core.u_core/core_i/id_stage_i/register_file_i/i___183_i_5_n_0
    SLICE_X44Y162        LUT6 (Prop_lut6_I0_O)        0.124     4.681 r  u_soc_top/gen_cv32e40p_core.u_core/core_i/id_stage_i/register_file_i/BReg_DP[24]_i_27/O
                         net (fo=1, routed)           0.623     5.304    u_soc_top/gen_cv32e40p_core.u_core/core_i/id_stage_i/register_file_i/BReg_DP[24]_i_27_n_0
    SLICE_X45Y158        LUT6 (Prop_lut6_I5_O)        0.124     5.428 r  u_soc_top/gen_cv32e40p_core.u_core/core_i/id_stage_i/register_file_i/BReg_DP[24]_i_19/O
                         net (fo=2, routed)           0.585     6.013    u_soc_top/gen_cv32e40p_core.u_core/core_i/id_stage_i/register_file_i/ex_stage_i/alu_i/adder_op_a[6]
    SLICE_X41Y157        LUT5 (Prop_lut5_I0_O)        0.124     6.137 r  u_soc_top/gen_cv32e40p_core.u_core/core_i/id_stage_i/register_file_i/BReg_DP[24]_i_23/O
                         net (fo=1, routed)           0.000     6.137    u_soc_top/gen_cv32e40p_core.u_core/core_i/id_stage_i/register_file_i/BReg_DP[24]_i_23_n_0
    SLICE_X41Y157        CARRY4 (Prop_carry4_S[2]_CO[3])
                                                      0.398     6.535 r  u_soc_top/gen_cv32e40p_core.u_core/core_i/id_stage_i/register_file_i/BReg_DP_reg[24]_i_12/CO[3]
                         net (fo=1, routed)           0.000     6.535    u_soc_top/gen_cv32e40p_core.u_core/core_i/id_stage_i/register_file_i/BReg_DP_reg[24]_i_12_n_0
    SLICE_X41Y158        CARRY4 (Prop_carry4_CI_O[1])
                                                      0.334     6.869 r  u_soc_top/gen_cv32e40p_core.u_core/core_i/id_stage_i/register_file_i/BReg_DP_reg[31]_i_98/O[1]
                         net (fo=3, routed)           0.702     7.571    u_soc_top/gen_cv32e40p_core.u_core/core_i/id_stage_i/register_file_i/ex_stage_i/alu_i/data0[8]
    SLICE_X42Y159        LUT5 (Prop_lut5_I3_O)        0.303     7.874 r  u_soc_top/gen_cv32e40p_core.u_core/core_i/id_stage_i/register_file_i/BReg_DP[31]_i_102/O
                         net (fo=1, routed)           0.000     7.874    u_soc_top/gen_cv32e40p_core.u_core/core_i/id_stage_i/register_file_i/BReg_DP[31]_i_102_n_0
    SLICE_X42Y159        CARRY4 (Prop_carry4_S[0]_CO[3])
                                                      0.513     8.387 r  u_soc_top/gen_cv32e40p_core.u_core/core_i/id_stage_i/register_file_i/BReg_DP_reg[31]_i_83/CO[3]
                         net (fo=1, routed)           0.000     8.387    u_soc_top/gen_cv32e40p_core.u_core/core_i/id_stage_i/register_file_i/BReg_DP_reg[31]_i_83_n_0
    SLICE_X42Y160        CARRY4 (Prop_carry4_CI_CO[3])
                                                      0.117     8.504 r  u_soc_top/gen_cv32e40p_core.u_core/core_i/id_stage_i/register_file_i/BReg_DP_reg[16]_i_11/CO[3]
                         net (fo=1, routed)           0.000     8.504    u_soc_top/gen_cv32e40p_core.u_core/core_i/id_stage_i/register_file_i/BReg_DP_reg[16]_i_11_n_0
    SLICE_X42Y161        CARRY4 (Prop_carry4_CI_CO[3])
                                                      0.117     8.621 r  u_soc_top/gen_cv32e40p_core.u_core/core_i/id_stage_i/register_file_i/BReg_DP_reg[31]_i_84/CO[3]
                         net (fo=1, routed)           0.000     8.621    u_soc_top/gen_cv32e40p_core.u_core/core_i/id_stage_i/register_file_i/BReg_DP_reg[31]_i_84_n_0
    SLICE_X42Y162        CARRY4 (Prop_carry4_CI_CO[3])
                                                      0.117     8.738 r  u_soc_top/gen_cv32e40p_core.u_core/core_i/id_stage_i/register_file_i/BReg_DP_reg[8]_i_8/CO[3]
                         net (fo=1, routed)           0.000     8.738    u_soc_top/gen_cv32e40p_core.u_core/core_i/id_stage_i/register_file_i/BReg_DP_reg[8]_i_8_n_0
    SLICE_X42Y163        CARRY4 (Prop_carry4_CI_CO[3])
                                                      0.117     8.855 r  u_soc_top/gen_cv32e40p_core.u_core/core_i/id_stage_i/register_file_i/BReg_DP_reg[31]_i_82/CO[3]
                         net (fo=1, routed)           0.000     8.855    u_soc_top/gen_cv32e40p_core.u_core/core_i/id_stage_i/register_file_i/BReg_DP_reg[31]_i_82_n_0
    SLICE_X42Y164        CARRY4 (Prop_carry4_CI_O[3])
                                                      0.315     9.170 r  u_soc_top/gen_cv32e40p_core.u_core/core_i/id_stage_i/register_file_i/BReg_DP_reg[0]_i_8/O[3]
                         net (fo=2, routed)           0.499     9.669    u_soc_top/gen_cv32e40p_core.u_core/core_i/id_stage_i/register_file_i/ex_stage_i/alu_i/adder_round_result[31]
    SLICE_X44Y164        LUT6 (Prop_lut6_I2_O)        0.307     9.976 r  u_soc_top/gen_cv32e40p_core.u_core/core_i/id_stage_i/register_file_i/BReg_DP[0]_i_6/O
                         net (fo=61, routed)          0.780    10.757    u_soc_top/gen_cv32e40p_core.u_core/core_i/id_stage_i/register_file_i/shift_right_result126_out
    SLICE_X44Y165        LUT3 (Prop_lut3_I2_O)        0.124    10.881 r  u_soc_top/gen_cv32e40p_core.u_core/core_i/id_stage_i/register_file_i/BReg_DP[18]_i_10/O
                         net (fo=3, routed)           0.738    11.619    u_soc_top/gen_cv32e40p_core.u_core/core_i/id_stage_i/register_file_i/alu_operand_a_ex_o_reg[11][1]
    SLICE_X45Y168        LUT6 (Prop_lut6_I0_O)        0.124    11.743 r  u_soc_top/gen_cv32e40p_core.u_core/core_i/id_stage_i/register_file_i/BReg_DP[18]_i_7/O
                         net (fo=4, routed)           0.841    12.583    u_soc_top/gen_cv32e40p_core.u_core/core_i/id_stage_i/register_file_i/BReg_DP[18]_i_7_n_0
    SLICE_X48Y168        LUT6 (Prop_lut6_I3_O)        0.124    12.707 r  u_soc_top/gen_cv32e40p_core.u_core/core_i/id_stage_i/register_file_i/BReg_DP[16]_i_4/O
                         net (fo=3, routed)           0.680    13.387    u_soc_top/gen_cv32e40p_core.u_core/core_i/id_stage_i/register_file_i/alu_clpx_shift_ex_o_reg[1]_12
    SLICE_X51Y167        LUT5 (Prop_lut5_I2_O)        0.124    13.511 r  u_soc_top/gen_cv32e40p_core.u_core/core_i/id_stage_i/register_file_i/BReg_DP[16]_i_2/O
                         net (fo=3, routed)           0.592    14.103    u_soc_top/gen_cv32e40p_core.u_core/core_i/id_stage_i/register_file_i/shift_left_result[2]
    SLICE_X51Y167        LUT5 (Prop_lut5_I4_O)        0.124    14.227 r  u_soc_top/gen_cv32e40p_core.u_core/core_i/id_stage_i/register_file_i/i___112__16_i_33/O
                         net (fo=5, routed)           1.015    15.243    u_soc_top/gen_cv32e40p_core.u_core/core_i/id_stage_i/register_file_i/ex_stage_i/alu_i/radix_2_rev[16]
    SLICE_X51Y163        LUT6 (Prop_lut6_I0_O)        0.124    15.367 r  u_soc_top/gen_cv32e40p_core.u_core/core_i/id_stage_i/register_file_i/i___50_i_107/O
                         net (fo=1, routed)           0.000    15.367    u_soc_top/gen_cv32e40p_core.u_core/core_i/id_stage_i/register_file_i/i___50_i_107_n_0
    SLICE_X51Y163        MUXF7 (Prop_muxf7_I1_O)      0.217    15.584 r  u_soc_top/gen_cv32e40p_core.u_core/core_i/id_stage_i/register_file_i/i___50_i_98/O
                         net (fo=1, routed)           0.000    15.584    u_soc_top/gen_cv32e40p_core.u_core/core_i/id_stage_i/register_file_i/i___50_i_98_n_0
    SLICE_X51Y163        MUXF8 (Prop_muxf8_I1_O)      0.094    15.678 r  u_soc_top/gen_cv32e40p_core.u_core/core_i/id_stage_i/register_file_i/i___50_i_92/O
                         net (fo=1, routed)           0.408    16.086    u_soc_top/gen_cv32e40p_core.u_core/core_i/id_stage_i/register_file_i/i___50_i_92_n_0
    SLICE_X51Y162        LUT6 (Prop_lut6_I0_O)        0.316    16.402 r  u_soc_top/gen_cv32e40p_core.u_core/core_i/id_stage_i/register_file_i/i___50_i_86/O
                         net (fo=64, routed)          0.627    17.028    u_soc_top/gen_cv32e40p_core.u_core/core_i/id_stage_i/register_file_i/ex_stage_i/alu_i/extract_sign
    SLICE_X49Y163        LUT6 (Prop_lut6_I5_O)        0.124    17.152 r  u_soc_top/gen_cv32e40p_core.u_core/core_i/id_stage_i/register_file_i/i___112__8_i_46/O
                         net (fo=1, routed)           0.599    17.751    u_soc_top/gen_cv32e40p_core.u_core/core_i/id_stage_i/register_file_i/i___112__8_i_46_n_0
    SLICE_X44Y163        LUT6 (Prop_lut6_I5_O)        0.124    17.875 r  u_soc_top/gen_cv32e40p_core.u_core/core_i/id_stage_i/register_file_i/i___112__8_i_35/O
                         net (fo=1, routed)           0.598    18.473    u_soc_top/gen_cv32e40p_core.u_core/core_i/id_stage_i/register_file_i/ex_stage_i/alu_i/bextins_result[23]
    SLICE_X43Y167        LUT6 (Prop_lut6_I5_O)        0.124    18.597 r  u_soc_top/gen_cv32e40p_core.u_core/core_i/id_stage_i/register_file_i/i___112__8_i_27/O
                         net (fo=1, routed)           0.000    18.597    u_soc_top/gen_cv32e40p_core.u_core/core_i/id_stage_i/register_file_i/i___112__8_i_27_n_0
    SLICE_X43Y167        MUXF7 (Prop_muxf7_I1_O)      0.217    18.814 r  u_soc_top/gen_cv32e40p_core.u_core/core_i/id_stage_i/register_file_i/i___112__8_i_20/O
                         net (fo=1, routed)           0.354    19.168    u_soc_top/gen_cv32e40p_core.u_core/core_i/id_stage_i/register_file_i/i___112__8_i_20_n_0
    SLICE_X42Y167        LUT6 (Prop_lut6_I5_O)        0.299    19.467 r  u_soc_top/gen_cv32e40p_core.u_core/core_i/id_stage_i/register_file_i/i___112__8_i_8/O
                         net (fo=1, routed)           0.327    19.794    u_soc_top/gen_cv32e40p_core.u_core/core_i/id_stage_i/gen_hwloop_regs.hwloop_regs_i/alu_result[18]
    SLICE_X40Y168        LUT6 (Prop_lut6_I3_O)        0.124    19.918 r  u_soc_top/gen_cv32e40p_core.u_core/core_i/id_stage_i/gen_hwloop_regs.hwloop_regs_i/i___112__8_i_3/O
                         net (fo=35, routed)          0.658    20.576    u_soc_top/gen_cv32e40p_core.u_core/core_i/id_stage_i/register_file_i/hwlp_start_q_reg[0][23]_0
    SLICE_X42Y166        LUT6 (Prop_lut6_I4_O)        0.124    20.700 f  u_soc_top/gen_cv32e40p_core.u_core/core_i/id_stage_i/register_file_i/hwlp_start_q[1][23]_i_2/O
                         net (fo=4, routed)           0.779    21.479    u_soc_top/gen_cv32e40p_core.u_core/core_i/if_stage_i/hwlp_start_q_reg[0][23]
    SLICE_X40Y169        LUT6 (Prop_lut6_I2_O)        0.124    21.603 f  u_soc_top/gen_cv32e40p_core.u_core/core_i/if_stage_i/alu_operand_b_ex_o[23]_i_2/O
                         net (fo=2, routed)           0.631    22.234    u_soc_top/gen_cv32e40p_core.u_core/core_i/if_stage_i/alu_operand_b_ex_o[23]_i_2_n_0
    SLICE_X43Y166        LUT6 (Prop_lut6_I5_O)        0.124    22.358 r  u_soc_top/gen_cv32e40p_core.u_core/core_i/if_stage_i/mult_operand_b_ex_o[23]_i_1/O
                         net (fo=2, routed)           0.923    23.281    u_soc_top/gen_cv32e40p_core.u_core/core_i/id_stage_i/mult_operand_b_ex_o_reg[31]_1[15]
    SLICE_X43Y167        FDCE                                         r  u_soc_top/gen_cv32e40p_core.u_core/core_i/id_stage_i/mult_dot_op_b_ex_o_reg[23]/D
  -------------------------------------------------------------------    -------------------

                         (clock clk_50m_unbuf rise edge)
                                                     20.000    20.000 r  
    E3                                                0.000    20.000 r  clk_100m_i (IN)
                         net (fo=0)                   0.000    20.000    clk_100m_i
    E3                   IBUF (Prop_ibuf_I_O)         1.411    21.411 r  clk_100m_i_IBUF_inst/O
                         net (fo=1, routed)           1.162    22.573    clk_100m_i_IBUF
    MMCME2_ADV_X1Y2      MMCME2_ADV (Prop_mmcme2_adv_CLKIN1_CLKOUT0)
                                                     -7.324    15.249 r  u_mmcm/CLKOUT0
                         net (fo=1, routed)           1.639    16.888    clk_50m_unbuf
    BUFGCTRL_X0Y16       BUFG (Prop_bufg_I_O)         0.091    16.979 r  u_bufg_clk50/O
                         net (fo=4563, routed)        1.860    18.840    u_soc_top/gen_cv32e40p_core.u_core/core_i/sleep_unit_i/core_clock_gate_i/clk_50m
    SLICE_X52Y97         LUT2 (Prop_lut2_I0_O)        0.100    18.940 r  u_soc_top/gen_cv32e40p_core.u_core/core_i/sleep_unit_i/core_clock_gate_i/cnt_q[1]_i_4/O
                         net (fo=1, routed)           0.694    19.633    u_soc_top_n_44
    BUFGCTRL_X0Y0        BUFG (Prop_bufg_I_O)         0.091    19.724 r  cnt_q_reg[1]_i_2/O
                         net (fo=2420, routed)        1.668    21.392    u_soc_top/gen_cv32e40p_core.u_core/core_i/id_stage_i/clk
    SLICE_X43Y167        FDCE                                         r  u_soc_top/gen_cv32e40p_core.u_core/core_i/id_stage_i/mult_dot_op_b_ex_o_reg[23]/C
                         clock pessimism              0.904    22.296    
                         clock uncertainty           -0.089    22.207    
    SLICE_X43Y167        FDCE (Setup_fdce_C_D)       -0.081    22.126    u_soc_top/gen_cv32e40p_core.u_core/core_i/id_stage_i/mult_dot_op_b_ex_o_reg[23]
  -------------------------------------------------------------------
                         required time                         22.126    
                         arrival time                         -23.281    
  -------------------------------------------------------------------
                         slack                                 -1.154    

Slack (VIOLATED) :        -1.145ns  (required time - arrival time)
  Source:                 u_soc_top/gen_cv32e40p_core.u_core/core_i/id_stage_i/alu_operator_ex_o_reg[5]/C
                            (rising edge-triggered cell FDCE clocked by clk_50m_unbuf  {rise@0.000ns fall@10.000ns period=20.000ns})
  Destination:            u_soc_top/gen_cv32e40p_core.u_core/core_i/id_stage_i/mult_dot_op_b_ex_o_reg[26]/D
                            (rising edge-triggered cell FDCE clocked by clk_50m_unbuf  {rise@0.000ns fall@10.000ns period=20.000ns})
  Path Group:             clk_50m_unbuf
  Path Type:              Setup (Max at Slow Process Corner)
  Requirement:            20.000ns  (clk_50m_unbuf rise@20.000ns - clk_50m_unbuf rise@0.000ns)
  Data Path Delay:        20.903ns  (logic 6.483ns (31.014%)  route 14.420ns (68.986%))
  Logic Levels:           32  (CARRY4=8 LUT3=2 LUT5=4 LUT6=15 MUXF7=2 MUXF8=1)
  Clock Path Skew:        -0.124ns (DCD - SCD + CPR)
    Destination Clock Delay (DCD):    1.388ns = ( 21.388 - 20.000 ) 
    Source Clock Delay      (SCD):    2.345ns
    Clock Pessimism Removal (CPR):    0.832ns
  Clock Uncertainty:      0.089ns  ((TSJ^2 + DJ^2)^1/2) / 2 + PE
    Total System Jitter     (TSJ):    0.071ns
    Discrete Jitter          (DJ):    0.163ns
    Phase Error              (PE):    0.000ns

    Location             Delay type                Incr(ns)  Path(ns)    Netlist Resource(s)
  -------------------------------------------------------------------    -------------------
                         (clock clk_50m_unbuf rise edge)
                                                      0.000     0.000 r  
    E3                                                0.000     0.000 r  clk_100m_i (IN)
                         net (fo=0)                   0.000     0.000    clk_100m_i
    E3                   IBUF (Prop_ibuf_I_O)         1.482     1.482 r  clk_100m_i_IBUF_inst/O
                         net (fo=1, routed)           1.233     2.715    clk_100m_i_IBUF
    MMCME2_ADV_X1Y2      MMCME2_ADV (Prop_mmcme2_adv_CLKIN1_CLKOUT0)
                                                     -7.070    -4.355 r  u_mmcm/CLKOUT0
                         net (fo=1, routed)           1.719    -2.636    clk_50m_unbuf
    BUFGCTRL_X0Y16       BUFG (Prop_bufg_I_O)         0.096    -2.540 r  u_bufg_clk50/O
                         net (fo=4563, routed)        2.067    -0.473    u_soc_top/gen_cv32e40p_core.u_core/core_i/sleep_unit_i/core_clock_gate_i/clk_50m
    SLICE_X52Y97         LUT2 (Prop_lut2_I0_O)        0.124    -0.349 r  u_soc_top/gen_cv32e40p_core.u_core/core_i/sleep_unit_i/core_clock_gate_i/cnt_q[1]_i_4/O
                         net (fo=1, routed)           0.794     0.445    u_soc_top_n_44
    BUFGCTRL_X0Y0        BUFG (Prop_bufg_I_O)         0.096     0.541 r  cnt_q_reg[1]_i_2/O
                         net (fo=2420, routed)        1.804     2.345    u_soc_top/gen_cv32e40p_core.u_core/core_i/id_stage_i/clk
    SLICE_X40Y162        FDCE                                         r  u_soc_top/gen_cv32e40p_core.u_core/core_i/id_stage_i/alu_operator_ex_o_reg[5]/C
  -------------------------------------------------------------------    -------------------
    SLICE_X40Y162        FDCE (Prop_fdce_C_Q)         0.419     2.764 r  u_soc_top/gen_cv32e40p_core.u_core/core_i/id_stage_i/alu_operator_ex_o_reg[5]/Q
                         net (fo=59, routed)          0.569     3.333    u_soc_top/gen_cv32e40p_core.u_core/core_i/id_stage_i/register_file_i/i___171_i_34_0[5]
    SLICE_X40Y162        LUT3 (Prop_lut3_I0_O)        0.299     3.632 r  u_soc_top/gen_cv32e40p_core.u_core/core_i/id_stage_i/register_file_i/i___183_i_5/O
                         net (fo=96, routed)          0.925     4.557    u_soc_top/gen_cv32e40p_core.u_core/core_i/id_stage_i/register_file_i/i___183_i_5_n_0
    SLICE_X44Y162        LUT6 (Prop_lut6_I0_O)        0.124     4.681 r  u_soc_top/gen_cv32e40p_core.u_core/core_i/id_stage_i/register_file_i/BReg_DP[24]_i_27/O
                         net (fo=1, routed)           0.623     5.304    u_soc_top/gen_cv32e40p_core.u_core/core_i/id_stage_i/register_file_i/BReg_DP[24]_i_27_n_0
    SLICE_X45Y158        LUT6 (Prop_lut6_I5_O)        0.124     5.428 r  u_soc_top/gen_cv32e40p_core.u_core/core_i/id_stage_i/register_file_i/BReg_DP[24]_i_19/O
                         net (fo=2, routed)           0.585     6.013    u_soc_top/gen_cv32e40p_core.u_core/core_i/id_stage_i/register_file_i/ex_stage_i/alu_i/adder_op_a[6]
    SLICE_X41Y157        LUT5 (Prop_lut5_I0_O)        0.124     6.137 r  u_soc_top/gen_cv32e40p_core.u_core/core_i/id_stage_i/register_file_i/BReg_DP[24]_i_23/O
                         net (fo=1, routed)           0.000     6.137    u_soc_top/gen_cv32e40p_core.u_core/core_i/id_stage_i/register_file_i/BReg_DP[24]_i_23_n_0
    SLICE_X41Y157        CARRY4 (Prop_carry4_S[2]_CO[3])
                                                      0.398     6.535 r  u_soc_top/gen_cv32e40p_core.u_core/core_i/id_stage_i/register_file_i/BReg_DP_reg[24]_i_12/CO[3]
                         net (fo=1, routed)           0.000     6.535    u_soc_top/gen_cv32e40p_core.u_core/core_i/id_stage_i/register_file_i/BReg_DP_reg[24]_i_12_n_0
    SLICE_X41Y158        CARRY4 (Prop_carry4_CI_O[1])
                                                      0.334     6.869 r  u_soc_top/gen_cv32e40p_core.u_core/core_i/id_stage_i/register_file_i/BReg_DP_reg[31]_i_98/O[1]
                         net (fo=3, routed)           0.702     7.571    u_soc_top/gen_cv32e40p_core.u_core/core_i/id_stage_i/register_file_i/ex_stage_i/alu_i/data0[8]
    SLICE_X42Y159        LUT5 (Prop_lut5_I3_O)        0.303     7.874 r  u_soc_top/gen_cv32e40p_core.u_core/core_i/id_stage_i/register_file_i/BReg_DP[31]_i_102/O
                         net (fo=1, routed)           0.000     7.874    u_soc_top/gen_cv32e40p_core.u_core/core_i/id_stage_i/register_file_i/BReg_DP[31]_i_102_n_0
    SLICE_X42Y159        CARRY4 (Prop_carry4_S[0]_CO[3])
                                                      0.513     8.387 r  u_soc_top/gen_cv32e40p_core.u_core/core_i/id_stage_i/register_file_i/BReg_DP_reg[31]_i_83/CO[3]
                         net (fo=1, routed)           0.000     8.387    u_soc_top/gen_cv32e40p_core.u_core/core_i/id_stage_i/register_file_i/BReg_DP_reg[31]_i_83_n_0
    SLICE_X42Y160        CARRY4 (Prop_carry4_CI_CO[3])
                                                      0.117     8.504 r  u_soc_top/gen_cv32e40p_core.u_core/core_i/id_stage_i/register_file_i/BReg_DP_reg[16]_i_11/CO[3]
                         net (fo=1, routed)           0.000     8.504    u_soc_top/gen_cv32e40p_core.u_core/core_i/id_stage_i/register_file_i/BReg_DP_reg[16]_i_11_n_0
    SLICE_X42Y161        CARRY4 (Prop_carry4_CI_CO[3])
                                                      0.117     8.621 r  u_soc_top/gen_cv32e40p_core.u_core/core_i/id_stage_i/register_file_i/BReg_DP_reg[31]_i_84/CO[3]
                         net (fo=1, routed)           0.000     8.621    u_soc_top/gen_cv32e40p_core.u_core/core_i/id_stage_i/register_file_i/BReg_DP_reg[31]_i_84_n_0
    SLICE_X42Y162        CARRY4 (Prop_carry4_CI_CO[3])
                                                      0.117     8.738 r  u_soc_top/gen_cv32e40p_core.u_core/core_i/id_stage_i/register_file_i/BReg_DP_reg[8]_i_8/CO[3]
                         net (fo=1, routed)           0.000     8.738    u_soc_top/gen_cv32e40p_core.u_core/core_i/id_stage_i/register_file_i/BReg_DP_reg[8]_i_8_n_0
    SLICE_X42Y163        CARRY4 (Prop_carry4_CI_CO[3])
                                                      0.117     8.855 r  u_soc_top/gen_cv32e40p_core.u_core/core_i/id_stage_i/register_file_i/BReg_DP_reg[31]_i_82/CO[3]
                         net (fo=1, routed)           0.000     8.855    u_soc_top/gen_cv32e40p_core.u_core/core_i/id_stage_i/register_file_i/BReg_DP_reg[31]_i_82_n_0
    SLICE_X42Y164        CARRY4 (Prop_carry4_CI_O[3])
                                                      0.315     9.170 r  u_soc_top/gen_cv32e40p_core.u_core/core_i/id_stage_i/register_file_i/BReg_DP_reg[0]_i_8/O[3]
                         net (fo=2, routed)           0.499     9.669    u_soc_top/gen_cv32e40p_core.u_core/core_i/id_stage_i/register_file_i/ex_stage_i/alu_i/adder_round_result[31]
    SLICE_X44Y164        LUT6 (Prop_lut6_I2_O)        0.307     9.976 r  u_soc_top/gen_cv32e40p_core.u_core/core_i/id_stage_i/register_file_i/BReg_DP[0]_i_6/O
                         net (fo=61, routed)          0.780    10.757    u_soc_top/gen_cv32e40p_core.u_core/core_i/id_stage_i/register_file_i/shift_right_result126_out
    SLICE_X44Y165        LUT3 (Prop_lut3_I2_O)        0.124    10.881 r  u_soc_top/gen_cv32e40p_core.u_core/core_i/id_stage_i/register_file_i/BReg_DP[18]_i_10/O
                         net (fo=3, routed)           0.738    11.619    u_soc_top/gen_cv32e40p_core.u_core/core_i/id_stage_i/register_file_i/alu_operand_a_ex_o_reg[11][1]
    SLICE_X45Y168        LUT6 (Prop_lut6_I0_O)        0.124    11.743 r  u_soc_top/gen_cv32e40p_core.u_core/core_i/id_stage_i/register_file_i/BReg_DP[18]_i_7/O
                         net (fo=4, routed)           0.841    12.583    u_soc_top/gen_cv32e40p_core.u_core/core_i/id_stage_i/register_file_i/BReg_DP[18]_i_7_n_0
    SLICE_X48Y168        LUT6 (Prop_lut6_I3_O)        0.124    12.707 r  u_soc_top/gen_cv32e40p_core.u_core/core_i/id_stage_i/register_file_i/BReg_DP[16]_i_4/O
                         net (fo=3, routed)           0.680    13.387    u_soc_top/gen_cv32e40p_core.u_core/core_i/id_stage_i/register_file_i/alu_clpx_shift_ex_o_reg[1]_12
    SLICE_X51Y167        LUT5 (Prop_lut5_I2_O)        0.124    13.511 r  u_soc_top/gen_cv32e40p_core.u_core/core_i/id_stage_i/register_file_i/BReg_DP[16]_i_2/O
                         net (fo=3, routed)           0.592    14.103    u_soc_top/gen_cv32e40p_core.u_core/core_i/id_stage_i/register_file_i/shift_left_result[2]
    SLICE_X51Y167        LUT5 (Prop_lut5_I4_O)        0.124    14.227 r  u_soc_top/gen_cv32e40p_core.u_core/core_i/id_stage_i/register_file_i/i___112__16_i_33/O
                         net (fo=5, routed)           1.015    15.243    u_soc_top/gen_cv32e40p_core.u_core/core_i/id_stage_i/register_file_i/ex_stage_i/alu_i/radix_2_rev[16]
    SLICE_X51Y163        LUT6 (Prop_lut6_I0_O)        0.124    15.367 r  u_soc_top/gen_cv32e40p_core.u_core/core_i/id_stage_i/register_file_i/i___50_i_107/O
                         net (fo=1, routed)           0.000    15.367    u_soc_top/gen_cv32e40p_core.u_core/core_i/id_stage_i/register_file_i/i___50_i_107_n_0
    SLICE_X51Y163        MUXF7 (Prop_muxf7_I1_O)      0.217    15.584 r  u_soc_top/gen_cv32e40p_core.u_core/core_i/id_stage_i/register_file_i/i___50_i_98/O
                         net (fo=1, routed)           0.000    15.584    u_soc_top/gen_cv32e40p_core.u_core/core_i/id_stage_i/register_file_i/i___50_i_98_n_0
    SLICE_X51Y163        MUXF8 (Prop_muxf8_I1_O)      0.094    15.678 r  u_soc_top/gen_cv32e40p_core.u_core/core_i/id_stage_i/register_file_i/i___50_i_92/O
                         net (fo=1, routed)           0.408    16.086    u_soc_top/gen_cv32e40p_core.u_core/core_i/id_stage_i/register_file_i/i___50_i_92_n_0
    SLICE_X51Y162        LUT6 (Prop_lut6_I0_O)        0.316    16.402 r  u_soc_top/gen_cv32e40p_core.u_core/core_i/id_stage_i/register_file_i/i___50_i_86/O
                         net (fo=64, routed)          0.620    17.021    u_soc_top/gen_cv32e40p_core.u_core/core_i/id_stage_i/register_file_i/ex_stage_i/alu_i/extract_sign
    SLICE_X51Y158        LUT6 (Prop_lut6_I5_O)        0.124    17.145 r  u_soc_top/gen_cv32e40p_core.u_core/core_i/id_stage_i/register_file_i/i___112__34_i_34/O
                         net (fo=1, routed)           0.313    17.458    u_soc_top/gen_cv32e40p_core.u_core/core_i/id_stage_i/register_file_i/i___112__34_i_34_n_0
    SLICE_X52Y158        LUT6 (Prop_lut6_I5_O)        0.124    17.582 r  u_soc_top/gen_cv32e40p_core.u_core/core_i/id_stage_i/register_file_i/i___112__34_i_31/O
                         net (fo=1, routed)           0.540    18.122    u_soc_top/gen_cv32e40p_core.u_core/core_i/id_stage_i/register_file_i/ex_stage_i/alu_i/bextins_result[2]
    SLICE_X52Y158        LUT6 (Prop_lut6_I5_O)        0.124    18.246 r  u_soc_top/gen_cv32e40p_core.u_core/core_i/id_stage_i/register_file_i/i___112__34_i_24/O
                         net (fo=1, routed)           0.000    18.246    u_soc_top/gen_cv32e40p_core.u_core/core_i/id_stage_i/register_file_i/i___112__34_i_24_n_0
    SLICE_X52Y158        MUXF7 (Prop_muxf7_I1_O)      0.217    18.463 r  u_soc_top/gen_cv32e40p_core.u_core/core_i/id_stage_i/register_file_i/i___112__34_i_20/O
                         net (fo=1, routed)           0.487    18.950    u_soc_top/gen_cv32e40p_core.u_core/core_i/id_stage_i/register_file_i/i___112__34_i_20_n_0
    SLICE_X53Y158        LUT6 (Prop_lut6_I5_O)        0.299    19.249 r  u_soc_top/gen_cv32e40p_core.u_core/core_i/id_stage_i/register_file_i/i___112__34_i_8/O
                         net (fo=1, routed)           0.487    19.736    u_soc_top/gen_cv32e40p_core.u_core/core_i/id_stage_i/gen_hwloop_regs.hwloop_regs_i/alu_result[2]
    SLICE_X53Y155        LUT6 (Prop_lut6_I3_O)        0.124    19.860 r  u_soc_top/gen_cv32e40p_core.u_core/core_i/id_stage_i/gen_hwloop_regs.hwloop_regs_i/i___112__34_i_3/O
                         net (fo=37, routed)          0.638    20.498    u_soc_top/gen_cv32e40p_core.u_core/regfile_alu_wdata_fw[2]
    SLICE_X53Y156        LUT6 (Prop_lut6_I1_O)        0.124    20.622 r  u_soc_top/gen_cv32e40p_core.u_core/i___112__35/O
                         net (fo=1, routed)           0.622    21.244    u_soc_top/gen_cv32e40p_core.u_core/core_i/if_stage_i/mult_dot_op_b_ex_o_reg[2]
    SLICE_X53Y157        LUT6 (Prop_lut6_I0_O)        0.124    21.368 r  u_soc_top/gen_cv32e40p_core.u_core/core_i/if_stage_i/mult_operand_b_ex_o[2]_i_1/O
                         net (fo=9, routed)           0.849    22.217    u_soc_top/gen_cv32e40p_core.u_core/core_i/if_stage_i/operand_b[2]
    SLICE_X55Y157        LUT6 (Prop_lut6_I2_O)        0.124    22.341 r  u_soc_top/gen_cv32e40p_core.u_core/core_i/if_stage_i/mult_operand_b_ex_o[26]_i_1/O
                         net (fo=2, routed)           0.908    23.249    u_soc_top/gen_cv32e40p_core.u_core/core_i/id_stage_i/mult_operand_b_ex_o_reg[31]_1[18]
    SLICE_X54Y157        FDCE                                         r  u_soc_top/gen_cv32e40p_core.u_core/core_i/id_stage_i/mult_dot_op_b_ex_o_reg[26]/D
  -------------------------------------------------------------------    -------------------

                         (clock clk_50m_unbuf rise edge)
                                                     20.000    20.000 r  
    E3                                                0.000    20.000 r  clk_100m_i (IN)
                         net (fo=0)                   0.000    20.000    clk_100m_i
    E3                   IBUF (Prop_ibuf_I_O)         1.411    21.411 r  clk_100m_i_IBUF_inst/O
                         net (fo=1, routed)           1.162    22.573    clk_100m_i_IBUF
    MMCME2_ADV_X1Y2      MMCME2_ADV (Prop_mmcme2_adv_CLKIN1_CLKOUT0)
                                                     -7.324    15.249 r  u_mmcm/CLKOUT0
                         net (fo=1, routed)           1.639    16.888    clk_50m_unbuf
    BUFGCTRL_X0Y16       BUFG (Prop_bufg_I_O)         0.091    16.979 r  u_bufg_clk50/O
                         net (fo=4563, routed)        1.860    18.840    u_soc_top/gen_cv32e40p_core.u_core/core_i/sleep_unit_i/core_clock_gate_i/clk_50m
    SLICE_X52Y97         LUT2 (Prop_lut2_I0_O)        0.100    18.940 r  u_soc_top/gen_cv32e40p_core.u_core/core_i/sleep_unit_i/core_clock_gate_i/cnt_q[1]_i_4/O
                         net (fo=1, routed)           0.694    19.633    u_soc_top_n_44
    BUFGCTRL_X0Y0        BUFG (Prop_bufg_I_O)         0.091    19.724 r  cnt_q_reg[1]_i_2/O
                         net (fo=2420, routed)        1.664    21.388    u_soc_top/gen_cv32e40p_core.u_core/core_i/id_stage_i/clk
    SLICE_X54Y157        FDCE                                         r  u_soc_top/gen_cv32e40p_core.u_core/core_i/id_stage_i/mult_dot_op_b_ex_o_reg[26]/C
                         clock pessimism              0.832    22.221    
                         clock uncertainty           -0.089    22.132    
    SLICE_X54Y157        FDCE (Setup_fdce_C_D)       -0.028    22.104    u_soc_top/gen_cv32e40p_core.u_core/core_i/id_stage_i/mult_dot_op_b_ex_o_reg[26]
  -------------------------------------------------------------------
                         required time                         22.104    
                         arrival time                         -23.249    
  -------------------------------------------------------------------
                         slack                                 -1.145    

Slack (VIOLATED) :        -1.086ns  (required time - arrival time)
  Source:                 u_soc_top/gen_cv32e40p_core.u_core/core_i/id_stage_i/alu_operator_ex_o_reg[5]/C
                            (rising edge-triggered cell FDCE clocked by clk_50m_unbuf  {rise@0.000ns fall@10.000ns period=20.000ns})
  Destination:            u_soc_top/gen_cv32e40p_core.u_core/core_i/id_stage_i/mult_dot_op_b_ex_o_reg[24]/D
                            (rising edge-triggered cell FDCE clocked by clk_50m_unbuf  {rise@0.000ns fall@10.000ns period=20.000ns})
  Path Group:             clk_50m_unbuf
  Path Type:              Setup (Max at Slow Process Corner)
  Requirement:            20.000ns  (clk_50m_unbuf rise@20.000ns - clk_50m_unbuf rise@0.000ns)
  Data Path Delay:        20.891ns  (logic 6.478ns (31.009%)  route 14.413ns (68.991%))
  Logic Levels:           32  (CARRY4=8 LUT3=2 LUT5=4 LUT6=15 MUXF7=2 MUXF8=1)
  Clock Path Skew:        -0.046ns (DCD - SCD + CPR)
    Destination Clock Delay (DCD):    1.395ns = ( 21.395 - 20.000 ) 
    Source Clock Delay      (SCD):    2.345ns
    Clock Pessimism Removal (CPR):    0.904ns
  Clock Uncertainty:      0.089ns  ((TSJ^2 + DJ^2)^1/2) / 2 + PE
    Total System Jitter     (TSJ):    0.071ns
    Discrete Jitter          (DJ):    0.163ns
    Phase Error              (PE):    0.000ns

    Location             Delay type                Incr(ns)  Path(ns)    Netlist Resource(s)
  -------------------------------------------------------------------    -------------------
                         (clock clk_50m_unbuf rise edge)
                                                      0.000     0.000 r  
    E3                                                0.000     0.000 r  clk_100m_i (IN)
                         net (fo=0)                   0.000     0.000    clk_100m_i
    E3                   IBUF (Prop_ibuf_I_O)         1.482     1.482 r  clk_100m_i_IBUF_inst/O
                         net (fo=1, routed)           1.233     2.715    clk_100m_i_IBUF
    MMCME2_ADV_X1Y2      MMCME2_ADV (Prop_mmcme2_adv_CLKIN1_CLKOUT0)
                                                     -7.070    -4.355 r  u_mmcm/CLKOUT0
                         net (fo=1, routed)           1.719    -2.636    clk_50m_unbuf
    BUFGCTRL_X0Y16       BUFG (Prop_bufg_I_O)         0.096    -2.540 r  u_bufg_clk50/O
                         net (fo=4563, routed)        2.067    -0.473    u_soc_top/gen_cv32e40p_core.u_core/core_i/sleep_unit_i/core_clock_gate_i/clk_50m
    SLICE_X52Y97         LUT2 (Prop_lut2_I0_O)        0.124    -0.349 r  u_soc_top/gen_cv32e40p_core.u_core/core_i/sleep_unit_i/core_clock_gate_i/cnt_q[1]_i_4/O
                         net (fo=1, routed)           0.794     0.445    u_soc_top_n_44
    BUFGCTRL_X0Y0        BUFG (Prop_bufg_I_O)         0.096     0.541 r  cnt_q_reg[1]_i_2/O
                         net (fo=2420, routed)        1.804     2.345    u_soc_top/gen_cv32e40p_core.u_core/core_i/id_stage_i/clk
    SLICE_X40Y162        FDCE                                         r  u_soc_top/gen_cv32e40p_core.u_core/core_i/id_stage_i/alu_operator_ex_o_reg[5]/C
  -------------------------------------------------------------------    -------------------
    SLICE_X40Y162        FDCE (Prop_fdce_C_Q)         0.419     2.764 r  u_soc_top/gen_cv32e40p_core.u_core/core_i/id_stage_i/alu_operator_ex_o_reg[5]/Q
                         net (fo=59, routed)          0.569     3.333    u_soc_top/gen_cv32e40p_core.u_core/core_i/id_stage_i/register_file_i/i___171_i_34_0[5]
    SLICE_X40Y162        LUT3 (Prop_lut3_I0_O)        0.299     3.632 r  u_soc_top/gen_cv32e40p_core.u_core/core_i/id_stage_i/register_file_i/i___183_i_5/O
                         net (fo=96, routed)          0.925     4.557    u_soc_top/gen_cv32e40p_core.u_core/core_i/id_stage_i/register_file_i/i___183_i_5_n_0
    SLICE_X44Y162        LUT6 (Prop_lut6_I0_O)        0.124     4.681 r  u_soc_top/gen_cv32e40p_core.u_core/core_i/id_stage_i/register_file_i/BReg_DP[24]_i_27/O
                         net (fo=1, routed)           0.623     5.304    u_soc_top/gen_cv32e40p_core.u_core/core_i/id_stage_i/register_file_i/BReg_DP[24]_i_27_n_0
    SLICE_X45Y158        LUT6 (Prop_lut6_I5_O)        0.124     5.428 r  u_soc_top/gen_cv32e40p_core.u_core/core_i/id_stage_i/register_file_i/BReg_DP[24]_i_19/O
                         net (fo=2, routed)           0.585     6.013    u_soc_top/gen_cv32e40p_core.u_core/core_i/id_stage_i/register_file_i/ex_stage_i/alu_i/adder_op_a[6]
    SLICE_X41Y157        LUT5 (Prop_lut5_I0_O)        0.124     6.137 r  u_soc_top/gen_cv32e40p_core.u_core/core_i/id_stage_i/register_file_i/BReg_DP[24]_i_23/O
                         net (fo=1, routed)           0.000     6.137    u_soc_top/gen_cv32e40p_core.u_core/core_i/id_stage_i/register_file_i/BReg_DP[24]_i_23_n_0
    SLICE_X41Y157        CARRY4 (Prop_carry4_S[2]_CO[3])
                                                      0.398     6.535 r  u_soc_top/gen_cv32e40p_core.u_core/core_i/id_stage_i/register_file_i/BReg_DP_reg[24]_i_12/CO[3]
                         net (fo=1, routed)           0.000     6.535    u_soc_top/gen_cv32e40p_core.u_core/core_i/id_stage_i/register_file_i/BReg_DP_reg[24]_i_12_n_0
    SLICE_X41Y158        CARRY4 (Prop_carry4_CI_O[1])
                                                      0.334     6.869 r  u_soc_top/gen_cv32e40p_core.u_core/core_i/id_stage_i/register_file_i/BReg_DP_reg[31]_i_98/O[1]
                         net (fo=3, routed)           0.702     7.571    u_soc_top/gen_cv32e40p_core.u_core/core_i/id_stage_i/register_file_i/ex_stage_i/alu_i/data0[8]
    SLICE_X42Y159        LUT5 (Prop_lut5_I3_O)        0.303     7.874 r  u_soc_top/gen_cv32e40p_core.u_core/core_i/id_stage_i/register_file_i/BReg_DP[31]_i_102/O
                         net (fo=1, routed)           0.000     7.874    u_soc_top/gen_cv32e40p_core.u_core/core_i/id_stage_i/register_file_i/BReg_DP[31]_i_102_n_0
    SLICE_X42Y159        CARRY4 (Prop_carry4_S[0]_CO[3])
                                                      0.513     8.387 r  u_soc_top/gen_cv32e40p_core.u_core/core_i/id_stage_i/register_file_i/BReg_DP_reg[31]_i_83/CO[3]
                         net (fo=1, routed)           0.000     8.387    u_soc_top/gen_cv32e40p_core.u_core/core_i/id_stage_i/register_file_i/BReg_DP_reg[31]_i_83_n_0
    SLICE_X42Y160        CARRY4 (Prop_carry4_CI_CO[3])
                                                      0.117     8.504 r  u_soc_top/gen_cv32e40p_core.u_core/core_i/id_stage_i/register_file_i/BReg_DP_reg[16]_i_11/CO[3]
                         net (fo=1, routed)           0.000     8.504    u_soc_top/gen_cv32e40p_core.u_core/core_i/id_stage_i/register_file_i/BReg_DP_reg[16]_i_11_n_0
    SLICE_X42Y161        CARRY4 (Prop_carry4_CI_CO[3])
                                                      0.117     8.621 r  u_soc_top/gen_cv32e40p_core.u_core/core_i/id_stage_i/register_file_i/BReg_DP_reg[31]_i_84/CO[3]
                         net (fo=1, routed)           0.000     8.621    u_soc_top/gen_cv32e40p_core.u_core/core_i/id_stage_i/register_file_i/BReg_DP_reg[31]_i_84_n_0
    SLICE_X42Y162        CARRY4 (Prop_carry4_CI_CO[3])
                                                      0.117     8.738 r  u_soc_top/gen_cv32e40p_core.u_core/core_i/id_stage_i/register_file_i/BReg_DP_reg[8]_i_8/CO[3]
                         net (fo=1, routed)           0.000     8.738    u_soc_top/gen_cv32e40p_core.u_core/core_i/id_stage_i/register_file_i/BReg_DP_reg[8]_i_8_n_0
    SLICE_X42Y163        CARRY4 (Prop_carry4_CI_CO[3])
                                                      0.117     8.855 r  u_soc_top/gen_cv32e40p_core.u_core/core_i/id_stage_i/register_file_i/BReg_DP_reg[31]_i_82/CO[3]
                         net (fo=1, routed)           0.000     8.855    u_soc_top/gen_cv32e40p_core.u_core/core_i/id_stage_i/register_file_i/BReg_DP_reg[31]_i_82_n_0
    SLICE_X42Y164        CARRY4 (Prop_carry4_CI_O[3])
                                                      0.315     9.170 r  u_soc_top/gen_cv32e40p_core.u_core/core_i/id_stage_i/register_file_i/BReg_DP_reg[0]_i_8/O[3]
                         net (fo=2, routed)           0.499     9.669    u_soc_top/gen_cv32e40p_core.u_core/core_i/id_stage_i/register_file_i/ex_stage_i/alu_i/adder_round_result[31]
    SLICE_X44Y164        LUT6 (Prop_lut6_I2_O)        0.307     9.976 r  u_soc_top/gen_cv32e40p_core.u_core/core_i/id_stage_i/register_file_i/BReg_DP[0]_i_6/O
                         net (fo=61, routed)          0.780    10.757    u_soc_top/gen_cv32e40p_core.u_core/core_i/id_stage_i/register_file_i/shift_right_result126_out
    SLICE_X44Y165        LUT3 (Prop_lut3_I2_O)        0.124    10.881 r  u_soc_top/gen_cv32e40p_core.u_core/core_i/id_stage_i/register_file_i/BReg_DP[18]_i_10/O
                         net (fo=3, routed)           0.738    11.619    u_soc_top/gen_cv32e40p_core.u_core/core_i/id_stage_i/register_file_i/alu_operand_a_ex_o_reg[11][1]
    SLICE_X45Y168        LUT6 (Prop_lut6_I0_O)        0.124    11.743 r  u_soc_top/gen_cv32e40p_core.u_core/core_i/id_stage_i/register_file_i/BReg_DP[18]_i_7/O
                         net (fo=4, routed)           0.841    12.583    u_soc_top/gen_cv32e40p_core.u_core/core_i/id_stage_i/register_file_i/BReg_DP[18]_i_7_n_0
    SLICE_X48Y168        LUT6 (Prop_lut6_I3_O)        0.124    12.707 r  u_soc_top/gen_cv32e40p_core.u_core/core_i/id_stage_i/register_file_i/BReg_DP[16]_i_4/O
                         net (fo=3, routed)           0.680    13.387    u_soc_top/gen_cv32e40p_core.u_core/core_i/id_stage_i/register_file_i/alu_clpx_shift_ex_o_reg[1]_12
    SLICE_X51Y167        LUT5 (Prop_lut5_I2_O)        0.124    13.511 r  u_soc_top/gen_cv32e40p_core.u_core/core_i/id_stage_i/register_file_i/BReg_DP[16]_i_2/O
                         net (fo=3, routed)           0.592    14.103    u_soc_top/gen_cv32e40p_core.u_core/core_i/id_stage_i/register_file_i/shift_left_result[2]
    SLICE_X51Y167        LUT5 (Prop_lut5_I4_O)        0.124    14.227 r  u_soc_top/gen_cv32e40p_core.u_core/core_i/id_stage_i/register_file_i/i___112__16_i_33/O
                         net (fo=5, routed)           1.015    15.243    u_soc_top/gen_cv32e40p_core.u_core/core_i/id_stage_i/register_file_i/ex_stage_i/alu_i/radix_2_rev[16]
    SLICE_X51Y163        LUT6 (Prop_lut6_I0_O)        0.124    15.367 r  u_soc_top/gen_cv32e40p_core.u_core/core_i/id_stage_i/register_file_i/i___50_i_107/O
                         net (fo=1, routed)           0.000    15.367    u_soc_top/gen_cv32e40p_core.u_core/core_i/id_stage_i/register_file_i/i___50_i_107_n_0
    SLICE_X51Y163        MUXF7 (Prop_muxf7_I1_O)      0.217    15.584 r  u_soc_top/gen_cv32e40p_core.u_core/core_i/id_stage_i/register_file_i/i___50_i_98/O
                         net (fo=1, routed)           0.000    15.584    u_soc_top/gen_cv32e40p_core.u_core/core_i/id_stage_i/register_file_i/i___50_i_98_n_0
    SLICE_X51Y163        MUXF8 (Prop_muxf8_I1_O)      0.094    15.678 r  u_soc_top/gen_cv32e40p_core.u_core/core_i/id_stage_i/register_file_i/i___50_i_92/O
                         net (fo=1, routed)           0.408    16.086    u_soc_top/gen_cv32e40p_core.u_core/core_i/id_stage_i/register_file_i/i___50_i_92_n_0
    SLICE_X51Y162        LUT6 (Prop_lut6_I0_O)        0.316    16.402 r  u_soc_top/gen_cv32e40p_core.u_core/core_i/id_stage_i/register_file_i/i___50_i_86/O
                         net (fo=64, routed)          0.807    17.209    u_soc_top/gen_cv32e40p_core.u_core/core_i/id_stage_i/register_file_i/ex_stage_i/alu_i/extract_sign
    SLICE_X51Y158        LUT6 (Prop_lut6_I5_O)        0.124    17.333 r  u_soc_top/gen_cv32e40p_core.u_core/core_i/id_stage_i/register_file_i/i___50_i_87/O
                         net (fo=1, routed)           0.451    17.783    u_soc_top/gen_cv32e40p_core.u_core/core_i/id_stage_i/register_file_i/i___50_i_87_n_0
    SLICE_X51Y158        LUT6 (Prop_lut6_I5_O)        0.124    17.907 r  u_soc_top/gen_cv32e40p_core.u_core/core_i/id_stage_i/register_file_i/i___50_i_75/O
                         net (fo=1, routed)           0.619    18.526    u_soc_top/gen_cv32e40p_core.u_core/core_i/id_stage_i/register_file_i/ex_stage_i/alu_i/bextins_result[0]
    SLICE_X51Y157        LUT6 (Prop_lut6_I5_O)        0.124    18.650 r  u_soc_top/gen_cv32e40p_core.u_core/core_i/id_stage_i/register_file_i/i___50_i_56/O
                         net (fo=1, routed)           0.151    18.801    u_soc_top/gen_cv32e40p_core.u_core/core_i/id_stage_i/register_file_i/i___50_i_56_n_0
    SLICE_X51Y157        LUT6 (Prop_lut6_I3_O)        0.124    18.925 r  u_soc_top/gen_cv32e40p_core.u_core/core_i/id_stage_i/register_file_i/i___50_i_28/O
                         net (fo=1, routed)           0.000    18.925    u_soc_top/gen_cv32e40p_core.u_core/core_i/id_stage_i/register_file_i/i___50_i_28_n_0
    SLICE_X51Y157        MUXF7 (Prop_muxf7_I0_O)      0.212    19.137 r  u_soc_top/gen_cv32e40p_core.u_core/core_i/id_stage_i/register_file_i/i___50_i_11/O
                         net (fo=1, routed)           0.299    19.436    u_soc_top/gen_cv32e40p_core.u_core/core_i/id_stage_i/gen_hwloop_regs.hwloop_regs_i/alu_result[0]
    SLICE_X51Y155        LUT6 (Prop_lut6_I3_O)        0.299    19.735 r  u_soc_top/gen_cv32e40p_core.u_core/core_i/id_stage_i/gen_hwloop_regs.hwloop_regs_i/i___50_i_3/O
                         net (fo=36, routed)          0.720    20.455    u_soc_top/gen_cv32e40p_core.u_core/regfile_alu_wdata_fw[0]
    SLICE_X51Y156        LUT6 (Prop_lut6_I1_O)        0.124    20.579 r  u_soc_top/gen_cv32e40p_core.u_core/i___112__39/O
                         net (fo=1, routed)           0.568    21.147    u_soc_top/gen_cv32e40p_core.u_core/core_i/if_stage_i/mult_dot_op_b_ex_o_reg[0]_0
    SLICE_X50Y155        LUT6 (Prop_lut6_I3_O)        0.124    21.271 r  u_soc_top/gen_cv32e40p_core.u_core/core_i/if_stage_i/mult_operand_b_ex_o[0]_i_1/O
                         net (fo=9, routed)           1.082    22.353    u_soc_top/gen_cv32e40p_core.u_core/core_i/if_stage_i/operand_b[0]
    SLICE_X50Y157        LUT6 (Prop_lut6_I2_O)        0.124    22.477 r  u_soc_top/gen_cv32e40p_core.u_core/core_i/if_stage_i/mult_operand_b_ex_o[24]_i_1/O
                         net (fo=2, routed)           0.759    23.236    u_soc_top/gen_cv32e40p_core.u_core/core_i/id_stage_i/mult_operand_b_ex_o_reg[31]_1[16]
    SLICE_X51Y157        FDCE                                         r  u_soc_top/gen_cv32e40p_core.u_core/core_i/id_stage_i/mult_dot_op_b_ex_o_reg[24]/D
  -------------------------------------------------------------------    -------------------

                         (clock clk_50m_unbuf rise edge)
                                                     20.000    20.000 r  
    E3                                                0.000    20.000 r  clk_100m_i (IN)
                         net (fo=0)                   0.000    20.000    clk_100m_i
    E3                   IBUF (Prop_ibuf_I_O)         1.411    21.411 r  clk_100m_i_IBUF_inst/O
                         net (fo=1, routed)           1.162    22.573    clk_100m_i_IBUF
    MMCME2_ADV_X1Y2      MMCME2_ADV (Prop_mmcme2_adv_CLKIN1_CLKOUT0)
                                                     -7.324    15.249 r  u_mmcm/CLKOUT0
                         net (fo=1, routed)           1.639    16.888    clk_50m_unbuf
    BUFGCTRL_X0Y16       BUFG (Prop_bufg_I_O)         0.091    16.979 r  u_bufg_clk50/O
                         net (fo=4563, routed)        1.860    18.840    u_soc_top/gen_cv32e40p_core.u_core/core_i/sleep_unit_i/core_clock_gate_i/clk_50m
    SLICE_X52Y97         LUT2 (Prop_lut2_I0_O)        0.100    18.940 r  u_soc_top/gen_cv32e40p_core.u_core/core_i/sleep_unit_i/core_clock_gate_i/cnt_q[1]_i_4/O
                         net (fo=1, routed)           0.694    19.633    u_soc_top_n_44
    BUFGCTRL_X0Y0        BUFG (Prop_bufg_I_O)         0.091    19.724 r  cnt_q_reg[1]_i_2/O
                         net (fo=2420, routed)        1.671    21.395    u_soc_top/gen_cv32e40p_core.u_core/core_i/id_stage_i/clk
    SLICE_X51Y157        FDCE                                         r  u_soc_top/gen_cv32e40p_core.u_core/core_i/id_stage_i/mult_dot_op_b_ex_o_reg[24]/C
                         clock pessimism              0.904    22.299    
                         clock uncertainty           -0.089    22.210    
    SLICE_X51Y157        FDCE (Setup_fdce_C_D)       -0.061    22.149    u_soc_top/gen_cv32e40p_core.u_core/core_i/id_stage_i/mult_dot_op_b_ex_o_reg[24]
  -------------------------------------------------------------------
                         required time                         22.149    
                         arrival time                         -23.236    
  -------------------------------------------------------------------
                         slack                                 -1.086    

Slack (VIOLATED) :        -1.043ns  (required time - arrival time)
  Source:                 u_soc_top/gen_cv32e40p_core.u_core/core_i/id_stage_i/alu_operator_ex_o_reg[5]/C
                            (rising edge-triggered cell FDCE clocked by clk_50m_unbuf  {rise@0.000ns fall@10.000ns period=20.000ns})
  Destination:            u_soc_top/gen_cv32e40p_core.u_core/core_i/id_stage_i/mult_operand_b_ex_o_reg[26]/D
                            (rising edge-triggered cell FDCE clocked by clk_50m_unbuf  {rise@0.000ns fall@10.000ns period=20.000ns})
  Path Group:             clk_50m_unbuf
  Path Type:              Setup (Max at Slow Process Corner)
  Requirement:            20.000ns  (clk_50m_unbuf rise@20.000ns - clk_50m_unbuf rise@0.000ns)
  Data Path Delay:        20.784ns  (logic 6.483ns (31.192%)  route 14.301ns (68.808%))
  Logic Levels:           32  (CARRY4=8 LUT3=2 LUT5=4 LUT6=15 MUXF7=2 MUXF8=1)
  Clock Path Skew:        -0.123ns (DCD - SCD + CPR)
    Destination Clock Delay (DCD):    1.389ns = ( 21.389 - 20.000 ) 
    Source Clock Delay      (SCD):    2.345ns
    Clock Pessimism Removal (CPR):    0.832ns
  Clock Uncertainty:      0.089ns  ((TSJ^2 + DJ^2)^1/2) / 2 + PE
    Total System Jitter     (TSJ):    0.071ns
    Discrete Jitter          (DJ):    0.163ns
    Phase Error              (PE):    0.000ns

    Location             Delay type                Incr(ns)  Path(ns)    Netlist Resource(s)
  -------------------------------------------------------------------    -------------------
                         (clock clk_50m_unbuf rise edge)
                                                      0.000     0.000 r  
    E3                                                0.000     0.000 r  clk_100m_i (IN)
                         net (fo=0)                   0.000     0.000    clk_100m_i
    E3                   IBUF (Prop_ibuf_I_O)         1.482     1.482 r  clk_100m_i_IBUF_inst/O
                         net (fo=1, routed)           1.233     2.715    clk_100m_i_IBUF
    MMCME2_ADV_X1Y2      MMCME2_ADV (Prop_mmcme2_adv_CLKIN1_CLKOUT0)
                                                     -7.070    -4.355 r  u_mmcm/CLKOUT0
                         net (fo=1, routed)           1.719    -2.636    clk_50m_unbuf
    BUFGCTRL_X0Y16       BUFG (Prop_bufg_I_O)         0.096    -2.540 r  u_bufg_clk50/O
                         net (fo=4563, routed)        2.067    -0.473    u_soc_top/gen_cv32e40p_core.u_core/core_i/sleep_unit_i/core_clock_gate_i/clk_50m
    SLICE_X52Y97         LUT2 (Prop_lut2_I0_O)        0.124    -0.349 r  u_soc_top/gen_cv32e40p_core.u_core/core_i/sleep_unit_i/core_clock_gate_i/cnt_q[1]_i_4/O
                         net (fo=1, routed)           0.794     0.445    u_soc_top_n_44
    BUFGCTRL_X0Y0        BUFG (Prop_bufg_I_O)         0.096     0.541 r  cnt_q_reg[1]_i_2/O
                         net (fo=2420, routed)        1.804     2.345    u_soc_top/gen_cv32e40p_core.u_core/core_i/id_stage_i/clk
    SLICE_X40Y162        FDCE                                         r  u_soc_top/gen_cv32e40p_core.u_core/core_i/id_stage_i/alu_operator_ex_o_reg[5]/C
  -------------------------------------------------------------------    -------------------
    SLICE_X40Y162        FDCE (Prop_fdce_C_Q)         0.419     2.764 r  u_soc_top/gen_cv32e40p_core.u_core/core_i/id_stage_i/alu_operator_ex_o_reg[5]/Q
                         net (fo=59, routed)          0.569     3.333    u_soc_top/gen_cv32e40p_core.u_core/core_i/id_stage_i/register_file_i/i___171_i_34_0[5]
    SLICE_X40Y162        LUT3 (Prop_lut3_I0_O)        0.299     3.632 r  u_soc_top/gen_cv32e40p_core.u_core/core_i/id_stage_i/register_file_i/i___183_i_5/O
                         net (fo=96, routed)          0.925     4.557    u_soc_top/gen_cv32e40p_core.u_core/core_i/id_stage_i/register_file_i/i___183_i_5_n_0
    SLICE_X44Y162        LUT6 (Prop_lut6_I0_O)        0.124     4.681 r  u_soc_top/gen_cv32e40p_core.u_core/core_i/id_stage_i/register_file_i/BReg_DP[24]_i_27/O
                         net (fo=1, routed)           0.623     5.304    u_soc_top/gen_cv32e40p_core.u_core/core_i/id_stage_i/register_file_i/BReg_DP[24]_i_27_n_0
    SLICE_X45Y158        LUT6 (Prop_lut6_I5_O)        0.124     5.428 r  u_soc_top/gen_cv32e40p_core.u_core/core_i/id_stage_i/register_file_i/BReg_DP[24]_i_19/O
                         net (fo=2, routed)           0.585     6.013    u_soc_top/gen_cv32e40p_core.u_core/core_i/id_stage_i/register_file_i/ex_stage_i/alu_i/adder_op_a[6]
    SLICE_X41Y157        LUT5 (Prop_lut5_I0_O)        0.124     6.137 r  u_soc_top/gen_cv32e40p_core.u_core/core_i/id_stage_i/register_file_i/BReg_DP[24]_i_23/O
                         net (fo=1, routed)           0.000     6.137    u_soc_top/gen_cv32e40p_core.u_core/core_i/id_stage_i/register_file_i/BReg_DP[24]_i_23_n_0
    SLICE_X41Y157        CARRY4 (Prop_carry4_S[2]_CO[3])
                                                      0.398     6.535 r  u_soc_top/gen_cv32e40p_core.u_core/core_i/id_stage_i/register_file_i/BReg_DP_reg[24]_i_12/CO[3]
                         net (fo=1, routed)           0.000     6.535    u_soc_top/gen_cv32e40p_core.u_core/core_i/id_stage_i/register_file_i/BReg_DP_reg[24]_i_12_n_0
    SLICE_X41Y158        CARRY4 (Prop_carry4_CI_O[1])
                                                      0.334     6.869 r  u_soc_top/gen_cv32e40p_core.u_core/core_i/id_stage_i/register_file_i/BReg_DP_reg[31]_i_98/O[1]
                         net (fo=3, routed)           0.702     7.571    u_soc_top/gen_cv32e40p_core.u_core/core_i/id_stage_i/register_file_i/ex_stage_i/alu_i/data0[8]
    SLICE_X42Y159        LUT5 (Prop_lut5_I3_O)        0.303     7.874 r  u_soc_top/gen_cv32e40p_core.u_core/core_i/id_stage_i/register_file_i/BReg_DP[31]_i_102/O
                         net (fo=1, routed)           0.000     7.874    u_soc_top/gen_cv32e40p_core.u_core/core_i/id_stage_i/register_file_i/BReg_DP[31]_i_102_n_0
    SLICE_X42Y159        CARRY4 (Prop_carry4_S[0]_CO[3])
                                                      0.513     8.387 r  u_soc_top/gen_cv32e40p_core.u_core/core_i/id_stage_i/register_file_i/BReg_DP_reg[31]_i_83/CO[3]
                         net (fo=1, routed)           0.000     8.387    u_soc_top/gen_cv32e40p_core.u_core/core_i/id_stage_i/register_file_i/BReg_DP_reg[31]_i_83_n_0
    SLICE_X42Y160        CARRY4 (Prop_carry4_CI_CO[3])
                                                      0.117     8.504 r  u_soc_top/gen_cv32e40p_core.u_core/core_i/id_stage_i/register_file_i/BReg_DP_reg[16]_i_11/CO[3]
                         net (fo=1, routed)           0.000     8.504    u_soc_top/gen_cv32e40p_core.u_core/core_i/id_stage_i/register_file_i/BReg_DP_reg[16]_i_11_n_0
    SLICE_X42Y161        CARRY4 (Prop_carry4_CI_CO[3])
                                                      0.117     8.621 r  u_soc_top/gen_cv32e40p_core.u_core/core_i/id_stage_i/register_file_i/BReg_DP_reg[31]_i_84/CO[3]
                         net (fo=1, routed)           0.000     8.621    u_soc_top/gen_cv32e40p_core.u_core/core_i/id_stage_i/register_file_i/BReg_DP_reg[31]_i_84_n_0
    SLICE_X42Y162        CARRY4 (Prop_carry4_CI_CO[3])
                                                      0.117     8.738 r  u_soc_top/gen_cv32e40p_core.u_core/core_i/id_stage_i/register_file_i/BReg_DP_reg[8]_i_8/CO[3]
                         net (fo=1, routed)           0.000     8.738    u_soc_top/gen_cv32e40p_core.u_core/core_i/id_stage_i/register_file_i/BReg_DP_reg[8]_i_8_n_0
    SLICE_X42Y163        CARRY4 (Prop_carry4_CI_CO[3])
                                                      0.117     8.855 r  u_soc_top/gen_cv32e40p_core.u_core/core_i/id_stage_i/register_file_i/BReg_DP_reg[31]_i_82/CO[3]
                         net (fo=1, routed)           0.000     8.855    u_soc_top/gen_cv32e40p_core.u_core/core_i/id_stage_i/register_file_i/BReg_DP_reg[31]_i_82_n_0
    SLICE_X42Y164        CARRY4 (Prop_carry4_CI_O[3])
                                                      0.315     9.170 r  u_soc_top/gen_cv32e40p_core.u_core/core_i/id_stage_i/register_file_i/BReg_DP_reg[0]_i_8/O[3]
                         net (fo=2, routed)           0.499     9.669    u_soc_top/gen_cv32e40p_core.u_core/core_i/id_stage_i/register_file_i/ex_stage_i/alu_i/adder_round_result[31]
    SLICE_X44Y164        LUT6 (Prop_lut6_I2_O)        0.307     9.976 r  u_soc_top/gen_cv32e40p_core.u_core/core_i/id_stage_i/register_file_i/BReg_DP[0]_i_6/O
                         net (fo=61, routed)          0.780    10.757    u_soc_top/gen_cv32e40p_core.u_core/core_i/id_stage_i/register_file_i/shift_right_result126_out
    SLICE_X44Y165        LUT3 (Prop_lut3_I2_O)        0.124    10.881 r  u_soc_top/gen_cv32e40p_core.u_core/core_i/id_stage_i/register_file_i/BReg_DP[18]_i_10/O
                         net (fo=3, routed)           0.738    11.619    u_soc_top/gen_cv32e40p_core.u_core/core_i/id_stage_i/register_file_i/alu_operand_a_ex_o_reg[11][1]
    SLICE_X45Y168        LUT6 (Prop_lut6_I0_O)        0.124    11.743 r  u_soc_top/gen_cv32e40p_core.u_core/core_i/id_stage_i/register_file_i/BReg_DP[18]_i_7/O
                         net (fo=4, routed)           0.841    12.583    u_soc_top/gen_cv32e40p_core.u_core/core_i/id_stage_i/register_file_i/BReg_DP[18]_i_7_n_0
    SLICE_X48Y168        LUT6 (Prop_lut6_I3_O)        0.124    12.707 r  u_soc_top/gen_cv32e40p_core.u_core/core_i/id_stage_i/register_file_i/BReg_DP[16]_i_4/O
                         net (fo=3, routed)           0.680    13.387    u_soc_top/gen_cv32e40p_core.u_core/core_i/id_stage_i/register_file_i/alu_clpx_shift_ex_o_reg[1]_12
    SLICE_X51Y167        LUT5 (Prop_lut5_I2_O)        0.124    13.511 r  u_soc_top/gen_cv32e40p_core.u_core/core_i/id_stage_i/register_file_i/BReg_DP[16]_i_2/O
                         net (fo=3, routed)           0.592    14.103    u_soc_top/gen_cv32e40p_core.u_core/core_i/id_stage_i/register_file_i/shift_left_result[2]
    SLICE_X51Y167        LUT5 (Prop_lut5_I4_O)        0.124    14.227 r  u_soc_top/gen_cv32e40p_core.u_core/core_i/id_stage_i/register_file_i/i___112__16_i_33/O
                         net (fo=5, routed)           1.015    15.243    u_soc_top/gen_cv32e40p_core.u_core/core_i/id_stage_i/register_file_i/ex_stage_i/alu_i/radix_2_rev[16]
    SLICE_X51Y163        LUT6 (Prop_lut6_I0_O)        0.124    15.367 r  u_soc_top/gen_cv32e40p_core.u_core/core_i/id_stage_i/register_file_i/i___50_i_107/O
                         net (fo=1, routed)           0.000    15.367    u_soc_top/gen_cv32e40p_core.u_core/core_i/id_stage_i/register_file_i/i___50_i_107_n_0
    SLICE_X51Y163        MUXF7 (Prop_muxf7_I1_O)      0.217    15.584 r  u_soc_top/gen_cv32e40p_core.u_core/core_i/id_stage_i/register_file_i/i___50_i_98/O
                         net (fo=1, routed)           0.000    15.584    u_soc_top/gen_cv32e40p_core.u_core/core_i/id_stage_i/register_file_i/i___50_i_98_n_0
    SLICE_X51Y163        MUXF8 (Prop_muxf8_I1_O)      0.094    15.678 r  u_soc_top/gen_cv32e40p_core.u_core/core_i/id_stage_i/register_file_i/i___50_i_92/O
                         net (fo=1, routed)           0.408    16.086    u_soc_top/gen_cv32e40p_core.u_core/core_i/id_stage_i/register_file_i/i___50_i_92_n_0
    SLICE_X51Y162        LUT6 (Prop_lut6_I0_O)        0.316    16.402 r  u_soc_top/gen_cv32e40p_core.u_core/core_i/id_stage_i/register_file_i/i___50_i_86/O
                         net (fo=64, routed)          0.620    17.021    u_soc_top/gen_cv32e40p_core.u_core/core_i/id_stage_i/register_file_i/ex_stage_i/alu_i/extract_sign
    SLICE_X51Y158        LUT6 (Prop_lut6_I5_O)        0.124    17.145 r  u_soc_top/gen_cv32e40p_core.u_core/core_i/id_stage_i/register_file_i/i___112__34_i_34/O
                         net (fo=1, routed)           0.313    17.458    u_soc_top/gen_cv32e40p_core.u_core/core_i/id_stage_i/register_file_i/i___112__34_i_34_n_0
    SLICE_X52Y158        LUT6 (Prop_lut6_I5_O)        0.124    17.582 r  u_soc_top/gen_cv32e40p_core.u_core/core_i/id_stage_i/register_file_i/i___112__34_i_31/O
                         net (fo=1, routed)           0.540    18.122    u_soc_top/gen_cv32e40p_core.u_core/core_i/id_stage_i/register_file_i/ex_stage_i/alu_i/bextins_result[2]
    SLICE_X52Y158        LUT6 (Prop_lut6_I5_O)        0.124    18.246 r  u_soc_top/gen_cv32e40p_core.u_core/core_i/id_stage_i/register_file_i/i___112__34_i_24/O
                         net (fo=1, routed)           0.000    18.246    u_soc_top/gen_cv32e40p_core.u_core/core_i/id_stage_i/register_file_i/i___112__34_i_24_n_0
    SLICE_X52Y158        MUXF7 (Prop_muxf7_I1_O)      0.217    18.463 r  u_soc_top/gen_cv32e40p_core.u_core/core_i/id_stage_i/register_file_i/i___112__34_i_20/O
                         net (fo=1, routed)           0.487    18.950    u_soc_top/gen_cv32e40p_core.u_core/core_i/id_stage_i/register_file_i/i___112__34_i_20_n_0
    SLICE_X53Y158        LUT6 (Prop_lut6_I5_O)        0.299    19.249 r  u_soc_top/gen_cv32e40p_core.u_core/core_i/id_stage_i/register_file_i/i___112__34_i_8/O
                         net (fo=1, routed)           0.487    19.736    u_soc_top/gen_cv32e40p_core.u_core/core_i/id_stage_i/gen_hwloop_regs.hwloop_regs_i/alu_result[2]
    SLICE_X53Y155        LUT6 (Prop_lut6_I3_O)        0.124    19.860 r  u_soc_top/gen_cv32e40p_core.u_core/core_i/id_stage_i/gen_hwloop_regs.hwloop_regs_i/i___112__34_i_3/O
                         net (fo=37, routed)          0.638    20.498    u_soc_top/gen_cv32e40p_core.u_core/regfile_alu_wdata_fw[2]
    SLICE_X53Y156        LUT6 (Prop_lut6_I1_O)        0.124    20.622 r  u_soc_top/gen_cv32e40p_core.u_core/i___112__35/O
                         net (fo=1, routed)           0.622    21.244    u_soc_top/gen_cv32e40p_core.u_core/core_i/if_stage_i/mult_dot_op_b_ex_o_reg[2]
    SLICE_X53Y157        LUT6 (Prop_lut6_I0_O)        0.124    21.368 r  u_soc_top/gen_cv32e40p_core.u_core/core_i/if_stage_i/mult_operand_b_ex_o[2]_i_1/O
                         net (fo=9, routed)           0.849    22.217    u_soc_top/gen_cv32e40p_core.u_core/core_i/if_stage_i/operand_b[2]
    SLICE_X55Y157        LUT6 (Prop_lut6_I2_O)        0.124    22.341 r  u_soc_top/gen_cv32e40p_core.u_core/core_i/if_stage_i/mult_operand_b_ex_o[26]_i_1/O
                         net (fo=2, routed)           0.789    23.130    u_soc_top/gen_cv32e40p_core.u_core/core_i/id_stage_i/mult_operand_b_ex_o_reg[31]_1[18]
    SLICE_X55Y156        FDCE                                         r  u_soc_top/gen_cv32e40p_core.u_core/core_i/id_stage_i/mult_operand_b_ex_o_reg[26]/D
  -------------------------------------------------------------------    -------------------

                         (clock clk_50m_unbuf rise edge)
                                                     20.000    20.000 r  
    E3                                                0.000    20.000 r  clk_100m_i (IN)
                         net (fo=0)                   0.000    20.000    clk_100m_i
    E3                   IBUF (Prop_ibuf_I_O)         1.411    21.411 r  clk_100m_i_IBUF_inst/O
                         net (fo=1, routed)           1.162    22.573    clk_100m_i_IBUF
    MMCME2_ADV_X1Y2      MMCME2_ADV (Prop_mmcme2_adv_CLKIN1_CLKOUT0)
                                                     -7.324    15.249 r  u_mmcm/CLKOUT0
                         net (fo=1, routed)           1.639    16.888    clk_50m_unbuf
    BUFGCTRL_X0Y16       BUFG (Prop_bufg_I_O)         0.091    16.979 r  u_bufg_clk50/O
                         net (fo=4563, routed)        1.860    18.840    u_soc_top/gen_cv32e40p_core.u_core/core_i/sleep_unit_i/core_clock_gate_i/clk_50m
    SLICE_X52Y97         LUT2 (Prop_lut2_I0_O)        0.100    18.940 r  u_soc_top/gen_cv32e40p_core.u_core/core_i/sleep_unit_i/core_clock_gate_i/cnt_q[1]_i_4/O
                         net (fo=1, routed)           0.694    19.633    u_soc_top_n_44
    BUFGCTRL_X0Y0        BUFG (Prop_bufg_I_O)         0.091    19.724 r  cnt_q_reg[1]_i_2/O
                         net (fo=2420, routed)        1.665    21.389    u_soc_top/gen_cv32e40p_core.u_core/core_i/id_stage_i/clk
    SLICE_X55Y156        FDCE                                         r  u_soc_top/gen_cv32e40p_core.u_core/core_i/id_stage_i/mult_operand_b_ex_o_reg[26]/C
                         clock pessimism              0.832    22.222    
                         clock uncertainty           -0.089    22.133    
    SLICE_X55Y156        FDCE (Setup_fdce_C_D)       -0.047    22.086    u_soc_top/gen_cv32e40p_core.u_core/core_i/id_stage_i/mult_operand_b_ex_o_reg[26]
  -------------------------------------------------------------------
                         required time                         22.086    
                         arrival time                         -23.130    
  -------------------------------------------------------------------
                         slack                                 -1.043    

Slack (VIOLATED) :        -1.027ns  (required time - arrival time)
  Source:                 u_soc_top/gen_cv32e40p_core.u_core/core_i/id_stage_i/alu_operator_ex_o_reg[5]/C
                            (rising edge-triggered cell FDCE clocked by clk_50m_unbuf  {rise@0.000ns fall@10.000ns period=20.000ns})
  Destination:            u_soc_top/gen_cv32e40p_core.u_core/core_i/id_stage_i/mult_operand_b_ex_o_reg[17]/D
                            (rising edge-triggered cell FDCE clocked by clk_50m_unbuf  {rise@0.000ns fall@10.000ns period=20.000ns})
  Path Group:             clk_50m_unbuf
  Path Type:              Setup (Max at Slow Process Corner)
  Requirement:            20.000ns  (clk_50m_unbuf rise@20.000ns - clk_50m_unbuf rise@0.000ns)
  Data Path Delay:        20.867ns  (logic 6.483ns (31.068%)  route 14.384ns (68.932%))
  Logic Levels:           32  (CARRY4=8 LUT3=2 LUT5=4 LUT6=15 MUXF7=2 MUXF8=1)
  Clock Path Skew:        -0.043ns (DCD - SCD + CPR)
    Destination Clock Delay (DCD):    1.398ns = ( 21.398 - 20.000 ) 
    Source Clock Delay      (SCD):    2.345ns
    Clock Pessimism Removal (CPR):    0.904ns
  Clock Uncertainty:      0.089ns  ((TSJ^2 + DJ^2)^1/2) / 2 + PE
    Total System Jitter     (TSJ):    0.071ns
    Discrete Jitter          (DJ):    0.163ns
    Phase Error              (PE):    0.000ns

    Location             Delay type                Incr(ns)  Path(ns)    Netlist Resource(s)
  -------------------------------------------------------------------    -------------------
                         (clock clk_50m_unbuf rise edge)
                                                      0.000     0.000 r  
    E3                                                0.000     0.000 r  clk_100m_i (IN)
                         net (fo=0)                   0.000     0.000    clk_100m_i
    E3                   IBUF (Prop_ibuf_I_O)         1.482     1.482 r  clk_100m_i_IBUF_inst/O
                         net (fo=1, routed)           1.233     2.715    clk_100m_i_IBUF
    MMCME2_ADV_X1Y2      MMCME2_ADV (Prop_mmcme2_adv_CLKIN1_CLKOUT0)
                                                     -7.070    -4.355 r  u_mmcm/CLKOUT0
                         net (fo=1, routed)           1.719    -2.636    clk_50m_unbuf
    BUFGCTRL_X0Y16       BUFG (Prop_bufg_I_O)         0.096    -2.540 r  u_bufg_clk50/O
                         net (fo=4563, routed)        2.067    -0.473    u_soc_top/gen_cv32e40p_core.u_core/core_i/sleep_unit_i/core_clock_gate_i/clk_50m
    SLICE_X52Y97         LUT2 (Prop_lut2_I0_O)        0.124    -0.349 r  u_soc_top/gen_cv32e40p_core.u_core/core_i/sleep_unit_i/core_clock_gate_i/cnt_q[1]_i_4/O
                         net (fo=1, routed)           0.794     0.445    u_soc_top_n_44
    BUFGCTRL_X0Y0        BUFG (Prop_bufg_I_O)         0.096     0.541 r  cnt_q_reg[1]_i_2/O
                         net (fo=2420, routed)        1.804     2.345    u_soc_top/gen_cv32e40p_core.u_core/core_i/id_stage_i/clk
    SLICE_X40Y162        FDCE                                         r  u_soc_top/gen_cv32e40p_core.u_core/core_i/id_stage_i/alu_operator_ex_o_reg[5]/C
  -------------------------------------------------------------------    -------------------
    SLICE_X40Y162        FDCE (Prop_fdce_C_Q)         0.419     2.764 r  u_soc_top/gen_cv32e40p_core.u_core/core_i/id_stage_i/alu_operator_ex_o_reg[5]/Q
                         net (fo=59, routed)          0.569     3.333    u_soc_top/gen_cv32e40p_core.u_core/core_i/id_stage_i/register_file_i/i___171_i_34_0[5]
    SLICE_X40Y162        LUT3 (Prop_lut3_I0_O)        0.299     3.632 r  u_soc_top/gen_cv32e40p_core.u_core/core_i/id_stage_i/register_file_i/i___183_i_5/O
                         net (fo=96, routed)          0.925     4.557    u_soc_top/gen_cv32e40p_core.u_core/core_i/id_stage_i/register_file_i/i___183_i_5_n_0
    SLICE_X44Y162        LUT6 (Prop_lut6_I0_O)        0.124     4.681 r  u_soc_top/gen_cv32e40p_core.u_core/core_i/id_stage_i/register_file_i/BReg_DP[24]_i_27/O
                         net (fo=1, routed)           0.623     5.304    u_soc_top/gen_cv32e40p_core.u_core/core_i/id_stage_i/register_file_i/BReg_DP[24]_i_27_n_0
    SLICE_X45Y158        LUT6 (Prop_lut6_I5_O)        0.124     5.428 r  u_soc_top/gen_cv32e40p_core.u_core/core_i/id_stage_i/register_file_i/BReg_DP[24]_i_19/O
                         net (fo=2, routed)           0.585     6.013    u_soc_top/gen_cv32e40p_core.u_core/core_i/id_stage_i/register_file_i/ex_stage_i/alu_i/adder_op_a[6]
    SLICE_X41Y157        LUT5 (Prop_lut5_I0_O)        0.124     6.137 r  u_soc_top/gen_cv32e40p_core.u_core/core_i/id_stage_i/register_file_i/BReg_DP[24]_i_23/O
                         net (fo=1, routed)           0.000     6.137    u_soc_top/gen_cv32e40p_core.u_core/core_i/id_stage_i/register_file_i/BReg_DP[24]_i_23_n_0
    SLICE_X41Y157        CARRY4 (Prop_carry4_S[2]_CO[3])
                                                      0.398     6.535 r  u_soc_top/gen_cv32e40p_core.u_core/core_i/id_stage_i/register_file_i/BReg_DP_reg[24]_i_12/CO[3]
                         net (fo=1, routed)           0.000     6.535    u_soc_top/gen_cv32e40p_core.u_core/core_i/id_stage_i/register_file_i/BReg_DP_reg[24]_i_12_n_0
    SLICE_X41Y158        CARRY4 (Prop_carry4_CI_O[1])
                                                      0.334     6.869 r  u_soc_top/gen_cv32e40p_core.u_core/core_i/id_stage_i/register_file_i/BReg_DP_reg[31]_i_98/O[1]
                         net (fo=3, routed)           0.702     7.571    u_soc_top/gen_cv32e40p_core.u_core/core_i/id_stage_i/register_file_i/ex_stage_i/alu_i/data0[8]
    SLICE_X42Y159        LUT5 (Prop_lut5_I3_O)        0.303     7.874 r  u_soc_top/gen_cv32e40p_core.u_core/core_i/id_stage_i/register_file_i/BReg_DP[31]_i_102/O
                         net (fo=1, routed)           0.000     7.874    u_soc_top/gen_cv32e40p_core.u_core/core_i/id_stage_i/register_file_i/BReg_DP[31]_i_102_n_0
    SLICE_X42Y159        CARRY4 (Prop_carry4_S[0]_CO[3])
                                                      0.513     8.387 r  u_soc_top/gen_cv32e40p_core.u_core/core_i/id_stage_i/register_file_i/BReg_DP_reg[31]_i_83/CO[3]
                         net (fo=1, routed)           0.000     8.387    u_soc_top/gen_cv32e40p_core.u_core/core_i/id_stage_i/register_file_i/BReg_DP_reg[31]_i_83_n_0
    SLICE_X42Y160        CARRY4 (Prop_carry4_CI_CO[3])
                                                      0.117     8.504 r  u_soc_top/gen_cv32e40p_core.u_core/core_i/id_stage_i/register_file_i/BReg_DP_reg[16]_i_11/CO[3]
                         net (fo=1, routed)           0.000     8.504    u_soc_top/gen_cv32e40p_core.u_core/core_i/id_stage_i/register_file_i/BReg_DP_reg[16]_i_11_n_0
    SLICE_X42Y161        CARRY4 (Prop_carry4_CI_CO[3])
                                                      0.117     8.621 r  u_soc_top/gen_cv32e40p_core.u_core/core_i/id_stage_i/register_file_i/BReg_DP_reg[31]_i_84/CO[3]
                         net (fo=1, routed)           0.000     8.621    u_soc_top/gen_cv32e40p_core.u_core/core_i/id_stage_i/register_file_i/BReg_DP_reg[31]_i_84_n_0
    SLICE_X42Y162        CARRY4 (Prop_carry4_CI_CO[3])
                                                      0.117     8.738 r  u_soc_top/gen_cv32e40p_core.u_core/core_i/id_stage_i/register_file_i/BReg_DP_reg[8]_i_8/CO[3]
                         net (fo=1, routed)           0.000     8.738    u_soc_top/gen_cv32e40p_core.u_core/core_i/id_stage_i/register_file_i/BReg_DP_reg[8]_i_8_n_0
    SLICE_X42Y163        CARRY4 (Prop_carry4_CI_CO[3])
                                                      0.117     8.855 r  u_soc_top/gen_cv32e40p_core.u_core/core_i/id_stage_i/register_file_i/BReg_DP_reg[31]_i_82/CO[3]
                         net (fo=1, routed)           0.000     8.855    u_soc_top/gen_cv32e40p_core.u_core/core_i/id_stage_i/register_file_i/BReg_DP_reg[31]_i_82_n_0
    SLICE_X42Y164        CARRY4 (Prop_carry4_CI_O[3])
                                                      0.315     9.170 r  u_soc_top/gen_cv32e40p_core.u_core/core_i/id_stage_i/register_file_i/BReg_DP_reg[0]_i_8/O[3]
                         net (fo=2, routed)           0.499     9.669    u_soc_top/gen_cv32e40p_core.u_core/core_i/id_stage_i/register_file_i/ex_stage_i/alu_i/adder_round_result[31]
    SLICE_X44Y164        LUT6 (Prop_lut6_I2_O)        0.307     9.976 r  u_soc_top/gen_cv32e40p_core.u_core/core_i/id_stage_i/register_file_i/BReg_DP[0]_i_6/O
                         net (fo=61, routed)          0.780    10.757    u_soc_top/gen_cv32e40p_core.u_core/core_i/id_stage_i/register_file_i/shift_right_result126_out
    SLICE_X44Y165        LUT3 (Prop_lut3_I2_O)        0.124    10.881 r  u_soc_top/gen_cv32e40p_core.u_core/core_i/id_stage_i/register_file_i/BReg_DP[18]_i_10/O
                         net (fo=3, routed)           0.738    11.619    u_soc_top/gen_cv32e40p_core.u_core/core_i/id_stage_i/register_file_i/alu_operand_a_ex_o_reg[11][1]
    SLICE_X45Y168        LUT6 (Prop_lut6_I0_O)        0.124    11.743 r  u_soc_top/gen_cv32e40p_core.u_core/core_i/id_stage_i/register_file_i/BReg_DP[18]_i_7/O
                         net (fo=4, routed)           0.841    12.583    u_soc_top/gen_cv32e40p_core.u_core/core_i/id_stage_i/register_file_i/BReg_DP[18]_i_7_n_0
    SLICE_X48Y168        LUT6 (Prop_lut6_I3_O)        0.124    12.707 r  u_soc_top/gen_cv32e40p_core.u_core/core_i/id_stage_i/register_file_i/BReg_DP[16]_i_4/O
                         net (fo=3, routed)           0.680    13.387    u_soc_top/gen_cv32e40p_core.u_core/core_i/id_stage_i/register_file_i/alu_clpx_shift_ex_o_reg[1]_12
    SLICE_X51Y167        LUT5 (Prop_lut5_I2_O)        0.124    13.511 r  u_soc_top/gen_cv32e40p_core.u_core/core_i/id_stage_i/register_file_i/BReg_DP[16]_i_2/O
                         net (fo=3, routed)           0.592    14.103    u_soc_top/gen_cv32e40p_core.u_core/core_i/id_stage_i/register_file_i/shift_left_result[2]
    SLICE_X51Y167        LUT5 (Prop_lut5_I4_O)        0.124    14.227 r  u_soc_top/gen_cv32e40p_core.u_core/core_i/id_stage_i/register_file_i/i___112__16_i_33/O
                         net (fo=5, routed)           1.015    15.243    u_soc_top/gen_cv32e40p_core.u_core/core_i/id_stage_i/register_file_i/ex_stage_i/alu_i/radix_2_rev[16]
    SLICE_X51Y163        LUT6 (Prop_lut6_I0_O)        0.124    15.367 r  u_soc_top/gen_cv32e40p_core.u_core/core_i/id_stage_i/register_file_i/i___50_i_107/O
                         net (fo=1, routed)           0.000    15.367    u_soc_top/gen_cv32e40p_core.u_core/core_i/id_stage_i/register_file_i/i___50_i_107_n_0
    SLICE_X51Y163        MUXF7 (Prop_muxf7_I1_O)      0.217    15.584 r  u_soc_top/gen_cv32e40p_core.u_core/core_i/id_stage_i/register_file_i/i___50_i_98/O
                         net (fo=1, routed)           0.000    15.584    u_soc_top/gen_cv32e40p_core.u_core/core_i/id_stage_i/register_file_i/i___50_i_98_n_0
    SLICE_X51Y163        MUXF8 (Prop_muxf8_I1_O)      0.094    15.678 r  u_soc_top/gen_cv32e40p_core.u_core/core_i/id_stage_i/register_file_i/i___50_i_92/O
                         net (fo=1, routed)           0.408    16.086    u_soc_top/gen_cv32e40p_core.u_core/core_i/id_stage_i/register_file_i/i___50_i_92_n_0
    SLICE_X51Y162        LUT6 (Prop_lut6_I0_O)        0.316    16.402 r  u_soc_top/gen_cv32e40p_core.u_core/core_i/id_stage_i/register_file_i/i___50_i_86/O
                         net (fo=64, routed)          0.820    17.222    u_soc_top/gen_cv32e40p_core.u_core/core_i/id_stage_i/register_file_i/ex_stage_i/alu_i/extract_sign
    SLICE_X50Y157        LUT6 (Prop_lut6_I5_O)        0.124    17.346 r  u_soc_top/gen_cv32e40p_core.u_core/core_i/id_stage_i/register_file_i/i___51_i_56/O
                         net (fo=1, routed)           0.314    17.660    u_soc_top/gen_cv32e40p_core.u_core/core_i/id_stage_i/register_file_i/i___51_i_56_n_0
    SLICE_X49Y156        LUT6 (Prop_lut6_I5_O)        0.124    17.784 r  u_soc_top/gen_cv32e40p_core.u_core/core_i/id_stage_i/register_file_i/i___51_i_39/O
                         net (fo=1, routed)           0.520    18.304    u_soc_top/gen_cv32e40p_core.u_core/core_i/id_stage_i/register_file_i/ex_stage_i/alu_i/bextins_result[1]
    SLICE_X48Y154        LUT6 (Prop_lut6_I5_O)        0.124    18.428 r  u_soc_top/gen_cv32e40p_core.u_core/core_i/id_stage_i/register_file_i/i___51_i_20/O
                         net (fo=1, routed)           0.000    18.428    u_soc_top/gen_cv32e40p_core.u_core/core_i/id_stage_i/register_file_i/i___51_i_20_n_0
    SLICE_X48Y154        MUXF7 (Prop_muxf7_I1_O)      0.217    18.645 r  u_soc_top/gen_cv32e40p_core.u_core/core_i/id_stage_i/register_file_i/i___51_i_9/O
                         net (fo=1, routed)           0.291    18.936    u_soc_top/gen_cv32e40p_core.u_core/core_i/id_stage_i/register_file_i/i___51_i_9_n_0
    SLICE_X47Y154        LUT6 (Prop_lut6_I5_O)        0.299    19.235 r  u_soc_top/gen_cv32e40p_core.u_core/core_i/id_stage_i/register_file_i/i___51_i_4/O
                         net (fo=1, routed)           0.521    19.756    u_soc_top/gen_cv32e40p_core.u_core/core_i/id_stage_i/gen_hwloop_regs.hwloop_regs_i/alu_result[1]
    SLICE_X46Y152        LUT6 (Prop_lut6_I3_O)        0.124    19.880 r  u_soc_top/gen_cv32e40p_core.u_core/core_i/id_stage_i/gen_hwloop_regs.hwloop_regs_i/i___51_i_2/O
                         net (fo=37, routed)          0.392    20.272    u_soc_top/gen_cv32e40p_core.u_core/regfile_alu_wdata_fw[1]
    SLICE_X44Y152        LUT6 (Prop_lut6_I1_O)        0.124    20.396 f  u_soc_top/gen_cv32e40p_core.u_core/i___51/O
                         net (fo=1, routed)           0.574    20.969    u_soc_top/gen_cv32e40p_core.u_core/core_i/if_stage_i/mult_dot_op_b_ex_o_reg[1]
    SLICE_X44Y153        LUT6 (Prop_lut6_I2_O)        0.124    21.093 r  u_soc_top/gen_cv32e40p_core.u_core/core_i/if_stage_i/mult_operand_b_ex_o[1]_i_1/O
                         net (fo=9, routed)           0.972    22.065    u_soc_top/gen_cv32e40p_core.u_core/core_i/if_stage_i/operand_b[1]
    SLICE_X44Y153        LUT6 (Prop_lut6_I0_O)        0.124    22.189 r  u_soc_top/gen_cv32e40p_core.u_core/core_i/if_stage_i/mult_operand_b_ex_o[17]_i_1/O
                         net (fo=2, routed)           1.023    23.212    u_soc_top/gen_cv32e40p_core.u_core/core_i/id_stage_i/mult_operand_b_ex_o_reg[31]_1[9]
    SLICE_X46Y153        FDCE                                         r  u_soc_top/gen_cv32e40p_core.u_core/core_i/id_stage_i/mult_operand_b_ex_o_reg[17]/D
  -------------------------------------------------------------------    -------------------

                         (clock clk_50m_unbuf rise edge)
                                                     20.000    20.000 r  
    E3                                                0.000    20.000 r  clk_100m_i (IN)
                         net (fo=0)                   0.000    20.000    clk_100m_i
    E3                   IBUF (Prop_ibuf_I_O)         1.411    21.411 r  clk_100m_i_IBUF_inst/O
                         net (fo=1, routed)           1.162    22.573    clk_100m_i_IBUF
    MMCME2_ADV_X1Y2      MMCME2_ADV (Prop_mmcme2_adv_CLKIN1_CLKOUT0)
                                                     -7.324    15.249 r  u_mmcm/CLKOUT0
                         net (fo=1, routed)           1.639    16.888    clk_50m_unbuf
    BUFGCTRL_X0Y16       BUFG (Prop_bufg_I_O)         0.091    16.979 r  u_bufg_clk50/O
                         net (fo=4563, routed)        1.860    18.840    u_soc_top/gen_cv32e40p_core.u_core/core_i/sleep_unit_i/core_clock_gate_i/clk_50m
    SLICE_X52Y97         LUT2 (Prop_lut2_I0_O)        0.100    18.940 r  u_soc_top/gen_cv32e40p_core.u_core/core_i/sleep_unit_i/core_clock_gate_i/cnt_q[1]_i_4/O
                         net (fo=1, routed)           0.694    19.633    u_soc_top_n_44
    BUFGCTRL_X0Y0        BUFG (Prop_bufg_I_O)         0.091    19.724 r  cnt_q_reg[1]_i_2/O
                         net (fo=2420, routed)        1.674    21.398    u_soc_top/gen_cv32e40p_core.u_core/core_i/id_stage_i/clk
    SLICE_X46Y153        FDCE                                         r  u_soc_top/gen_cv32e40p_core.u_core/core_i/id_stage_i/mult_operand_b_ex_o_reg[17]/C
                         clock pessimism              0.904    22.302    
                         clock uncertainty           -0.089    22.213    
    SLICE_X46Y153        FDCE (Setup_fdce_C_D)       -0.028    22.185    u_soc_top/gen_cv32e40p_core.u_core/core_i/id_stage_i/mult_operand_b_ex_o_reg[17]
  -------------------------------------------------------------------
                         required time                         22.185    
                         arrival time                         -23.212    
  -------------------------------------------------------------------
                         slack                                 -1.027    

Slack (VIOLATED) :        -1.009ns  (required time - arrival time)
  Source:                 u_soc_top/gen_cv32e40p_core.u_core/core_i/id_stage_i/alu_operator_ex_o_reg[5]/C
                            (rising edge-triggered cell FDCE clocked by clk_50m_unbuf  {rise@0.000ns fall@10.000ns period=20.000ns})
  Destination:            u_soc_top/gen_cv32e40p_core.u_core/core_i/id_stage_i/mult_operand_b_ex_o_reg[16]/D
                            (rising edge-triggered cell FDCE clocked by clk_50m_unbuf  {rise@0.000ns fall@10.000ns period=20.000ns})
  Path Group:             clk_50m_unbuf
  Path Type:              Setup (Max at Slow Process Corner)
  Requirement:            20.000ns  (clk_50m_unbuf rise@20.000ns - clk_50m_unbuf rise@0.000ns)
  Data Path Delay:        20.715ns  (logic 6.478ns (31.271%)  route 14.237ns (68.729%))
  Logic Levels:           32  (CARRY4=8 LUT3=2 LUT5=5 LUT6=14 MUXF7=2 MUXF8=1)
  Clock Path Skew:        -0.124ns (DCD - SCD + CPR)
    Destination Clock Delay (DCD):    1.388ns = ( 21.388 - 20.000 ) 
    Source Clock Delay      (SCD):    2.345ns
    Clock Pessimism Removal (CPR):    0.832ns
  Clock Uncertainty:      0.089ns  ((TSJ^2 + DJ^2)^1/2) / 2 + PE
    Total System Jitter     (TSJ):    0.071ns
    Discrete Jitter          (DJ):    0.163ns
    Phase Error              (PE):    0.000ns

    Location             Delay type                Incr(ns)  Path(ns)    Netlist Resource(s)
  -------------------------------------------------------------------    -------------------
                         (clock clk_50m_unbuf rise edge)
                                                      0.000     0.000 r  
    E3                                                0.000     0.000 r  clk_100m_i (IN)
                         net (fo=0)                   0.000     0.000    clk_100m_i
    E3                   IBUF (Prop_ibuf_I_O)         1.482     1.482 r  clk_100m_i_IBUF_inst/O
                         net (fo=1, routed)           1.233     2.715    clk_100m_i_IBUF
    MMCME2_ADV_X1Y2      MMCME2_ADV (Prop_mmcme2_adv_CLKIN1_CLKOUT0)
                                                     -7.070    -4.355 r  u_mmcm/CLKOUT0
                         net (fo=1, routed)           1.719    -2.636    clk_50m_unbuf
    BUFGCTRL_X0Y16       BUFG (Prop_bufg_I_O)         0.096    -2.540 r  u_bufg_clk50/O
                         net (fo=4563, routed)        2.067    -0.473    u_soc_top/gen_cv32e40p_core.u_core/core_i/sleep_unit_i/core_clock_gate_i/clk_50m
    SLICE_X52Y97         LUT2 (Prop_lut2_I0_O)        0.124    -0.349 r  u_soc_top/gen_cv32e40p_core.u_core/core_i/sleep_unit_i/core_clock_gate_i/cnt_q[1]_i_4/O
                         net (fo=1, routed)           0.794     0.445    u_soc_top_n_44
    BUFGCTRL_X0Y0        BUFG (Prop_bufg_I_O)         0.096     0.541 r  cnt_q_reg[1]_i_2/O
                         net (fo=2420, routed)        1.804     2.345    u_soc_top/gen_cv32e40p_core.u_core/core_i/id_stage_i/clk
    SLICE_X40Y162        FDCE                                         r  u_soc_top/gen_cv32e40p_core.u_core/core_i/id_stage_i/alu_operator_ex_o_reg[5]/C
  -------------------------------------------------------------------    -------------------
    SLICE_X40Y162        FDCE (Prop_fdce_C_Q)         0.419     2.764 r  u_soc_top/gen_cv32e40p_core.u_core/core_i/id_stage_i/alu_operator_ex_o_reg[5]/Q
                         net (fo=59, routed)          0.569     3.333    u_soc_top/gen_cv32e40p_core.u_core/core_i/id_stage_i/register_file_i/i___171_i_34_0[5]
    SLICE_X40Y162        LUT3 (Prop_lut3_I0_O)        0.299     3.632 r  u_soc_top/gen_cv32e40p_core.u_core/core_i/id_stage_i/register_file_i/i___183_i_5/O
                         net (fo=96, routed)          0.925     4.557    u_soc_top/gen_cv32e40p_core.u_core/core_i/id_stage_i/register_file_i/i___183_i_5_n_0
    SLICE_X44Y162        LUT6 (Prop_lut6_I0_O)        0.124     4.681 r  u_soc_top/gen_cv32e40p_core.u_core/core_i/id_stage_i/register_file_i/BReg_DP[24]_i_27/O
                         net (fo=1, routed)           0.623     5.304    u_soc_top/gen_cv32e40p_core.u_core/core_i/id_stage_i/register_file_i/BReg_DP[24]_i_27_n_0
    SLICE_X45Y158        LUT6 (Prop_lut6_I5_O)        0.124     5.428 r  u_soc_top/gen_cv32e40p_core.u_core/core_i/id_stage_i/register_file_i/BReg_DP[24]_i_19/O
                         net (fo=2, routed)           0.585     6.013    u_soc_top/gen_cv32e40p_core.u_core/core_i/id_stage_i/register_file_i/ex_stage_i/alu_i/adder_op_a[6]
    SLICE_X41Y157        LUT5 (Prop_lut5_I0_O)        0.124     6.137 r  u_soc_top/gen_cv32e40p_core.u_core/core_i/id_stage_i/register_file_i/BReg_DP[24]_i_23/O
                         net (fo=1, routed)           0.000     6.137    u_soc_top/gen_cv32e40p_core.u_core/core_i/id_stage_i/register_file_i/BReg_DP[24]_i_23_n_0
    SLICE_X41Y157        CARRY4 (Prop_carry4_S[2]_CO[3])
                                                      0.398     6.535 r  u_soc_top/gen_cv32e40p_core.u_core/core_i/id_stage_i/register_file_i/BReg_DP_reg[24]_i_12/CO[3]
                         net (fo=1, routed)           0.000     6.535    u_soc_top/gen_cv32e40p_core.u_core/core_i/id_stage_i/register_file_i/BReg_DP_reg[24]_i_12_n_0
    SLICE_X41Y158        CARRY4 (Prop_carry4_CI_O[1])
                                                      0.334     6.869 r  u_soc_top/gen_cv32e40p_core.u_core/core_i/id_stage_i/register_file_i/BReg_DP_reg[31]_i_98/O[1]
                         net (fo=3, routed)           0.702     7.571    u_soc_top/gen_cv32e40p_core.u_core/core_i/id_stage_i/register_file_i/ex_stage_i/alu_i/data0[8]
    SLICE_X42Y159        LUT5 (Prop_lut5_I3_O)        0.303     7.874 r  u_soc_top/gen_cv32e40p_core.u_core/core_i/id_stage_i/register_file_i/BReg_DP[31]_i_102/O
                         net (fo=1, routed)           0.000     7.874    u_soc_top/gen_cv32e40p_core.u_core/core_i/id_stage_i/register_file_i/BReg_DP[31]_i_102_n_0
    SLICE_X42Y159        CARRY4 (Prop_carry4_S[0]_CO[3])
                                                      0.513     8.387 r  u_soc_top/gen_cv32e40p_core.u_core/core_i/id_stage_i/register_file_i/BReg_DP_reg[31]_i_83/CO[3]
                         net (fo=1, routed)           0.000     8.387    u_soc_top/gen_cv32e40p_core.u_core/core_i/id_stage_i/register_file_i/BReg_DP_reg[31]_i_83_n_0
    SLICE_X42Y160        CARRY4 (Prop_carry4_CI_CO[3])
                                                      0.117     8.504 r  u_soc_top/gen_cv32e40p_core.u_core/core_i/id_stage_i/register_file_i/BReg_DP_reg[16]_i_11/CO[3]
                         net (fo=1, routed)           0.000     8.504    u_soc_top/gen_cv32e40p_core.u_core/core_i/id_stage_i/register_file_i/BReg_DP_reg[16]_i_11_n_0
    SLICE_X42Y161        CARRY4 (Prop_carry4_CI_CO[3])
                                                      0.117     8.621 r  u_soc_top/gen_cv32e40p_core.u_core/core_i/id_stage_i/register_file_i/BReg_DP_reg[31]_i_84/CO[3]
                         net (fo=1, routed)           0.000     8.621    u_soc_top/gen_cv32e40p_core.u_core/core_i/id_stage_i/register_file_i/BReg_DP_reg[31]_i_84_n_0
    SLICE_X42Y162        CARRY4 (Prop_carry4_CI_CO[3])
                                                      0.117     8.738 r  u_soc_top/gen_cv32e40p_core.u_core/core_i/id_stage_i/register_file_i/BReg_DP_reg[8]_i_8/CO[3]
                         net (fo=1, routed)           0.000     8.738    u_soc_top/gen_cv32e40p_core.u_core/core_i/id_stage_i/register_file_i/BReg_DP_reg[8]_i_8_n_0
    SLICE_X42Y163        CARRY4 (Prop_carry4_CI_CO[3])
                                                      0.117     8.855 r  u_soc_top/gen_cv32e40p_core.u_core/core_i/id_stage_i/register_file_i/BReg_DP_reg[31]_i_82/CO[3]
                         net (fo=1, routed)           0.000     8.855    u_soc_top/gen_cv32e40p_core.u_core/core_i/id_stage_i/register_file_i/BReg_DP_reg[31]_i_82_n_0
    SLICE_X42Y164        CARRY4 (Prop_carry4_CI_O[3])
                                                      0.315     9.170 r  u_soc_top/gen_cv32e40p_core.u_core/core_i/id_stage_i/register_file_i/BReg_DP_reg[0]_i_8/O[3]
                         net (fo=2, routed)           0.499     9.669    u_soc_top/gen_cv32e40p_core.u_core/core_i/id_stage_i/register_file_i/ex_stage_i/alu_i/adder_round_result[31]
    SLICE_X44Y164        LUT6 (Prop_lut6_I2_O)        0.307     9.976 r  u_soc_top/gen_cv32e40p_core.u_core/core_i/id_stage_i/register_file_i/BReg_DP[0]_i_6/O
                         net (fo=61, routed)          0.780    10.757    u_soc_top/gen_cv32e40p_core.u_core/core_i/id_stage_i/register_file_i/shift_right_result126_out
    SLICE_X44Y165        LUT3 (Prop_lut3_I2_O)        0.124    10.881 r  u_soc_top/gen_cv32e40p_core.u_core/core_i/id_stage_i/register_file_i/BReg_DP[18]_i_10/O
                         net (fo=3, routed)           0.738    11.619    u_soc_top/gen_cv32e40p_core.u_core/core_i/id_stage_i/register_file_i/alu_operand_a_ex_o_reg[11][1]
    SLICE_X45Y168        LUT6 (Prop_lut6_I0_O)        0.124    11.743 r  u_soc_top/gen_cv32e40p_core.u_core/core_i/id_stage_i/register_file_i/BReg_DP[18]_i_7/O
                         net (fo=4, routed)           0.841    12.583    u_soc_top/gen_cv32e40p_core.u_core/core_i/id_stage_i/register_file_i/BReg_DP[18]_i_7_n_0
    SLICE_X48Y168        LUT6 (Prop_lut6_I3_O)        0.124    12.707 r  u_soc_top/gen_cv32e40p_core.u_core/core_i/id_stage_i/register_file_i/BReg_DP[16]_i_4/O
                         net (fo=3, routed)           0.680    13.387    u_soc_top/gen_cv32e40p_core.u_core/core_i/id_stage_i/register_file_i/alu_clpx_shift_ex_o_reg[1]_12
    SLICE_X51Y167        LUT5 (Prop_lut5_I2_O)        0.124    13.511 r  u_soc_top/gen_cv32e40p_core.u_core/core_i/id_stage_i/register_file_i/BReg_DP[16]_i_2/O
                         net (fo=3, routed)           0.592    14.103    u_soc_top/gen_cv32e40p_core.u_core/core_i/id_stage_i/register_file_i/shift_left_result[2]
    SLICE_X51Y167        LUT5 (Prop_lut5_I4_O)        0.124    14.227 r  u_soc_top/gen_cv32e40p_core.u_core/core_i/id_stage_i/register_file_i/i___112__16_i_33/O
                         net (fo=5, routed)           1.015    15.243    u_soc_top/gen_cv32e40p_core.u_core/core_i/id_stage_i/register_file_i/ex_stage_i/alu_i/radix_2_rev[16]
    SLICE_X51Y163        LUT6 (Prop_lut6_I0_O)        0.124    15.367 r  u_soc_top/gen_cv32e40p_core.u_core/core_i/id_stage_i/register_file_i/i___50_i_107/O
                         net (fo=1, routed)           0.000    15.367    u_soc_top/gen_cv32e40p_core.u_core/core_i/id_stage_i/register_file_i/i___50_i_107_n_0
    SLICE_X51Y163        MUXF7 (Prop_muxf7_I1_O)      0.217    15.584 r  u_soc_top/gen_cv32e40p_core.u_core/core_i/id_stage_i/register_file_i/i___50_i_98/O
                         net (fo=1, routed)           0.000    15.584    u_soc_top/gen_cv32e40p_core.u_core/core_i/id_stage_i/register_file_i/i___50_i_98_n_0
    SLICE_X51Y163        MUXF8 (Prop_muxf8_I1_O)      0.094    15.678 r  u_soc_top/gen_cv32e40p_core.u_core/core_i/id_stage_i/register_file_i/i___50_i_92/O
                         net (fo=1, routed)           0.408    16.086    u_soc_top/gen_cv32e40p_core.u_core/core_i/id_stage_i/register_file_i/i___50_i_92_n_0
    SLICE_X51Y162        LUT6 (Prop_lut6_I0_O)        0.316    16.402 r  u_soc_top/gen_cv32e40p_core.u_core/core_i/id_stage_i/register_file_i/i___50_i_86/O
                         net (fo=64, routed)          0.950    17.351    u_soc_top/gen_cv32e40p_core.u_core/core_i/id_stage_i/register_file_i/ex_stage_i/alu_i/extract_sign
    SLICE_X53Y160        LUT6 (Prop_lut6_I5_O)        0.124    17.475 r  u_soc_top/gen_cv32e40p_core.u_core/core_i/id_stage_i/register_file_i/i___112__15_i_40/O
                         net (fo=1, routed)           0.567    18.043    u_soc_top/gen_cv32e40p_core.u_core/core_i/id_stage_i/register_file_i/i___112__15_i_40_n_0
    SLICE_X55Y160        LUT6 (Prop_lut6_I5_O)        0.124    18.167 r  u_soc_top/gen_cv32e40p_core.u_core/core_i/id_stage_i/register_file_i/i___112__15_i_33/O
                         net (fo=1, routed)           0.472    18.638    u_soc_top/gen_cv32e40p_core.u_core/core_i/id_stage_i/register_file_i/ex_stage_i/alu_i/bextins_result[16]
    SLICE_X58Y160        LUT6 (Prop_lut6_I5_O)        0.124    18.762 r  u_soc_top/gen_cv32e40p_core.u_core/core_i/id_stage_i/register_file_i/i___112__15_i_26/O
                         net (fo=1, routed)           0.000    18.762    u_soc_top/gen_cv32e40p_core.u_core/core_i/id_stage_i/register_file_i/i___112__15_i_26_n_0
    SLICE_X58Y160        MUXF7 (Prop_muxf7_I1_O)      0.214    18.976 r  u_soc_top/gen_cv32e40p_core.u_core/core_i/id_stage_i/register_file_i/i___112__15_i_20/O
                         net (fo=1, routed)           0.292    19.268    u_soc_top/gen_cv32e40p_core.u_core/core_i/id_stage_i/register_file_i/i___112__15_i_20_n_0
    SLICE_X61Y160        LUT6 (Prop_lut6_I5_O)        0.297    19.565 r  u_soc_top/gen_cv32e40p_core.u_core/core_i/id_stage_i/register_file_i/i___112__15_i_8/O
                         net (fo=1, routed)           0.423    19.988    u_soc_top/gen_cv32e40p_core.u_core/core_i/id_stage_i/int_controller_i/alu_result[0]
    SLICE_X60Y159        LUT6 (Prop_lut6_I3_O)        0.124    20.112 r  u_soc_top/gen_cv32e40p_core.u_core/core_i/id_stage_i/int_controller_i/i___112__15_i_3/O
                         net (fo=34, routed)          0.634    20.745    u_soc_top/gen_cv32e40p_core.u_core/regfile_alu_wdata_fw[16]
    SLICE_X59Y158        LUT6 (Prop_lut6_I5_O)        0.124    20.869 r  u_soc_top/gen_cv32e40p_core.u_core/i___112__15/O
                         net (fo=5, routed)           0.625    21.494    u_soc_top/gen_cv32e40p_core.u_core/core_i/if_stage_i/mult_dot_op_c_ex_o_reg[16]
    SLICE_X56Y158        LUT6 (Prop_lut6_I2_O)        0.124    21.618 f  u_soc_top/gen_cv32e40p_core.u_core/core_i/if_stage_i/alu_operand_b_ex_o[16]_i_2/O
                         net (fo=2, routed)           0.601    22.220    u_soc_top/gen_cv32e40p_core.u_core/core_i/if_stage_i/alu_operand_b_ex_o[16]_i_2_n_0
    SLICE_X51Y158        LUT5 (Prop_lut5_I4_O)        0.124    22.344 r  u_soc_top/gen_cv32e40p_core.u_core/core_i/if_stage_i/mult_operand_b_ex_o[16]_i_1/O
                         net (fo=2, routed)           0.717    23.061    u_soc_top/gen_cv32e40p_core.u_core/core_i/id_stage_i/mult_operand_b_ex_o_reg[31]_1[8]
    SLICE_X52Y158        FDCE                                         r  u_soc_top/gen_cv32e40p_core.u_core/core_i/id_stage_i/mult_operand_b_ex_o_reg[16]/D
  -------------------------------------------------------------------    -------------------

                         (clock clk_50m_unbuf rise edge)
                                                     20.000    20.000 r  
    E3                                                0.000    20.000 r  clk_100m_i (IN)
                         net (fo=0)                   0.000    20.000    clk_100m_i
    E3                   IBUF (Prop_ibuf_I_O)         1.411    21.411 r  clk_100m_i_IBUF_inst/O
                         net (fo=1, routed)           1.162    22.573    clk_100m_i_IBUF
    MMCME2_ADV_X1Y2      MMCME2_ADV (Prop_mmcme2_adv_CLKIN1_CLKOUT0)
                                                     -7.324    15.249 r  u_mmcm/CLKOUT0
                         net (fo=1, routed)           1.639    16.888    clk_50m_unbuf
    BUFGCTRL_X0Y16       BUFG (Prop_bufg_I_O)         0.091    16.979 r  u_bufg_clk50/O
                         net (fo=4563, routed)        1.860    18.840    u_soc_top/gen_cv32e40p_core.u_core/core_i/sleep_unit_i/core_clock_gate_i/clk_50m
    SLICE_X52Y97         LUT2 (Prop_lut2_I0_O)        0.100    18.940 r  u_soc_top/gen_cv32e40p_core.u_core/core_i/sleep_unit_i/core_clock_gate_i/cnt_q[1]_i_4/O
                         net (fo=1, routed)           0.694    19.633    u_soc_top_n_44
    BUFGCTRL_X0Y0        BUFG (Prop_bufg_I_O)         0.091    19.724 r  cnt_q_reg[1]_i_2/O
                         net (fo=2420, routed)        1.664    21.388    u_soc_top/gen_cv32e40p_core.u_core/core_i/id_stage_i/clk
    SLICE_X52Y158        FDCE                                         r  u_soc_top/gen_cv32e40p_core.u_core/core_i/id_stage_i/mult_operand_b_ex_o_reg[16]/C
                         clock pessimism              0.832    22.221    
                         clock uncertainty           -0.089    22.132    
    SLICE_X52Y158        FDCE (Setup_fdce_C_D)       -0.081    22.051    u_soc_top/gen_cv32e40p_core.u_core/core_i/id_stage_i/mult_operand_b_ex_o_reg[16]
  -------------------------------------------------------------------
                         required time                         22.051    
                         arrival time                         -23.061    
  -------------------------------------------------------------------
                         slack                                 -1.009    

Slack (VIOLATED) :        -0.999ns  (required time - arrival time)
  Source:                 u_soc_top/gen_cv32e40p_core.u_core/core_i/id_stage_i/alu_operator_ex_o_reg[5]/C
                            (rising edge-triggered cell FDCE clocked by clk_50m_unbuf  {rise@0.000ns fall@10.000ns period=20.000ns})
  Destination:            u_soc_top/gen_cv32e40p_core.u_core/core_i/id_stage_i/mult_dot_op_b_ex_o_reg[12]/D
                            (rising edge-triggered cell FDCE clocked by clk_50m_unbuf  {rise@0.000ns fall@10.000ns period=20.000ns})
  Path Group:             clk_50m_unbuf
  Path Type:              Setup (Max at Slow Process Corner)
  Requirement:            20.000ns  (clk_50m_unbuf rise@20.000ns - clk_50m_unbuf rise@0.000ns)
  Data Path Delay:        20.809ns  (logic 6.483ns (31.155%)  route 14.326ns (68.845%))
  Logic Levels:           32  (CARRY4=8 LUT3=2 LUT5=4 LUT6=15 MUXF7=2 MUXF8=1)
  Clock Path Skew:        -0.021ns (DCD - SCD + CPR)
    Destination Clock Delay (DCD):    1.403ns = ( 21.403 - 20.000 ) 
    Source Clock Delay      (SCD):    2.345ns
    Clock Pessimism Removal (CPR):    0.921ns
  Clock Uncertainty:      0.089ns  ((TSJ^2 + DJ^2)^1/2) / 2 + PE
    Total System Jitter     (TSJ):    0.071ns
    Discrete Jitter          (DJ):    0.163ns
    Phase Error              (PE):    0.000ns

    Location             Delay type                Incr(ns)  Path(ns)    Netlist Resource(s)
  -------------------------------------------------------------------    -------------------
                         (clock clk_50m_unbuf rise edge)
                                                      0.000     0.000 r  
    E3                                                0.000     0.000 r  clk_100m_i (IN)
                         net (fo=0)                   0.000     0.000    clk_100m_i
    E3                   IBUF (Prop_ibuf_I_O)         1.482     1.482 r  clk_100m_i_IBUF_inst/O
                         net (fo=1, routed)           1.233     2.715    clk_100m_i_IBUF
    MMCME2_ADV_X1Y2      MMCME2_ADV (Prop_mmcme2_adv_CLKIN1_CLKOUT0)
                                                     -7.070    -4.355 r  u_mmcm/CLKOUT0
                         net (fo=1, routed)           1.719    -2.636    clk_50m_unbuf
    BUFGCTRL_X0Y16       BUFG (Prop_bufg_I_O)         0.096    -2.540 r  u_bufg_clk50/O
                         net (fo=4563, routed)        2.067    -0.473    u_soc_top/gen_cv32e40p_core.u_core/core_i/sleep_unit_i/core_clock_gate_i/clk_50m
    SLICE_X52Y97         LUT2 (Prop_lut2_I0_O)        0.124    -0.349 r  u_soc_top/gen_cv32e40p_core.u_core/core_i/sleep_unit_i/core_clock_gate_i/cnt_q[1]_i_4/O
                         net (fo=1, routed)           0.794     0.445    u_soc_top_n_44
    BUFGCTRL_X0Y0        BUFG (Prop_bufg_I_O)         0.096     0.541 r  cnt_q_reg[1]_i_2/O
                         net (fo=2420, routed)        1.804     2.345    u_soc_top/gen_cv32e40p_core.u_core/core_i/id_stage_i/clk
    SLICE_X40Y162        FDCE                                         r  u_soc_top/gen_cv32e40p_core.u_core/core_i/id_stage_i/alu_operator_ex_o_reg[5]/C
  -------------------------------------------------------------------    -------------------
    SLICE_X40Y162        FDCE (Prop_fdce_C_Q)         0.419     2.764 r  u_soc_top/gen_cv32e40p_core.u_core/core_i/id_stage_i/alu_operator_ex_o_reg[5]/Q
                         net (fo=59, routed)          0.569     3.333    u_soc_top/gen_cv32e40p_core.u_core/core_i/id_stage_i/register_file_i/i___171_i_34_0[5]
    SLICE_X40Y162        LUT3 (Prop_lut3_I0_O)        0.299     3.632 r  u_soc_top/gen_cv32e40p_core.u_core/core_i/id_stage_i/register_file_i/i___183_i_5/O
                         net (fo=96, routed)          0.925     4.557    u_soc_top/gen_cv32e40p_core.u_core/core_i/id_stage_i/register_file_i/i___183_i_5_n_0
    SLICE_X44Y162        LUT6 (Prop_lut6_I0_O)        0.124     4.681 r  u_soc_top/gen_cv32e40p_core.u_core/core_i/id_stage_i/register_file_i/BReg_DP[24]_i_27/O
                         net (fo=1, routed)           0.623     5.304    u_soc_top/gen_cv32e40p_core.u_core/core_i/id_stage_i/register_file_i/BReg_DP[24]_i_27_n_0
    SLICE_X45Y158        LUT6 (Prop_lut6_I5_O)        0.124     5.428 r  u_soc_top/gen_cv32e40p_core.u_core/core_i/id_stage_i/register_file_i/BReg_DP[24]_i_19/O
                         net (fo=2, routed)           0.585     6.013    u_soc_top/gen_cv32e40p_core.u_core/core_i/id_stage_i/register_file_i/ex_stage_i/alu_i/adder_op_a[6]
    SLICE_X41Y157        LUT5 (Prop_lut5_I0_O)        0.124     6.137 r  u_soc_top/gen_cv32e40p_core.u_core/core_i/id_stage_i/register_file_i/BReg_DP[24]_i_23/O
                         net (fo=1, routed)           0.000     6.137    u_soc_top/gen_cv32e40p_core.u_core/core_i/id_stage_i/register_file_i/BReg_DP[24]_i_23_n_0
    SLICE_X41Y157        CARRY4 (Prop_carry4_S[2]_CO[3])
                                                      0.398     6.535 r  u_soc_top/gen_cv32e40p_core.u_core/core_i/id_stage_i/register_file_i/BReg_DP_reg[24]_i_12/CO[3]
                         net (fo=1, routed)           0.000     6.535    u_soc_top/gen_cv32e40p_core.u_core/core_i/id_stage_i/register_file_i/BReg_DP_reg[24]_i_12_n_0
    SLICE_X41Y158        CARRY4 (Prop_carry4_CI_O[1])
                                                      0.334     6.869 r  u_soc_top/gen_cv32e40p_core.u_core/core_i/id_stage_i/register_file_i/BReg_DP_reg[31]_i_98/O[1]
                         net (fo=3, routed)           0.702     7.571    u_soc_top/gen_cv32e40p_core.u_core/core_i/id_stage_i/register_file_i/ex_stage_i/alu_i/data0[8]
    SLICE_X42Y159        LUT5 (Prop_lut5_I3_O)        0.303     7.874 r  u_soc_top/gen_cv32e40p_core.u_core/core_i/id_stage_i/register_file_i/BReg_DP[31]_i_102/O
                         net (fo=1, routed)           0.000     7.874    u_soc_top/gen_cv32e40p_core.u_core/core_i/id_stage_i/register_file_i/BReg_DP[31]_i_102_n_0
    SLICE_X42Y159        CARRY4 (Prop_carry4_S[0]_CO[3])
                                                      0.513     8.387 r  u_soc_top/gen_cv32e40p_core.u_core/core_i/id_stage_i/register_file_i/BReg_DP_reg[31]_i_83/CO[3]
                         net (fo=1, routed)           0.000     8.387    u_soc_top/gen_cv32e40p_core.u_core/core_i/id_stage_i/register_file_i/BReg_DP_reg[31]_i_83_n_0
    SLICE_X42Y160        CARRY4 (Prop_carry4_CI_CO[3])
                                                      0.117     8.504 r  u_soc_top/gen_cv32e40p_core.u_core/core_i/id_stage_i/register_file_i/BReg_DP_reg[16]_i_11/CO[3]
                         net (fo=1, routed)           0.000     8.504    u_soc_top/gen_cv32e40p_core.u_core/core_i/id_stage_i/register_file_i/BReg_DP_reg[16]_i_11_n_0
    SLICE_X42Y161        CARRY4 (Prop_carry4_CI_CO[3])
                                                      0.117     8.621 r  u_soc_top/gen_cv32e40p_core.u_core/core_i/id_stage_i/register_file_i/BReg_DP_reg[31]_i_84/CO[3]
                         net (fo=1, routed)           0.000     8.621    u_soc_top/gen_cv32e40p_core.u_core/core_i/id_stage_i/register_file_i/BReg_DP_reg[31]_i_84_n_0
    SLICE_X42Y162        CARRY4 (Prop_carry4_CI_CO[3])
                                                      0.117     8.738 r  u_soc_top/gen_cv32e40p_core.u_core/core_i/id_stage_i/register_file_i/BReg_DP_reg[8]_i_8/CO[3]
                         net (fo=1, routed)           0.000     8.738    u_soc_top/gen_cv32e40p_core.u_core/core_i/id_stage_i/register_file_i/BReg_DP_reg[8]_i_8_n_0
    SLICE_X42Y163        CARRY4 (Prop_carry4_CI_CO[3])
                                                      0.117     8.855 r  u_soc_top/gen_cv32e40p_core.u_core/core_i/id_stage_i/register_file_i/BReg_DP_reg[31]_i_82/CO[3]
                         net (fo=1, routed)           0.000     8.855    u_soc_top/gen_cv32e40p_core.u_core/core_i/id_stage_i/register_file_i/BReg_DP_reg[31]_i_82_n_0
    SLICE_X42Y164        CARRY4 (Prop_carry4_CI_O[3])
                                                      0.315     9.170 r  u_soc_top/gen_cv32e40p_core.u_core/core_i/id_stage_i/register_file_i/BReg_DP_reg[0]_i_8/O[3]
                         net (fo=2, routed)           0.499     9.669    u_soc_top/gen_cv32e40p_core.u_core/core_i/id_stage_i/register_file_i/ex_stage_i/alu_i/adder_round_result[31]
    SLICE_X44Y164        LUT6 (Prop_lut6_I2_O)        0.307     9.976 r  u_soc_top/gen_cv32e40p_core.u_core/core_i/id_stage_i/register_file_i/BReg_DP[0]_i_6/O
                         net (fo=61, routed)          0.780    10.757    u_soc_top/gen_cv32e40p_core.u_core/core_i/id_stage_i/register_file_i/shift_right_result126_out
    SLICE_X44Y165        LUT3 (Prop_lut3_I2_O)        0.124    10.881 r  u_soc_top/gen_cv32e40p_core.u_core/core_i/id_stage_i/register_file_i/BReg_DP[18]_i_10/O
                         net (fo=3, routed)           0.738    11.619    u_soc_top/gen_cv32e40p_core.u_core/core_i/id_stage_i/register_file_i/alu_operand_a_ex_o_reg[11][1]
    SLICE_X45Y168        LUT6 (Prop_lut6_I0_O)        0.124    11.743 r  u_soc_top/gen_cv32e40p_core.u_core/core_i/id_stage_i/register_file_i/BReg_DP[18]_i_7/O
                         net (fo=4, routed)           0.841    12.583    u_soc_top/gen_cv32e40p_core.u_core/core_i/id_stage_i/register_file_i/BReg_DP[18]_i_7_n_0
    SLICE_X48Y168        LUT6 (Prop_lut6_I3_O)        0.124    12.707 r  u_soc_top/gen_cv32e40p_core.u_core/core_i/id_stage_i/register_file_i/BReg_DP[16]_i_4/O
                         net (fo=3, routed)           0.680    13.387    u_soc_top/gen_cv32e40p_core.u_core/core_i/id_stage_i/register_file_i/alu_clpx_shift_ex_o_reg[1]_12
    SLICE_X51Y167        LUT5 (Prop_lut5_I2_O)        0.124    13.511 r  u_soc_top/gen_cv32e40p_core.u_core/core_i/id_stage_i/register_file_i/BReg_DP[16]_i_2/O
                         net (fo=3, routed)           0.592    14.103    u_soc_top/gen_cv32e40p_core.u_core/core_i/id_stage_i/register_file_i/shift_left_result[2]
    SLICE_X51Y167        LUT5 (Prop_lut5_I4_O)        0.124    14.227 r  u_soc_top/gen_cv32e40p_core.u_core/core_i/id_stage_i/register_file_i/i___112__16_i_33/O
                         net (fo=5, routed)           1.015    15.243    u_soc_top/gen_cv32e40p_core.u_core/core_i/id_stage_i/register_file_i/ex_stage_i/alu_i/radix_2_rev[16]
    SLICE_X51Y163        LUT6 (Prop_lut6_I0_O)        0.124    15.367 r  u_soc_top/gen_cv32e40p_core.u_core/core_i/id_stage_i/register_file_i/i___50_i_107/O
                         net (fo=1, routed)           0.000    15.367    u_soc_top/gen_cv32e40p_core.u_core/core_i/id_stage_i/register_file_i/i___50_i_107_n_0
    SLICE_X51Y163        MUXF7 (Prop_muxf7_I1_O)      0.217    15.584 r  u_soc_top/gen_cv32e40p_core.u_core/core_i/id_stage_i/register_file_i/i___50_i_98/O
                         net (fo=1, routed)           0.000    15.584    u_soc_top/gen_cv32e40p_core.u_core/core_i/id_stage_i/register_file_i/i___50_i_98_n_0
    SLICE_X51Y163        MUXF8 (Prop_muxf8_I1_O)      0.094    15.678 r  u_soc_top/gen_cv32e40p_core.u_core/core_i/id_stage_i/register_file_i/i___50_i_92/O
                         net (fo=1, routed)           0.408    16.086    u_soc_top/gen_cv32e40p_core.u_core/core_i/id_stage_i/register_file_i/i___50_i_92_n_0
    SLICE_X51Y162        LUT6 (Prop_lut6_I0_O)        0.316    16.402 r  u_soc_top/gen_cv32e40p_core.u_core/core_i/id_stage_i/register_file_i/i___50_i_86/O
                         net (fo=64, routed)          0.856    17.257    u_soc_top/gen_cv32e40p_core.u_core/core_i/id_stage_i/register_file_i/ex_stage_i/alu_i/extract_sign
    SLICE_X49Y158        LUT6 (Prop_lut6_I5_O)        0.124    17.381 r  u_soc_top/gen_cv32e40p_core.u_core/core_i/id_stage_i/register_file_i/i___112__20_i_39/O
                         net (fo=1, routed)           0.451    17.833    u_soc_top/gen_cv32e40p_core.u_core/core_i/id_stage_i/register_file_i/i___112__20_i_39_n_0
    SLICE_X49Y157        LUT6 (Prop_lut6_I5_O)        0.124    17.957 r  u_soc_top/gen_cv32e40p_core.u_core/core_i/id_stage_i/register_file_i/i___112__20_i_33/O
                         net (fo=1, routed)           0.584    18.541    u_soc_top/gen_cv32e40p_core.u_core/core_i/id_stage_i/register_file_i/ex_stage_i/alu_i/bextins_result[12]
    SLICE_X47Y157        LUT6 (Prop_lut6_I5_O)        0.124    18.665 r  u_soc_top/gen_cv32e40p_core.u_core/core_i/id_stage_i/register_file_i/i___112__20_i_26/O
                         net (fo=1, routed)           0.000    18.665    u_soc_top/gen_cv32e40p_core.u_core/core_i/id_stage_i/register_file_i/i___112__20_i_26_n_0
    SLICE_X47Y157        MUXF7 (Prop_muxf7_I1_O)      0.217    18.882 r  u_soc_top/gen_cv32e40p_core.u_core/core_i/id_stage_i/register_file_i/i___112__20_i_20/O
                         net (fo=1, routed)           0.488    19.370    u_soc_top/gen_cv32e40p_core.u_core/core_i/id_stage_i/register_file_i/i___112__20_i_20_n_0
    SLICE_X47Y155        LUT6 (Prop_lut6_I5_O)        0.299    19.669 r  u_soc_top/gen_cv32e40p_core.u_core/core_i/id_stage_i/register_file_i/i___112__20_i_8/O
                         net (fo=1, routed)           0.404    20.074    u_soc_top/gen_cv32e40p_core.u_core/core_i/id_stage_i/gen_hwloop_regs.hwloop_regs_i/alu_result[12]
    SLICE_X47Y153        LUT6 (Prop_lut6_I3_O)        0.124    20.198 r  u_soc_top/gen_cv32e40p_core.u_core/core_i/id_stage_i/gen_hwloop_regs.hwloop_regs_i/i___112__20_i_3/O
                         net (fo=36, routed)          0.529    20.727    u_soc_top/gen_cv32e40p_core.u_core/core_i/id_stage_i/register_file_i/hwlp_counter_q_reg[0][12]_0
    SLICE_X47Y154        LUT6 (Prop_lut6_I4_O)        0.124    20.851 r  u_soc_top/gen_cv32e40p_core.u_core/core_i/id_stage_i/register_file_i/i___55_i_1/O
                         net (fo=8, routed)           0.720    21.571    u_soc_top/gen_cv32e40p_core.u_core/core_i_n_76
    SLICE_X39Y154        LUT6 (Prop_lut6_I4_O)        0.124    21.695 r  u_soc_top/gen_cv32e40p_core.u_core/i___55/O
                         net (fo=1, routed)           0.563    22.258    u_soc_top/gen_cv32e40p_core.u_core/core_i/if_stage_i/mult_operand_b_ex_o_reg[12]_0
    SLICE_X41Y154        LUT6 (Prop_lut6_I5_O)        0.124    22.382 r  u_soc_top/gen_cv32e40p_core.u_core/core_i/if_stage_i/mult_operand_b_ex_o[12]_i_1/O
                         net (fo=2, routed)           0.772    23.154    u_soc_top/gen_cv32e40p_core.u_core/core_i/id_stage_i/mult_operand_b_ex_o_reg[31]_1[4]
    SLICE_X41Y154        FDCE                                         r  u_soc_top/gen_cv32e40p_core.u_core/core_i/id_stage_i/mult_dot_op_b_ex_o_reg[12]/D
  -------------------------------------------------------------------    -------------------

                         (clock clk_50m_unbuf rise edge)
                                                     20.000    20.000 r  
    E3                                                0.000    20.000 r  clk_100m_i (IN)
                         net (fo=0)                   0.000    20.000    clk_100m_i
    E3                   IBUF (Prop_ibuf_I_O)         1.411    21.411 r  clk_100m_i_IBUF_inst/O
                         net (fo=1, routed)           1.162    22.573    clk_100m_i_IBUF
    MMCME2_ADV_X1Y2      MMCME2_ADV (Prop_mmcme2_adv_CLKIN1_CLKOUT0)
                                                     -7.324    15.249 r  u_mmcm/CLKOUT0
                         net (fo=1, routed)           1.639    16.888    clk_50m_unbuf
    BUFGCTRL_X0Y16       BUFG (Prop_bufg_I_O)         0.091    16.979 r  u_bufg_clk50/O
                         net (fo=4563, routed)        1.860    18.840    u_soc_top/gen_cv32e40p_core.u_core/core_i/sleep_unit_i/core_clock_gate_i/clk_50m
    SLICE_X52Y97         LUT2 (Prop_lut2_I0_O)        0.100    18.940 r  u_soc_top/gen_cv32e40p_core.u_core/core_i/sleep_unit_i/core_clock_gate_i/cnt_q[1]_i_4/O
                         net (fo=1, routed)           0.694    19.633    u_soc_top_n_44
    BUFGCTRL_X0Y0        BUFG (Prop_bufg_I_O)         0.091    19.724 r  cnt_q_reg[1]_i_2/O
                         net (fo=2420, routed)        1.679    21.403    u_soc_top/gen_cv32e40p_core.u_core/core_i/id_stage_i/clk
    SLICE_X41Y154        FDCE                                         r  u_soc_top/gen_cv32e40p_core.u_core/core_i/id_stage_i/mult_dot_op_b_ex_o_reg[12]/C
                         clock pessimism              0.921    22.324    
                         clock uncertainty           -0.089    22.235    
    SLICE_X41Y154        FDCE (Setup_fdce_C_D)       -0.081    22.154    u_soc_top/gen_cv32e40p_core.u_core/core_i/id_stage_i/mult_dot_op_b_ex_o_reg[12]
  -------------------------------------------------------------------
                         required time                         22.154    
                         arrival time                         -23.154    
  -------------------------------------------------------------------
                         slack                                 -0.999    

Slack (VIOLATED) :        -0.990ns  (required time - arrival time)
  Source:                 u_soc_top/gen_cv32e40p_core.u_core/core_i/id_stage_i/alu_operator_ex_o_reg[5]/C
                            (rising edge-triggered cell FDCE clocked by clk_50m_unbuf  {rise@0.000ns fall@10.000ns period=20.000ns})
  Destination:            u_soc_top/gen_cv32e40p_core.u_core/core_i/id_stage_i/mult_dot_op_a_ex_o_reg[30]/D
                            (rising edge-triggered cell FDCE clocked by clk_50m_unbuf  {rise@0.000ns fall@10.000ns period=20.000ns})
  Path Group:             clk_50m_unbuf
  Path Type:              Setup (Max at Slow Process Corner)
  Requirement:            20.000ns  (clk_50m_unbuf rise@20.000ns - clk_50m_unbuf rise@0.000ns)
  Data Path Delay:        20.809ns  (logic 6.483ns (31.155%)  route 14.326ns (68.845%))
  Logic Levels:           32  (CARRY4=8 LUT3=2 LUT5=6 LUT6=13 MUXF7=2 MUXF8=1)
  Clock Path Skew:        -0.026ns (DCD - SCD + CPR)
    Destination Clock Delay (DCD):    1.398ns = ( 21.398 - 20.000 ) 
    Source Clock Delay      (SCD):    2.345ns
    Clock Pessimism Removal (CPR):    0.921ns
  Clock Uncertainty:      0.089ns  ((TSJ^2 + DJ^2)^1/2) / 2 + PE
    Total System Jitter     (TSJ):    0.071ns
    Discrete Jitter          (DJ):    0.163ns
    Phase Error              (PE):    0.000ns

    Location             Delay type                Incr(ns)  Path(ns)    Netlist Resource(s)
  -------------------------------------------------------------------    -------------------
                         (clock clk_50m_unbuf rise edge)
                                                      0.000     0.000 r  
    E3                                                0.000     0.000 r  clk_100m_i (IN)
                         net (fo=0)                   0.000     0.000    clk_100m_i
    E3                   IBUF (Prop_ibuf_I_O)         1.482     1.482 r  clk_100m_i_IBUF_inst/O
                         net (fo=1, routed)           1.233     2.715    clk_100m_i_IBUF
    MMCME2_ADV_X1Y2      MMCME2_ADV (Prop_mmcme2_adv_CLKIN1_CLKOUT0)
                                                     -7.070    -4.355 r  u_mmcm/CLKOUT0
                         net (fo=1, routed)           1.719    -2.636    clk_50m_unbuf
    BUFGCTRL_X0Y16       BUFG (Prop_bufg_I_O)         0.096    -2.540 r  u_bufg_clk50/O
                         net (fo=4563, routed)        2.067    -0.473    u_soc_top/gen_cv32e40p_core.u_core/core_i/sleep_unit_i/core_clock_gate_i/clk_50m
    SLICE_X52Y97         LUT2 (Prop_lut2_I0_O)        0.124    -0.349 r  u_soc_top/gen_cv32e40p_core.u_core/core_i/sleep_unit_i/core_clock_gate_i/cnt_q[1]_i_4/O
                         net (fo=1, routed)           0.794     0.445    u_soc_top_n_44
    BUFGCTRL_X0Y0        BUFG (Prop_bufg_I_O)         0.096     0.541 r  cnt_q_reg[1]_i_2/O
                         net (fo=2420, routed)        1.804     2.345    u_soc_top/gen_cv32e40p_core.u_core/core_i/id_stage_i/clk
    SLICE_X40Y162        FDCE                                         r  u_soc_top/gen_cv32e40p_core.u_core/core_i/id_stage_i/alu_operator_ex_o_reg[5]/C
  -------------------------------------------------------------------    -------------------
    SLICE_X40Y162        FDCE (Prop_fdce_C_Q)         0.419     2.764 r  u_soc_top/gen_cv32e40p_core.u_core/core_i/id_stage_i/alu_operator_ex_o_reg[5]/Q
                         net (fo=59, routed)          0.569     3.333    u_soc_top/gen_cv32e40p_core.u_core/core_i/id_stage_i/register_file_i/i___171_i_34_0[5]
    SLICE_X40Y162        LUT3 (Prop_lut3_I0_O)        0.299     3.632 r  u_soc_top/gen_cv32e40p_core.u_core/core_i/id_stage_i/register_file_i/i___183_i_5/O
                         net (fo=96, routed)          0.925     4.557    u_soc_top/gen_cv32e40p_core.u_core/core_i/id_stage_i/register_file_i/i___183_i_5_n_0
    SLICE_X44Y162        LUT6 (Prop_lut6_I0_O)        0.124     4.681 r  u_soc_top/gen_cv32e40p_core.u_core/core_i/id_stage_i/register_file_i/BReg_DP[24]_i_27/O
                         net (fo=1, routed)           0.623     5.304    u_soc_top/gen_cv32e40p_core.u_core/core_i/id_stage_i/register_file_i/BReg_DP[24]_i_27_n_0
    SLICE_X45Y158        LUT6 (Prop_lut6_I5_O)        0.124     5.428 r  u_soc_top/gen_cv32e40p_core.u_core/core_i/id_stage_i/register_file_i/BReg_DP[24]_i_19/O
                         net (fo=2, routed)           0.585     6.013    u_soc_top/gen_cv32e40p_core.u_core/core_i/id_stage_i/register_file_i/ex_stage_i/alu_i/adder_op_a[6]
    SLICE_X41Y157        LUT5 (Prop_lut5_I0_O)        0.124     6.137 r  u_soc_top/gen_cv32e40p_core.u_core/core_i/id_stage_i/register_file_i/BReg_DP[24]_i_23/O
                         net (fo=1, routed)           0.000     6.137    u_soc_top/gen_cv32e40p_core.u_core/core_i/id_stage_i/register_file_i/BReg_DP[24]_i_23_n_0
    SLICE_X41Y157        CARRY4 (Prop_carry4_S[2]_CO[3])
                                                      0.398     6.535 r  u_soc_top/gen_cv32e40p_core.u_core/core_i/id_stage_i/register_file_i/BReg_DP_reg[24]_i_12/CO[3]
                         net (fo=1, routed)           0.000     6.535    u_soc_top/gen_cv32e40p_core.u_core/core_i/id_stage_i/register_file_i/BReg_DP_reg[24]_i_12_n_0
    SLICE_X41Y158        CARRY4 (Prop_carry4_CI_O[1])
                                                      0.334     6.869 r  u_soc_top/gen_cv32e40p_core.u_core/core_i/id_stage_i/register_file_i/BReg_DP_reg[31]_i_98/O[1]
                         net (fo=3, routed)           0.702     7.571    u_soc_top/gen_cv32e40p_core.u_core/core_i/id_stage_i/register_file_i/ex_stage_i/alu_i/data0[8]
    SLICE_X42Y159        LUT5 (Prop_lut5_I3_O)        0.303     7.874 r  u_soc_top/gen_cv32e40p_core.u_core/core_i/id_stage_i/register_file_i/BReg_DP[31]_i_102/O
                         net (fo=1, routed)           0.000     7.874    u_soc_top/gen_cv32e40p_core.u_core/core_i/id_stage_i/register_file_i/BReg_DP[31]_i_102_n_0
    SLICE_X42Y159        CARRY4 (Prop_carry4_S[0]_CO[3])
                                                      0.513     8.387 r  u_soc_top/gen_cv32e40p_core.u_core/core_i/id_stage_i/register_file_i/BReg_DP_reg[31]_i_83/CO[3]
                         net (fo=1, routed)           0.000     8.387    u_soc_top/gen_cv32e40p_core.u_core/core_i/id_stage_i/register_file_i/BReg_DP_reg[31]_i_83_n_0
    SLICE_X42Y160        CARRY4 (Prop_carry4_CI_CO[3])
                                                      0.117     8.504 r  u_soc_top/gen_cv32e40p_core.u_core/core_i/id_stage_i/register_file_i/BReg_DP_reg[16]_i_11/CO[3]
                         net (fo=1, routed)           0.000     8.504    u_soc_top/gen_cv32e40p_core.u_core/core_i/id_stage_i/register_file_i/BReg_DP_reg[16]_i_11_n_0
    SLICE_X42Y161        CARRY4 (Prop_carry4_CI_CO[3])
                                                      0.117     8.621 r  u_soc_top/gen_cv32e40p_core.u_core/core_i/id_stage_i/register_file_i/BReg_DP_reg[31]_i_84/CO[3]
                         net (fo=1, routed)           0.000     8.621    u_soc_top/gen_cv32e40p_core.u_core/core_i/id_stage_i/register_file_i/BReg_DP_reg[31]_i_84_n_0
    SLICE_X42Y162        CARRY4 (Prop_carry4_CI_CO[3])
                                                      0.117     8.738 r  u_soc_top/gen_cv32e40p_core.u_core/core_i/id_stage_i/register_file_i/BReg_DP_reg[8]_i_8/CO[3]
                         net (fo=1, routed)           0.000     8.738    u_soc_top/gen_cv32e40p_core.u_core/core_i/id_stage_i/register_file_i/BReg_DP_reg[8]_i_8_n_0
    SLICE_X42Y163        CARRY4 (Prop_carry4_CI_CO[3])
                                                      0.117     8.855 r  u_soc_top/gen_cv32e40p_core.u_core/core_i/id_stage_i/register_file_i/BReg_DP_reg[31]_i_82/CO[3]
                         net (fo=1, routed)           0.000     8.855    u_soc_top/gen_cv32e40p_core.u_core/core_i/id_stage_i/register_file_i/BReg_DP_reg[31]_i_82_n_0
    SLICE_X42Y164        CARRY4 (Prop_carry4_CI_O[3])
                                                      0.315     9.170 r  u_soc_top/gen_cv32e40p_core.u_core/core_i/id_stage_i/register_file_i/BReg_DP_reg[0]_i_8/O[3]
                         net (fo=2, routed)           0.499     9.669    u_soc_top/gen_cv32e40p_core.u_core/core_i/id_stage_i/register_file_i/ex_stage_i/alu_i/adder_round_result[31]
    SLICE_X44Y164        LUT6 (Prop_lut6_I2_O)        0.307     9.976 r  u_soc_top/gen_cv32e40p_core.u_core/core_i/id_stage_i/register_file_i/BReg_DP[0]_i_6/O
                         net (fo=61, routed)          0.780    10.757    u_soc_top/gen_cv32e40p_core.u_core/core_i/id_stage_i/register_file_i/shift_right_result126_out
    SLICE_X44Y165        LUT3 (Prop_lut3_I2_O)        0.124    10.881 r  u_soc_top/gen_cv32e40p_core.u_core/core_i/id_stage_i/register_file_i/BReg_DP[18]_i_10/O
                         net (fo=3, routed)           0.738    11.619    u_soc_top/gen_cv32e40p_core.u_core/core_i/id_stage_i/register_file_i/alu_operand_a_ex_o_reg[11][1]
    SLICE_X45Y168        LUT6 (Prop_lut6_I0_O)        0.124    11.743 r  u_soc_top/gen_cv32e40p_core.u_core/core_i/id_stage_i/register_file_i/BReg_DP[18]_i_7/O
                         net (fo=4, routed)           0.841    12.583    u_soc_top/gen_cv32e40p_core.u_core/core_i/id_stage_i/register_file_i/BReg_DP[18]_i_7_n_0
    SLICE_X48Y168        LUT6 (Prop_lut6_I3_O)        0.124    12.707 r  u_soc_top/gen_cv32e40p_core.u_core/core_i/id_stage_i/register_file_i/BReg_DP[16]_i_4/O
                         net (fo=3, routed)           0.680    13.387    u_soc_top/gen_cv32e40p_core.u_core/core_i/id_stage_i/register_file_i/alu_clpx_shift_ex_o_reg[1]_12
    SLICE_X51Y167        LUT5 (Prop_lut5_I2_O)        0.124    13.511 r  u_soc_top/gen_cv32e40p_core.u_core/core_i/id_stage_i/register_file_i/BReg_DP[16]_i_2/O
                         net (fo=3, routed)           0.592    14.103    u_soc_top/gen_cv32e40p_core.u_core/core_i/id_stage_i/register_file_i/shift_left_result[2]
    SLICE_X51Y167        LUT5 (Prop_lut5_I4_O)        0.124    14.227 r  u_soc_top/gen_cv32e40p_core.u_core/core_i/id_stage_i/register_file_i/i___112__16_i_33/O
                         net (fo=5, routed)           1.015    15.243    u_soc_top/gen_cv32e40p_core.u_core/core_i/id_stage_i/register_file_i/ex_stage_i/alu_i/radix_2_rev[16]
    SLICE_X51Y163        LUT6 (Prop_lut6_I0_O)        0.124    15.367 r  u_soc_top/gen_cv32e40p_core.u_core/core_i/id_stage_i/register_file_i/i___50_i_107/O
                         net (fo=1, routed)           0.000    15.367    u_soc_top/gen_cv32e40p_core.u_core/core_i/id_stage_i/register_file_i/i___50_i_107_n_0
    SLICE_X51Y163        MUXF7 (Prop_muxf7_I1_O)      0.217    15.584 r  u_soc_top/gen_cv32e40p_core.u_core/core_i/id_stage_i/register_file_i/i___50_i_98/O
                         net (fo=1, routed)           0.000    15.584    u_soc_top/gen_cv32e40p_core.u_core/core_i/id_stage_i/register_file_i/i___50_i_98_n_0
    SLICE_X51Y163        MUXF8 (Prop_muxf8_I1_O)      0.094    15.678 r  u_soc_top/gen_cv32e40p_core.u_core/core_i/id_stage_i/register_file_i/i___50_i_92/O
                         net (fo=1, routed)           0.408    16.086    u_soc_top/gen_cv32e40p_core.u_core/core_i/id_stage_i/register_file_i/i___50_i_92_n_0
    SLICE_X51Y162        LUT6 (Prop_lut6_I0_O)        0.316    16.402 r  u_soc_top/gen_cv32e40p_core.u_core/core_i/id_stage_i/register_file_i/i___50_i_86/O
                         net (fo=64, routed)          0.579    16.980    u_soc_top/gen_cv32e40p_core.u_core/core_i/id_stage_i/register_file_i/ex_stage_i/alu_i/extract_sign
    SLICE_X48Y163        LUT6 (Prop_lut6_I5_O)        0.124    17.104 r  u_soc_top/gen_cv32e40p_core.u_core/core_i/id_stage_i/register_file_i/i___112__1_i_45/O
                         net (fo=1, routed)           0.444    17.548    u_soc_top/gen_cv32e40p_core.u_core/core_i/id_stage_i/register_file_i/i___112__1_i_45_n_0
    SLICE_X48Y163        LUT6 (Prop_lut6_I5_O)        0.124    17.672 r  u_soc_top/gen_cv32e40p_core.u_core/core_i/id_stage_i/register_file_i/i___112__1_i_38/O
                         net (fo=1, routed)           0.682    18.354    u_soc_top/gen_cv32e40p_core.u_core/core_i/id_stage_i/register_file_i/ex_stage_i/alu_i/bextins_result[30]
    SLICE_X44Y167        LUT6 (Prop_lut6_I5_O)        0.124    18.478 r  u_soc_top/gen_cv32e40p_core.u_core/core_i/id_stage_i/register_file_i/i___112__1_i_28/O
                         net (fo=1, routed)           0.000    18.478    u_soc_top/gen_cv32e40p_core.u_core/core_i/id_stage_i/register_file_i/i___112__1_i_28_n_0
    SLICE_X44Y167        MUXF7 (Prop_muxf7_I1_O)      0.217    18.695 r  u_soc_top/gen_cv32e40p_core.u_core/core_i/id_stage_i/register_file_i/i___112__1_i_20/O
                         net (fo=1, routed)           0.436    19.131    u_soc_top/gen_cv32e40p_core.u_core/core_i/id_stage_i/register_file_i/i___112__1_i_20_n_0
    SLICE_X44Y167        LUT6 (Prop_lut6_I5_O)        0.299    19.430 r  u_soc_top/gen_cv32e40p_core.u_core/core_i/id_stage_i/register_file_i/i___112__1_i_8/O
                         net (fo=1, routed)           0.280    19.710    u_soc_top/gen_cv32e40p_core.u_core/core_i/id_stage_i/gen_hwloop_regs.hwloop_regs_i/alu_result[25]
    SLICE_X44Y167        LUT6 (Prop_lut6_I3_O)        0.124    19.834 r  u_soc_top/gen_cv32e40p_core.u_core/core_i/id_stage_i/gen_hwloop_regs.hwloop_regs_i/i___112__1_i_3/O
                         net (fo=34, routed)          0.644    20.478    u_soc_top/gen_cv32e40p_core.u_core/core_i/id_stage_i/register_file_i/hwlp_start_q_reg[0][30]_0
    SLICE_X44Y166        LUT6 (Prop_lut6_I4_O)        0.124    20.602 r  u_soc_top/gen_cv32e40p_core.u_core/core_i/id_stage_i/register_file_i/hwlp_start_q[1][30]_i_2/O
                         net (fo=8, routed)           0.616    21.218    u_soc_top/gen_cv32e40p_core.u_core/core_i/if_stage_i/hwlp_start_q_reg[0][30]
    SLICE_X41Y167        LUT5 (Prop_lut5_I4_O)        0.124    21.342 r  u_soc_top/gen_cv32e40p_core.u_core/core_i/if_stage_i/alu_operand_a_ex_o[30]_i_2/O
                         net (fo=2, routed)           0.779    22.121    u_soc_top/gen_cv32e40p_core.u_core/core_i/if_stage_i/alu_operand_a_ex_o[30]_i_2_n_0
    SLICE_X41Y165        LUT5 (Prop_lut5_I4_O)        0.124    22.245 r  u_soc_top/gen_cv32e40p_core.u_core/core_i/if_stage_i/mult_operand_a_ex_o[30]_i_1/O
                         net (fo=2, routed)           0.909    23.154    u_soc_top/gen_cv32e40p_core.u_core/core_i/id_stage_i/mult_operand_a_ex_o_reg[31]_0[30]
    SLICE_X40Y163        FDCE                                         r  u_soc_top/gen_cv32e40p_core.u_core/core_i/id_stage_i/mult_dot_op_a_ex_o_reg[30]/D
  -------------------------------------------------------------------    -------------------

                         (clock clk_50m_unbuf rise edge)
                                                     20.000    20.000 r  
    E3                                                0.000    20.000 r  clk_100m_i (IN)
                         net (fo=0)                   0.000    20.000    clk_100m_i
    E3                   IBUF (Prop_ibuf_I_O)         1.411    21.411 r  clk_100m_i_IBUF_inst/O
                         net (fo=1, routed)           1.162    22.573    clk_100m_i_IBUF
    MMCME2_ADV_X1Y2      MMCME2_ADV (Prop_mmcme2_adv_CLKIN1_CLKOUT0)
                                                     -7.324    15.249 r  u_mmcm/CLKOUT0
                         net (fo=1, routed)           1.639    16.888    clk_50m_unbuf
    BUFGCTRL_X0Y16       BUFG (Prop_bufg_I_O)         0.091    16.979 r  u_bufg_clk50/O
                         net (fo=4563, routed)        1.860    18.840    u_soc_top/gen_cv32e40p_core.u_core/core_i/sleep_unit_i/core_clock_gate_i/clk_50m
    SLICE_X52Y97         LUT2 (Prop_lut2_I0_O)        0.100    18.940 r  u_soc_top/gen_cv32e40p_core.u_core/core_i/sleep_unit_i/core_clock_gate_i/cnt_q[1]_i_4/O
                         net (fo=1, routed)           0.694    19.633    u_soc_top_n_44
    BUFGCTRL_X0Y0        BUFG (Prop_bufg_I_O)         0.091    19.724 r  cnt_q_reg[1]_i_2/O
                         net (fo=2420, routed)        1.674    21.398    u_soc_top/gen_cv32e40p_core.u_core/core_i/id_stage_i/clk
    SLICE_X40Y163        FDCE                                         r  u_soc_top/gen_cv32e40p_core.u_core/core_i/id_stage_i/mult_dot_op_a_ex_o_reg[30]/C
                         clock pessimism              0.921    22.319    
                         clock uncertainty           -0.089    22.230    
    SLICE_X40Y163        FDCE (Setup_fdce_C_D)       -0.067    22.163    u_soc_top/gen_cv32e40p_core.u_core/core_i/id_stage_i/mult_dot_op_a_ex_o_reg[30]
  -------------------------------------------------------------------
                         required time                         22.163    
                         arrival time                         -23.154    
  -------------------------------------------------------------------
                         slack                                 -0.990    

Slack (VIOLATED) :        -0.968ns  (required time - arrival time)
  Source:                 u_soc_top/gen_cv32e40p_core.u_core/core_i/id_stage_i/alu_operator_ex_o_reg[5]/C
                            (rising edge-triggered cell FDCE clocked by clk_50m_unbuf  {rise@0.000ns fall@10.000ns period=20.000ns})
  Destination:            u_soc_top/gen_cv32e40p_core.u_core/core_i/id_stage_i/mult_dot_op_b_ex_o_reg[21]/D
                            (rising edge-triggered cell FDCE clocked by clk_50m_unbuf  {rise@0.000ns fall@10.000ns period=20.000ns})
  Path Group:             clk_50m_unbuf
  Path Type:              Setup (Max at Slow Process Corner)
  Requirement:            20.000ns  (clk_50m_unbuf rise@20.000ns - clk_50m_unbuf rise@0.000ns)
  Data Path Delay:        20.786ns  (logic 6.359ns (30.592%)  route 14.427ns (69.408%))
  Logic Levels:           31  (CARRY4=8 LUT3=2 LUT5=5 LUT6=13 MUXF7=2 MUXF8=1)
  Clock Path Skew:        -0.026ns (DCD - SCD + CPR)
    Destination Clock Delay (DCD):    1.398ns = ( 21.398 - 20.000 ) 
    Source Clock Delay      (SCD):    2.345ns
    Clock Pessimism Removal (CPR):    0.921ns
  Clock Uncertainty:      0.089ns  ((TSJ^2 + DJ^2)^1/2) / 2 + PE
    Total System Jitter     (TSJ):    0.071ns
    Discrete Jitter          (DJ):    0.163ns
    Phase Error              (PE):    0.000ns

    Location             Delay type                Incr(ns)  Path(ns)    Netlist Resource(s)
  -------------------------------------------------------------------    -------------------
                         (clock clk_50m_unbuf rise edge)
                                                      0.000     0.000 r  
    E3                                                0.000     0.000 r  clk_100m_i (IN)
                         net (fo=0)                   0.000     0.000    clk_100m_i
    E3                   IBUF (Prop_ibuf_I_O)         1.482     1.482 r  clk_100m_i_IBUF_inst/O
                         net (fo=1, routed)           1.233     2.715    clk_100m_i_IBUF
    MMCME2_ADV_X1Y2      MMCME2_ADV (Prop_mmcme2_adv_CLKIN1_CLKOUT0)
                                                     -7.070    -4.355 r  u_mmcm/CLKOUT0
                         net (fo=1, routed)           1.719    -2.636    clk_50m_unbuf
    BUFGCTRL_X0Y16       BUFG (Prop_bufg_I_O)         0.096    -2.540 r  u_bufg_clk50/O
                         net (fo=4563, routed)        2.067    -0.473    u_soc_top/gen_cv32e40p_core.u_core/core_i/sleep_unit_i/core_clock_gate_i/clk_50m
    SLICE_X52Y97         LUT2 (Prop_lut2_I0_O)        0.124    -0.349 r  u_soc_top/gen_cv32e40p_core.u_core/core_i/sleep_unit_i/core_clock_gate_i/cnt_q[1]_i_4/O
                         net (fo=1, routed)           0.794     0.445    u_soc_top_n_44
    BUFGCTRL_X0Y0        BUFG (Prop_bufg_I_O)         0.096     0.541 r  cnt_q_reg[1]_i_2/O
                         net (fo=2420, routed)        1.804     2.345    u_soc_top/gen_cv32e40p_core.u_core/core_i/id_stage_i/clk
    SLICE_X40Y162        FDCE                                         r  u_soc_top/gen_cv32e40p_core.u_core/core_i/id_stage_i/alu_operator_ex_o_reg[5]/C
  -------------------------------------------------------------------    -------------------
    SLICE_X40Y162        FDCE (Prop_fdce_C_Q)         0.419     2.764 r  u_soc_top/gen_cv32e40p_core.u_core/core_i/id_stage_i/alu_operator_ex_o_reg[5]/Q
                         net (fo=59, routed)          0.569     3.333    u_soc_top/gen_cv32e40p_core.u_core/core_i/id_stage_i/register_file_i/i___171_i_34_0[5]
    SLICE_X40Y162        LUT3 (Prop_lut3_I0_O)        0.299     3.632 r  u_soc_top/gen_cv32e40p_core.u_core/core_i/id_stage_i/register_file_i/i___183_i_5/O
                         net (fo=96, routed)          0.925     4.557    u_soc_top/gen_cv32e40p_core.u_core/core_i/id_stage_i/register_file_i/i___183_i_5_n_0
    SLICE_X44Y162        LUT6 (Prop_lut6_I0_O)        0.124     4.681 r  u_soc_top/gen_cv32e40p_core.u_core/core_i/id_stage_i/register_file_i/BReg_DP[24]_i_27/O
                         net (fo=1, routed)           0.623     5.304    u_soc_top/gen_cv32e40p_core.u_core/core_i/id_stage_i/register_file_i/BReg_DP[24]_i_27_n_0
    SLICE_X45Y158        LUT6 (Prop_lut6_I5_O)        0.124     5.428 r  u_soc_top/gen_cv32e40p_core.u_core/core_i/id_stage_i/register_file_i/BReg_DP[24]_i_19/O
                         net (fo=2, routed)           0.585     6.013    u_soc_top/gen_cv32e40p_core.u_core/core_i/id_stage_i/register_file_i/ex_stage_i/alu_i/adder_op_a[6]
    SLICE_X41Y157        LUT5 (Prop_lut5_I0_O)        0.124     6.137 r  u_soc_top/gen_cv32e40p_core.u_core/core_i/id_stage_i/register_file_i/BReg_DP[24]_i_23/O
                         net (fo=1, routed)           0.000     6.137    u_soc_top/gen_cv32e40p_core.u_core/core_i/id_stage_i/register_file_i/BReg_DP[24]_i_23_n_0
    SLICE_X41Y157        CARRY4 (Prop_carry4_S[2]_CO[3])
                                                      0.398     6.535 r  u_soc_top/gen_cv32e40p_core.u_core/core_i/id_stage_i/register_file_i/BReg_DP_reg[24]_i_12/CO[3]
                         net (fo=1, routed)           0.000     6.535    u_soc_top/gen_cv32e40p_core.u_core/core_i/id_stage_i/register_file_i/BReg_DP_reg[24]_i_12_n_0
    SLICE_X41Y158        CARRY4 (Prop_carry4_CI_O[1])
                                                      0.334     6.869 r  u_soc_top/gen_cv32e40p_core.u_core/core_i/id_stage_i/register_file_i/BReg_DP_reg[31]_i_98/O[1]
                         net (fo=3, routed)           0.702     7.571    u_soc_top/gen_cv32e40p_core.u_core/core_i/id_stage_i/register_file_i/ex_stage_i/alu_i/data0[8]
    SLICE_X42Y159        LUT5 (Prop_lut5_I3_O)        0.303     7.874 r  u_soc_top/gen_cv32e40p_core.u_core/core_i/id_stage_i/register_file_i/BReg_DP[31]_i_102/O
                         net (fo=1, routed)           0.000     7.874    u_soc_top/gen_cv32e40p_core.u_core/core_i/id_stage_i/register_file_i/BReg_DP[31]_i_102_n_0
    SLICE_X42Y159        CARRY4 (Prop_carry4_S[0]_CO[3])
                                                      0.513     8.387 r  u_soc_top/gen_cv32e40p_core.u_core/core_i/id_stage_i/register_file_i/BReg_DP_reg[31]_i_83/CO[3]
                         net (fo=1, routed)           0.000     8.387    u_soc_top/gen_cv32e40p_core.u_core/core_i/id_stage_i/register_file_i/BReg_DP_reg[31]_i_83_n_0
    SLICE_X42Y160        CARRY4 (Prop_carry4_CI_CO[3])
                                                      0.117     8.504 r  u_soc_top/gen_cv32e40p_core.u_core/core_i/id_stage_i/register_file_i/BReg_DP_reg[16]_i_11/CO[3]
                         net (fo=1, routed)           0.000     8.504    u_soc_top/gen_cv32e40p_core.u_core/core_i/id_stage_i/register_file_i/BReg_DP_reg[16]_i_11_n_0
    SLICE_X42Y161        CARRY4 (Prop_carry4_CI_CO[3])
                                                      0.117     8.621 r  u_soc_top/gen_cv32e40p_core.u_core/core_i/id_stage_i/register_file_i/BReg_DP_reg[31]_i_84/CO[3]
                         net (fo=1, routed)           0.000     8.621    u_soc_top/gen_cv32e40p_core.u_core/core_i/id_stage_i/register_file_i/BReg_DP_reg[31]_i_84_n_0
    SLICE_X42Y162        CARRY4 (Prop_carry4_CI_CO[3])
                                                      0.117     8.738 r  u_soc_top/gen_cv32e40p_core.u_core/core_i/id_stage_i/register_file_i/BReg_DP_reg[8]_i_8/CO[3]
                         net (fo=1, routed)           0.000     8.738    u_soc_top/gen_cv32e40p_core.u_core/core_i/id_stage_i/register_file_i/BReg_DP_reg[8]_i_8_n_0
    SLICE_X42Y163        CARRY4 (Prop_carry4_CI_CO[3])
                                                      0.117     8.855 r  u_soc_top/gen_cv32e40p_core.u_core/core_i/id_stage_i/register_file_i/BReg_DP_reg[31]_i_82/CO[3]
                         net (fo=1, routed)           0.000     8.855    u_soc_top/gen_cv32e40p_core.u_core/core_i/id_stage_i/register_file_i/BReg_DP_reg[31]_i_82_n_0
    SLICE_X42Y164        CARRY4 (Prop_carry4_CI_O[3])
                                                      0.315     9.170 r  u_soc_top/gen_cv32e40p_core.u_core/core_i/id_stage_i/register_file_i/BReg_DP_reg[0]_i_8/O[3]
                         net (fo=2, routed)           0.499     9.669    u_soc_top/gen_cv32e40p_core.u_core/core_i/id_stage_i/register_file_i/ex_stage_i/alu_i/adder_round_result[31]
    SLICE_X44Y164        LUT6 (Prop_lut6_I2_O)        0.307     9.976 r  u_soc_top/gen_cv32e40p_core.u_core/core_i/id_stage_i/register_file_i/BReg_DP[0]_i_6/O
                         net (fo=61, routed)          0.780    10.757    u_soc_top/gen_cv32e40p_core.u_core/core_i/id_stage_i/register_file_i/shift_right_result126_out
    SLICE_X44Y165        LUT3 (Prop_lut3_I2_O)        0.124    10.881 r  u_soc_top/gen_cv32e40p_core.u_core/core_i/id_stage_i/register_file_i/BReg_DP[18]_i_10/O
                         net (fo=3, routed)           0.738    11.619    u_soc_top/gen_cv32e40p_core.u_core/core_i/id_stage_i/register_file_i/alu_operand_a_ex_o_reg[11][1]
    SLICE_X45Y168        LUT6 (Prop_lut6_I0_O)        0.124    11.743 r  u_soc_top/gen_cv32e40p_core.u_core/core_i/id_stage_i/register_file_i/BReg_DP[18]_i_7/O
                         net (fo=4, routed)           0.841    12.583    u_soc_top/gen_cv32e40p_core.u_core/core_i/id_stage_i/register_file_i/BReg_DP[18]_i_7_n_0
    SLICE_X48Y168        LUT6 (Prop_lut6_I3_O)        0.124    12.707 r  u_soc_top/gen_cv32e40p_core.u_core/core_i/id_stage_i/register_file_i/BReg_DP[16]_i_4/O
                         net (fo=3, routed)           0.680    13.387    u_soc_top/gen_cv32e40p_core.u_core/core_i/id_stage_i/register_file_i/alu_clpx_shift_ex_o_reg[1]_12
    SLICE_X51Y167        LUT5 (Prop_lut5_I2_O)        0.124    13.511 r  u_soc_top/gen_cv32e40p_core.u_core/core_i/id_stage_i/register_file_i/BReg_DP[16]_i_2/O
                         net (fo=3, routed)           0.592    14.103    u_soc_top/gen_cv32e40p_core.u_core/core_i/id_stage_i/register_file_i/shift_left_result[2]
    SLICE_X51Y167        LUT5 (Prop_lut5_I4_O)        0.124    14.227 r  u_soc_top/gen_cv32e40p_core.u_core/core_i/id_stage_i/register_file_i/i___112__16_i_33/O
                         net (fo=5, routed)           1.015    15.243    u_soc_top/gen_cv32e40p_core.u_core/core_i/id_stage_i/register_file_i/ex_stage_i/alu_i/radix_2_rev[16]
    SLICE_X51Y163        LUT6 (Prop_lut6_I0_O)        0.124    15.367 r  u_soc_top/gen_cv32e40p_core.u_core/core_i/id_stage_i/register_file_i/i___50_i_107/O
                         net (fo=1, routed)           0.000    15.367    u_soc_top/gen_cv32e40p_core.u_core/core_i/id_stage_i/register_file_i/i___50_i_107_n_0
    SLICE_X51Y163        MUXF7 (Prop_muxf7_I1_O)      0.217    15.584 r  u_soc_top/gen_cv32e40p_core.u_core/core_i/id_stage_i/register_file_i/i___50_i_98/O
                         net (fo=1, routed)           0.000    15.584    u_soc_top/gen_cv32e40p_core.u_core/core_i/id_stage_i/register_file_i/i___50_i_98_n_0
    SLICE_X51Y163        MUXF8 (Prop_muxf8_I1_O)      0.094    15.678 r  u_soc_top/gen_cv32e40p_core.u_core/core_i/id_stage_i/register_file_i/i___50_i_92/O
                         net (fo=1, routed)           0.408    16.086    u_soc_top/gen_cv32e40p_core.u_core/core_i/id_stage_i/register_file_i/i___50_i_92_n_0
    SLICE_X51Y162        LUT6 (Prop_lut6_I0_O)        0.316    16.402 r  u_soc_top/gen_cv32e40p_core.u_core/core_i/id_stage_i/register_file_i/i___50_i_86/O
                         net (fo=64, routed)          0.934    17.336    u_soc_top/gen_cv32e40p_core.u_core/core_i/id_stage_i/register_file_i/ex_stage_i/alu_i/extract_sign
    SLICE_X44Y161        LUT6 (Prop_lut6_I3_O)        0.124    17.460 r  u_soc_top/gen_cv32e40p_core.u_core/core_i/id_stage_i/register_file_i/i___112__28_i_33/O
                         net (fo=1, routed)           0.732    18.192    u_soc_top/gen_cv32e40p_core.u_core/core_i/id_stage_i/register_file_i/ex_stage_i/alu_i/bextins_result[5]
    SLICE_X36Y161        LUT6 (Prop_lut6_I5_O)        0.124    18.316 r  u_soc_top/gen_cv32e40p_core.u_core/core_i/id_stage_i/register_file_i/i___112__28_i_25/O
                         net (fo=1, routed)           0.000    18.316    u_soc_top/gen_cv32e40p_core.u_core/core_i/id_stage_i/register_file_i/i___112__28_i_25_n_0
    SLICE_X36Y161        MUXF7 (Prop_muxf7_I1_O)      0.217    18.533 r  u_soc_top/gen_cv32e40p_core.u_core/core_i/id_stage_i/register_file_i/i___112__28_i_20/O
                         net (fo=1, routed)           0.441    18.974    u_soc_top/gen_cv32e40p_core.u_core/core_i/id_stage_i/register_file_i/i___112__28_i_20_n_0
    SLICE_X36Y161        LUT6 (Prop_lut6_I5_O)        0.299    19.273 r  u_soc_top/gen_cv32e40p_core.u_core/core_i/id_stage_i/register_file_i/i___112__28_i_8/O
                         net (fo=1, routed)           0.307    19.580    u_soc_top/gen_cv32e40p_core.u_core/core_i/id_stage_i/gen_hwloop_regs.hwloop_regs_i/alu_result[5]
    SLICE_X33Y161        LUT6 (Prop_lut6_I3_O)        0.124    19.704 r  u_soc_top/gen_cv32e40p_core.u_core/core_i/id_stage_i/gen_hwloop_regs.hwloop_regs_i/i___112__28_i_3/O
                         net (fo=38, routed)          0.530    20.234    u_soc_top/gen_cv32e40p_core.u_core/core_i/id_stage_i/register_file_i/hwlp_start_q_reg[0][5]_0
    SLICE_X32Y158        LUT6 (Prop_lut6_I4_O)        0.124    20.358 r  u_soc_top/gen_cv32e40p_core.u_core/core_i/id_stage_i/register_file_i/alu_operand_c_ex_o[5]_i_2/O
                         net (fo=4, routed)           0.662    21.020    u_soc_top/gen_cv32e40p_core.u_core/core_i/if_stage_i/mult_dot_op_b_ex_o_reg[5]_0
    SLICE_X32Y160        LUT6 (Prop_lut6_I5_O)        0.124    21.144 r  u_soc_top/gen_cv32e40p_core.u_core/core_i/if_stage_i/mult_operand_b_ex_o[5]_i_1/O
                         net (fo=8, routed)           1.028    22.172    u_soc_top/gen_cv32e40p_core.u_core/core_i/if_stage_i/operand_b[5]
    SLICE_X39Y164        LUT5 (Prop_lut5_I0_O)        0.124    22.296 r  u_soc_top/gen_cv32e40p_core.u_core/core_i/if_stage_i/mult_operand_b_ex_o[21]_i_1/O
                         net (fo=2, routed)           0.835    23.132    u_soc_top/gen_cv32e40p_core.u_core/core_i/id_stage_i/mult_operand_b_ex_o_reg[31]_1[13]
    SLICE_X39Y164        FDCE                                         r  u_soc_top/gen_cv32e40p_core.u_core/core_i/id_stage_i/mult_dot_op_b_ex_o_reg[21]/D
  -------------------------------------------------------------------    -------------------

                         (clock clk_50m_unbuf rise edge)
                                                     20.000    20.000 r  
    E3                                                0.000    20.000 r  clk_100m_i (IN)
                         net (fo=0)                   0.000    20.000    clk_100m_i
    E3                   IBUF (Prop_ibuf_I_O)         1.411    21.411 r  clk_100m_i_IBUF_inst/O
                         net (fo=1, routed)           1.162    22.573    clk_100m_i_IBUF
    MMCME2_ADV_X1Y2      MMCME2_ADV (Prop_mmcme2_adv_CLKIN1_CLKOUT0)
                                                     -7.324    15.249 r  u_mmcm/CLKOUT0
                         net (fo=1, routed)           1.639    16.888    clk_50m_unbuf
    BUFGCTRL_X0Y16       BUFG (Prop_bufg_I_O)         0.091    16.979 r  u_bufg_clk50/O
                         net (fo=4563, routed)        1.860    18.840    u_soc_top/gen_cv32e40p_core.u_core/core_i/sleep_unit_i/core_clock_gate_i/clk_50m
    SLICE_X52Y97         LUT2 (Prop_lut2_I0_O)        0.100    18.940 r  u_soc_top/gen_cv32e40p_core.u_core/core_i/sleep_unit_i/core_clock_gate_i/cnt_q[1]_i_4/O
                         net (fo=1, routed)           0.694    19.633    u_soc_top_n_44
    BUFGCTRL_X0Y0        BUFG (Prop_bufg_I_O)         0.091    19.724 r  cnt_q_reg[1]_i_2/O
                         net (fo=2420, routed)        1.674    21.398    u_soc_top/gen_cv32e40p_core.u_core/core_i/id_stage_i/clk
    SLICE_X39Y164        FDCE                                         r  u_soc_top/gen_cv32e40p_core.u_core/core_i/id_stage_i/mult_dot_op_b_ex_o_reg[21]/C
                         clock pessimism              0.921    22.319    
                         clock uncertainty           -0.089    22.230    
    SLICE_X39Y164        FDCE (Setup_fdce_C_D)       -0.067    22.163    u_soc_top/gen_cv32e40p_core.u_core/core_i/id_stage_i/mult_dot_op_b_ex_o_reg[21]
  -------------------------------------------------------------------
                         required time                         22.163    
                         arrival time                         -23.132    
  -------------------------------------------------------------------
                         slack                                 -0.968    

Slack (VIOLATED) :        -0.963ns  (required time - arrival time)
  Source:                 u_soc_top/gen_cv32e40p_core.u_core/core_i/id_stage_i/alu_operator_ex_o_reg[5]/C
                            (rising edge-triggered cell FDCE clocked by clk_50m_unbuf  {rise@0.000ns fall@10.000ns period=20.000ns})
  Destination:            u_soc_top/gen_cv32e40p_core.u_core/core_i/id_stage_i/mult_operand_a_ex_o_reg[30]/D
                            (rising edge-triggered cell FDCE clocked by clk_50m_unbuf  {rise@0.000ns fall@10.000ns period=20.000ns})
  Path Group:             clk_50m_unbuf
  Path Type:              Setup (Max at Slow Process Corner)
  Requirement:            20.000ns  (clk_50m_unbuf rise@20.000ns - clk_50m_unbuf rise@0.000ns)
  Data Path Delay:        20.766ns  (logic 6.483ns (31.220%)  route 14.283ns (68.780%))
  Logic Levels:           32  (CARRY4=8 LUT3=2 LUT5=6 LUT6=13 MUXF7=2 MUXF8=1)
  Clock Path Skew:        -0.028ns (DCD - SCD + CPR)
    Destination Clock Delay (DCD):    1.396ns = ( 21.396 - 20.000 ) 
    Source Clock Delay      (SCD):    2.345ns
    Clock Pessimism Removal (CPR):    0.921ns
  Clock Uncertainty:      0.089ns  ((TSJ^2 + DJ^2)^1/2) / 2 + PE
    Total System Jitter     (TSJ):    0.071ns
    Discrete Jitter          (DJ):    0.163ns
    Phase Error              (PE):    0.000ns

    Location             Delay type                Incr(ns)  Path(ns)    Netlist Resource(s)
  -------------------------------------------------------------------    -------------------
                         (clock clk_50m_unbuf rise edge)
                                                      0.000     0.000 r  
    E3                                                0.000     0.000 r  clk_100m_i (IN)
                         net (fo=0)                   0.000     0.000    clk_100m_i
    E3                   IBUF (Prop_ibuf_I_O)         1.482     1.482 r  clk_100m_i_IBUF_inst/O
                         net (fo=1, routed)           1.233     2.715    clk_100m_i_IBUF
    MMCME2_ADV_X1Y2      MMCME2_ADV (Prop_mmcme2_adv_CLKIN1_CLKOUT0)
                                                     -7.070    -4.355 r  u_mmcm/CLKOUT0
                         net (fo=1, routed)           1.719    -2.636    clk_50m_unbuf
    BUFGCTRL_X0Y16       BUFG (Prop_bufg_I_O)         0.096    -2.540 r  u_bufg_clk50/O
                         net (fo=4563, routed)        2.067    -0.473    u_soc_top/gen_cv32e40p_core.u_core/core_i/sleep_unit_i/core_clock_gate_i/clk_50m
    SLICE_X52Y97         LUT2 (Prop_lut2_I0_O)        0.124    -0.349 r  u_soc_top/gen_cv32e40p_core.u_core/core_i/sleep_unit_i/core_clock_gate_i/cnt_q[1]_i_4/O
                         net (fo=1, routed)           0.794     0.445    u_soc_top_n_44
    BUFGCTRL_X0Y0        BUFG (Prop_bufg_I_O)         0.096     0.541 r  cnt_q_reg[1]_i_2/O
                         net (fo=2420, routed)        1.804     2.345    u_soc_top/gen_cv32e40p_core.u_core/core_i/id_stage_i/clk
    SLICE_X40Y162        FDCE                                         r  u_soc_top/gen_cv32e40p_core.u_core/core_i/id_stage_i/alu_operator_ex_o_reg[5]/C
  -------------------------------------------------------------------    -------------------
    SLICE_X40Y162        FDCE (Prop_fdce_C_Q)         0.419     2.764 r  u_soc_top/gen_cv32e40p_core.u_core/core_i/id_stage_i/alu_operator_ex_o_reg[5]/Q
                         net (fo=59, routed)          0.569     3.333    u_soc_top/gen_cv32e40p_core.u_core/core_i/id_stage_i/register_file_i/i___171_i_34_0[5]
    SLICE_X40Y162        LUT3 (Prop_lut3_I0_O)        0.299     3.632 r  u_soc_top/gen_cv32e40p_core.u_core/core_i/id_stage_i/register_file_i/i___183_i_5/O
                         net (fo=96, routed)          0.925     4.557    u_soc_top/gen_cv32e40p_core.u_core/core_i/id_stage_i/register_file_i/i___183_i_5_n_0
    SLICE_X44Y162        LUT6 (Prop_lut6_I0_O)        0.124     4.681 r  u_soc_top/gen_cv32e40p_core.u_core/core_i/id_stage_i/register_file_i/BReg_DP[24]_i_27/O
                         net (fo=1, routed)           0.623     5.304    u_soc_top/gen_cv32e40p_core.u_core/core_i/id_stage_i/register_file_i/BReg_DP[24]_i_27_n_0
    SLICE_X45Y158        LUT6 (Prop_lut6_I5_O)        0.124     5.428 r  u_soc_top/gen_cv32e40p_core.u_core/core_i/id_stage_i/register_file_i/BReg_DP[24]_i_19/O
                         net (fo=2, routed)           0.585     6.013    u_soc_top/gen_cv32e40p_core.u_core/core_i/id_stage_i/register_file_i/ex_stage_i/alu_i/adder_op_a[6]
    SLICE_X41Y157        LUT5 (Prop_lut5_I0_O)        0.124     6.137 r  u_soc_top/gen_cv32e40p_core.u_core/core_i/id_stage_i/register_file_i/BReg_DP[24]_i_23/O
                         net (fo=1, routed)           0.000     6.137    u_soc_top/gen_cv32e40p_core.u_core/core_i/id_stage_i/register_file_i/BReg_DP[24]_i_23_n_0
    SLICE_X41Y157        CARRY4 (Prop_carry4_S[2]_CO[3])
                                                      0.398     6.535 r  u_soc_top/gen_cv32e40p_core.u_core/core_i/id_stage_i/register_file_i/BReg_DP_reg[24]_i_12/CO[3]
                         net (fo=1, routed)           0.000     6.535    u_soc_top/gen_cv32e40p_core.u_core/core_i/id_stage_i/register_file_i/BReg_DP_reg[24]_i_12_n_0
    SLICE_X41Y158        CARRY4 (Prop_carry4_CI_O[1])
                                                      0.334     6.869 r  u_soc_top/gen_cv32e40p_core.u_core/core_i/id_stage_i/register_file_i/BReg_DP_reg[31]_i_98/O[1]
                         net (fo=3, routed)           0.702     7.571    u_soc_top/gen_cv32e40p_core.u_core/core_i/id_stage_i/register_file_i/ex_stage_i/alu_i/data0[8]
    SLICE_X42Y159        LUT5 (Prop_lut5_I3_O)        0.303     7.874 r  u_soc_top/gen_cv32e40p_core.u_core/core_i/id_stage_i/register_file_i/BReg_DP[31]_i_102/O
                         net (fo=1, routed)           0.000     7.874    u_soc_top/gen_cv32e40p_core.u_core/core_i/id_stage_i/register_file_i/BReg_DP[31]_i_102_n_0
    SLICE_X42Y159        CARRY4 (Prop_carry4_S[0]_CO[3])
                                                      0.513     8.387 r  u_soc_top/gen_cv32e40p_core.u_core/core_i/id_stage_i/register_file_i/BReg_DP_reg[31]_i_83/CO[3]
                         net (fo=1, routed)           0.000     8.387    u_soc_top/gen_cv32e40p_core.u_core/core_i/id_stage_i/register_file_i/BReg_DP_reg[31]_i_83_n_0
    SLICE_X42Y160        CARRY4 (Prop_carry4_CI_CO[3])
                                                      0.117     8.504 r  u_soc_top/gen_cv32e40p_core.u_core/core_i/id_stage_i/register_file_i/BReg_DP_reg[16]_i_11/CO[3]
                         net (fo=1, routed)           0.000     8.504    u_soc_top/gen_cv32e40p_core.u_core/core_i/id_stage_i/register_file_i/BReg_DP_reg[16]_i_11_n_0
    SLICE_X42Y161        CARRY4 (Prop_carry4_CI_CO[3])
                                                      0.117     8.621 r  u_soc_top/gen_cv32e40p_core.u_core/core_i/id_stage_i/register_file_i/BReg_DP_reg[31]_i_84/CO[3]
                         net (fo=1, routed)           0.000     8.621    u_soc_top/gen_cv32e40p_core.u_core/core_i/id_stage_i/register_file_i/BReg_DP_reg[31]_i_84_n_0
    SLICE_X42Y162        CARRY4 (Prop_carry4_CI_CO[3])
                                                      0.117     8.738 r  u_soc_top/gen_cv32e40p_core.u_core/core_i/id_stage_i/register_file_i/BReg_DP_reg[8]_i_8/CO[3]
                         net (fo=1, routed)           0.000     8.738    u_soc_top/gen_cv32e40p_core.u_core/core_i/id_stage_i/register_file_i/BReg_DP_reg[8]_i_8_n_0
    SLICE_X42Y163        CARRY4 (Prop_carry4_CI_CO[3])
                                                      0.117     8.855 r  u_soc_top/gen_cv32e40p_core.u_core/core_i/id_stage_i/register_file_i/BReg_DP_reg[31]_i_82/CO[3]
                         net (fo=1, routed)           0.000     8.855    u_soc_top/gen_cv32e40p_core.u_core/core_i/id_stage_i/register_file_i/BReg_DP_reg[31]_i_82_n_0
    SLICE_X42Y164        CARRY4 (Prop_carry4_CI_O[3])
                                                      0.315     9.170 r  u_soc_top/gen_cv32e40p_core.u_core/core_i/id_stage_i/register_file_i/BReg_DP_reg[0]_i_8/O[3]
                         net (fo=2, routed)           0.499     9.669    u_soc_top/gen_cv32e40p_core.u_core/core_i/id_stage_i/register_file_i/ex_stage_i/alu_i/adder_round_result[31]
    SLICE_X44Y164        LUT6 (Prop_lut6_I2_O)        0.307     9.976 r  u_soc_top/gen_cv32e40p_core.u_core/core_i/id_stage_i/register_file_i/BReg_DP[0]_i_6/O
                         net (fo=61, routed)          0.780    10.757    u_soc_top/gen_cv32e40p_core.u_core/core_i/id_stage_i/register_file_i/shift_right_result126_out
    SLICE_X44Y165        LUT3 (Prop_lut3_I2_O)        0.124    10.881 r  u_soc_top/gen_cv32e40p_core.u_core/core_i/id_stage_i/register_file_i/BReg_DP[18]_i_10/O
                         net (fo=3, routed)           0.738    11.619    u_soc_top/gen_cv32e40p_core.u_core/core_i/id_stage_i/register_file_i/alu_operand_a_ex_o_reg[11][1]
    SLICE_X45Y168        LUT6 (Prop_lut6_I0_O)        0.124    11.743 r  u_soc_top/gen_cv32e40p_core.u_core/core_i/id_stage_i/register_file_i/BReg_DP[18]_i_7/O
                         net (fo=4, routed)           0.841    12.583    u_soc_top/gen_cv32e40p_core.u_core/core_i/id_stage_i/register_file_i/BReg_DP[18]_i_7_n_0
    SLICE_X48Y168        LUT6 (Prop_lut6_I3_O)        0.124    12.707 r  u_soc_top/gen_cv32e40p_core.u_core/core_i/id_stage_i/register_file_i/BReg_DP[16]_i_4/O
                         net (fo=3, routed)           0.680    13.387    u_soc_top/gen_cv32e40p_core.u_core/core_i/id_stage_i/register_file_i/alu_clpx_shift_ex_o_reg[1]_12
    SLICE_X51Y167        LUT5 (Prop_lut5_I2_O)        0.124    13.511 r  u_soc_top/gen_cv32e40p_core.u_core/core_i/id_stage_i/register_file_i/BReg_DP[16]_i_2/O
                         net (fo=3, routed)           0.592    14.103    u_soc_top/gen_cv32e40p_core.u_core/core_i/id_stage_i/register_file_i/shift_left_result[2]
    SLICE_X51Y167        LUT5 (Prop_lut5_I4_O)        0.124    14.227 r  u_soc_top/gen_cv32e40p_core.u_core/core_i/id_stage_i/register_file_i/i___112__16_i_33/O
                         net (fo=5, routed)           1.015    15.243    u_soc_top/gen_cv32e40p_core.u_core/core_i/id_stage_i/register_file_i/ex_stage_i/alu_i/radix_2_rev[16]
    SLICE_X51Y163        LUT6 (Prop_lut6_I0_O)        0.124    15.367 r  u_soc_top/gen_cv32e40p_core.u_core/core_i/id_stage_i/register_file_i/i___50_i_107/O
                         net (fo=1, routed)           0.000    15.367    u_soc_top/gen_cv32e40p_core.u_core/core_i/id_stage_i/register_file_i/i___50_i_107_n_0
    SLICE_X51Y163        MUXF7 (Prop_muxf7_I1_O)      0.217    15.584 r  u_soc_top/gen_cv32e40p_core.u_core/core_i/id_stage_i/register_file_i/i___50_i_98/O
                         net (fo=1, routed)           0.000    15.584    u_soc_top/gen_cv32e40p_core.u_core/core_i/id_stage_i/register_file_i/i___50_i_98_n_0
    SLICE_X51Y163        MUXF8 (Prop_muxf8_I1_O)      0.094    15.678 r  u_soc_top/gen_cv32e40p_core.u_core/core_i/id_stage_i/register_file_i/i___50_i_92/O
                         net (fo=1, routed)           0.408    16.086    u_soc_top/gen_cv32e40p_core.u_core/core_i/id_stage_i/register_file_i/i___50_i_92_n_0
    SLICE_X51Y162        LUT6 (Prop_lut6_I0_O)        0.316    16.402 r  u_soc_top/gen_cv32e40p_core.u_core/core_i/id_stage_i/register_file_i/i___50_i_86/O
                         net (fo=64, routed)          0.579    16.980    u_soc_top/gen_cv32e40p_core.u_core/core_i/id_stage_i/register_file_i/ex_stage_i/alu_i/extract_sign
    SLICE_X48Y163        LUT6 (Prop_lut6_I5_O)        0.124    17.104 r  u_soc_top/gen_cv32e40p_core.u_core/core_i/id_stage_i/register_file_i/i___112__1_i_45/O
                         net (fo=1, routed)           0.444    17.548    u_soc_top/gen_cv32e40p_core.u_core/core_i/id_stage_i/register_file_i/i___112__1_i_45_n_0
    SLICE_X48Y163        LUT6 (Prop_lut6_I5_O)        0.124    17.672 r  u_soc_top/gen_cv32e40p_core.u_core/core_i/id_stage_i/register_file_i/i___112__1_i_38/O
                         net (fo=1, routed)           0.682    18.354    u_soc_top/gen_cv32e40p_core.u_core/core_i/id_stage_i/register_file_i/ex_stage_i/alu_i/bextins_result[30]
    SLICE_X44Y167        LUT6 (Prop_lut6_I5_O)        0.124    18.478 r  u_soc_top/gen_cv32e40p_core.u_core/core_i/id_stage_i/register_file_i/i___112__1_i_28/O
                         net (fo=1, routed)           0.000    18.478    u_soc_top/gen_cv32e40p_core.u_core/core_i/id_stage_i/register_file_i/i___112__1_i_28_n_0
    SLICE_X44Y167        MUXF7 (Prop_muxf7_I1_O)      0.217    18.695 r  u_soc_top/gen_cv32e40p_core.u_core/core_i/id_stage_i/register_file_i/i___112__1_i_20/O
                         net (fo=1, routed)           0.436    19.131    u_soc_top/gen_cv32e40p_core.u_core/core_i/id_stage_i/register_file_i/i___112__1_i_20_n_0
    SLICE_X44Y167        LUT6 (Prop_lut6_I5_O)        0.299    19.430 r  u_soc_top/gen_cv32e40p_core.u_core/core_i/id_stage_i/register_file_i/i___112__1_i_8/O
                         net (fo=1, routed)           0.280    19.710    u_soc_top/gen_cv32e40p_core.u_core/core_i/id_stage_i/gen_hwloop_regs.hwloop_regs_i/alu_result[25]
    SLICE_X44Y167        LUT6 (Prop_lut6_I3_O)        0.124    19.834 r  u_soc_top/gen_cv32e40p_core.u_core/core_i/id_stage_i/gen_hwloop_regs.hwloop_regs_i/i___112__1_i_3/O
                         net (fo=34, routed)          0.644    20.478    u_soc_top/gen_cv32e40p_core.u_core/core_i/id_stage_i/register_file_i/hwlp_start_q_reg[0][30]_0
    SLICE_X44Y166        LUT6 (Prop_lut6_I4_O)        0.124    20.602 r  u_soc_top/gen_cv32e40p_core.u_core/core_i/id_stage_i/register_file_i/hwlp_start_q[1][30]_i_2/O
                         net (fo=8, routed)           0.616    21.218    u_soc_top/gen_cv32e40p_core.u_core/core_i/if_stage_i/hwlp_start_q_reg[0][30]
    SLICE_X41Y167        LUT5 (Prop_lut5_I4_O)        0.124    21.342 r  u_soc_top/gen_cv32e40p_core.u_core/core_i/if_stage_i/alu_operand_a_ex_o[30]_i_2/O
                         net (fo=2, routed)           0.779    22.121    u_soc_top/gen_cv32e40p_core.u_core/core_i/if_stage_i/alu_operand_a_ex_o[30]_i_2_n_0
    SLICE_X41Y165        LUT5 (Prop_lut5_I4_O)        0.124    22.245 r  u_soc_top/gen_cv32e40p_core.u_core/core_i/if_stage_i/mult_operand_a_ex_o[30]_i_1/O
                         net (fo=2, routed)           0.866    23.111    u_soc_top/gen_cv32e40p_core.u_core/core_i/id_stage_i/mult_operand_a_ex_o_reg[31]_0[30]
    SLICE_X40Y166        FDCE                                         r  u_soc_top/gen_cv32e40p_core.u_core/core_i/id_stage_i/mult_operand_a_ex_o_reg[30]/D
  -------------------------------------------------------------------    -------------------

                         (clock clk_50m_unbuf rise edge)
                                                     20.000    20.000 r  
    E3                                                0.000    20.000 r  clk_100m_i (IN)
                         net (fo=0)                   0.000    20.000    clk_100m_i
    E3                   IBUF (Prop_ibuf_I_O)         1.411    21.411 r  clk_100m_i_IBUF_inst/O
                         net (fo=1, routed)           1.162    22.573    clk_100m_i_IBUF
    MMCME2_ADV_X1Y2      MMCME2_ADV (Prop_mmcme2_adv_CLKIN1_CLKOUT0)
                                                     -7.324    15.249 r  u_mmcm/CLKOUT0
                         net (fo=1, routed)           1.639    16.888    clk_50m_unbuf
    BUFGCTRL_X0Y16       BUFG (Prop_bufg_I_O)         0.091    16.979 r  u_bufg_clk50/O
                         net (fo=4563, routed)        1.860    18.840    u_soc_top/gen_cv32e40p_core.u_core/core_i/sleep_unit_i/core_clock_gate_i/clk_50m
    SLICE_X52Y97         LUT2 (Prop_lut2_I0_O)        0.100    18.940 r  u_soc_top/gen_cv32e40p_core.u_core/core_i/sleep_unit_i/core_clock_gate_i/cnt_q[1]_i_4/O
                         net (fo=1, routed)           0.694    19.633    u_soc_top_n_44
    BUFGCTRL_X0Y0        BUFG (Prop_bufg_I_O)         0.091    19.724 r  cnt_q_reg[1]_i_2/O
                         net (fo=2420, routed)        1.672    21.396    u_soc_top/gen_cv32e40p_core.u_core/core_i/id_stage_i/clk
    SLICE_X40Y166        FDCE                                         r  u_soc_top/gen_cv32e40p_core.u_core/core_i/id_stage_i/mult_operand_a_ex_o_reg[30]/C
                         clock pessimism              0.921    22.317    
                         clock uncertainty           -0.089    22.228    
    SLICE_X40Y166        FDCE (Setup_fdce_C_D)       -0.081    22.147    u_soc_top/gen_cv32e40p_core.u_core/core_i/id_stage_i/mult_operand_a_ex_o_reg[30]
  -------------------------------------------------------------------
                         required time                         22.147    
                         arrival time                         -23.111    
  -------------------------------------------------------------------
                         slack                                 -0.963    

Slack (VIOLATED) :        -0.958ns  (required time - arrival time)
  Source:                 u_soc_top/gen_cv32e40p_core.u_core/core_i/id_stage_i/alu_operator_ex_o_reg[5]/C
                            (rising edge-triggered cell FDCE clocked by clk_50m_unbuf  {rise@0.000ns fall@10.000ns period=20.000ns})
  Destination:            u_soc_top/gen_cv32e40p_core.u_core/core_i/id_stage_i/mult_operand_b_ex_o_reg[19]/D
                            (rising edge-triggered cell FDCE clocked by clk_50m_unbuf  {rise@0.000ns fall@10.000ns period=20.000ns})
  Path Group:             clk_50m_unbuf
  Path Type:              Setup (Max at Slow Process Corner)
  Requirement:            20.000ns  (clk_50m_unbuf rise@20.000ns - clk_50m_unbuf rise@0.000ns)
  Data Path Delay:        20.757ns  (logic 6.478ns (31.208%)  route 14.279ns (68.792%))
  Logic Levels:           32  (CARRY4=8 LUT3=2 LUT5=5 LUT6=14 MUXF7=2 MUXF8=1)
  Clock Path Skew:        -0.045ns (DCD - SCD + CPR)
    Destination Clock Delay (DCD):    1.396ns = ( 21.396 - 20.000 ) 
    Source Clock Delay      (SCD):    2.345ns
    Clock Pessimism Removal (CPR):    0.904ns
  Clock Uncertainty:      0.089ns  ((TSJ^2 + DJ^2)^1/2) / 2 + PE
    Total System Jitter     (TSJ):    0.071ns
    Discrete Jitter          (DJ):    0.163ns
    Phase Error              (PE):    0.000ns

    Location             Delay type                Incr(ns)  Path(ns)    Netlist Resource(s)
  -------------------------------------------------------------------    -------------------
                         (clock clk_50m_unbuf rise edge)
                                                      0.000     0.000 r  
    E3                                                0.000     0.000 r  clk_100m_i (IN)
                         net (fo=0)                   0.000     0.000    clk_100m_i
    E3                   IBUF (Prop_ibuf_I_O)         1.482     1.482 r  clk_100m_i_IBUF_inst/O
                         net (fo=1, routed)           1.233     2.715    clk_100m_i_IBUF
    MMCME2_ADV_X1Y2      MMCME2_ADV (Prop_mmcme2_adv_CLKIN1_CLKOUT0)
                                                     -7.070    -4.355 r  u_mmcm/CLKOUT0
                         net (fo=1, routed)           1.719    -2.636    clk_50m_unbuf
    BUFGCTRL_X0Y16       BUFG (Prop_bufg_I_O)         0.096    -2.540 r  u_bufg_clk50/O
                         net (fo=4563, routed)        2.067    -0.473    u_soc_top/gen_cv32e40p_core.u_core/core_i/sleep_unit_i/core_clock_gate_i/clk_50m
    SLICE_X52Y97         LUT2 (Prop_lut2_I0_O)        0.124    -0.349 r  u_soc_top/gen_cv32e40p_core.u_core/core_i/sleep_unit_i/core_clock_gate_i/cnt_q[1]_i_4/O
                         net (fo=1, routed)           0.794     0.445    u_soc_top_n_44
    BUFGCTRL_X0Y0        BUFG (Prop_bufg_I_O)         0.096     0.541 r  cnt_q_reg[1]_i_2/O
                         net (fo=2420, routed)        1.804     2.345    u_soc_top/gen_cv32e40p_core.u_core/core_i/id_stage_i/clk
    SLICE_X40Y162        FDCE                                         r  u_soc_top/gen_cv32e40p_core.u_core/core_i/id_stage_i/alu_operator_ex_o_reg[5]/C
  -------------------------------------------------------------------    -------------------
    SLICE_X40Y162        FDCE (Prop_fdce_C_Q)         0.419     2.764 r  u_soc_top/gen_cv32e40p_core.u_core/core_i/id_stage_i/alu_operator_ex_o_reg[5]/Q
                         net (fo=59, routed)          0.569     3.333    u_soc_top/gen_cv32e40p_core.u_core/core_i/id_stage_i/register_file_i/i___171_i_34_0[5]
    SLICE_X40Y162        LUT3 (Prop_lut3_I0_O)        0.299     3.632 r  u_soc_top/gen_cv32e40p_core.u_core/core_i/id_stage_i/register_file_i/i___183_i_5/O
                         net (fo=96, routed)          0.925     4.557    u_soc_top/gen_cv32e40p_core.u_core/core_i/id_stage_i/register_file_i/i___183_i_5_n_0
    SLICE_X44Y162        LUT6 (Prop_lut6_I0_O)        0.124     4.681 r  u_soc_top/gen_cv32e40p_core.u_core/core_i/id_stage_i/register_file_i/BReg_DP[24]_i_27/O
                         net (fo=1, routed)           0.623     5.304    u_soc_top/gen_cv32e40p_core.u_core/core_i/id_stage_i/register_file_i/BReg_DP[24]_i_27_n_0
    SLICE_X45Y158        LUT6 (Prop_lut6_I5_O)        0.124     5.428 r  u_soc_top/gen_cv32e40p_core.u_core/core_i/id_stage_i/register_file_i/BReg_DP[24]_i_19/O
                         net (fo=2, routed)           0.585     6.013    u_soc_top/gen_cv32e40p_core.u_core/core_i/id_stage_i/register_file_i/ex_stage_i/alu_i/adder_op_a[6]
    SLICE_X41Y157        LUT5 (Prop_lut5_I0_O)        0.124     6.137 r  u_soc_top/gen_cv32e40p_core.u_core/core_i/id_stage_i/register_file_i/BReg_DP[24]_i_23/O
                         net (fo=1, routed)           0.000     6.137    u_soc_top/gen_cv32e40p_core.u_core/core_i/id_stage_i/register_file_i/BReg_DP[24]_i_23_n_0
    SLICE_X41Y157        CARRY4 (Prop_carry4_S[2]_CO[3])
                                                      0.398     6.535 r  u_soc_top/gen_cv32e40p_core.u_core/core_i/id_stage_i/register_file_i/BReg_DP_reg[24]_i_12/CO[3]
                         net (fo=1, routed)           0.000     6.535    u_soc_top/gen_cv32e40p_core.u_core/core_i/id_stage_i/register_file_i/BReg_DP_reg[24]_i_12_n_0
    SLICE_X41Y158        CARRY4 (Prop_carry4_CI_O[1])
                                                      0.334     6.869 r  u_soc_top/gen_cv32e40p_core.u_core/core_i/id_stage_i/register_file_i/BReg_DP_reg[31]_i_98/O[1]
                         net (fo=3, routed)           0.702     7.571    u_soc_top/gen_cv32e40p_core.u_core/core_i/id_stage_i/register_file_i/ex_stage_i/alu_i/data0[8]
    SLICE_X42Y159        LUT5 (Prop_lut5_I3_O)        0.303     7.874 r  u_soc_top/gen_cv32e40p_core.u_core/core_i/id_stage_i/register_file_i/BReg_DP[31]_i_102/O
                         net (fo=1, routed)           0.000     7.874    u_soc_top/gen_cv32e40p_core.u_core/core_i/id_stage_i/register_file_i/BReg_DP[31]_i_102_n_0
    SLICE_X42Y159        CARRY4 (Prop_carry4_S[0]_CO[3])
                                                      0.513     8.387 r  u_soc_top/gen_cv32e40p_core.u_core/core_i/id_stage_i/register_file_i/BReg_DP_reg[31]_i_83/CO[3]
                         net (fo=1, routed)           0.000     8.387    u_soc_top/gen_cv32e40p_core.u_core/core_i/id_stage_i/register_file_i/BReg_DP_reg[31]_i_83_n_0
    SLICE_X42Y160        CARRY4 (Prop_carry4_CI_CO[3])
                                                      0.117     8.504 r  u_soc_top/gen_cv32e40p_core.u_core/core_i/id_stage_i/register_file_i/BReg_DP_reg[16]_i_11/CO[3]
                         net (fo=1, routed)           0.000     8.504    u_soc_top/gen_cv32e40p_core.u_core/core_i/id_stage_i/register_file_i/BReg_DP_reg[16]_i_11_n_0
    SLICE_X42Y161        CARRY4 (Prop_carry4_CI_CO[3])
                                                      0.117     8.621 r  u_soc_top/gen_cv32e40p_core.u_core/core_i/id_stage_i/register_file_i/BReg_DP_reg[31]_i_84/CO[3]
                         net (fo=1, routed)           0.000     8.621    u_soc_top/gen_cv32e40p_core.u_core/core_i/id_stage_i/register_file_i/BReg_DP_reg[31]_i_84_n_0
    SLICE_X42Y162        CARRY4 (Prop_carry4_CI_CO[3])
                                                      0.117     8.738 r  u_soc_top/gen_cv32e40p_core.u_core/core_i/id_stage_i/register_file_i/BReg_DP_reg[8]_i_8/CO[3]
                         net (fo=1, routed)           0.000     8.738    u_soc_top/gen_cv32e40p_core.u_core/core_i/id_stage_i/register_file_i/BReg_DP_reg[8]_i_8_n_0
    SLICE_X42Y163        CARRY4 (Prop_carry4_CI_CO[3])
                                                      0.117     8.855 r  u_soc_top/gen_cv32e40p_core.u_core/core_i/id_stage_i/register_file_i/BReg_DP_reg[31]_i_82/CO[3]
                         net (fo=1, routed)           0.000     8.855    u_soc_top/gen_cv32e40p_core.u_core/core_i/id_stage_i/register_file_i/BReg_DP_reg[31]_i_82_n_0
    SLICE_X42Y164        CARRY4 (Prop_carry4_CI_O[3])
                                                      0.315     9.170 r  u_soc_top/gen_cv32e40p_core.u_core/core_i/id_stage_i/register_file_i/BReg_DP_reg[0]_i_8/O[3]
                         net (fo=2, routed)           0.499     9.669    u_soc_top/gen_cv32e40p_core.u_core/core_i/id_stage_i/register_file_i/ex_stage_i/alu_i/adder_round_result[31]
    SLICE_X44Y164        LUT6 (Prop_lut6_I2_O)        0.307     9.976 r  u_soc_top/gen_cv32e40p_core.u_core/core_i/id_stage_i/register_file_i/BReg_DP[0]_i_6/O
                         net (fo=61, routed)          0.780    10.757    u_soc_top/gen_cv32e40p_core.u_core/core_i/id_stage_i/register_file_i/shift_right_result126_out
    SLICE_X44Y165        LUT3 (Prop_lut3_I2_O)        0.124    10.881 r  u_soc_top/gen_cv32e40p_core.u_core/core_i/id_stage_i/register_file_i/BReg_DP[18]_i_10/O
                         net (fo=3, routed)           0.738    11.619    u_soc_top/gen_cv32e40p_core.u_core/core_i/id_stage_i/register_file_i/alu_operand_a_ex_o_reg[11][1]
    SLICE_X45Y168        LUT6 (Prop_lut6_I0_O)        0.124    11.743 r  u_soc_top/gen_cv32e40p_core.u_core/core_i/id_stage_i/register_file_i/BReg_DP[18]_i_7/O
                         net (fo=4, routed)           0.841    12.583    u_soc_top/gen_cv32e40p_core.u_core/core_i/id_stage_i/register_file_i/BReg_DP[18]_i_7_n_0
    SLICE_X48Y168        LUT6 (Prop_lut6_I3_O)        0.124    12.707 r  u_soc_top/gen_cv32e40p_core.u_core/core_i/id_stage_i/register_file_i/BReg_DP[16]_i_4/O
                         net (fo=3, routed)           0.680    13.387    u_soc_top/gen_cv32e40p_core.u_core/core_i/id_stage_i/register_file_i/alu_clpx_shift_ex_o_reg[1]_12
    SLICE_X51Y167        LUT5 (Prop_lut5_I2_O)        0.124    13.511 r  u_soc_top/gen_cv32e40p_core.u_core/core_i/id_stage_i/register_file_i/BReg_DP[16]_i_2/O
                         net (fo=3, routed)           0.592    14.103    u_soc_top/gen_cv32e40p_core.u_core/core_i/id_stage_i/register_file_i/shift_left_result[2]
    SLICE_X51Y167        LUT5 (Prop_lut5_I4_O)        0.124    14.227 r  u_soc_top/gen_cv32e40p_core.u_core/core_i/id_stage_i/register_file_i/i___112__16_i_33/O
                         net (fo=5, routed)           1.015    15.243    u_soc_top/gen_cv32e40p_core.u_core/core_i/id_stage_i/register_file_i/ex_stage_i/alu_i/radix_2_rev[16]
    SLICE_X51Y163        LUT6 (Prop_lut6_I0_O)        0.124    15.367 r  u_soc_top/gen_cv32e40p_core.u_core/core_i/id_stage_i/register_file_i/i___50_i_107/O
                         net (fo=1, routed)           0.000    15.367    u_soc_top/gen_cv32e40p_core.u_core/core_i/id_stage_i/register_file_i/i___50_i_107_n_0
    SLICE_X51Y163        MUXF7 (Prop_muxf7_I1_O)      0.217    15.584 r  u_soc_top/gen_cv32e40p_core.u_core/core_i/id_stage_i/register_file_i/i___50_i_98/O
                         net (fo=1, routed)           0.000    15.584    u_soc_top/gen_cv32e40p_core.u_core/core_i/id_stage_i/register_file_i/i___50_i_98_n_0
    SLICE_X51Y163        MUXF8 (Prop_muxf8_I1_O)      0.094    15.678 r  u_soc_top/gen_cv32e40p_core.u_core/core_i/id_stage_i/register_file_i/i___50_i_92/O
                         net (fo=1, routed)           0.408    16.086    u_soc_top/gen_cv32e40p_core.u_core/core_i/id_stage_i/register_file_i/i___50_i_92_n_0
    SLICE_X51Y162        LUT6 (Prop_lut6_I0_O)        0.316    16.402 r  u_soc_top/gen_cv32e40p_core.u_core/core_i/id_stage_i/register_file_i/i___50_i_86/O
                         net (fo=64, routed)          0.627    17.029    u_soc_top/gen_cv32e40p_core.u_core/core_i/id_stage_i/register_file_i/ex_stage_i/alu_i/extract_sign
    SLICE_X47Y160        LUT6 (Prop_lut6_I5_O)        0.124    17.153 r  u_soc_top/gen_cv32e40p_core.u_core/core_i/id_stage_i/register_file_i/i___112__32_i_36/O
                         net (fo=1, routed)           0.442    17.595    u_soc_top/gen_cv32e40p_core.u_core/core_i/id_stage_i/register_file_i/i___112__32_i_36_n_0
    SLICE_X47Y156        LUT6 (Prop_lut6_I5_O)        0.124    17.719 r  u_soc_top/gen_cv32e40p_core.u_core/core_i/id_stage_i/register_file_i/i___112__32_i_32/O
                         net (fo=1, routed)           0.354    18.073    u_soc_top/gen_cv32e40p_core.u_core/core_i/id_stage_i/register_file_i/ex_stage_i/alu_i/bextins_result[3]
    SLICE_X46Y156        LUT6 (Prop_lut6_I5_O)        0.124    18.197 r  u_soc_top/gen_cv32e40p_core.u_core/core_i/id_stage_i/register_file_i/i___112__32_i_25/O
                         net (fo=1, routed)           0.000    18.197    u_soc_top/gen_cv32e40p_core.u_core/core_i/id_stage_i/register_file_i/i___112__32_i_25_n_0
    SLICE_X46Y156        MUXF7 (Prop_muxf7_I1_O)      0.214    18.411 r  u_soc_top/gen_cv32e40p_core.u_core/core_i/id_stage_i/register_file_i/i___112__32_i_12/O
                         net (fo=1, routed)           0.613    19.024    u_soc_top/gen_cv32e40p_core.u_core/core_i/id_stage_i/register_file_i/i___112__32_i_12_n_0
    SLICE_X44Y156        LUT6 (Prop_lut6_I5_O)        0.297    19.321 r  u_soc_top/gen_cv32e40p_core.u_core/core_i/id_stage_i/register_file_i/i___112__32_i_4/O
                         net (fo=1, routed)           0.407    19.728    u_soc_top/gen_cv32e40p_core.u_core/core_i/id_stage_i/gen_hwloop_regs.hwloop_regs_i/alu_result[3]
    SLICE_X45Y156        LUT6 (Prop_lut6_I3_O)        0.124    19.852 r  u_soc_top/gen_cv32e40p_core.u_core/core_i/id_stage_i/gen_hwloop_regs.hwloop_regs_i/i___112__32_i_2/O
                         net (fo=37, routed)          0.737    20.589    u_soc_top/gen_cv32e40p_core.u_core/core_i/id_stage_i/gen_hwloop_regs.hwloop_regs_i/csr_access_ex_o_reg_1
    SLICE_X43Y155        LUT6 (Prop_lut6_I2_O)        0.124    20.713 r  u_soc_top/gen_cv32e40p_core.u_core/core_i/id_stage_i/gen_hwloop_regs.hwloop_regs_i/i___81_i_1/O
                         net (fo=4, routed)           0.921    21.634    u_soc_top/gen_cv32e40p_core.u_core/core_i/if_stage_i/mult_dot_op_c_ex_o_reg[3]_0
    SLICE_X48Y156        LUT6 (Prop_lut6_I3_O)        0.124    21.758 r  u_soc_top/gen_cv32e40p_core.u_core/core_i/if_stage_i/mult_operand_b_ex_o[3]_i_1/O
                         net (fo=9, routed)           0.602    22.359    u_soc_top/gen_cv32e40p_core.u_core/core_i/if_stage_i/operand_b[3]
    SLICE_X49Y159        LUT5 (Prop_lut5_I0_O)        0.124    22.483 r  u_soc_top/gen_cv32e40p_core.u_core/core_i/if_stage_i/mult_operand_b_ex_o[19]_i_1/O
                         net (fo=2, routed)           0.619    23.103    u_soc_top/gen_cv32e40p_core.u_core/core_i/id_stage_i/mult_operand_b_ex_o_reg[31]_1[11]
    SLICE_X49Y159        FDCE                                         r  u_soc_top/gen_cv32e40p_core.u_core/core_i/id_stage_i/mult_operand_b_ex_o_reg[19]/D
  -------------------------------------------------------------------    -------------------

                         (clock clk_50m_unbuf rise edge)
                                                     20.000    20.000 r  
    E3                                                0.000    20.000 r  clk_100m_i (IN)
                         net (fo=0)                   0.000    20.000    clk_100m_i
    E3                   IBUF (Prop_ibuf_I_O)         1.411    21.411 r  clk_100m_i_IBUF_inst/O
                         net (fo=1, routed)           1.162    22.573    clk_100m_i_IBUF
    MMCME2_ADV_X1Y2      MMCME2_ADV (Prop_mmcme2_adv_CLKIN1_CLKOUT0)
                                                     -7.324    15.249 r  u_mmcm/CLKOUT0
                         net (fo=1, routed)           1.639    16.888    clk_50m_unbuf
    BUFGCTRL_X0Y16       BUFG (Prop_bufg_I_O)         0.091    16.979 r  u_bufg_clk50/O
                         net (fo=4563, routed)        1.860    18.840    u_soc_top/gen_cv32e40p_core.u_core/core_i/sleep_unit_i/core_clock_gate_i/clk_50m
    SLICE_X52Y97         LUT2 (Prop_lut2_I0_O)        0.100    18.940 r  u_soc_top/gen_cv32e40p_core.u_core/core_i/sleep_unit_i/core_clock_gate_i/cnt_q[1]_i_4/O
                         net (fo=1, routed)           0.694    19.633    u_soc_top_n_44
    BUFGCTRL_X0Y0        BUFG (Prop_bufg_I_O)         0.091    19.724 r  cnt_q_reg[1]_i_2/O
                         net (fo=2420, routed)        1.672    21.396    u_soc_top/gen_cv32e40p_core.u_core/core_i/id_stage_i/clk
    SLICE_X49Y159        FDCE                                         r  u_soc_top/gen_cv32e40p_core.u_core/core_i/id_stage_i/mult_operand_b_ex_o_reg[19]/C
                         clock pessimism              0.904    22.300    
                         clock uncertainty           -0.089    22.211    
    SLICE_X49Y159        FDCE (Setup_fdce_C_D)       -0.067    22.144    u_soc_top/gen_cv32e40p_core.u_core/core_i/id_stage_i/mult_operand_b_ex_o_reg[19]
  -------------------------------------------------------------------
                         required time                         22.144    
                         arrival time                         -23.103    
  -------------------------------------------------------------------
                         slack                                 -0.958    

Slack (VIOLATED) :        -0.951ns  (required time - arrival time)
  Source:                 u_soc_top/gen_cv32e40p_core.u_core/core_i/id_stage_i/alu_operator_ex_o_reg[5]/C
                            (rising edge-triggered cell FDCE clocked by clk_50m_unbuf  {rise@0.000ns fall@10.000ns period=20.000ns})
  Destination:            u_soc_top/gen_cv32e40p_core.u_core/core_i/id_stage_i/mult_dot_op_b_ex_o_reg[19]/D
                            (rising edge-triggered cell FDCE clocked by clk_50m_unbuf  {rise@0.000ns fall@10.000ns period=20.000ns})
  Path Group:             clk_50m_unbuf
  Path Type:              Setup (Max at Slow Process Corner)
  Requirement:            20.000ns  (clk_50m_unbuf rise@20.000ns - clk_50m_unbuf rise@0.000ns)
  Data Path Delay:        20.770ns  (logic 6.478ns (31.188%)  route 14.292ns (68.812%))
  Logic Levels:           32  (CARRY4=8 LUT3=2 LUT5=5 LUT6=14 MUXF7=2 MUXF8=1)
  Clock Path Skew:        -0.047ns (DCD - SCD + CPR)
    Destination Clock Delay (DCD):    1.394ns = ( 21.394 - 20.000 ) 
    Source Clock Delay      (SCD):    2.345ns
    Clock Pessimism Removal (CPR):    0.904ns
  Clock Uncertainty:      0.089ns  ((TSJ^2 + DJ^2)^1/2) / 2 + PE
    Total System Jitter     (TSJ):    0.071ns
    Discrete Jitter          (DJ):    0.163ns
    Phase Error              (PE):    0.000ns

    Location             Delay type                Incr(ns)  Path(ns)    Netlist Resource(s)
  -------------------------------------------------------------------    -------------------
                         (clock clk_50m_unbuf rise edge)
                                                      0.000     0.000 r  
    E3                                                0.000     0.000 r  clk_100m_i (IN)
                         net (fo=0)                   0.000     0.000    clk_100m_i
    E3                   IBUF (Prop_ibuf_I_O)         1.482     1.482 r  clk_100m_i_IBUF_inst/O
                         net (fo=1, routed)           1.233     2.715    clk_100m_i_IBUF
    MMCME2_ADV_X1Y2      MMCME2_ADV (Prop_mmcme2_adv_CLKIN1_CLKOUT0)
                                                     -7.070    -4.355 r  u_mmcm/CLKOUT0
                         net (fo=1, routed)           1.719    -2.636    clk_50m_unbuf
    BUFGCTRL_X0Y16       BUFG (Prop_bufg_I_O)         0.096    -2.540 r  u_bufg_clk50/O
                         net (fo=4563, routed)        2.067    -0.473    u_soc_top/gen_cv32e40p_core.u_core/core_i/sleep_unit_i/core_clock_gate_i/clk_50m
    SLICE_X52Y97         LUT2 (Prop_lut2_I0_O)        0.124    -0.349 r  u_soc_top/gen_cv32e40p_core.u_core/core_i/sleep_unit_i/core_clock_gate_i/cnt_q[1]_i_4/O
                         net (fo=1, routed)           0.794     0.445    u_soc_top_n_44
    BUFGCTRL_X0Y0        BUFG (Prop_bufg_I_O)         0.096     0.541 r  cnt_q_reg[1]_i_2/O
                         net (fo=2420, routed)        1.804     2.345    u_soc_top/gen_cv32e40p_core.u_core/core_i/id_stage_i/clk
    SLICE_X40Y162        FDCE                                         r  u_soc_top/gen_cv32e40p_core.u_core/core_i/id_stage_i/alu_operator_ex_o_reg[5]/C
  -------------------------------------------------------------------    -------------------
    SLICE_X40Y162        FDCE (Prop_fdce_C_Q)         0.419     2.764 r  u_soc_top/gen_cv32e40p_core.u_core/core_i/id_stage_i/alu_operator_ex_o_reg[5]/Q
                         net (fo=59, routed)          0.569     3.333    u_soc_top/gen_cv32e40p_core.u_core/core_i/id_stage_i/register_file_i/i___171_i_34_0[5]
    SLICE_X40Y162        LUT3 (Prop_lut3_I0_O)        0.299     3.632 r  u_soc_top/gen_cv32e40p_core.u_core/core_i/id_stage_i/register_file_i/i___183_i_5/O
                         net (fo=96, routed)          0.925     4.557    u_soc_top/gen_cv32e40p_core.u_core/core_i/id_stage_i/register_file_i/i___183_i_5_n_0
    SLICE_X44Y162        LUT6 (Prop_lut6_I0_O)        0.124     4.681 r  u_soc_top/gen_cv32e40p_core.u_core/core_i/id_stage_i/register_file_i/BReg_DP[24]_i_27/O
                         net (fo=1, routed)           0.623     5.304    u_soc_top/gen_cv32e40p_core.u_core/core_i/id_stage_i/register_file_i/BReg_DP[24]_i_27_n_0
    SLICE_X45Y158        LUT6 (Prop_lut6_I5_O)        0.124     5.428 r  u_soc_top/gen_cv32e40p_core.u_core/core_i/id_stage_i/register_file_i/BReg_DP[24]_i_19/O
                         net (fo=2, routed)           0.585     6.013    u_soc_top/gen_cv32e40p_core.u_core/core_i/id_stage_i/register_file_i/ex_stage_i/alu_i/adder_op_a[6]
    SLICE_X41Y157        LUT5 (Prop_lut5_I0_O)        0.124     6.137 r  u_soc_top/gen_cv32e40p_core.u_core/core_i/id_stage_i/register_file_i/BReg_DP[24]_i_23/O
                         net (fo=1, routed)           0.000     6.137    u_soc_top/gen_cv32e40p_core.u_core/core_i/id_stage_i/register_file_i/BReg_DP[24]_i_23_n_0
    SLICE_X41Y157        CARRY4 (Prop_carry4_S[2]_CO[3])
                                                      0.398     6.535 r  u_soc_top/gen_cv32e40p_core.u_core/core_i/id_stage_i/register_file_i/BReg_DP_reg[24]_i_12/CO[3]
                         net (fo=1, routed)           0.000     6.535    u_soc_top/gen_cv32e40p_core.u_core/core_i/id_stage_i/register_file_i/BReg_DP_reg[24]_i_12_n_0
    SLICE_X41Y158        CARRY4 (Prop_carry4_CI_O[1])
                                                      0.334     6.869 r  u_soc_top/gen_cv32e40p_core.u_core/core_i/id_stage_i/register_file_i/BReg_DP_reg[31]_i_98/O[1]
                         net (fo=3, routed)           0.702     7.571    u_soc_top/gen_cv32e40p_core.u_core/core_i/id_stage_i/register_file_i/ex_stage_i/alu_i/data0[8]
    SLICE_X42Y159        LUT5 (Prop_lut5_I3_O)        0.303     7.874 r  u_soc_top/gen_cv32e40p_core.u_core/core_i/id_stage_i/register_file_i/BReg_DP[31]_i_102/O
                         net (fo=1, routed)           0.000     7.874    u_soc_top/gen_cv32e40p_core.u_core/core_i/id_stage_i/register_file_i/BReg_DP[31]_i_102_n_0
    SLICE_X42Y159        CARRY4 (Prop_carry4_S[0]_CO[3])
                                                      0.513     8.387 r  u_soc_top/gen_cv32e40p_core.u_core/core_i/id_stage_i/register_file_i/BReg_DP_reg[31]_i_83/CO[3]
                         net (fo=1, routed)           0.000     8.387    u_soc_top/gen_cv32e40p_core.u_core/core_i/id_stage_i/register_file_i/BReg_DP_reg[31]_i_83_n_0
    SLICE_X42Y160        CARRY4 (Prop_carry4_CI_CO[3])
                                                      0.117     8.504 r  u_soc_top/gen_cv32e40p_core.u_core/core_i/id_stage_i/register_file_i/BReg_DP_reg[16]_i_11/CO[3]
                         net (fo=1, routed)           0.000     8.504    u_soc_top/gen_cv32e40p_core.u_core/core_i/id_stage_i/register_file_i/BReg_DP_reg[16]_i_11_n_0
    SLICE_X42Y161        CARRY4 (Prop_carry4_CI_CO[3])
                                                      0.117     8.621 r  u_soc_top/gen_cv32e40p_core.u_core/core_i/id_stage_i/register_file_i/BReg_DP_reg[31]_i_84/CO[3]
                         net (fo=1, routed)           0.000     8.621    u_soc_top/gen_cv32e40p_core.u_core/core_i/id_stage_i/register_file_i/BReg_DP_reg[31]_i_84_n_0
    SLICE_X42Y162        CARRY4 (Prop_carry4_CI_CO[3])
                                                      0.117     8.738 r  u_soc_top/gen_cv32e40p_core.u_core/core_i/id_stage_i/register_file_i/BReg_DP_reg[8]_i_8/CO[3]
                         net (fo=1, routed)           0.000     8.738    u_soc_top/gen_cv32e40p_core.u_core/core_i/id_stage_i/register_file_i/BReg_DP_reg[8]_i_8_n_0
    SLICE_X42Y163        CARRY4 (Prop_carry4_CI_CO[3])
                                                      0.117     8.855 r  u_soc_top/gen_cv32e40p_core.u_core/core_i/id_stage_i/register_file_i/BReg_DP_reg[31]_i_82/CO[3]
                         net (fo=1, routed)           0.000     8.855    u_soc_top/gen_cv32e40p_core.u_core/core_i/id_stage_i/register_file_i/BReg_DP_reg[31]_i_82_n_0
    SLICE_X42Y164        CARRY4 (Prop_carry4_CI_O[3])
                                                      0.315     9.170 r  u_soc_top/gen_cv32e40p_core.u_core/core_i/id_stage_i/register_file_i/BReg_DP_reg[0]_i_8/O[3]
                         net (fo=2, routed)           0.499     9.669    u_soc_top/gen_cv32e40p_core.u_core/core_i/id_stage_i/register_file_i/ex_stage_i/alu_i/adder_round_result[31]
    SLICE_X44Y164        LUT6 (Prop_lut6_I2_O)        0.307     9.976 r  u_soc_top/gen_cv32e40p_core.u_core/core_i/id_stage_i/register_file_i/BReg_DP[0]_i_6/O
                         net (fo=61, routed)          0.780    10.757    u_soc_top/gen_cv32e40p_core.u_core/core_i/id_stage_i/register_file_i/shift_right_result126_out
    SLICE_X44Y165        LUT3 (Prop_lut3_I2_O)        0.124    10.881 r  u_soc_top/gen_cv32e40p_core.u_core/core_i/id_stage_i/register_file_i/BReg_DP[18]_i_10/O
                         net (fo=3, routed)           0.738    11.619    u_soc_top/gen_cv32e40p_core.u_core/core_i/id_stage_i/register_file_i/alu_operand_a_ex_o_reg[11][1]
    SLICE_X45Y168        LUT6 (Prop_lut6_I0_O)        0.124    11.743 r  u_soc_top/gen_cv32e40p_core.u_core/core_i/id_stage_i/register_file_i/BReg_DP[18]_i_7/O
                         net (fo=4, routed)           0.841    12.583    u_soc_top/gen_cv32e40p_core.u_core/core_i/id_stage_i/register_file_i/BReg_DP[18]_i_7_n_0
    SLICE_X48Y168        LUT6 (Prop_lut6_I3_O)        0.124    12.707 r  u_soc_top/gen_cv32e40p_core.u_core/core_i/id_stage_i/register_file_i/BReg_DP[16]_i_4/O
                         net (fo=3, routed)           0.680    13.387    u_soc_top/gen_cv32e40p_core.u_core/core_i/id_stage_i/register_file_i/alu_clpx_shift_ex_o_reg[1]_12
    SLICE_X51Y167        LUT5 (Prop_lut5_I2_O)        0.124    13.511 r  u_soc_top/gen_cv32e40p_core.u_core/core_i/id_stage_i/register_file_i/BReg_DP[16]_i_2/O
                         net (fo=3, routed)           0.592    14.103    u_soc_top/gen_cv32e40p_core.u_core/core_i/id_stage_i/register_file_i/shift_left_result[2]
    SLICE_X51Y167        LUT5 (Prop_lut5_I4_O)        0.124    14.227 r  u_soc_top/gen_cv32e40p_core.u_core/core_i/id_stage_i/register_file_i/i___112__16_i_33/O
                         net (fo=5, routed)           1.015    15.243    u_soc_top/gen_cv32e40p_core.u_core/core_i/id_stage_i/register_file_i/ex_stage_i/alu_i/radix_2_rev[16]
    SLICE_X51Y163        LUT6 (Prop_lut6_I0_O)        0.124    15.367 r  u_soc_top/gen_cv32e40p_core.u_core/core_i/id_stage_i/register_file_i/i___50_i_107/O
                         net (fo=1, routed)           0.000    15.367    u_soc_top/gen_cv32e40p_core.u_core/core_i/id_stage_i/register_file_i/i___50_i_107_n_0
    SLICE_X51Y163        MUXF7 (Prop_muxf7_I1_O)      0.217    15.584 r  u_soc_top/gen_cv32e40p_core.u_core/core_i/id_stage_i/register_file_i/i___50_i_98/O
                         net (fo=1, routed)           0.000    15.584    u_soc_top/gen_cv32e40p_core.u_core/core_i/id_stage_i/register_file_i/i___50_i_98_n_0
    SLICE_X51Y163        MUXF8 (Prop_muxf8_I1_O)      0.094    15.678 r  u_soc_top/gen_cv32e40p_core.u_core/core_i/id_stage_i/register_file_i/i___50_i_92/O
                         net (fo=1, routed)           0.408    16.086    u_soc_top/gen_cv32e40p_core.u_core/core_i/id_stage_i/register_file_i/i___50_i_92_n_0
    SLICE_X51Y162        LUT6 (Prop_lut6_I0_O)        0.316    16.402 r  u_soc_top/gen_cv32e40p_core.u_core/core_i/id_stage_i/register_file_i/i___50_i_86/O
                         net (fo=64, routed)          0.627    17.029    u_soc_top/gen_cv32e40p_core.u_core/core_i/id_stage_i/register_file_i/ex_stage_i/alu_i/extract_sign
    SLICE_X47Y160        LUT6 (Prop_lut6_I5_O)        0.124    17.153 r  u_soc_top/gen_cv32e40p_core.u_core/core_i/id_stage_i/register_file_i/i___112__32_i_36/O
                         net (fo=1, routed)           0.442    17.595    u_soc_top/gen_cv32e40p_core.u_core/core_i/id_stage_i/register_file_i/i___112__32_i_36_n_0
    SLICE_X47Y156        LUT6 (Prop_lut6_I5_O)        0.124    17.719 r  u_soc_top/gen_cv32e40p_core.u_core/core_i/id_stage_i/register_file_i/i___112__32_i_32/O
                         net (fo=1, routed)           0.354    18.073    u_soc_top/gen_cv32e40p_core.u_core/core_i/id_stage_i/register_file_i/ex_stage_i/alu_i/bextins_result[3]
    SLICE_X46Y156        LUT6 (Prop_lut6_I5_O)        0.124    18.197 r  u_soc_top/gen_cv32e40p_core.u_core/core_i/id_stage_i/register_file_i/i___112__32_i_25/O
                         net (fo=1, routed)           0.000    18.197    u_soc_top/gen_cv32e40p_core.u_core/core_i/id_stage_i/register_file_i/i___112__32_i_25_n_0
    SLICE_X46Y156        MUXF7 (Prop_muxf7_I1_O)      0.214    18.411 r  u_soc_top/gen_cv32e40p_core.u_core/core_i/id_stage_i/register_file_i/i___112__32_i_12/O
                         net (fo=1, routed)           0.613    19.024    u_soc_top/gen_cv32e40p_core.u_core/core_i/id_stage_i/register_file_i/i___112__32_i_12_n_0
    SLICE_X44Y156        LUT6 (Prop_lut6_I5_O)        0.297    19.321 r  u_soc_top/gen_cv32e40p_core.u_core/core_i/id_stage_i/register_file_i/i___112__32_i_4/O
                         net (fo=1, routed)           0.407    19.728    u_soc_top/gen_cv32e40p_core.u_core/core_i/id_stage_i/gen_hwloop_regs.hwloop_regs_i/alu_result[3]
    SLICE_X45Y156        LUT6 (Prop_lut6_I3_O)        0.124    19.852 r  u_soc_top/gen_cv32e40p_core.u_core/core_i/id_stage_i/gen_hwloop_regs.hwloop_regs_i/i___112__32_i_2/O
                         net (fo=37, routed)          0.737    20.589    u_soc_top/gen_cv32e40p_core.u_core/core_i/id_stage_i/gen_hwloop_regs.hwloop_regs_i/csr_access_ex_o_reg_1
    SLICE_X43Y155        LUT6 (Prop_lut6_I2_O)        0.124    20.713 r  u_soc_top/gen_cv32e40p_core.u_core/core_i/id_stage_i/gen_hwloop_regs.hwloop_regs_i/i___81_i_1/O
                         net (fo=4, routed)           0.921    21.634    u_soc_top/gen_cv32e40p_core.u_core/core_i/if_stage_i/mult_dot_op_c_ex_o_reg[3]_0
    SLICE_X48Y156        LUT6 (Prop_lut6_I3_O)        0.124    21.758 r  u_soc_top/gen_cv32e40p_core.u_core/core_i/if_stage_i/mult_operand_b_ex_o[3]_i_1/O
                         net (fo=9, routed)           0.602    22.359    u_soc_top/gen_cv32e40p_core.u_core/core_i/if_stage_i/operand_b[3]
    SLICE_X49Y159        LUT5 (Prop_lut5_I0_O)        0.124    22.483 r  u_soc_top/gen_cv32e40p_core.u_core/core_i/if_stage_i/mult_operand_b_ex_o[19]_i_1/O
                         net (fo=2, routed)           0.632    23.116    u_soc_top/gen_cv32e40p_core.u_core/core_i/id_stage_i/mult_operand_b_ex_o_reg[31]_1[11]
    SLICE_X50Y159        FDCE                                         r  u_soc_top/gen_cv32e40p_core.u_core/core_i/id_stage_i/mult_dot_op_b_ex_o_reg[19]/D
  -------------------------------------------------------------------    -------------------

                         (clock clk_50m_unbuf rise edge)
                                                     20.000    20.000 r  
    E3                                                0.000    20.000 r  clk_100m_i (IN)
                         net (fo=0)                   0.000    20.000    clk_100m_i
    E3                   IBUF (Prop_ibuf_I_O)         1.411    21.411 r  clk_100m_i_IBUF_inst/O
                         net (fo=1, routed)           1.162    22.573    clk_100m_i_IBUF
    MMCME2_ADV_X1Y2      MMCME2_ADV (Prop_mmcme2_adv_CLKIN1_CLKOUT0)
                                                     -7.324    15.249 r  u_mmcm/CLKOUT0
                         net (fo=1, routed)           1.639    16.888    clk_50m_unbuf
    BUFGCTRL_X0Y16       BUFG (Prop_bufg_I_O)         0.091    16.979 r  u_bufg_clk50/O
                         net (fo=4563, routed)        1.860    18.840    u_soc_top/gen_cv32e40p_core.u_core/core_i/sleep_unit_i/core_clock_gate_i/clk_50m
    SLICE_X52Y97         LUT2 (Prop_lut2_I0_O)        0.100    18.940 r  u_soc_top/gen_cv32e40p_core.u_core/core_i/sleep_unit_i/core_clock_gate_i/cnt_q[1]_i_4/O
                         net (fo=1, routed)           0.694    19.633    u_soc_top_n_44
    BUFGCTRL_X0Y0        BUFG (Prop_bufg_I_O)         0.091    19.724 r  cnt_q_reg[1]_i_2/O
                         net (fo=2420, routed)        1.670    21.394    u_soc_top/gen_cv32e40p_core.u_core/core_i/id_stage_i/clk
    SLICE_X50Y159        FDCE                                         r  u_soc_top/gen_cv32e40p_core.u_core/core_i/id_stage_i/mult_dot_op_b_ex_o_reg[19]/C
                         clock pessimism              0.904    22.298    
                         clock uncertainty           -0.089    22.209    
    SLICE_X50Y159        FDCE (Setup_fdce_C_D)       -0.045    22.164    u_soc_top/gen_cv32e40p_core.u_core/core_i/id_stage_i/mult_dot_op_b_ex_o_reg[19]
  -------------------------------------------------------------------
                         required time                         22.164    
                         arrival time                         -23.116    
  -------------------------------------------------------------------
                         slack                                 -0.951    

Slack (VIOLATED) :        -0.935ns  (required time - arrival time)
  Source:                 u_soc_top/gen_cv32e40p_core.u_core/core_i/id_stage_i/alu_operator_ex_o_reg[5]/C
                            (rising edge-triggered cell FDCE clocked by clk_50m_unbuf  {rise@0.000ns fall@10.000ns period=20.000ns})
  Destination:            u_soc_top/gen_cv32e40p_core.u_core/core_i/id_stage_i/mult_dot_op_a_ex_o_reg[26]/D
                            (rising edge-triggered cell FDCE clocked by clk_50m_unbuf  {rise@0.000ns fall@10.000ns period=20.000ns})
  Path Group:             clk_50m_unbuf
  Path Type:              Setup (Max at Slow Process Corner)
  Requirement:            20.000ns  (clk_50m_unbuf rise@20.000ns - clk_50m_unbuf rise@0.000ns)
  Data Path Delay:        20.682ns  (logic 6.483ns (31.346%)  route 14.199ns (68.654%))
  Logic Levels:           32  (CARRY4=8 LUT3=2 LUT5=6 LUT6=13 MUXF7=2 MUXF8=1)
  Clock Path Skew:        -0.119ns (DCD - SCD + CPR)
    Destination Clock Delay (DCD):    1.393ns = ( 21.393 - 20.000 ) 
    Source Clock Delay      (SCD):    2.345ns
    Clock Pessimism Removal (CPR):    0.832ns
  Clock Uncertainty:      0.089ns  ((TSJ^2 + DJ^2)^1/2) / 2 + PE
    Total System Jitter     (TSJ):    0.071ns
    Discrete Jitter          (DJ):    0.163ns
    Phase Error              (PE):    0.000ns

    Location             Delay type                Incr(ns)  Path(ns)    Netlist Resource(s)
  -------------------------------------------------------------------    -------------------
                         (clock clk_50m_unbuf rise edge)
                                                      0.000     0.000 r  
    E3                                                0.000     0.000 r  clk_100m_i (IN)
                         net (fo=0)                   0.000     0.000    clk_100m_i
    E3                   IBUF (Prop_ibuf_I_O)         1.482     1.482 r  clk_100m_i_IBUF_inst/O
                         net (fo=1, routed)           1.233     2.715    clk_100m_i_IBUF
    MMCME2_ADV_X1Y2      MMCME2_ADV (Prop_mmcme2_adv_CLKIN1_CLKOUT0)
                                                     -7.070    -4.355 r  u_mmcm/CLKOUT0
                         net (fo=1, routed)           1.719    -2.636    clk_50m_unbuf
    BUFGCTRL_X0Y16       BUFG (Prop_bufg_I_O)         0.096    -2.540 r  u_bufg_clk50/O
                         net (fo=4563, routed)        2.067    -0.473    u_soc_top/gen_cv32e40p_core.u_core/core_i/sleep_unit_i/core_clock_gate_i/clk_50m
    SLICE_X52Y97         LUT2 (Prop_lut2_I0_O)        0.124    -0.349 r  u_soc_top/gen_cv32e40p_core.u_core/core_i/sleep_unit_i/core_clock_gate_i/cnt_q[1]_i_4/O
                         net (fo=1, routed)           0.794     0.445    u_soc_top_n_44
    BUFGCTRL_X0Y0        BUFG (Prop_bufg_I_O)         0.096     0.541 r  cnt_q_reg[1]_i_2/O
                         net (fo=2420, routed)        1.804     2.345    u_soc_top/gen_cv32e40p_core.u_core/core_i/id_stage_i/clk
    SLICE_X40Y162        FDCE                                         r  u_soc_top/gen_cv32e40p_core.u_core/core_i/id_stage_i/alu_operator_ex_o_reg[5]/C
  -------------------------------------------------------------------    -------------------
    SLICE_X40Y162        FDCE (Prop_fdce_C_Q)         0.419     2.764 r  u_soc_top/gen_cv32e40p_core.u_core/core_i/id_stage_i/alu_operator_ex_o_reg[5]/Q
                         net (fo=59, routed)          0.569     3.333    u_soc_top/gen_cv32e40p_core.u_core/core_i/id_stage_i/register_file_i/i___171_i_34_0[5]
    SLICE_X40Y162        LUT3 (Prop_lut3_I0_O)        0.299     3.632 r  u_soc_top/gen_cv32e40p_core.u_core/core_i/id_stage_i/register_file_i/i___183_i_5/O
                         net (fo=96, routed)          0.925     4.557    u_soc_top/gen_cv32e40p_core.u_core/core_i/id_stage_i/register_file_i/i___183_i_5_n_0
    SLICE_X44Y162        LUT6 (Prop_lut6_I0_O)        0.124     4.681 r  u_soc_top/gen_cv32e40p_core.u_core/core_i/id_stage_i/register_file_i/BReg_DP[24]_i_27/O
                         net (fo=1, routed)           0.623     5.304    u_soc_top/gen_cv32e40p_core.u_core/core_i/id_stage_i/register_file_i/BReg_DP[24]_i_27_n_0
    SLICE_X45Y158        LUT6 (Prop_lut6_I5_O)        0.124     5.428 r  u_soc_top/gen_cv32e40p_core.u_core/core_i/id_stage_i/register_file_i/BReg_DP[24]_i_19/O
                         net (fo=2, routed)           0.585     6.013    u_soc_top/gen_cv32e40p_core.u_core/core_i/id_stage_i/register_file_i/ex_stage_i/alu_i/adder_op_a[6]
    SLICE_X41Y157        LUT5 (Prop_lut5_I0_O)        0.124     6.137 r  u_soc_top/gen_cv32e40p_core.u_core/core_i/id_stage_i/register_file_i/BReg_DP[24]_i_23/O
                         net (fo=1, routed)           0.000     6.137    u_soc_top/gen_cv32e40p_core.u_core/core_i/id_stage_i/register_file_i/BReg_DP[24]_i_23_n_0
    SLICE_X41Y157        CARRY4 (Prop_carry4_S[2]_CO[3])
                                                      0.398     6.535 r  u_soc_top/gen_cv32e40p_core.u_core/core_i/id_stage_i/register_file_i/BReg_DP_reg[24]_i_12/CO[3]
                         net (fo=1, routed)           0.000     6.535    u_soc_top/gen_cv32e40p_core.u_core/core_i/id_stage_i/register_file_i/BReg_DP_reg[24]_i_12_n_0
    SLICE_X41Y158        CARRY4 (Prop_carry4_CI_O[1])
                                                      0.334     6.869 r  u_soc_top/gen_cv32e40p_core.u_core/core_i/id_stage_i/register_file_i/BReg_DP_reg[31]_i_98/O[1]
                         net (fo=3, routed)           0.702     7.571    u_soc_top/gen_cv32e40p_core.u_core/core_i/id_stage_i/register_file_i/ex_stage_i/alu_i/data0[8]
    SLICE_X42Y159        LUT5 (Prop_lut5_I3_O)        0.303     7.874 r  u_soc_top/gen_cv32e40p_core.u_core/core_i/id_stage_i/register_file_i/BReg_DP[31]_i_102/O
                         net (fo=1, routed)           0.000     7.874    u_soc_top/gen_cv32e40p_core.u_core/core_i/id_stage_i/register_file_i/BReg_DP[31]_i_102_n_0
    SLICE_X42Y159        CARRY4 (Prop_carry4_S[0]_CO[3])
                                                      0.513     8.387 r  u_soc_top/gen_cv32e40p_core.u_core/core_i/id_stage_i/register_file_i/BReg_DP_reg[31]_i_83/CO[3]
                         net (fo=1, routed)           0.000     8.387    u_soc_top/gen_cv32e40p_core.u_core/core_i/id_stage_i/register_file_i/BReg_DP_reg[31]_i_83_n_0
    SLICE_X42Y160        CARRY4 (Prop_carry4_CI_CO[3])
                                                      0.117     8.504 r  u_soc_top/gen_cv32e40p_core.u_core/core_i/id_stage_i/register_file_i/BReg_DP_reg[16]_i_11/CO[3]
                         net (fo=1, routed)           0.000     8.504    u_soc_top/gen_cv32e40p_core.u_core/core_i/id_stage_i/register_file_i/BReg_DP_reg[16]_i_11_n_0
    SLICE_X42Y161        CARRY4 (Prop_carry4_CI_CO[3])
                                                      0.117     8.621 r  u_soc_top/gen_cv32e40p_core.u_core/core_i/id_stage_i/register_file_i/BReg_DP_reg[31]_i_84/CO[3]
                         net (fo=1, routed)           0.000     8.621    u_soc_top/gen_cv32e40p_core.u_core/core_i/id_stage_i/register_file_i/BReg_DP_reg[31]_i_84_n_0
    SLICE_X42Y162        CARRY4 (Prop_carry4_CI_CO[3])
                                                      0.117     8.738 r  u_soc_top/gen_cv32e40p_core.u_core/core_i/id_stage_i/register_file_i/BReg_DP_reg[8]_i_8/CO[3]
                         net (fo=1, routed)           0.000     8.738    u_soc_top/gen_cv32e40p_core.u_core/core_i/id_stage_i/register_file_i/BReg_DP_reg[8]_i_8_n_0
    SLICE_X42Y163        CARRY4 (Prop_carry4_CI_CO[3])
                                                      0.117     8.855 r  u_soc_top/gen_cv32e40p_core.u_core/core_i/id_stage_i/register_file_i/BReg_DP_reg[31]_i_82/CO[3]
                         net (fo=1, routed)           0.000     8.855    u_soc_top/gen_cv32e40p_core.u_core/core_i/id_stage_i/register_file_i/BReg_DP_reg[31]_i_82_n_0
    SLICE_X42Y164        CARRY4 (Prop_carry4_CI_O[3])
                                                      0.315     9.170 r  u_soc_top/gen_cv32e40p_core.u_core/core_i/id_stage_i/register_file_i/BReg_DP_reg[0]_i_8/O[3]
                         net (fo=2, routed)           0.499     9.669    u_soc_top/gen_cv32e40p_core.u_core/core_i/id_stage_i/register_file_i/ex_stage_i/alu_i/adder_round_result[31]
    SLICE_X44Y164        LUT6 (Prop_lut6_I2_O)        0.307     9.976 r  u_soc_top/gen_cv32e40p_core.u_core/core_i/id_stage_i/register_file_i/BReg_DP[0]_i_6/O
                         net (fo=61, routed)          0.780    10.757    u_soc_top/gen_cv32e40p_core.u_core/core_i/id_stage_i/register_file_i/shift_right_result126_out
    SLICE_X44Y165        LUT3 (Prop_lut3_I2_O)        0.124    10.881 r  u_soc_top/gen_cv32e40p_core.u_core/core_i/id_stage_i/register_file_i/BReg_DP[18]_i_10/O
                         net (fo=3, routed)           0.738    11.619    u_soc_top/gen_cv32e40p_core.u_core/core_i/id_stage_i/register_file_i/alu_operand_a_ex_o_reg[11][1]
    SLICE_X45Y168        LUT6 (Prop_lut6_I0_O)        0.124    11.743 r  u_soc_top/gen_cv32e40p_core.u_core/core_i/id_stage_i/register_file_i/BReg_DP[18]_i_7/O
                         net (fo=4, routed)           0.841    12.583    u_soc_top/gen_cv32e40p_core.u_core/core_i/id_stage_i/register_file_i/BReg_DP[18]_i_7_n_0
    SLICE_X48Y168        LUT6 (Prop_lut6_I3_O)        0.124    12.707 r  u_soc_top/gen_cv32e40p_core.u_core/core_i/id_stage_i/register_file_i/BReg_DP[16]_i_4/O
                         net (fo=3, routed)           0.680    13.387    u_soc_top/gen_cv32e40p_core.u_core/core_i/id_stage_i/register_file_i/alu_clpx_shift_ex_o_reg[1]_12
    SLICE_X51Y167        LUT5 (Prop_lut5_I2_O)        0.124    13.511 r  u_soc_top/gen_cv32e40p_core.u_core/core_i/id_stage_i/register_file_i/BReg_DP[16]_i_2/O
                         net (fo=3, routed)           0.592    14.103    u_soc_top/gen_cv32e40p_core.u_core/core_i/id_stage_i/register_file_i/shift_left_result[2]
    SLICE_X51Y167        LUT5 (Prop_lut5_I4_O)        0.124    14.227 r  u_soc_top/gen_cv32e40p_core.u_core/core_i/id_stage_i/register_file_i/i___112__16_i_33/O
                         net (fo=5, routed)           1.015    15.243    u_soc_top/gen_cv32e40p_core.u_core/core_i/id_stage_i/register_file_i/ex_stage_i/alu_i/radix_2_rev[16]
    SLICE_X51Y163        LUT6 (Prop_lut6_I0_O)        0.124    15.367 r  u_soc_top/gen_cv32e40p_core.u_core/core_i/id_stage_i/register_file_i/i___50_i_107/O
                         net (fo=1, routed)           0.000    15.367    u_soc_top/gen_cv32e40p_core.u_core/core_i/id_stage_i/register_file_i/i___50_i_107_n_0
    SLICE_X51Y163        MUXF7 (Prop_muxf7_I1_O)      0.217    15.584 r  u_soc_top/gen_cv32e40p_core.u_core/core_i/id_stage_i/register_file_i/i___50_i_98/O
                         net (fo=1, routed)           0.000    15.584    u_soc_top/gen_cv32e40p_core.u_core/core_i/id_stage_i/register_file_i/i___50_i_98_n_0
    SLICE_X51Y163        MUXF8 (Prop_muxf8_I1_O)      0.094    15.678 r  u_soc_top/gen_cv32e40p_core.u_core/core_i/id_stage_i/register_file_i/i___50_i_92/O
                         net (fo=1, routed)           0.408    16.086    u_soc_top/gen_cv32e40p_core.u_core/core_i/id_stage_i/register_file_i/i___50_i_92_n_0
    SLICE_X51Y162        LUT6 (Prop_lut6_I0_O)        0.316    16.402 r  u_soc_top/gen_cv32e40p_core.u_core/core_i/id_stage_i/register_file_i/i___50_i_86/O
                         net (fo=64, routed)          0.484    16.885    u_soc_top/gen_cv32e40p_core.u_core/core_i/id_stage_i/register_file_i/ex_stage_i/alu_i/extract_sign
    SLICE_X49Y162        LUT6 (Prop_lut6_I5_O)        0.124    17.009 r  u_soc_top/gen_cv32e40p_core.u_core/core_i/id_stage_i/register_file_i/i___112__5_i_40/O
                         net (fo=1, routed)           0.554    17.564    u_soc_top/gen_cv32e40p_core.u_core/core_i/id_stage_i/register_file_i/i___112__5_i_40_n_0
    SLICE_X55Y162        LUT6 (Prop_lut6_I5_O)        0.124    17.688 r  u_soc_top/gen_cv32e40p_core.u_core/core_i/id_stage_i/register_file_i/i___112__5_i_34/O
                         net (fo=1, routed)           0.484    18.172    u_soc_top/gen_cv32e40p_core.u_core/core_i/id_stage_i/register_file_i/ex_stage_i/alu_i/bextins_result[26]
    SLICE_X55Y163        LUT6 (Prop_lut6_I5_O)        0.124    18.296 r  u_soc_top/gen_cv32e40p_core.u_core/core_i/id_stage_i/register_file_i/i___112__5_i_27/O
                         net (fo=1, routed)           0.000    18.296    u_soc_top/gen_cv32e40p_core.u_core/core_i/id_stage_i/register_file_i/i___112__5_i_27_n_0
    SLICE_X55Y163        MUXF7 (Prop_muxf7_I1_O)      0.217    18.513 r  u_soc_top/gen_cv32e40p_core.u_core/core_i/id_stage_i/register_file_i/i___112__5_i_20/O
                         net (fo=1, routed)           0.433    18.946    u_soc_top/gen_cv32e40p_core.u_core/core_i/id_stage_i/register_file_i/i___112__5_i_20_n_0
    SLICE_X55Y163        LUT6 (Prop_lut6_I5_O)        0.299    19.245 r  u_soc_top/gen_cv32e40p_core.u_core/core_i/id_stage_i/register_file_i/i___112__5_i_8/O
                         net (fo=1, routed)           0.598    19.844    u_soc_top/gen_cv32e40p_core.u_core/core_i/id_stage_i/gen_hwloop_regs.hwloop_regs_i/alu_result[21]
    SLICE_X56Y163        LUT6 (Prop_lut6_I3_O)        0.124    19.968 r  u_soc_top/gen_cv32e40p_core.u_core/core_i/id_stage_i/gen_hwloop_regs.hwloop_regs_i/i___112__5_i_3/O
                         net (fo=36, routed)          0.508    20.476    u_soc_top/gen_cv32e40p_core.u_core/core_i/id_stage_i/register_file_i/mult_operand_a_ex_o_reg[26]_0
    SLICE_X57Y162        LUT6 (Prop_lut6_I4_O)        0.124    20.600 r  u_soc_top/gen_cv32e40p_core.u_core/core_i/id_stage_i/register_file_i/i___71_i_1/O
                         net (fo=8, routed)           0.521    21.121    u_soc_top/gen_cv32e40p_core.u_core/core_i/if_stage_i/mult_operand_a_ex_o_reg[26]
    SLICE_X58Y162        LUT5 (Prop_lut5_I4_O)        0.124    21.245 r  u_soc_top/gen_cv32e40p_core.u_core/core_i/if_stage_i/alu_operand_a_ex_o[26]_i_2/O
                         net (fo=2, routed)           0.676    21.921    u_soc_top/gen_cv32e40p_core.u_core/core_i/if_stage_i/alu_operand_a_ex_o[26]_i_2_n_0
    SLICE_X59Y162        LUT5 (Prop_lut5_I4_O)        0.124    22.045 r  u_soc_top/gen_cv32e40p_core.u_core/core_i/if_stage_i/mult_operand_a_ex_o[26]_i_1/O
                         net (fo=2, routed)           0.982    23.027    u_soc_top/gen_cv32e40p_core.u_core/core_i/id_stage_i/mult_operand_a_ex_o_reg[31]_0[26]
    SLICE_X58Y158        FDCE                                         r  u_soc_top/gen_cv32e40p_core.u_core/core_i/id_stage_i/mult_dot_op_a_ex_o_reg[26]/D
  -------------------------------------------------------------------    -------------------

                         (clock clk_50m_unbuf rise edge)
                                                     20.000    20.000 r  
    E3                                                0.000    20.000 r  clk_100m_i (IN)
                         net (fo=0)                   0.000    20.000    clk_100m_i
    E3                   IBUF (Prop_ibuf_I_O)         1.411    21.411 r  clk_100m_i_IBUF_inst/O
                         net (fo=1, routed)           1.162    22.573    clk_100m_i_IBUF
    MMCME2_ADV_X1Y2      MMCME2_ADV (Prop_mmcme2_adv_CLKIN1_CLKOUT0)
                                                     -7.324    15.249 r  u_mmcm/CLKOUT0
                         net (fo=1, routed)           1.639    16.888    clk_50m_unbuf
    BUFGCTRL_X0Y16       BUFG (Prop_bufg_I_O)         0.091    16.979 r  u_bufg_clk50/O
                         net (fo=4563, routed)        1.860    18.840    u_soc_top/gen_cv32e40p_core.u_core/core_i/sleep_unit_i/core_clock_gate_i/clk_50m
    SLICE_X52Y97         LUT2 (Prop_lut2_I0_O)        0.100    18.940 r  u_soc_top/gen_cv32e40p_core.u_core/core_i/sleep_unit_i/core_clock_gate_i/cnt_q[1]_i_4/O
                         net (fo=1, routed)           0.694    19.633    u_soc_top_n_44
    BUFGCTRL_X0Y0        BUFG (Prop_bufg_I_O)         0.091    19.724 r  cnt_q_reg[1]_i_2/O
                         net (fo=2420, routed)        1.669    21.393    u_soc_top/gen_cv32e40p_core.u_core/core_i/id_stage_i/clk
    SLICE_X58Y158        FDCE                                         r  u_soc_top/gen_cv32e40p_core.u_core/core_i/id_stage_i/mult_dot_op_a_ex_o_reg[26]/C
                         clock pessimism              0.832    22.226    
                         clock uncertainty           -0.089    22.137    
    SLICE_X58Y158        FDCE (Setup_fdce_C_D)       -0.045    22.092    u_soc_top/gen_cv32e40p_core.u_core/core_i/id_stage_i/mult_dot_op_a_ex_o_reg[26]
  -------------------------------------------------------------------
                         required time                         22.092    
                         arrival time                         -23.027    
  -------------------------------------------------------------------
                         slack                                 -0.935    

Slack (VIOLATED) :        -0.935ns  (required time - arrival time)
  Source:                 u_soc_top/gen_cv32e40p_core.u_core/core_i/id_stage_i/alu_operator_ex_o_reg[5]/C
                            (rising edge-triggered cell FDCE clocked by clk_50m_unbuf  {rise@0.000ns fall@10.000ns period=20.000ns})
  Destination:            u_soc_top/gen_cv32e40p_core.u_core/core_i/id_stage_i/mult_dot_op_a_ex_o_reg[25]/D
                            (rising edge-triggered cell FDCE clocked by clk_50m_unbuf  {rise@0.000ns fall@10.000ns period=20.000ns})
  Path Group:             clk_50m_unbuf
  Path Type:              Setup (Max at Slow Process Corner)
  Requirement:            20.000ns  (clk_50m_unbuf rise@20.000ns - clk_50m_unbuf rise@0.000ns)
  Data Path Delay:        20.706ns  (logic 6.478ns (31.286%)  route 14.228ns (68.714%))
  Logic Levels:           32  (CARRY4=8 LUT3=2 LUT5=6 LUT6=13 MUXF7=2 MUXF8=1)
  Clock Path Skew:        -0.045ns (DCD - SCD + CPR)
    Destination Clock Delay (DCD):    1.396ns = ( 21.396 - 20.000 ) 
    Source Clock Delay      (SCD):    2.345ns
    Clock Pessimism Removal (CPR):    0.904ns
  Clock Uncertainty:      0.089ns  ((TSJ^2 + DJ^2)^1/2) / 2 + PE
    Total System Jitter     (TSJ):    0.071ns
    Discrete Jitter          (DJ):    0.163ns
    Phase Error              (PE):    0.000ns

    Location             Delay type                Incr(ns)  Path(ns)    Netlist Resource(s)
  -------------------------------------------------------------------    -------------------
                         (clock clk_50m_unbuf rise edge)
                                                      0.000     0.000 r  
    E3                                                0.000     0.000 r  clk_100m_i (IN)
                         net (fo=0)                   0.000     0.000    clk_100m_i
    E3                   IBUF (Prop_ibuf_I_O)         1.482     1.482 r  clk_100m_i_IBUF_inst/O
                         net (fo=1, routed)           1.233     2.715    clk_100m_i_IBUF
    MMCME2_ADV_X1Y2      MMCME2_ADV (Prop_mmcme2_adv_CLKIN1_CLKOUT0)
                                                     -7.070    -4.355 r  u_mmcm/CLKOUT0
                         net (fo=1, routed)           1.719    -2.636    clk_50m_unbuf
    BUFGCTRL_X0Y16       BUFG (Prop_bufg_I_O)         0.096    -2.540 r  u_bufg_clk50/O
                         net (fo=4563, routed)        2.067    -0.473    u_soc_top/gen_cv32e40p_core.u_core/core_i/sleep_unit_i/core_clock_gate_i/clk_50m
    SLICE_X52Y97         LUT2 (Prop_lut2_I0_O)        0.124    -0.349 r  u_soc_top/gen_cv32e40p_core.u_core/core_i/sleep_unit_i/core_clock_gate_i/cnt_q[1]_i_4/O
                         net (fo=1, routed)           0.794     0.445    u_soc_top_n_44
    BUFGCTRL_X0Y0        BUFG (Prop_bufg_I_O)         0.096     0.541 r  cnt_q_reg[1]_i_2/O
                         net (fo=2420, routed)        1.804     2.345    u_soc_top/gen_cv32e40p_core.u_core/core_i/id_stage_i/clk
    SLICE_X40Y162        FDCE                                         r  u_soc_top/gen_cv32e40p_core.u_core/core_i/id_stage_i/alu_operator_ex_o_reg[5]/C
  -------------------------------------------------------------------    -------------------
    SLICE_X40Y162        FDCE (Prop_fdce_C_Q)         0.419     2.764 r  u_soc_top/gen_cv32e40p_core.u_core/core_i/id_stage_i/alu_operator_ex_o_reg[5]/Q
                         net (fo=59, routed)          0.569     3.333    u_soc_top/gen_cv32e40p_core.u_core/core_i/id_stage_i/register_file_i/i___171_i_34_0[5]
    SLICE_X40Y162        LUT3 (Prop_lut3_I0_O)        0.299     3.632 r  u_soc_top/gen_cv32e40p_core.u_core/core_i/id_stage_i/register_file_i/i___183_i_5/O
                         net (fo=96, routed)          0.925     4.557    u_soc_top/gen_cv32e40p_core.u_core/core_i/id_stage_i/register_file_i/i___183_i_5_n_0
    SLICE_X44Y162        LUT6 (Prop_lut6_I0_O)        0.124     4.681 r  u_soc_top/gen_cv32e40p_core.u_core/core_i/id_stage_i/register_file_i/BReg_DP[24]_i_27/O
                         net (fo=1, routed)           0.623     5.304    u_soc_top/gen_cv32e40p_core.u_core/core_i/id_stage_i/register_file_i/BReg_DP[24]_i_27_n_0
    SLICE_X45Y158        LUT6 (Prop_lut6_I5_O)        0.124     5.428 r  u_soc_top/gen_cv32e40p_core.u_core/core_i/id_stage_i/register_file_i/BReg_DP[24]_i_19/O
                         net (fo=2, routed)           0.585     6.013    u_soc_top/gen_cv32e40p_core.u_core/core_i/id_stage_i/register_file_i/ex_stage_i/alu_i/adder_op_a[6]
    SLICE_X41Y157        LUT5 (Prop_lut5_I0_O)        0.124     6.137 r  u_soc_top/gen_cv32e40p_core.u_core/core_i/id_stage_i/register_file_i/BReg_DP[24]_i_23/O
                         net (fo=1, routed)           0.000     6.137    u_soc_top/gen_cv32e40p_core.u_core/core_i/id_stage_i/register_file_i/BReg_DP[24]_i_23_n_0
    SLICE_X41Y157        CARRY4 (Prop_carry4_S[2]_CO[3])
                                                      0.398     6.535 r  u_soc_top/gen_cv32e40p_core.u_core/core_i/id_stage_i/register_file_i/BReg_DP_reg[24]_i_12/CO[3]
                         net (fo=1, routed)           0.000     6.535    u_soc_top/gen_cv32e40p_core.u_core/core_i/id_stage_i/register_file_i/BReg_DP_reg[24]_i_12_n_0
    SLICE_X41Y158        CARRY4 (Prop_carry4_CI_O[1])
                                                      0.334     6.869 r  u_soc_top/gen_cv32e40p_core.u_core/core_i/id_stage_i/register_file_i/BReg_DP_reg[31]_i_98/O[1]
                         net (fo=3, routed)           0.702     7.571    u_soc_top/gen_cv32e40p_core.u_core/core_i/id_stage_i/register_file_i/ex_stage_i/alu_i/data0[8]
    SLICE_X42Y159        LUT5 (Prop_lut5_I3_O)        0.303     7.874 r  u_soc_top/gen_cv32e40p_core.u_core/core_i/id_stage_i/register_file_i/BReg_DP[31]_i_102/O
                         net (fo=1, routed)           0.000     7.874    u_soc_top/gen_cv32e40p_core.u_core/core_i/id_stage_i/register_file_i/BReg_DP[31]_i_102_n_0
    SLICE_X42Y159        CARRY4 (Prop_carry4_S[0]_CO[3])
                                                      0.513     8.387 r  u_soc_top/gen_cv32e40p_core.u_core/core_i/id_stage_i/register_file_i/BReg_DP_reg[31]_i_83/CO[3]
                         net (fo=1, routed)           0.000     8.387    u_soc_top/gen_cv32e40p_core.u_core/core_i/id_stage_i/register_file_i/BReg_DP_reg[31]_i_83_n_0
    SLICE_X42Y160        CARRY4 (Prop_carry4_CI_CO[3])
                                                      0.117     8.504 r  u_soc_top/gen_cv32e40p_core.u_core/core_i/id_stage_i/register_file_i/BReg_DP_reg[16]_i_11/CO[3]
                         net (fo=1, routed)           0.000     8.504    u_soc_top/gen_cv32e40p_core.u_core/core_i/id_stage_i/register_file_i/BReg_DP_reg[16]_i_11_n_0
    SLICE_X42Y161        CARRY4 (Prop_carry4_CI_CO[3])
                                                      0.117     8.621 r  u_soc_top/gen_cv32e40p_core.u_core/core_i/id_stage_i/register_file_i/BReg_DP_reg[31]_i_84/CO[3]
                         net (fo=1, routed)           0.000     8.621    u_soc_top/gen_cv32e40p_core.u_core/core_i/id_stage_i/register_file_i/BReg_DP_reg[31]_i_84_n_0
    SLICE_X42Y162        CARRY4 (Prop_carry4_CI_CO[3])
                                                      0.117     8.738 r  u_soc_top/gen_cv32e40p_core.u_core/core_i/id_stage_i/register_file_i/BReg_DP_reg[8]_i_8/CO[3]
                         net (fo=1, routed)           0.000     8.738    u_soc_top/gen_cv32e40p_core.u_core/core_i/id_stage_i/register_file_i/BReg_DP_reg[8]_i_8_n_0
    SLICE_X42Y163        CARRY4 (Prop_carry4_CI_CO[3])
                                                      0.117     8.855 r  u_soc_top/gen_cv32e40p_core.u_core/core_i/id_stage_i/register_file_i/BReg_DP_reg[31]_i_82/CO[3]
                         net (fo=1, routed)           0.000     8.855    u_soc_top/gen_cv32e40p_core.u_core/core_i/id_stage_i/register_file_i/BReg_DP_reg[31]_i_82_n_0
    SLICE_X42Y164        CARRY4 (Prop_carry4_CI_O[3])
                                                      0.315     9.170 r  u_soc_top/gen_cv32e40p_core.u_core/core_i/id_stage_i/register_file_i/BReg_DP_reg[0]_i_8/O[3]
                         net (fo=2, routed)           0.499     9.669    u_soc_top/gen_cv32e40p_core.u_core/core_i/id_stage_i/register_file_i/ex_stage_i/alu_i/adder_round_result[31]
    SLICE_X44Y164        LUT6 (Prop_lut6_I2_O)        0.307     9.976 r  u_soc_top/gen_cv32e40p_core.u_core/core_i/id_stage_i/register_file_i/BReg_DP[0]_i_6/O
                         net (fo=61, routed)          0.780    10.757    u_soc_top/gen_cv32e40p_core.u_core/core_i/id_stage_i/register_file_i/shift_right_result126_out
    SLICE_X44Y165        LUT3 (Prop_lut3_I2_O)        0.124    10.881 r  u_soc_top/gen_cv32e40p_core.u_core/core_i/id_stage_i/register_file_i/BReg_DP[18]_i_10/O
                         net (fo=3, routed)           0.738    11.619    u_soc_top/gen_cv32e40p_core.u_core/core_i/id_stage_i/register_file_i/alu_operand_a_ex_o_reg[11][1]
    SLICE_X45Y168        LUT6 (Prop_lut6_I0_O)        0.124    11.743 r  u_soc_top/gen_cv32e40p_core.u_core/core_i/id_stage_i/register_file_i/BReg_DP[18]_i_7/O
                         net (fo=4, routed)           0.841    12.583    u_soc_top/gen_cv32e40p_core.u_core/core_i/id_stage_i/register_file_i/BReg_DP[18]_i_7_n_0
    SLICE_X48Y168        LUT6 (Prop_lut6_I3_O)        0.124    12.707 r  u_soc_top/gen_cv32e40p_core.u_core/core_i/id_stage_i/register_file_i/BReg_DP[16]_i_4/O
                         net (fo=3, routed)           0.680    13.387    u_soc_top/gen_cv32e40p_core.u_core/core_i/id_stage_i/register_file_i/alu_clpx_shift_ex_o_reg[1]_12
    SLICE_X51Y167        LUT5 (Prop_lut5_I2_O)        0.124    13.511 r  u_soc_top/gen_cv32e40p_core.u_core/core_i/id_stage_i/register_file_i/BReg_DP[16]_i_2/O
                         net (fo=3, routed)           0.592    14.103    u_soc_top/gen_cv32e40p_core.u_core/core_i/id_stage_i/register_file_i/shift_left_result[2]
    SLICE_X51Y167        LUT5 (Prop_lut5_I4_O)        0.124    14.227 r  u_soc_top/gen_cv32e40p_core.u_core/core_i/id_stage_i/register_file_i/i___112__16_i_33/O
                         net (fo=5, routed)           1.015    15.243    u_soc_top/gen_cv32e40p_core.u_core/core_i/id_stage_i/register_file_i/ex_stage_i/alu_i/radix_2_rev[16]
    SLICE_X51Y163        LUT6 (Prop_lut6_I0_O)        0.124    15.367 r  u_soc_top/gen_cv32e40p_core.u_core/core_i/id_stage_i/register_file_i/i___50_i_107/O
                         net (fo=1, routed)           0.000    15.367    u_soc_top/gen_cv32e40p_core.u_core/core_i/id_stage_i/register_file_i/i___50_i_107_n_0
    SLICE_X51Y163        MUXF7 (Prop_muxf7_I1_O)      0.217    15.584 r  u_soc_top/gen_cv32e40p_core.u_core/core_i/id_stage_i/register_file_i/i___50_i_98/O
                         net (fo=1, routed)           0.000    15.584    u_soc_top/gen_cv32e40p_core.u_core/core_i/id_stage_i/register_file_i/i___50_i_98_n_0
    SLICE_X51Y163        MUXF8 (Prop_muxf8_I1_O)      0.094    15.678 r  u_soc_top/gen_cv32e40p_core.u_core/core_i/id_stage_i/register_file_i/i___50_i_92/O
                         net (fo=1, routed)           0.408    16.086    u_soc_top/gen_cv32e40p_core.u_core/core_i/id_stage_i/register_file_i/i___50_i_92_n_0
    SLICE_X51Y162        LUT6 (Prop_lut6_I0_O)        0.316    16.402 r  u_soc_top/gen_cv32e40p_core.u_core/core_i/id_stage_i/register_file_i/i___50_i_86/O
                         net (fo=64, routed)          0.634    17.035    u_soc_top/gen_cv32e40p_core.u_core/core_i/id_stage_i/register_file_i/ex_stage_i/alu_i/extract_sign
    SLICE_X53Y159        LUT6 (Prop_lut6_I5_O)        0.124    17.159 r  u_soc_top/gen_cv32e40p_core.u_core/core_i/id_stage_i/register_file_i/i___112__6_i_40/O
                         net (fo=1, routed)           0.444    17.604    u_soc_top/gen_cv32e40p_core.u_core/core_i/id_stage_i/register_file_i/i___112__6_i_40_n_0
    SLICE_X53Y157        LUT6 (Prop_lut6_I5_O)        0.124    17.728 r  u_soc_top/gen_cv32e40p_core.u_core/core_i/id_stage_i/register_file_i/i___112__6_i_34/O
                         net (fo=1, routed)           0.624    18.351    u_soc_top/gen_cv32e40p_core.u_core/core_i/id_stage_i/register_file_i/ex_stage_i/alu_i/bextins_result[25]
    SLICE_X54Y157        LUT6 (Prop_lut6_I5_O)        0.124    18.475 r  u_soc_top/gen_cv32e40p_core.u_core/core_i/id_stage_i/register_file_i/i___112__6_i_27/O
                         net (fo=1, routed)           0.000    18.475    u_soc_top/gen_cv32e40p_core.u_core/core_i/id_stage_i/register_file_i/i___112__6_i_27_n_0
    SLICE_X54Y157        MUXF7 (Prop_muxf7_I1_O)      0.214    18.689 r  u_soc_top/gen_cv32e40p_core.u_core/core_i/id_stage_i/register_file_i/i___112__6_i_20/O
                         net (fo=1, routed)           0.558    19.247    u_soc_top/gen_cv32e40p_core.u_core/core_i/id_stage_i/register_file_i/i___112__6_i_20_n_0
    SLICE_X55Y154        LUT6 (Prop_lut6_I5_O)        0.297    19.544 r  u_soc_top/gen_cv32e40p_core.u_core/core_i/id_stage_i/register_file_i/i___112__6_i_8/O
                         net (fo=1, routed)           0.571    20.115    u_soc_top/gen_cv32e40p_core.u_core/core_i/id_stage_i/gen_hwloop_regs.hwloop_regs_i/alu_result[20]
    SLICE_X55Y155        LUT6 (Prop_lut6_I3_O)        0.124    20.239 r  u_soc_top/gen_cv32e40p_core.u_core/core_i/id_stage_i/gen_hwloop_regs.hwloop_regs_i/i___112__6_i_3/O
                         net (fo=36, routed)          0.415    20.654    u_soc_top/gen_cv32e40p_core.u_core/core_i/id_stage_i/register_file_i/hwlp_counter_q_reg[0][25]_0
    SLICE_X54Y154        LUT6 (Prop_lut6_I4_O)        0.124    20.778 r  u_soc_top/gen_cv32e40p_core.u_core/core_i/id_stage_i/register_file_i/i___69_i_1/O
                         net (fo=8, routed)           0.964    21.742    u_soc_top/gen_cv32e40p_core.u_core/core_i/if_stage_i/hwlp_counter_q_reg[0][25]
    SLICE_X50Y154        LUT5 (Prop_lut5_I4_O)        0.124    21.866 r  u_soc_top/gen_cv32e40p_core.u_core/core_i/if_stage_i/alu_operand_a_ex_o[25]_i_2/O
                         net (fo=2, routed)           0.441    22.308    u_soc_top/gen_cv32e40p_core.u_core/core_i/if_stage_i/alu_operand_a_ex_o[25]_i_2_n_0
    SLICE_X50Y153        LUT5 (Prop_lut5_I4_O)        0.124    22.432 r  u_soc_top/gen_cv32e40p_core.u_core/core_i/if_stage_i/mult_operand_a_ex_o[25]_i_1/O
                         net (fo=2, routed)           0.619    23.051    u_soc_top/gen_cv32e40p_core.u_core/core_i/id_stage_i/mult_operand_a_ex_o_reg[31]_0[25]
    SLICE_X51Y153        FDCE                                         r  u_soc_top/gen_cv32e40p_core.u_core/core_i/id_stage_i/mult_dot_op_a_ex_o_reg[25]/D
  -------------------------------------------------------------------    -------------------

                         (clock clk_50m_unbuf rise edge)
                                                     20.000    20.000 r  
    E3                                                0.000    20.000 r  clk_100m_i (IN)
                         net (fo=0)                   0.000    20.000    clk_100m_i
    E3                   IBUF (Prop_ibuf_I_O)         1.411    21.411 r  clk_100m_i_IBUF_inst/O
                         net (fo=1, routed)           1.162    22.573    clk_100m_i_IBUF
    MMCME2_ADV_X1Y2      MMCME2_ADV (Prop_mmcme2_adv_CLKIN1_CLKOUT0)
                                                     -7.324    15.249 r  u_mmcm/CLKOUT0
                         net (fo=1, routed)           1.639    16.888    clk_50m_unbuf
    BUFGCTRL_X0Y16       BUFG (Prop_bufg_I_O)         0.091    16.979 r  u_bufg_clk50/O
                         net (fo=4563, routed)        1.860    18.840    u_soc_top/gen_cv32e40p_core.u_core/core_i/sleep_unit_i/core_clock_gate_i/clk_50m
    SLICE_X52Y97         LUT2 (Prop_lut2_I0_O)        0.100    18.940 r  u_soc_top/gen_cv32e40p_core.u_core/core_i/sleep_unit_i/core_clock_gate_i/cnt_q[1]_i_4/O
                         net (fo=1, routed)           0.694    19.633    u_soc_top_n_44
    BUFGCTRL_X0Y0        BUFG (Prop_bufg_I_O)         0.091    19.724 r  cnt_q_reg[1]_i_2/O
                         net (fo=2420, routed)        1.672    21.396    u_soc_top/gen_cv32e40p_core.u_core/core_i/id_stage_i/clk
    SLICE_X51Y153        FDCE                                         r  u_soc_top/gen_cv32e40p_core.u_core/core_i/id_stage_i/mult_dot_op_a_ex_o_reg[25]/C
                         clock pessimism              0.904    22.300    
                         clock uncertainty           -0.089    22.211    
    SLICE_X51Y153        FDCE (Setup_fdce_C_D)       -0.095    22.116    u_soc_top/gen_cv32e40p_core.u_core/core_i/id_stage_i/mult_dot_op_a_ex_o_reg[25]
  -------------------------------------------------------------------
                         required time                         22.116    
                         arrival time                         -23.051    
  -------------------------------------------------------------------
                         slack                                 -0.935    

Slack (VIOLATED) :        -0.932ns  (required time - arrival time)
  Source:                 u_soc_top/gen_cv32e40p_core.u_core/core_i/id_stage_i/alu_operator_ex_o_reg[5]/C
                            (rising edge-triggered cell FDCE clocked by clk_50m_unbuf  {rise@0.000ns fall@10.000ns period=20.000ns})
  Destination:            u_soc_top/gen_cv32e40p_core.u_core/core_i/id_stage_i/mult_operand_b_ex_o_reg[21]/D
                            (rising edge-triggered cell FDCE clocked by clk_50m_unbuf  {rise@0.000ns fall@10.000ns period=20.000ns})
  Path Group:             clk_50m_unbuf
  Path Type:              Setup (Max at Slow Process Corner)
  Requirement:            20.000ns  (clk_50m_unbuf rise@20.000ns - clk_50m_unbuf rise@0.000ns)
  Data Path Delay:        20.786ns  (logic 6.359ns (30.592%)  route 14.427ns (69.408%))
  Logic Levels:           31  (CARRY4=8 LUT3=2 LUT5=5 LUT6=13 MUXF7=2 MUXF8=1)
  Clock Path Skew:        -0.026ns (DCD - SCD + CPR)
    Destination Clock Delay (DCD):    1.398ns = ( 21.398 - 20.000 ) 
    Source Clock Delay      (SCD):    2.345ns
    Clock Pessimism Removal (CPR):    0.921ns
  Clock Uncertainty:      0.089ns  ((TSJ^2 + DJ^2)^1/2) / 2 + PE
    Total System Jitter     (TSJ):    0.071ns
    Discrete Jitter          (DJ):    0.163ns
    Phase Error              (PE):    0.000ns

    Location             Delay type                Incr(ns)  Path(ns)    Netlist Resource(s)
  -------------------------------------------------------------------    -------------------
                         (clock clk_50m_unbuf rise edge)
                                                      0.000     0.000 r  
    E3                                                0.000     0.000 r  clk_100m_i (IN)
                         net (fo=0)                   0.000     0.000    clk_100m_i
    E3                   IBUF (Prop_ibuf_I_O)         1.482     1.482 r  clk_100m_i_IBUF_inst/O
                         net (fo=1, routed)           1.233     2.715    clk_100m_i_IBUF
    MMCME2_ADV_X1Y2      MMCME2_ADV (Prop_mmcme2_adv_CLKIN1_CLKOUT0)
                                                     -7.070    -4.355 r  u_mmcm/CLKOUT0
                         net (fo=1, routed)           1.719    -2.636    clk_50m_unbuf
    BUFGCTRL_X0Y16       BUFG (Prop_bufg_I_O)         0.096    -2.540 r  u_bufg_clk50/O
                         net (fo=4563, routed)        2.067    -0.473    u_soc_top/gen_cv32e40p_core.u_core/core_i/sleep_unit_i/core_clock_gate_i/clk_50m
    SLICE_X52Y97         LUT2 (Prop_lut2_I0_O)        0.124    -0.349 r  u_soc_top/gen_cv32e40p_core.u_core/core_i/sleep_unit_i/core_clock_gate_i/cnt_q[1]_i_4/O
                         net (fo=1, routed)           0.794     0.445    u_soc_top_n_44
    BUFGCTRL_X0Y0        BUFG (Prop_bufg_I_O)         0.096     0.541 r  cnt_q_reg[1]_i_2/O
                         net (fo=2420, routed)        1.804     2.345    u_soc_top/gen_cv32e40p_core.u_core/core_i/id_stage_i/clk
    SLICE_X40Y162        FDCE                                         r  u_soc_top/gen_cv32e40p_core.u_core/core_i/id_stage_i/alu_operator_ex_o_reg[5]/C
  -------------------------------------------------------------------    -------------------
    SLICE_X40Y162        FDCE (Prop_fdce_C_Q)         0.419     2.764 r  u_soc_top/gen_cv32e40p_core.u_core/core_i/id_stage_i/alu_operator_ex_o_reg[5]/Q
                         net (fo=59, routed)          0.569     3.333    u_soc_top/gen_cv32e40p_core.u_core/core_i/id_stage_i/register_file_i/i___171_i_34_0[5]
    SLICE_X40Y162        LUT3 (Prop_lut3_I0_O)        0.299     3.632 r  u_soc_top/gen_cv32e40p_core.u_core/core_i/id_stage_i/register_file_i/i___183_i_5/O
                         net (fo=96, routed)          0.925     4.557    u_soc_top/gen_cv32e40p_core.u_core/core_i/id_stage_i/register_file_i/i___183_i_5_n_0
    SLICE_X44Y162        LUT6 (Prop_lut6_I0_O)        0.124     4.681 r  u_soc_top/gen_cv32e40p_core.u_core/core_i/id_stage_i/register_file_i/BReg_DP[24]_i_27/O
                         net (fo=1, routed)           0.623     5.304    u_soc_top/gen_cv32e40p_core.u_core/core_i/id_stage_i/register_file_i/BReg_DP[24]_i_27_n_0
    SLICE_X45Y158        LUT6 (Prop_lut6_I5_O)        0.124     5.428 r  u_soc_top/gen_cv32e40p_core.u_core/core_i/id_stage_i/register_file_i/BReg_DP[24]_i_19/O
                         net (fo=2, routed)           0.585     6.013    u_soc_top/gen_cv32e40p_core.u_core/core_i/id_stage_i/register_file_i/ex_stage_i/alu_i/adder_op_a[6]
    SLICE_X41Y157        LUT5 (Prop_lut5_I0_O)        0.124     6.137 r  u_soc_top/gen_cv32e40p_core.u_core/core_i/id_stage_i/register_file_i/BReg_DP[24]_i_23/O
                         net (fo=1, routed)           0.000     6.137    u_soc_top/gen_cv32e40p_core.u_core/core_i/id_stage_i/register_file_i/BReg_DP[24]_i_23_n_0
    SLICE_X41Y157        CARRY4 (Prop_carry4_S[2]_CO[3])
                                                      0.398     6.535 r  u_soc_top/gen_cv32e40p_core.u_core/core_i/id_stage_i/register_file_i/BReg_DP_reg[24]_i_12/CO[3]
                         net (fo=1, routed)           0.000     6.535    u_soc_top/gen_cv32e40p_core.u_core/core_i/id_stage_i/register_file_i/BReg_DP_reg[24]_i_12_n_0
    SLICE_X41Y158        CARRY4 (Prop_carry4_CI_O[1])
                                                      0.334     6.869 r  u_soc_top/gen_cv32e40p_core.u_core/core_i/id_stage_i/register_file_i/BReg_DP_reg[31]_i_98/O[1]
                         net (fo=3, routed)           0.702     7.571    u_soc_top/gen_cv32e40p_core.u_core/core_i/id_stage_i/register_file_i/ex_stage_i/alu_i/data0[8]
    SLICE_X42Y159        LUT5 (Prop_lut5_I3_O)        0.303     7.874 r  u_soc_top/gen_cv32e40p_core.u_core/core_i/id_stage_i/register_file_i/BReg_DP[31]_i_102/O
                         net (fo=1, routed)           0.000     7.874    u_soc_top/gen_cv32e40p_core.u_core/core_i/id_stage_i/register_file_i/BReg_DP[31]_i_102_n_0
    SLICE_X42Y159        CARRY4 (Prop_carry4_S[0]_CO[3])
                                                      0.513     8.387 r  u_soc_top/gen_cv32e40p_core.u_core/core_i/id_stage_i/register_file_i/BReg_DP_reg[31]_i_83/CO[3]
                         net (fo=1, routed)           0.000     8.387    u_soc_top/gen_cv32e40p_core.u_core/core_i/id_stage_i/register_file_i/BReg_DP_reg[31]_i_83_n_0
    SLICE_X42Y160        CARRY4 (Prop_carry4_CI_CO[3])
                                                      0.117     8.504 r  u_soc_top/gen_cv32e40p_core.u_core/core_i/id_stage_i/register_file_i/BReg_DP_reg[16]_i_11/CO[3]
                         net (fo=1, routed)           0.000     8.504    u_soc_top/gen_cv32e40p_core.u_core/core_i/id_stage_i/register_file_i/BReg_DP_reg[16]_i_11_n_0
    SLICE_X42Y161        CARRY4 (Prop_carry4_CI_CO[3])
                                                      0.117     8.621 r  u_soc_top/gen_cv32e40p_core.u_core/core_i/id_stage_i/register_file_i/BReg_DP_reg[31]_i_84/CO[3]
                         net (fo=1, routed)           0.000     8.621    u_soc_top/gen_cv32e40p_core.u_core/core_i/id_stage_i/register_file_i/BReg_DP_reg[31]_i_84_n_0
    SLICE_X42Y162        CARRY4 (Prop_carry4_CI_CO[3])
                                                      0.117     8.738 r  u_soc_top/gen_cv32e40p_core.u_core/core_i/id_stage_i/register_file_i/BReg_DP_reg[8]_i_8/CO[3]
                         net (fo=1, routed)           0.000     8.738    u_soc_top/gen_cv32e40p_core.u_core/core_i/id_stage_i/register_file_i/BReg_DP_reg[8]_i_8_n_0
    SLICE_X42Y163        CARRY4 (Prop_carry4_CI_CO[3])
                                                      0.117     8.855 r  u_soc_top/gen_cv32e40p_core.u_core/core_i/id_stage_i/register_file_i/BReg_DP_reg[31]_i_82/CO[3]
                         net (fo=1, routed)           0.000     8.855    u_soc_top/gen_cv32e40p_core.u_core/core_i/id_stage_i/register_file_i/BReg_DP_reg[31]_i_82_n_0
    SLICE_X42Y164        CARRY4 (Prop_carry4_CI_O[3])
                                                      0.315     9.170 r  u_soc_top/gen_cv32e40p_core.u_core/core_i/id_stage_i/register_file_i/BReg_DP_reg[0]_i_8/O[3]
                         net (fo=2, routed)           0.499     9.669    u_soc_top/gen_cv32e40p_core.u_core/core_i/id_stage_i/register_file_i/ex_stage_i/alu_i/adder_round_result[31]
    SLICE_X44Y164        LUT6 (Prop_lut6_I2_O)        0.307     9.976 r  u_soc_top/gen_cv32e40p_core.u_core/core_i/id_stage_i/register_file_i/BReg_DP[0]_i_6/O
                         net (fo=61, routed)          0.780    10.757    u_soc_top/gen_cv32e40p_core.u_core/core_i/id_stage_i/register_file_i/shift_right_result126_out
    SLICE_X44Y165        LUT3 (Prop_lut3_I2_O)        0.124    10.881 r  u_soc_top/gen_cv32e40p_core.u_core/core_i/id_stage_i/register_file_i/BReg_DP[18]_i_10/O
                         net (fo=3, routed)           0.738    11.619    u_soc_top/gen_cv32e40p_core.u_core/core_i/id_stage_i/register_file_i/alu_operand_a_ex_o_reg[11][1]
    SLICE_X45Y168        LUT6 (Prop_lut6_I0_O)        0.124    11.743 r  u_soc_top/gen_cv32e40p_core.u_core/core_i/id_stage_i/register_file_i/BReg_DP[18]_i_7/O
                         net (fo=4, routed)           0.841    12.583    u_soc_top/gen_cv32e40p_core.u_core/core_i/id_stage_i/register_file_i/BReg_DP[18]_i_7_n_0
    SLICE_X48Y168        LUT6 (Prop_lut6_I3_O)        0.124    12.707 r  u_soc_top/gen_cv32e40p_core.u_core/core_i/id_stage_i/register_file_i/BReg_DP[16]_i_4/O
                         net (fo=3, routed)           0.680    13.387    u_soc_top/gen_cv32e40p_core.u_core/core_i/id_stage_i/register_file_i/alu_clpx_shift_ex_o_reg[1]_12
    SLICE_X51Y167        LUT5 (Prop_lut5_I2_O)        0.124    13.511 r  u_soc_top/gen_cv32e40p_core.u_core/core_i/id_stage_i/register_file_i/BReg_DP[16]_i_2/O
                         net (fo=3, routed)           0.592    14.103    u_soc_top/gen_cv32e40p_core.u_core/core_i/id_stage_i/register_file_i/shift_left_result[2]
    SLICE_X51Y167        LUT5 (Prop_lut5_I4_O)        0.124    14.227 r  u_soc_top/gen_cv32e40p_core.u_core/core_i/id_stage_i/register_file_i/i___112__16_i_33/O
                         net (fo=5, routed)           1.015    15.243    u_soc_top/gen_cv32e40p_core.u_core/core_i/id_stage_i/register_file_i/ex_stage_i/alu_i/radix_2_rev[16]
    SLICE_X51Y163        LUT6 (Prop_lut6_I0_O)        0.124    15.367 r  u_soc_top/gen_cv32e40p_core.u_core/core_i/id_stage_i/register_file_i/i___50_i_107/O
                         net (fo=1, routed)           0.000    15.367    u_soc_top/gen_cv32e40p_core.u_core/core_i/id_stage_i/register_file_i/i___50_i_107_n_0
    SLICE_X51Y163        MUXF7 (Prop_muxf7_I1_O)      0.217    15.584 r  u_soc_top/gen_cv32e40p_core.u_core/core_i/id_stage_i/register_file_i/i___50_i_98/O
                         net (fo=1, routed)           0.000    15.584    u_soc_top/gen_cv32e40p_core.u_core/core_i/id_stage_i/register_file_i/i___50_i_98_n_0
    SLICE_X51Y163        MUXF8 (Prop_muxf8_I1_O)      0.094    15.678 r  u_soc_top/gen_cv32e40p_core.u_core/core_i/id_stage_i/register_file_i/i___50_i_92/O
                         net (fo=1, routed)           0.408    16.086    u_soc_top/gen_cv32e40p_core.u_core/core_i/id_stage_i/register_file_i/i___50_i_92_n_0
    SLICE_X51Y162        LUT6 (Prop_lut6_I0_O)        0.316    16.402 r  u_soc_top/gen_cv32e40p_core.u_core/core_i/id_stage_i/register_file_i/i___50_i_86/O
                         net (fo=64, routed)          0.934    17.336    u_soc_top/gen_cv32e40p_core.u_core/core_i/id_stage_i/register_file_i/ex_stage_i/alu_i/extract_sign
    SLICE_X44Y161        LUT6 (Prop_lut6_I3_O)        0.124    17.460 r  u_soc_top/gen_cv32e40p_core.u_core/core_i/id_stage_i/register_file_i/i___112__28_i_33/O
                         net (fo=1, routed)           0.732    18.192    u_soc_top/gen_cv32e40p_core.u_core/core_i/id_stage_i/register_file_i/ex_stage_i/alu_i/bextins_result[5]
    SLICE_X36Y161        LUT6 (Prop_lut6_I5_O)        0.124    18.316 r  u_soc_top/gen_cv32e40p_core.u_core/core_i/id_stage_i/register_file_i/i___112__28_i_25/O
                         net (fo=1, routed)           0.000    18.316    u_soc_top/gen_cv32e40p_core.u_core/core_i/id_stage_i/register_file_i/i___112__28_i_25_n_0
    SLICE_X36Y161        MUXF7 (Prop_muxf7_I1_O)      0.217    18.533 r  u_soc_top/gen_cv32e40p_core.u_core/core_i/id_stage_i/register_file_i/i___112__28_i_20/O
                         net (fo=1, routed)           0.441    18.974    u_soc_top/gen_cv32e40p_core.u_core/core_i/id_stage_i/register_file_i/i___112__28_i_20_n_0
    SLICE_X36Y161        LUT6 (Prop_lut6_I5_O)        0.299    19.273 r  u_soc_top/gen_cv32e40p_core.u_core/core_i/id_stage_i/register_file_i/i___112__28_i_8/O
                         net (fo=1, routed)           0.307    19.580    u_soc_top/gen_cv32e40p_core.u_core/core_i/id_stage_i/gen_hwloop_regs.hwloop_regs_i/alu_result[5]
    SLICE_X33Y161        LUT6 (Prop_lut6_I3_O)        0.124    19.704 r  u_soc_top/gen_cv32e40p_core.u_core/core_i/id_stage_i/gen_hwloop_regs.hwloop_regs_i/i___112__28_i_3/O
                         net (fo=38, routed)          0.530    20.234    u_soc_top/gen_cv32e40p_core.u_core/core_i/id_stage_i/register_file_i/hwlp_start_q_reg[0][5]_0
    SLICE_X32Y158        LUT6 (Prop_lut6_I4_O)        0.124    20.358 r  u_soc_top/gen_cv32e40p_core.u_core/core_i/id_stage_i/register_file_i/alu_operand_c_ex_o[5]_i_2/O
                         net (fo=4, routed)           0.662    21.020    u_soc_top/gen_cv32e40p_core.u_core/core_i/if_stage_i/mult_dot_op_b_ex_o_reg[5]_0
    SLICE_X32Y160        LUT6 (Prop_lut6_I5_O)        0.124    21.144 r  u_soc_top/gen_cv32e40p_core.u_core/core_i/if_stage_i/mult_operand_b_ex_o[5]_i_1/O
                         net (fo=8, routed)           1.028    22.172    u_soc_top/gen_cv32e40p_core.u_core/core_i/if_stage_i/operand_b[5]
    SLICE_X39Y164        LUT5 (Prop_lut5_I0_O)        0.124    22.296 r  u_soc_top/gen_cv32e40p_core.u_core/core_i/if_stage_i/mult_operand_b_ex_o[21]_i_1/O
                         net (fo=2, routed)           0.835    23.132    u_soc_top/gen_cv32e40p_core.u_core/core_i/id_stage_i/mult_operand_b_ex_o_reg[31]_1[13]
    SLICE_X38Y164        FDCE                                         r  u_soc_top/gen_cv32e40p_core.u_core/core_i/id_stage_i/mult_operand_b_ex_o_reg[21]/D
  -------------------------------------------------------------------    -------------------

                         (clock clk_50m_unbuf rise edge)
                                                     20.000    20.000 r  
    E3                                                0.000    20.000 r  clk_100m_i (IN)
                         net (fo=0)                   0.000    20.000    clk_100m_i
    E3                   IBUF (Prop_ibuf_I_O)         1.411    21.411 r  clk_100m_i_IBUF_inst/O
                         net (fo=1, routed)           1.162    22.573    clk_100m_i_IBUF
    MMCME2_ADV_X1Y2      MMCME2_ADV (Prop_mmcme2_adv_CLKIN1_CLKOUT0)
                                                     -7.324    15.249 r  u_mmcm/CLKOUT0
                         net (fo=1, routed)           1.639    16.888    clk_50m_unbuf
    BUFGCTRL_X0Y16       BUFG (Prop_bufg_I_O)         0.091    16.979 r  u_bufg_clk50/O
                         net (fo=4563, routed)        1.860    18.840    u_soc_top/gen_cv32e40p_core.u_core/core_i/sleep_unit_i/core_clock_gate_i/clk_50m
    SLICE_X52Y97         LUT2 (Prop_lut2_I0_O)        0.100    18.940 r  u_soc_top/gen_cv32e40p_core.u_core/core_i/sleep_unit_i/core_clock_gate_i/cnt_q[1]_i_4/O
                         net (fo=1, routed)           0.694    19.633    u_soc_top_n_44
    BUFGCTRL_X0Y0        BUFG (Prop_bufg_I_O)         0.091    19.724 r  cnt_q_reg[1]_i_2/O
                         net (fo=2420, routed)        1.674    21.398    u_soc_top/gen_cv32e40p_core.u_core/core_i/id_stage_i/clk
    SLICE_X38Y164        FDCE                                         r  u_soc_top/gen_cv32e40p_core.u_core/core_i/id_stage_i/mult_operand_b_ex_o_reg[21]/C
                         clock pessimism              0.921    22.319    
                         clock uncertainty           -0.089    22.230    
    SLICE_X38Y164        FDCE (Setup_fdce_C_D)       -0.031    22.199    u_soc_top/gen_cv32e40p_core.u_core/core_i/id_stage_i/mult_operand_b_ex_o_reg[21]
  -------------------------------------------------------------------
                         required time                         22.199    
                         arrival time                         -23.132    
  -------------------------------------------------------------------
                         slack                                 -0.932    

Slack (VIOLATED) :        -0.923ns  (required time - arrival time)
  Source:                 u_soc_top/gen_cv32e40p_core.u_core/core_i/id_stage_i/alu_operator_ex_o_reg[5]/C
                            (rising edge-triggered cell FDCE clocked by clk_50m_unbuf  {rise@0.000ns fall@10.000ns period=20.000ns})
  Destination:            u_soc_top/gen_cv32e40p_core.u_core/core_i/id_stage_i/mult_operand_a_ex_o_reg[25]/D
                            (rising edge-triggered cell FDCE clocked by clk_50m_unbuf  {rise@0.000ns fall@10.000ns period=20.000ns})
  Path Group:             clk_50m_unbuf
  Path Type:              Setup (Max at Slow Process Corner)
  Requirement:            20.000ns  (clk_50m_unbuf rise@20.000ns - clk_50m_unbuf rise@0.000ns)
  Data Path Delay:        20.760ns  (logic 6.478ns (31.205%)  route 14.282ns (68.795%))
  Logic Levels:           32  (CARRY4=8 LUT3=2 LUT5=6 LUT6=13 MUXF7=2 MUXF8=1)
  Clock Path Skew:        -0.044ns (DCD - SCD + CPR)
    Destination Clock Delay (DCD):    1.397ns = ( 21.397 - 20.000 ) 
    Source Clock Delay      (SCD):    2.345ns
    Clock Pessimism Removal (CPR):    0.904ns
  Clock Uncertainty:      0.089ns  ((TSJ^2 + DJ^2)^1/2) / 2 + PE
    Total System Jitter     (TSJ):    0.071ns
    Discrete Jitter          (DJ):    0.163ns
    Phase Error              (PE):    0.000ns

    Location             Delay type                Incr(ns)  Path(ns)    Netlist Resource(s)
  -------------------------------------------------------------------    -------------------
                         (clock clk_50m_unbuf rise edge)
                                                      0.000     0.000 r  
    E3                                                0.000     0.000 r  clk_100m_i (IN)
                         net (fo=0)                   0.000     0.000    clk_100m_i
    E3                   IBUF (Prop_ibuf_I_O)         1.482     1.482 r  clk_100m_i_IBUF_inst/O
                         net (fo=1, routed)           1.233     2.715    clk_100m_i_IBUF
    MMCME2_ADV_X1Y2      MMCME2_ADV (Prop_mmcme2_adv_CLKIN1_CLKOUT0)
                                                     -7.070    -4.355 r  u_mmcm/CLKOUT0
                         net (fo=1, routed)           1.719    -2.636    clk_50m_unbuf
    BUFGCTRL_X0Y16       BUFG (Prop_bufg_I_O)         0.096    -2.540 r  u_bufg_clk50/O
                         net (fo=4563, routed)        2.067    -0.473    u_soc_top/gen_cv32e40p_core.u_core/core_i/sleep_unit_i/core_clock_gate_i/clk_50m
    SLICE_X52Y97         LUT2 (Prop_lut2_I0_O)        0.124    -0.349 r  u_soc_top/gen_cv32e40p_core.u_core/core_i/sleep_unit_i/core_clock_gate_i/cnt_q[1]_i_4/O
                         net (fo=1, routed)           0.794     0.445    u_soc_top_n_44
    BUFGCTRL_X0Y0        BUFG (Prop_bufg_I_O)         0.096     0.541 r  cnt_q_reg[1]_i_2/O
                         net (fo=2420, routed)        1.804     2.345    u_soc_top/gen_cv32e40p_core.u_core/core_i/id_stage_i/clk
    SLICE_X40Y162        FDCE                                         r  u_soc_top/gen_cv32e40p_core.u_core/core_i/id_stage_i/alu_operator_ex_o_reg[5]/C
  -------------------------------------------------------------------    -------------------
    SLICE_X40Y162        FDCE (Prop_fdce_C_Q)         0.419     2.764 r  u_soc_top/gen_cv32e40p_core.u_core/core_i/id_stage_i/alu_operator_ex_o_reg[5]/Q
                         net (fo=59, routed)          0.569     3.333    u_soc_top/gen_cv32e40p_core.u_core/core_i/id_stage_i/register_file_i/i___171_i_34_0[5]
    SLICE_X40Y162        LUT3 (Prop_lut3_I0_O)        0.299     3.632 r  u_soc_top/gen_cv32e40p_core.u_core/core_i/id_stage_i/register_file_i/i___183_i_5/O
                         net (fo=96, routed)          0.925     4.557    u_soc_top/gen_cv32e40p_core.u_core/core_i/id_stage_i/register_file_i/i___183_i_5_n_0
    SLICE_X44Y162        LUT6 (Prop_lut6_I0_O)        0.124     4.681 r  u_soc_top/gen_cv32e40p_core.u_core/core_i/id_stage_i/register_file_i/BReg_DP[24]_i_27/O
                         net (fo=1, routed)           0.623     5.304    u_soc_top/gen_cv32e40p_core.u_core/core_i/id_stage_i/register_file_i/BReg_DP[24]_i_27_n_0
    SLICE_X45Y158        LUT6 (Prop_lut6_I5_O)        0.124     5.428 r  u_soc_top/gen_cv32e40p_core.u_core/core_i/id_stage_i/register_file_i/BReg_DP[24]_i_19/O
                         net (fo=2, routed)           0.585     6.013    u_soc_top/gen_cv32e40p_core.u_core/core_i/id_stage_i/register_file_i/ex_stage_i/alu_i/adder_op_a[6]
    SLICE_X41Y157        LUT5 (Prop_lut5_I0_O)        0.124     6.137 r  u_soc_top/gen_cv32e40p_core.u_core/core_i/id_stage_i/register_file_i/BReg_DP[24]_i_23/O
                         net (fo=1, routed)           0.000     6.137    u_soc_top/gen_cv32e40p_core.u_core/core_i/id_stage_i/register_file_i/BReg_DP[24]_i_23_n_0
    SLICE_X41Y157        CARRY4 (Prop_carry4_S[2]_CO[3])
                                                      0.398     6.535 r  u_soc_top/gen_cv32e40p_core.u_core/core_i/id_stage_i/register_file_i/BReg_DP_reg[24]_i_12/CO[3]
                         net (fo=1, routed)           0.000     6.535    u_soc_top/gen_cv32e40p_core.u_core/core_i/id_stage_i/register_file_i/BReg_DP_reg[24]_i_12_n_0
    SLICE_X41Y158        CARRY4 (Prop_carry4_CI_O[1])
                                                      0.334     6.869 r  u_soc_top/gen_cv32e40p_core.u_core/core_i/id_stage_i/register_file_i/BReg_DP_reg[31]_i_98/O[1]
                         net (fo=3, routed)           0.702     7.571    u_soc_top/gen_cv32e40p_core.u_core/core_i/id_stage_i/register_file_i/ex_stage_i/alu_i/data0[8]
    SLICE_X42Y159        LUT5 (Prop_lut5_I3_O)        0.303     7.874 r  u_soc_top/gen_cv32e40p_core.u_core/core_i/id_stage_i/register_file_i/BReg_DP[31]_i_102/O
                         net (fo=1, routed)           0.000     7.874    u_soc_top/gen_cv32e40p_core.u_core/core_i/id_stage_i/register_file_i/BReg_DP[31]_i_102_n_0
    SLICE_X42Y159        CARRY4 (Prop_carry4_S[0]_CO[3])
                                                      0.513     8.387 r  u_soc_top/gen_cv32e40p_core.u_core/core_i/id_stage_i/register_file_i/BReg_DP_reg[31]_i_83/CO[3]
                         net (fo=1, routed)           0.000     8.387    u_soc_top/gen_cv32e40p_core.u_core/core_i/id_stage_i/register_file_i/BReg_DP_reg[31]_i_83_n_0
    SLICE_X42Y160        CARRY4 (Prop_carry4_CI_CO[3])
                                                      0.117     8.504 r  u_soc_top/gen_cv32e40p_core.u_core/core_i/id_stage_i/register_file_i/BReg_DP_reg[16]_i_11/CO[3]
                         net (fo=1, routed)           0.000     8.504    u_soc_top/gen_cv32e40p_core.u_core/core_i/id_stage_i/register_file_i/BReg_DP_reg[16]_i_11_n_0
    SLICE_X42Y161        CARRY4 (Prop_carry4_CI_CO[3])
                                                      0.117     8.621 r  u_soc_top/gen_cv32e40p_core.u_core/core_i/id_stage_i/register_file_i/BReg_DP_reg[31]_i_84/CO[3]
                         net (fo=1, routed)           0.000     8.621    u_soc_top/gen_cv32e40p_core.u_core/core_i/id_stage_i/register_file_i/BReg_DP_reg[31]_i_84_n_0
    SLICE_X42Y162        CARRY4 (Prop_carry4_CI_CO[3])
                                                      0.117     8.738 r  u_soc_top/gen_cv32e40p_core.u_core/core_i/id_stage_i/register_file_i/BReg_DP_reg[8]_i_8/CO[3]
                         net (fo=1, routed)           0.000     8.738    u_soc_top/gen_cv32e40p_core.u_core/core_i/id_stage_i/register_file_i/BReg_DP_reg[8]_i_8_n_0
    SLICE_X42Y163        CARRY4 (Prop_carry4_CI_CO[3])
                                                      0.117     8.855 r  u_soc_top/gen_cv32e40p_core.u_core/core_i/id_stage_i/register_file_i/BReg_DP_reg[31]_i_82/CO[3]
                         net (fo=1, routed)           0.000     8.855    u_soc_top/gen_cv32e40p_core.u_core/core_i/id_stage_i/register_file_i/BReg_DP_reg[31]_i_82_n_0
    SLICE_X42Y164        CARRY4 (Prop_carry4_CI_O[3])
                                                      0.315     9.170 r  u_soc_top/gen_cv32e40p_core.u_core/core_i/id_stage_i/register_file_i/BReg_DP_reg[0]_i_8/O[3]
                         net (fo=2, routed)           0.499     9.669    u_soc_top/gen_cv32e40p_core.u_core/core_i/id_stage_i/register_file_i/ex_stage_i/alu_i/adder_round_result[31]
    SLICE_X44Y164        LUT6 (Prop_lut6_I2_O)        0.307     9.976 r  u_soc_top/gen_cv32e40p_core.u_core/core_i/id_stage_i/register_file_i/BReg_DP[0]_i_6/O
                         net (fo=61, routed)          0.780    10.757    u_soc_top/gen_cv32e40p_core.u_core/core_i/id_stage_i/register_file_i/shift_right_result126_out
    SLICE_X44Y165        LUT3 (Prop_lut3_I2_O)        0.124    10.881 r  u_soc_top/gen_cv32e40p_core.u_core/core_i/id_stage_i/register_file_i/BReg_DP[18]_i_10/O
                         net (fo=3, routed)           0.738    11.619    u_soc_top/gen_cv32e40p_core.u_core/core_i/id_stage_i/register_file_i/alu_operand_a_ex_o_reg[11][1]
    SLICE_X45Y168        LUT6 (Prop_lut6_I0_O)        0.124    11.743 r  u_soc_top/gen_cv32e40p_core.u_core/core_i/id_stage_i/register_file_i/BReg_DP[18]_i_7/O
                         net (fo=4, routed)           0.841    12.583    u_soc_top/gen_cv32e40p_core.u_core/core_i/id_stage_i/register_file_i/BReg_DP[18]_i_7_n_0
    SLICE_X48Y168        LUT6 (Prop_lut6_I3_O)        0.124    12.707 r  u_soc_top/gen_cv32e40p_core.u_core/core_i/id_stage_i/register_file_i/BReg_DP[16]_i_4/O
                         net (fo=3, routed)           0.680    13.387    u_soc_top/gen_cv32e40p_core.u_core/core_i/id_stage_i/register_file_i/alu_clpx_shift_ex_o_reg[1]_12
    SLICE_X51Y167        LUT5 (Prop_lut5_I2_O)        0.124    13.511 r  u_soc_top/gen_cv32e40p_core.u_core/core_i/id_stage_i/register_file_i/BReg_DP[16]_i_2/O
                         net (fo=3, routed)           0.592    14.103    u_soc_top/gen_cv32e40p_core.u_core/core_i/id_stage_i/register_file_i/shift_left_result[2]
    SLICE_X51Y167        LUT5 (Prop_lut5_I4_O)        0.124    14.227 r  u_soc_top/gen_cv32e40p_core.u_core/core_i/id_stage_i/register_file_i/i___112__16_i_33/O
                         net (fo=5, routed)           1.015    15.243    u_soc_top/gen_cv32e40p_core.u_core/core_i/id_stage_i/register_file_i/ex_stage_i/alu_i/radix_2_rev[16]
    SLICE_X51Y163        LUT6 (Prop_lut6_I0_O)        0.124    15.367 r  u_soc_top/gen_cv32e40p_core.u_core/core_i/id_stage_i/register_file_i/i___50_i_107/O
                         net (fo=1, routed)           0.000    15.367    u_soc_top/gen_cv32e40p_core.u_core/core_i/id_stage_i/register_file_i/i___50_i_107_n_0
    SLICE_X51Y163        MUXF7 (Prop_muxf7_I1_O)      0.217    15.584 r  u_soc_top/gen_cv32e40p_core.u_core/core_i/id_stage_i/register_file_i/i___50_i_98/O
                         net (fo=1, routed)           0.000    15.584    u_soc_top/gen_cv32e40p_core.u_core/core_i/id_stage_i/register_file_i/i___50_i_98_n_0
    SLICE_X51Y163        MUXF8 (Prop_muxf8_I1_O)      0.094    15.678 r  u_soc_top/gen_cv32e40p_core.u_core/core_i/id_stage_i/register_file_i/i___50_i_92/O
                         net (fo=1, routed)           0.408    16.086    u_soc_top/gen_cv32e40p_core.u_core/core_i/id_stage_i/register_file_i/i___50_i_92_n_0
    SLICE_X51Y162        LUT6 (Prop_lut6_I0_O)        0.316    16.402 r  u_soc_top/gen_cv32e40p_core.u_core/core_i/id_stage_i/register_file_i/i___50_i_86/O
                         net (fo=64, routed)          0.634    17.035    u_soc_top/gen_cv32e40p_core.u_core/core_i/id_stage_i/register_file_i/ex_stage_i/alu_i/extract_sign
    SLICE_X53Y159        LUT6 (Prop_lut6_I5_O)        0.124    17.159 r  u_soc_top/gen_cv32e40p_core.u_core/core_i/id_stage_i/register_file_i/i___112__6_i_40/O
                         net (fo=1, routed)           0.444    17.604    u_soc_top/gen_cv32e40p_core.u_core/core_i/id_stage_i/register_file_i/i___112__6_i_40_n_0
    SLICE_X53Y157        LUT6 (Prop_lut6_I5_O)        0.124    17.728 r  u_soc_top/gen_cv32e40p_core.u_core/core_i/id_stage_i/register_file_i/i___112__6_i_34/O
                         net (fo=1, routed)           0.624    18.351    u_soc_top/gen_cv32e40p_core.u_core/core_i/id_stage_i/register_file_i/ex_stage_i/alu_i/bextins_result[25]
    SLICE_X54Y157        LUT6 (Prop_lut6_I5_O)        0.124    18.475 r  u_soc_top/gen_cv32e40p_core.u_core/core_i/id_stage_i/register_file_i/i___112__6_i_27/O
                         net (fo=1, routed)           0.000    18.475    u_soc_top/gen_cv32e40p_core.u_core/core_i/id_stage_i/register_file_i/i___112__6_i_27_n_0
    SLICE_X54Y157        MUXF7 (Prop_muxf7_I1_O)      0.214    18.689 r  u_soc_top/gen_cv32e40p_core.u_core/core_i/id_stage_i/register_file_i/i___112__6_i_20/O
                         net (fo=1, routed)           0.558    19.247    u_soc_top/gen_cv32e40p_core.u_core/core_i/id_stage_i/register_file_i/i___112__6_i_20_n_0
    SLICE_X55Y154        LUT6 (Prop_lut6_I5_O)        0.297    19.544 r  u_soc_top/gen_cv32e40p_core.u_core/core_i/id_stage_i/register_file_i/i___112__6_i_8/O
                         net (fo=1, routed)           0.571    20.115    u_soc_top/gen_cv32e40p_core.u_core/core_i/id_stage_i/gen_hwloop_regs.hwloop_regs_i/alu_result[20]
    SLICE_X55Y155        LUT6 (Prop_lut6_I3_O)        0.124    20.239 r  u_soc_top/gen_cv32e40p_core.u_core/core_i/id_stage_i/gen_hwloop_regs.hwloop_regs_i/i___112__6_i_3/O
                         net (fo=36, routed)          0.415    20.654    u_soc_top/gen_cv32e40p_core.u_core/core_i/id_stage_i/register_file_i/hwlp_counter_q_reg[0][25]_0
    SLICE_X54Y154        LUT6 (Prop_lut6_I4_O)        0.124    20.778 r  u_soc_top/gen_cv32e40p_core.u_core/core_i/id_stage_i/register_file_i/i___69_i_1/O
                         net (fo=8, routed)           0.964    21.742    u_soc_top/gen_cv32e40p_core.u_core/core_i/if_stage_i/hwlp_counter_q_reg[0][25]
    SLICE_X50Y154        LUT5 (Prop_lut5_I4_O)        0.124    21.866 r  u_soc_top/gen_cv32e40p_core.u_core/core_i/if_stage_i/alu_operand_a_ex_o[25]_i_2/O
                         net (fo=2, routed)           0.441    22.308    u_soc_top/gen_cv32e40p_core.u_core/core_i/if_stage_i/alu_operand_a_ex_o[25]_i_2_n_0
    SLICE_X50Y153        LUT5 (Prop_lut5_I4_O)        0.124    22.432 r  u_soc_top/gen_cv32e40p_core.u_core/core_i/if_stage_i/mult_operand_a_ex_o[25]_i_1/O
                         net (fo=2, routed)           0.673    23.105    u_soc_top/gen_cv32e40p_core.u_core/core_i/id_stage_i/mult_operand_a_ex_o_reg[31]_0[25]
    SLICE_X50Y152        FDCE                                         r  u_soc_top/gen_cv32e40p_core.u_core/core_i/id_stage_i/mult_operand_a_ex_o_reg[25]/D
  -------------------------------------------------------------------    -------------------

                         (clock clk_50m_unbuf rise edge)
                                                     20.000    20.000 r  
    E3                                                0.000    20.000 r  clk_100m_i (IN)
                         net (fo=0)                   0.000    20.000    clk_100m_i
    E3                   IBUF (Prop_ibuf_I_O)         1.411    21.411 r  clk_100m_i_IBUF_inst/O
                         net (fo=1, routed)           1.162    22.573    clk_100m_i_IBUF
    MMCME2_ADV_X1Y2      MMCME2_ADV (Prop_mmcme2_adv_CLKIN1_CLKOUT0)
                                                     -7.324    15.249 r  u_mmcm/CLKOUT0
                         net (fo=1, routed)           1.639    16.888    clk_50m_unbuf
    BUFGCTRL_X0Y16       BUFG (Prop_bufg_I_O)         0.091    16.979 r  u_bufg_clk50/O
                         net (fo=4563, routed)        1.860    18.840    u_soc_top/gen_cv32e40p_core.u_core/core_i/sleep_unit_i/core_clock_gate_i/clk_50m
    SLICE_X52Y97         LUT2 (Prop_lut2_I0_O)        0.100    18.940 r  u_soc_top/gen_cv32e40p_core.u_core/core_i/sleep_unit_i/core_clock_gate_i/cnt_q[1]_i_4/O
                         net (fo=1, routed)           0.694    19.633    u_soc_top_n_44
    BUFGCTRL_X0Y0        BUFG (Prop_bufg_I_O)         0.091    19.724 r  cnt_q_reg[1]_i_2/O
                         net (fo=2420, routed)        1.673    21.397    u_soc_top/gen_cv32e40p_core.u_core/core_i/id_stage_i/clk
    SLICE_X50Y152        FDCE                                         r  u_soc_top/gen_cv32e40p_core.u_core/core_i/id_stage_i/mult_operand_a_ex_o_reg[25]/C
                         clock pessimism              0.904    22.301    
                         clock uncertainty           -0.089    22.212    
    SLICE_X50Y152        FDCE (Setup_fdce_C_D)       -0.031    22.181    u_soc_top/gen_cv32e40p_core.u_core/core_i/id_stage_i/mult_operand_a_ex_o_reg[25]
  -------------------------------------------------------------------
                         required time                         22.181    
                         arrival time                         -23.105    
  -------------------------------------------------------------------
                         slack                                 -0.923    

Slack (VIOLATED) :        -0.921ns  (required time - arrival time)
  Source:                 u_soc_top/gen_cv32e40p_core.u_core/core_i/id_stage_i/alu_operator_ex_o_reg[5]/C
                            (rising edge-triggered cell FDCE clocked by clk_50m_unbuf  {rise@0.000ns fall@10.000ns period=20.000ns})
  Destination:            u_soc_top/gen_cv32e40p_core.u_core/core_i/id_stage_i/mult_dot_op_a_ex_o_reg[27]/D
                            (rising edge-triggered cell FDCE clocked by clk_50m_unbuf  {rise@0.000ns fall@10.000ns period=20.000ns})
  Path Group:             clk_50m_unbuf
  Path Type:              Setup (Max at Slow Process Corner)
  Requirement:            20.000ns  (clk_50m_unbuf rise@20.000ns - clk_50m_unbuf rise@0.000ns)
  Data Path Delay:        20.663ns  (logic 6.483ns (31.375%)  route 14.180ns (68.625%))
  Logic Levels:           32  (CARRY4=8 LUT3=2 LUT5=6 LUT6=13 MUXF7=2 MUXF8=1)
  Clock Path Skew:        -0.124ns (DCD - SCD + CPR)
    Destination Clock Delay (DCD):    1.388ns = ( 21.388 - 20.000 ) 
    Source Clock Delay      (SCD):    2.345ns
    Clock Pessimism Removal (CPR):    0.832ns
  Clock Uncertainty:      0.089ns  ((TSJ^2 + DJ^2)^1/2) / 2 + PE
    Total System Jitter     (TSJ):    0.071ns
    Discrete Jitter          (DJ):    0.163ns
    Phase Error              (PE):    0.000ns

    Location             Delay type                Incr(ns)  Path(ns)    Netlist Resource(s)
  -------------------------------------------------------------------    -------------------
                         (clock clk_50m_unbuf rise edge)
                                                      0.000     0.000 r  
    E3                                                0.000     0.000 r  clk_100m_i (IN)
                         net (fo=0)                   0.000     0.000    clk_100m_i
    E3                   IBUF (Prop_ibuf_I_O)         1.482     1.482 r  clk_100m_i_IBUF_inst/O
                         net (fo=1, routed)           1.233     2.715    clk_100m_i_IBUF
    MMCME2_ADV_X1Y2      MMCME2_ADV (Prop_mmcme2_adv_CLKIN1_CLKOUT0)
                                                     -7.070    -4.355 r  u_mmcm/CLKOUT0
                         net (fo=1, routed)           1.719    -2.636    clk_50m_unbuf
    BUFGCTRL_X0Y16       BUFG (Prop_bufg_I_O)         0.096    -2.540 r  u_bufg_clk50/O
                         net (fo=4563, routed)        2.067    -0.473    u_soc_top/gen_cv32e40p_core.u_core/core_i/sleep_unit_i/core_clock_gate_i/clk_50m
    SLICE_X52Y97         LUT2 (Prop_lut2_I0_O)        0.124    -0.349 r  u_soc_top/gen_cv32e40p_core.u_core/core_i/sleep_unit_i/core_clock_gate_i/cnt_q[1]_i_4/O
                         net (fo=1, routed)           0.794     0.445    u_soc_top_n_44
    BUFGCTRL_X0Y0        BUFG (Prop_bufg_I_O)         0.096     0.541 r  cnt_q_reg[1]_i_2/O
                         net (fo=2420, routed)        1.804     2.345    u_soc_top/gen_cv32e40p_core.u_core/core_i/id_stage_i/clk
    SLICE_X40Y162        FDCE                                         r  u_soc_top/gen_cv32e40p_core.u_core/core_i/id_stage_i/alu_operator_ex_o_reg[5]/C
  -------------------------------------------------------------------    -------------------
    SLICE_X40Y162        FDCE (Prop_fdce_C_Q)         0.419     2.764 r  u_soc_top/gen_cv32e40p_core.u_core/core_i/id_stage_i/alu_operator_ex_o_reg[5]/Q
                         net (fo=59, routed)          0.569     3.333    u_soc_top/gen_cv32e40p_core.u_core/core_i/id_stage_i/register_file_i/i___171_i_34_0[5]
    SLICE_X40Y162        LUT3 (Prop_lut3_I0_O)        0.299     3.632 r  u_soc_top/gen_cv32e40p_core.u_core/core_i/id_stage_i/register_file_i/i___183_i_5/O
                         net (fo=96, routed)          0.925     4.557    u_soc_top/gen_cv32e40p_core.u_core/core_i/id_stage_i/register_file_i/i___183_i_5_n_0
    SLICE_X44Y162        LUT6 (Prop_lut6_I0_O)        0.124     4.681 r  u_soc_top/gen_cv32e40p_core.u_core/core_i/id_stage_i/register_file_i/BReg_DP[24]_i_27/O
                         net (fo=1, routed)           0.623     5.304    u_soc_top/gen_cv32e40p_core.u_core/core_i/id_stage_i/register_file_i/BReg_DP[24]_i_27_n_0
    SLICE_X45Y158        LUT6 (Prop_lut6_I5_O)        0.124     5.428 r  u_soc_top/gen_cv32e40p_core.u_core/core_i/id_stage_i/register_file_i/BReg_DP[24]_i_19/O
                         net (fo=2, routed)           0.585     6.013    u_soc_top/gen_cv32e40p_core.u_core/core_i/id_stage_i/register_file_i/ex_stage_i/alu_i/adder_op_a[6]
    SLICE_X41Y157        LUT5 (Prop_lut5_I0_O)        0.124     6.137 r  u_soc_top/gen_cv32e40p_core.u_core/core_i/id_stage_i/register_file_i/BReg_DP[24]_i_23/O
                         net (fo=1, routed)           0.000     6.137    u_soc_top/gen_cv32e40p_core.u_core/core_i/id_stage_i/register_file_i/BReg_DP[24]_i_23_n_0
    SLICE_X41Y157        CARRY4 (Prop_carry4_S[2]_CO[3])
                                                      0.398     6.535 r  u_soc_top/gen_cv32e40p_core.u_core/core_i/id_stage_i/register_file_i/BReg_DP_reg[24]_i_12/CO[3]
                         net (fo=1, routed)           0.000     6.535    u_soc_top/gen_cv32e40p_core.u_core/core_i/id_stage_i/register_file_i/BReg_DP_reg[24]_i_12_n_0
    SLICE_X41Y158        CARRY4 (Prop_carry4_CI_O[1])
                                                      0.334     6.869 r  u_soc_top/gen_cv32e40p_core.u_core/core_i/id_stage_i/register_file_i/BReg_DP_reg[31]_i_98/O[1]
                         net (fo=3, routed)           0.702     7.571    u_soc_top/gen_cv32e40p_core.u_core/core_i/id_stage_i/register_file_i/ex_stage_i/alu_i/data0[8]
    SLICE_X42Y159        LUT5 (Prop_lut5_I3_O)        0.303     7.874 r  u_soc_top/gen_cv32e40p_core.u_core/core_i/id_stage_i/register_file_i/BReg_DP[31]_i_102/O
                         net (fo=1, routed)           0.000     7.874    u_soc_top/gen_cv32e40p_core.u_core/core_i/id_stage_i/register_file_i/BReg_DP[31]_i_102_n_0
    SLICE_X42Y159        CARRY4 (Prop_carry4_S[0]_CO[3])
                                                      0.513     8.387 r  u_soc_top/gen_cv32e40p_core.u_core/core_i/id_stage_i/register_file_i/BReg_DP_reg[31]_i_83/CO[3]
                         net (fo=1, routed)           0.000     8.387    u_soc_top/gen_cv32e40p_core.u_core/core_i/id_stage_i/register_file_i/BReg_DP_reg[31]_i_83_n_0
    SLICE_X42Y160        CARRY4 (Prop_carry4_CI_CO[3])
                                                      0.117     8.504 r  u_soc_top/gen_cv32e40p_core.u_core/core_i/id_stage_i/register_file_i/BReg_DP_reg[16]_i_11/CO[3]
                         net (fo=1, routed)           0.000     8.504    u_soc_top/gen_cv32e40p_core.u_core/core_i/id_stage_i/register_file_i/BReg_DP_reg[16]_i_11_n_0
    SLICE_X42Y161        CARRY4 (Prop_carry4_CI_CO[3])
                                                      0.117     8.621 r  u_soc_top/gen_cv32e40p_core.u_core/core_i/id_stage_i/register_file_i/BReg_DP_reg[31]_i_84/CO[3]
                         net (fo=1, routed)           0.000     8.621    u_soc_top/gen_cv32e40p_core.u_core/core_i/id_stage_i/register_file_i/BReg_DP_reg[31]_i_84_n_0
    SLICE_X42Y162        CARRY4 (Prop_carry4_CI_CO[3])
                                                      0.117     8.738 r  u_soc_top/gen_cv32e40p_core.u_core/core_i/id_stage_i/register_file_i/BReg_DP_reg[8]_i_8/CO[3]
                         net (fo=1, routed)           0.000     8.738    u_soc_top/gen_cv32e40p_core.u_core/core_i/id_stage_i/register_file_i/BReg_DP_reg[8]_i_8_n_0
    SLICE_X42Y163        CARRY4 (Prop_carry4_CI_CO[3])
                                                      0.117     8.855 r  u_soc_top/gen_cv32e40p_core.u_core/core_i/id_stage_i/register_file_i/BReg_DP_reg[31]_i_82/CO[3]
                         net (fo=1, routed)           0.000     8.855    u_soc_top/gen_cv32e40p_core.u_core/core_i/id_stage_i/register_file_i/BReg_DP_reg[31]_i_82_n_0
    SLICE_X42Y164        CARRY4 (Prop_carry4_CI_O[3])
                                                      0.315     9.170 r  u_soc_top/gen_cv32e40p_core.u_core/core_i/id_stage_i/register_file_i/BReg_DP_reg[0]_i_8/O[3]
                         net (fo=2, routed)           0.499     9.669    u_soc_top/gen_cv32e40p_core.u_core/core_i/id_stage_i/register_file_i/ex_stage_i/alu_i/adder_round_result[31]
    SLICE_X44Y164        LUT6 (Prop_lut6_I2_O)        0.307     9.976 r  u_soc_top/gen_cv32e40p_core.u_core/core_i/id_stage_i/register_file_i/BReg_DP[0]_i_6/O
                         net (fo=61, routed)          0.780    10.757    u_soc_top/gen_cv32e40p_core.u_core/core_i/id_stage_i/register_file_i/shift_right_result126_out
    SLICE_X44Y165        LUT3 (Prop_lut3_I2_O)        0.124    10.881 r  u_soc_top/gen_cv32e40p_core.u_core/core_i/id_stage_i/register_file_i/BReg_DP[18]_i_10/O
                         net (fo=3, routed)           0.738    11.619    u_soc_top/gen_cv32e40p_core.u_core/core_i/id_stage_i/register_file_i/alu_operand_a_ex_o_reg[11][1]
    SLICE_X45Y168        LUT6 (Prop_lut6_I0_O)        0.124    11.743 r  u_soc_top/gen_cv32e40p_core.u_core/core_i/id_stage_i/register_file_i/BReg_DP[18]_i_7/O
                         net (fo=4, routed)           0.841    12.583    u_soc_top/gen_cv32e40p_core.u_core/core_i/id_stage_i/register_file_i/BReg_DP[18]_i_7_n_0
    SLICE_X48Y168        LUT6 (Prop_lut6_I3_O)        0.124    12.707 r  u_soc_top/gen_cv32e40p_core.u_core/core_i/id_stage_i/register_file_i/BReg_DP[16]_i_4/O
                         net (fo=3, routed)           0.680    13.387    u_soc_top/gen_cv32e40p_core.u_core/core_i/id_stage_i/register_file_i/alu_clpx_shift_ex_o_reg[1]_12
    SLICE_X51Y167        LUT5 (Prop_lut5_I2_O)        0.124    13.511 r  u_soc_top/gen_cv32e40p_core.u_core/core_i/id_stage_i/register_file_i/BReg_DP[16]_i_2/O
                         net (fo=3, routed)           0.592    14.103    u_soc_top/gen_cv32e40p_core.u_core/core_i/id_stage_i/register_file_i/shift_left_result[2]
    SLICE_X51Y167        LUT5 (Prop_lut5_I4_O)        0.124    14.227 r  u_soc_top/gen_cv32e40p_core.u_core/core_i/id_stage_i/register_file_i/i___112__16_i_33/O
                         net (fo=5, routed)           1.015    15.243    u_soc_top/gen_cv32e40p_core.u_core/core_i/id_stage_i/register_file_i/ex_stage_i/alu_i/radix_2_rev[16]
    SLICE_X51Y163        LUT6 (Prop_lut6_I0_O)        0.124    15.367 r  u_soc_top/gen_cv32e40p_core.u_core/core_i/id_stage_i/register_file_i/i___50_i_107/O
                         net (fo=1, routed)           0.000    15.367    u_soc_top/gen_cv32e40p_core.u_core/core_i/id_stage_i/register_file_i/i___50_i_107_n_0
    SLICE_X51Y163        MUXF7 (Prop_muxf7_I1_O)      0.217    15.584 r  u_soc_top/gen_cv32e40p_core.u_core/core_i/id_stage_i/register_file_i/i___50_i_98/O
                         net (fo=1, routed)           0.000    15.584    u_soc_top/gen_cv32e40p_core.u_core/core_i/id_stage_i/register_file_i/i___50_i_98_n_0
    SLICE_X51Y163        MUXF8 (Prop_muxf8_I1_O)      0.094    15.678 r  u_soc_top/gen_cv32e40p_core.u_core/core_i/id_stage_i/register_file_i/i___50_i_92/O
                         net (fo=1, routed)           0.408    16.086    u_soc_top/gen_cv32e40p_core.u_core/core_i/id_stage_i/register_file_i/i___50_i_92_n_0
    SLICE_X51Y162        LUT6 (Prop_lut6_I0_O)        0.316    16.402 r  u_soc_top/gen_cv32e40p_core.u_core/core_i/id_stage_i/register_file_i/i___50_i_86/O
                         net (fo=64, routed)          0.914    17.315    u_soc_top/gen_cv32e40p_core.u_core/core_i/id_stage_i/register_file_i/ex_stage_i/alu_i/extract_sign
    SLICE_X55Y160        LUT6 (Prop_lut6_I5_O)        0.124    17.439 r  u_soc_top/gen_cv32e40p_core.u_core/core_i/id_stage_i/register_file_i/i___112__4_i_40/O
                         net (fo=1, routed)           0.290    17.729    u_soc_top/gen_cv32e40p_core.u_core/core_i/id_stage_i/register_file_i/i___112__4_i_40_n_0
    SLICE_X55Y159        LUT6 (Prop_lut6_I5_O)        0.124    17.853 r  u_soc_top/gen_cv32e40p_core.u_core/core_i/id_stage_i/register_file_i/i___112__4_i_34/O
                         net (fo=1, routed)           0.154    18.008    u_soc_top/gen_cv32e40p_core.u_core/core_i/id_stage_i/register_file_i/ex_stage_i/alu_i/bextins_result[27]
    SLICE_X55Y159        LUT6 (Prop_lut6_I5_O)        0.124    18.132 r  u_soc_top/gen_cv32e40p_core.u_core/core_i/id_stage_i/register_file_i/i___112__4_i_27/O
                         net (fo=1, routed)           0.000    18.132    u_soc_top/gen_cv32e40p_core.u_core/core_i/id_stage_i/register_file_i/i___112__4_i_27_n_0
    SLICE_X55Y159        MUXF7 (Prop_muxf7_I1_O)      0.217    18.349 r  u_soc_top/gen_cv32e40p_core.u_core/core_i/id_stage_i/register_file_i/i___112__4_i_20/O
                         net (fo=1, routed)           0.436    18.785    u_soc_top/gen_cv32e40p_core.u_core/core_i/id_stage_i/register_file_i/i___112__4_i_20_n_0
    SLICE_X55Y159        LUT6 (Prop_lut6_I5_O)        0.299    19.084 r  u_soc_top/gen_cv32e40p_core.u_core/core_i/id_stage_i/register_file_i/i___112__4_i_8/O
                         net (fo=1, routed)           0.310    19.394    u_soc_top/gen_cv32e40p_core.u_core/core_i/id_stage_i/gen_hwloop_regs.hwloop_regs_i/alu_result[22]
    SLICE_X56Y159        LUT6 (Prop_lut6_I3_O)        0.124    19.518 r  u_soc_top/gen_cv32e40p_core.u_core/core_i/id_stage_i/gen_hwloop_regs.hwloop_regs_i/i___112__4_i_3/O
                         net (fo=37, routed)          0.595    20.113    u_soc_top/gen_cv32e40p_core.u_core/core_i/id_stage_i/gen_hwloop_regs.hwloop_regs_i/csr_access_ex_o_reg_42
    SLICE_X57Y159        LUT6 (Prop_lut6_I1_O)        0.124    20.237 r  u_soc_top/gen_cv32e40p_core.u_core/core_i/id_stage_i/gen_hwloop_regs.hwloop_regs_i/hwlp_end_q[1][27]_i_2/O
                         net (fo=4, routed)           0.910    21.147    u_soc_top/gen_cv32e40p_core.u_core/core_i/if_stage_i/hwlp_end_q_reg[0][27]
    SLICE_X56Y159        LUT5 (Prop_lut5_I4_O)        0.124    21.271 r  u_soc_top/gen_cv32e40p_core.u_core/core_i/if_stage_i/alu_operand_a_ex_o[27]_i_2/O
                         net (fo=2, routed)           0.478    21.749    u_soc_top/gen_cv32e40p_core.u_core/core_i/if_stage_i/alu_operand_a_ex_o[27]_i_2_n_0
    SLICE_X56Y159        LUT5 (Prop_lut5_I4_O)        0.124    21.873 r  u_soc_top/gen_cv32e40p_core.u_core/core_i/if_stage_i/mult_operand_a_ex_o[27]_i_1/O
                         net (fo=2, routed)           1.135    23.008    u_soc_top/gen_cv32e40p_core.u_core/core_i/id_stage_i/mult_operand_a_ex_o_reg[31]_0[27]
    SLICE_X56Y159        FDCE                                         r  u_soc_top/gen_cv32e40p_core.u_core/core_i/id_stage_i/mult_dot_op_a_ex_o_reg[27]/D
  -------------------------------------------------------------------    -------------------

                         (clock clk_50m_unbuf rise edge)
                                                     20.000    20.000 r  
    E3                                                0.000    20.000 r  clk_100m_i (IN)
                         net (fo=0)                   0.000    20.000    clk_100m_i
    E3                   IBUF (Prop_ibuf_I_O)         1.411    21.411 r  clk_100m_i_IBUF_inst/O
                         net (fo=1, routed)           1.162    22.573    clk_100m_i_IBUF
    MMCME2_ADV_X1Y2      MMCME2_ADV (Prop_mmcme2_adv_CLKIN1_CLKOUT0)
                                                     -7.324    15.249 r  u_mmcm/CLKOUT0
                         net (fo=1, routed)           1.639    16.888    clk_50m_unbuf
    BUFGCTRL_X0Y16       BUFG (Prop_bufg_I_O)         0.091    16.979 r  u_bufg_clk50/O
                         net (fo=4563, routed)        1.860    18.840    u_soc_top/gen_cv32e40p_core.u_core/core_i/sleep_unit_i/core_clock_gate_i/clk_50m
    SLICE_X52Y97         LUT2 (Prop_lut2_I0_O)        0.100    18.940 r  u_soc_top/gen_cv32e40p_core.u_core/core_i/sleep_unit_i/core_clock_gate_i/cnt_q[1]_i_4/O
                         net (fo=1, routed)           0.694    19.633    u_soc_top_n_44
    BUFGCTRL_X0Y0        BUFG (Prop_bufg_I_O)         0.091    19.724 r  cnt_q_reg[1]_i_2/O
                         net (fo=2420, routed)        1.664    21.388    u_soc_top/gen_cv32e40p_core.u_core/core_i/id_stage_i/clk
    SLICE_X56Y159        FDCE                                         r  u_soc_top/gen_cv32e40p_core.u_core/core_i/id_stage_i/mult_dot_op_a_ex_o_reg[27]/C
                         clock pessimism              0.832    22.221    
                         clock uncertainty           -0.089    22.132    
    SLICE_X56Y159        FDCE (Setup_fdce_C_D)       -0.045    22.087    u_soc_top/gen_cv32e40p_core.u_core/core_i/id_stage_i/mult_dot_op_a_ex_o_reg[27]
  -------------------------------------------------------------------
                         required time                         22.087    
                         arrival time                         -23.008    
  -------------------------------------------------------------------
                         slack                                 -0.921    




