Copyright 1986-2022 Xilinx, Inc. All Rights Reserved. Copyright 2022-2023 Advanced Micro Devices, Inc. All Rights Reserved.
----------------------------------------------------------------------------------------------------------------------------------------------------------
| Tool Version : Vivado v.2023.2 (win64) Build 4029153 Fri Oct 13 20:14:34 MDT 2023
| Date         : Tue Oct  6 14:25:30 2026
| Host         : DESKTOP-5BKHJFE running 64-bit major release  (build 9200)
| Command      : report_timing -delay_type min_max -max_paths 20 -file E:/ResearchOnWork/RISC_V_CORE/Synthesis/fpga/ecg_artix7/reports/timing_min_max.rpt
| Design       : ecg_arty_top
| Device       : 7a100t-csg324
| Speed File   : -1  PRODUCTION 1.23 2018-06-13
| Design State : Physopt postRoute
----------------------------------------------------------------------------------------------------------------------------------------------------------

Timing Report

Slack (MET) :             0.008ns  (required time - arrival time)
  Source:                 u_soc_top/gen_cv32e40p_core.u_core/core_i/id_stage_i/alu_operator_ex_o_reg[1]/C
                            (rising edge-triggered cell FDPE clocked by clk_50m_unbuf  {rise@0.000ns fall@10.000ns period=20.000ns})
  Destination:            u_soc_top/gen_cv32e40p_core.u_core/core_i/id_stage_i/mult_operand_b_ex_o_reg[21]/D
                            (rising edge-triggered cell FDCE clocked by clk_50m_unbuf  {rise@0.000ns fall@10.000ns period=20.000ns})
  Path Group:             clk_50m_unbuf
  Path Type:              Setup (Max at Slow Process Corner)
  Requirement:            20.000ns  (clk_50m_unbuf rise@20.000ns - clk_50m_unbuf rise@0.000ns)
  Data Path Delay:        19.827ns  (logic 6.483ns (32.698%)  route 13.344ns (67.302%))
  Logic Levels:           32  (CARRY4=9 LUT2=1 LUT3=1 LUT5=5 LUT6=14 MUXF7=2)
  Clock Path Skew:        -0.045ns (DCD - SCD + CPR)
    Destination Clock Delay (DCD):    -1.352ns = ( 18.648 - 20.000 ) 
    Source Clock Delay      (SCD):    -0.739ns
    Clock Pessimism Removal (CPR):    0.569ns
  Clock Uncertainty:      0.089ns  ((TSJ^2 + DJ^2)^1/2) / 2 + PE
    Total System Jitter     (TSJ):    0.071ns
    Discrete Jitter          (DJ):    0.163ns
    Phase Error              (PE):    0.000ns

    Location             Delay type                Incr(ns)  Path(ns)    Netlist Resource(s)
  -------------------------------------------------------------------    -------------------
                         (clock clk_50m_unbuf rise edge)
                                                      0.000     0.000 r  
    E3                                                0.000     0.000 r  clk_100m_i (IN)
                         net (fo=0)                   0.000     0.000    clk_100m_i
    E3                   IBUF (Prop_ibuf_I_O)         1.482     1.482 r  clk_100m_i_IBUF_inst/O
                         net (fo=1, routed)           1.233     2.715    clk_100m_i_IBUF
    MMCME2_ADV_X1Y2      MMCME2_ADV (Prop_mmcme2_adv_CLKIN1_CLKOUT0)
                                                     -7.070    -4.355 r  u_mmcm/CLKOUT0
                         net (fo=1, routed)           1.719    -2.636    clk_50m_unbuf
    BUFGCTRL_X0Y16       BUFG (Prop_bufg_I_O)         0.096    -2.540 r  u_bufg_clk50/O
                         net (fo=6978, routed)        1.801    -0.739    u_soc_top/gen_cv32e40p_core.u_core/core_i/id_stage_i/clk_50m
    SLICE_X38Y185        FDPE                                         r  u_soc_top/gen_cv32e40p_core.u_core/core_i/id_stage_i/alu_operator_ex_o_reg[1]/C
  -------------------------------------------------------------------    -------------------
    SLICE_X38Y185        FDPE (Prop_fdpe_C_Q)         0.518    -0.221 r  u_soc_top/gen_cv32e40p_core.u_core/core_i/id_stage_i/alu_operator_ex_o_reg[1]/Q
                         net (fo=158, routed)         0.326     0.105    u_soc_top/gen_cv32e40p_core.u_core/alu_operator_ex[1]
    SLICE_X39Y185        LUT2 (Prop_lut2_I0_O)        0.124     0.229 r  u_soc_top/gen_cv32e40p_core.u_core/i___239/O
                         net (fo=32, routed)          1.183     1.412    u_soc_top/gen_cv32e40p_core.u_core/core_i/id_stage_i/register_file_i/BReg_DP[31]_i_111_0
    SLICE_X38Y185        LUT6 (Prop_lut6_I1_O)        0.124     1.536 r  u_soc_top/gen_cv32e40p_core.u_core/core_i/id_stage_i/register_file_i/BReg_DP[31]_i_127/O
                         net (fo=1, routed)           0.306     1.842    u_soc_top/gen_cv32e40p_core.u_core/core_i/id_stage_i/register_file_i/BReg_DP[31]_i_127_n_0
    SLICE_X38Y183        LUT6 (Prop_lut6_I5_O)        0.124     1.966 r  u_soc_top/gen_cv32e40p_core.u_core/core_i/id_stage_i/register_file_i/BReg_DP[31]_i_110/O
                         net (fo=2, routed)           0.442     2.408    u_soc_top/gen_cv32e40p_core.u_core/core_i/id_stage_i/register_file_i/ex_stage_i/alu_i/adder_op_a[1]
    SLICE_X36Y183        LUT5 (Prop_lut5_I0_O)        0.124     2.532 r  u_soc_top/gen_cv32e40p_core.u_core/core_i/id_stage_i/register_file_i/BReg_DP[31]_i_114/O
                         net (fo=1, routed)           0.000     2.532    u_soc_top/gen_cv32e40p_core.u_core/core_i/id_stage_i/register_file_i/BReg_DP[31]_i_114_n_0
    SLICE_X36Y183        CARRY4 (Prop_carry4_S[1]_CO[3])
                                                      0.550     3.082 r  u_soc_top/gen_cv32e40p_core.u_core/core_i/id_stage_i/register_file_i/BReg_DP_reg[31]_i_89/CO[3]
                         net (fo=1, routed)           0.000     3.082    u_soc_top/gen_cv32e40p_core.u_core/core_i/id_stage_i/register_file_i/BReg_DP_reg[31]_i_89_n_0
    SLICE_X36Y184        CARRY4 (Prop_carry4_CI_CO[3])
                                                      0.114     3.196 r  u_soc_top/gen_cv32e40p_core.u_core/core_i/id_stage_i/register_file_i/BReg_DP_reg[24]_i_12/CO[3]
                         net (fo=1, routed)           0.000     3.196    u_soc_top/gen_cv32e40p_core.u_core/core_i/id_stage_i/register_file_i/BReg_DP_reg[24]_i_12_n_0
    SLICE_X36Y185        CARRY4 (Prop_carry4_CI_O[2])
                                                      0.239     3.435 r  u_soc_top/gen_cv32e40p_core.u_core/core_i/id_stage_i/register_file_i/BReg_DP_reg[31]_i_98/O[2]
                         net (fo=3, routed)           0.664     4.100    u_soc_top/gen_cv32e40p_core.u_core/core_i/id_stage_i/register_file_i/ex_stage_i/alu_i/data0[9]
    SLICE_X35Y186        LUT5 (Prop_lut5_I3_O)        0.302     4.402 r  u_soc_top/gen_cv32e40p_core.u_core/core_i/id_stage_i/register_file_i/BReg_DP[31]_i_101/O
                         net (fo=1, routed)           0.000     4.402    u_soc_top/gen_cv32e40p_core.u_core/core_i/id_stage_i/register_file_i/BReg_DP[31]_i_101_n_0
    SLICE_X35Y186        CARRY4 (Prop_carry4_S[1]_CO[3])
                                                      0.550     4.952 r  u_soc_top/gen_cv32e40p_core.u_core/core_i/id_stage_i/register_file_i/BReg_DP_reg[31]_i_83/CO[3]
                         net (fo=1, routed)           0.000     4.952    u_soc_top/gen_cv32e40p_core.u_core/core_i/id_stage_i/register_file_i/BReg_DP_reg[31]_i_83_n_0
    SLICE_X35Y187        CARRY4 (Prop_carry4_CI_CO[3])
                                                      0.114     5.066 r  u_soc_top/gen_cv32e40p_core.u_core/core_i/id_stage_i/register_file_i/BReg_DP_reg[16]_i_11/CO[3]
                         net (fo=1, routed)           0.000     5.066    u_soc_top/gen_cv32e40p_core.u_core/core_i/id_stage_i/register_file_i/BReg_DP_reg[16]_i_11_n_0
    SLICE_X35Y188        CARRY4 (Prop_carry4_CI_CO[3])
                                                      0.114     5.180 r  u_soc_top/gen_cv32e40p_core.u_core/core_i/id_stage_i/register_file_i/BReg_DP_reg[31]_i_84/CO[3]
                         net (fo=1, routed)           0.000     5.180    u_soc_top/gen_cv32e40p_core.u_core/core_i/id_stage_i/register_file_i/BReg_DP_reg[31]_i_84_n_0
    SLICE_X35Y189        CARRY4 (Prop_carry4_CI_CO[3])
                                                      0.114     5.294 r  u_soc_top/gen_cv32e40p_core.u_core/core_i/id_stage_i/register_file_i/BReg_DP_reg[8]_i_8/CO[3]
                         net (fo=1, routed)           0.000     5.294    u_soc_top/gen_cv32e40p_core.u_core/core_i/id_stage_i/register_file_i/BReg_DP_reg[8]_i_8_n_0
    SLICE_X35Y190        CARRY4 (Prop_carry4_CI_CO[3])
                                                      0.114     5.408 r  u_soc_top/gen_cv32e40p_core.u_core/core_i/id_stage_i/register_file_i/BReg_DP_reg[31]_i_82/CO[3]
                         net (fo=1, routed)           0.000     5.408    u_soc_top/gen_cv32e40p_core.u_core/core_i/id_stage_i/register_file_i/BReg_DP_reg[31]_i_82_n_0
    SLICE_X35Y191        CARRY4 (Prop_carry4_CI_O[3])
                                                      0.313     5.721 r  u_soc_top/gen_cv32e40p_core.u_core/core_i/id_stage_i/register_file_i/BReg_DP_reg[0]_i_8/O[3]
                         net (fo=2, routed)           0.373     6.094    u_soc_top/gen_cv32e40p_core.u_core/core_i/id_stage_i/register_file_i/ex_stage_i/alu_i/adder_round_result[31]
    SLICE_X34Y191        LUT6 (Prop_lut6_I2_O)        0.306     6.400 r  u_soc_top/gen_cv32e40p_core.u_core/core_i/id_stage_i/register_file_i/BReg_DP[0]_i_6/O
                         net (fo=61, routed)          1.006     7.405    u_soc_top/gen_cv32e40p_core.u_core/core_i/id_stage_i/register_file_i/shift_right_result126_out
    SLICE_X36Y192        LUT3 (Prop_lut3_I2_O)        0.124     7.529 r  u_soc_top/gen_cv32e40p_core.u_core/core_i/id_stage_i/register_file_i/BReg_DP[26]_i_9/O
                         net (fo=4, routed)           0.880     8.409    u_soc_top/gen_cv32e40p_core.u_core/core_i/id_stage_i/register_file_i/alu_operand_a_ex_o_reg[11][0]
    SLICE_X30Y192        LUT6 (Prop_lut6_I0_O)        0.124     8.533 r  u_soc_top/gen_cv32e40p_core.u_core/core_i/id_stage_i/register_file_i/BReg_DP[26]_i_7/O
                         net (fo=4, routed)           0.617     9.150    u_soc_top/gen_cv32e40p_core.u_core/core_i/id_stage_i/register_file_i/BReg_DP[26]_i_7_n_0
    SLICE_X30Y195        LUT6 (Prop_lut6_I0_O)        0.124     9.274 r  u_soc_top/gen_cv32e40p_core.u_core/core_i/id_stage_i/register_file_i/BReg_DP[26]_i_4/O
                         net (fo=2, routed)           0.651     9.926    u_soc_top/gen_cv32e40p_core.u_core/core_i/id_stage_i/register_file_i/BReg_DP[26]_i_4_n_0
    SLICE_X30Y195        LUT5 (Prop_lut5_I4_O)        0.124    10.050 r  u_soc_top/gen_cv32e40p_core.u_core/core_i/id_stage_i/register_file_i/BReg_DP[25]_i_2/O
                         net (fo=3, routed)           0.780    10.829    u_soc_top/gen_cv32e40p_core.u_core/core_i/id_stage_i/register_file_i/shift_left_result[11]
    SLICE_X38Y195        LUT5 (Prop_lut5_I0_O)        0.124    10.953 r  u_soc_top/gen_cv32e40p_core.u_core/core_i/id_stage_i/register_file_i/i___91__6_i_31/O
                         net (fo=6, routed)           0.789    11.742    u_soc_top/gen_cv32e40p_core.u_core/core_i/id_stage_i/register_file_i/ex_stage_i/alu_i/radix_2_rev[6]
    SLICE_X40Y191        LUT6 (Prop_lut6_I3_O)        0.124    11.866 r  u_soc_top/gen_cv32e40p_core.u_core/core_i/id_stage_i/register_file_i/i___28_i_101/O
                         net (fo=1, routed)           0.000    11.866    u_soc_top/gen_cv32e40p_core.u_core/core_i/id_stage_i/register_file_i/i___28_i_101_n_0
    SLICE_X40Y191        MUXF7 (Prop_muxf7_I0_O)      0.212    12.078 r  u_soc_top/gen_cv32e40p_core.u_core/core_i/id_stage_i/register_file_i/i___28_i_94/O
                         net (fo=1, routed)           0.581    12.659    u_soc_top/gen_cv32e40p_core.u_core/core_i/id_stage_i/register_file_i/i___28_i_94_n_0
    SLICE_X39Y190        LUT6 (Prop_lut6_I4_O)        0.299    12.958 r  u_soc_top/gen_cv32e40p_core.u_core/core_i/id_stage_i/register_file_i/i___28_i_86/O
                         net (fo=64, routed)          0.644    13.603    u_soc_top/gen_cv32e40p_core.u_core/core_i/id_stage_i/register_file_i/ex_stage_i/alu_i/extract_sign
    SLICE_X41Y189        LUT6 (Prop_lut6_I5_O)        0.124    13.727 r  u_soc_top/gen_cv32e40p_core.u_core/core_i/id_stage_i/register_file_i/i___91__10_i_50/O
                         net (fo=1, routed)           0.424    14.150    u_soc_top/gen_cv32e40p_core.u_core/core_i/id_stage_i/register_file_i/i___91__10_i_50_n_0
    SLICE_X44Y189        LUT6 (Prop_lut6_I5_O)        0.124    14.274 r  u_soc_top/gen_cv32e40p_core.u_core/core_i/id_stage_i/register_file_i/i___91__10_i_35/O
                         net (fo=1, routed)           0.453    14.727    u_soc_top/gen_cv32e40p_core.u_core/core_i/id_stage_i/register_file_i/ex_stage_i/alu_i/bextins_result[21]
    SLICE_X40Y188        LUT6 (Prop_lut6_I5_O)        0.124    14.851 r  u_soc_top/gen_cv32e40p_core.u_core/core_i/id_stage_i/register_file_i/i___91__10_i_27/O
                         net (fo=1, routed)           0.000    14.851    u_soc_top/gen_cv32e40p_core.u_core/core_i/id_stage_i/register_file_i/i___91__10_i_27_n_0
    SLICE_X40Y188        MUXF7 (Prop_muxf7_I1_O)      0.217    15.068 r  u_soc_top/gen_cv32e40p_core.u_core/core_i/id_stage_i/register_file_i/i___91__10_i_20/O
                         net (fo=1, routed)           0.615    15.683    u_soc_top/gen_cv32e40p_core.u_core/core_i/id_stage_i/register_file_i/i___91__10_i_20_n_0
    SLICE_X46Y190        LUT6 (Prop_lut6_I5_O)        0.299    15.982 r  u_soc_top/gen_cv32e40p_core.u_core/core_i/id_stage_i/register_file_i/i___91__10_i_8/O
                         net (fo=1, routed)           0.410    16.392    u_soc_top/gen_cv32e40p_core.u_core/core_i/id_stage_i/gen_hwloop_regs.hwloop_regs_i/alu_result[16]
    SLICE_X48Y190        LUT6 (Prop_lut6_I3_O)        0.124    16.516 r  u_soc_top/gen_cv32e40p_core.u_core/core_i/id_stage_i/gen_hwloop_regs.hwloop_regs_i/i___91__10_i_3/O
                         net (fo=35, routed)          0.493    17.009    u_soc_top/gen_cv32e40p_core.u_core/core_i/id_stage_i/register_file_i/hwlp_start_q_reg[0][21]_0
    SLICE_X48Y188        LUT6 (Prop_lut6_I4_O)        0.124    17.133 f  u_soc_top/gen_cv32e40p_core.u_core/core_i/id_stage_i/register_file_i/hwlp_start_q[1][21]_i_2/O
                         net (fo=4, routed)           0.747    17.880    u_soc_top/gen_cv32e40p_core.u_core/core_i/if_stage_i/hwlp_start_q_reg[0][21]
    SLICE_X41Y187        LUT6 (Prop_lut6_I4_O)        0.124    18.004 f  u_soc_top/gen_cv32e40p_core.u_core/core_i/if_stage_i/alu_operand_b_ex_o[21]_i_2/O
                         net (fo=2, routed)           0.440    18.444    u_soc_top/gen_cv32e40p_core.u_core/core_i/if_stage_i/alu_operand_b_ex_o[21]_i_2_n_0
    SLICE_X42Y186        LUT5 (Prop_lut5_I4_O)        0.124    18.568 r  u_soc_top/gen_cv32e40p_core.u_core/core_i/if_stage_i/mult_operand_b_ex_o[21]_i_1/O
                         net (fo=2, routed)           0.520    19.088    u_soc_top/gen_cv32e40p_core.u_core/core_i/id_stage_i/mult_operand_b_ex_o_reg[31]_1[13]
    SLICE_X42Y185        FDCE                                         r  u_soc_top/gen_cv32e40p_core.u_core/core_i/id_stage_i/mult_operand_b_ex_o_reg[21]/D
  -------------------------------------------------------------------    -------------------

                         (clock clk_50m_unbuf rise edge)
                                                     20.000    20.000 r  
    E3                                                0.000    20.000 r  clk_100m_i (IN)
                         net (fo=0)                   0.000    20.000    clk_100m_i
    E3                   IBUF (Prop_ibuf_I_O)         1.411    21.411 r  clk_100m_i_IBUF_inst/O
                         net (fo=1, routed)           1.162    22.573    clk_100m_i_IBUF
    MMCME2_ADV_X1Y2      MMCME2_ADV (Prop_mmcme2_adv_CLKIN1_CLKOUT0)
                                                     -7.324    15.249 r  u_mmcm/CLKOUT0
                         net (fo=1, routed)           1.639    16.888    clk_50m_unbuf
    BUFGCTRL_X0Y16       BUFG (Prop_bufg_I_O)         0.091    16.979 r  u_bufg_clk50/O
                         net (fo=6978, routed)        1.668    18.648    u_soc_top/gen_cv32e40p_core.u_core/core_i/id_stage_i/clk_50m
    SLICE_X42Y185        FDCE                                         r  u_soc_top/gen_cv32e40p_core.u_core/core_i/id_stage_i/mult_operand_b_ex_o_reg[21]/C
                         clock pessimism              0.569    19.216    
                         clock uncertainty           -0.089    19.128    
    SLICE_X42Y185        FDCE (Setup_fdce_C_D)       -0.031    19.097    u_soc_top/gen_cv32e40p_core.u_core/core_i/id_stage_i/mult_operand_b_ex_o_reg[21]
  -------------------------------------------------------------------
                         required time                         19.097    
                         arrival time                         -19.088    
  -------------------------------------------------------------------
                         slack                                  0.008    

Slack (MET) :             0.024ns  (required time - arrival time)
  Source:                 u_soc_top/gen_cv32e40p_core.u_core/core_i/id_stage_i/alu_operator_ex_o_reg[1]/C
                            (rising edge-triggered cell FDPE clocked by clk_50m_unbuf  {rise@0.000ns fall@10.000ns period=20.000ns})
  Destination:            u_soc_top/gen_cv32e40p_core.u_core/core_i/id_stage_i/mult_dot_op_b_ex_o_reg[26]/D
                            (rising edge-triggered cell FDCE clocked by clk_50m_unbuf  {rise@0.000ns fall@10.000ns period=20.000ns})
  Path Group:             clk_50m_unbuf
  Path Type:              Setup (Max at Slow Process Corner)
  Requirement:            20.000ns  (clk_50m_unbuf rise@20.000ns - clk_50m_unbuf rise@0.000ns)
  Data Path Delay:        19.774ns  (logic 6.483ns (32.786%)  route 13.291ns (67.214%))
  Logic Levels:           32  (CARRY4=9 LUT2=1 LUT3=1 LUT5=4 LUT6=15 MUXF7=2)
  Clock Path Skew:        -0.043ns (DCD - SCD + CPR)
    Destination Clock Delay (DCD):    -1.350ns = ( 18.650 - 20.000 ) 
    Source Clock Delay      (SCD):    -0.739ns
    Clock Pessimism Removal (CPR):    0.569ns
  Clock Uncertainty:      0.089ns  ((TSJ^2 + DJ^2)^1/2) / 2 + PE
    Total System Jitter     (TSJ):    0.071ns
    Discrete Jitter          (DJ):    0.163ns
    Phase Error              (PE):    0.000ns

    Location             Delay type                Incr(ns)  Path(ns)    Netlist Resource(s)
  -------------------------------------------------------------------    -------------------
                         (clock clk_50m_unbuf rise edge)
                                                      0.000     0.000 r  
    E3                                                0.000     0.000 r  clk_100m_i (IN)
                         net (fo=0)                   0.000     0.000    clk_100m_i
    E3                   IBUF (Prop_ibuf_I_O)         1.482     1.482 r  clk_100m_i_IBUF_inst/O
                         net (fo=1, routed)           1.233     2.715    clk_100m_i_IBUF
    MMCME2_ADV_X1Y2      MMCME2_ADV (Prop_mmcme2_adv_CLKIN1_CLKOUT0)
                                                     -7.070    -4.355 r  u_mmcm/CLKOUT0
                         net (fo=1, routed)           1.719    -2.636    clk_50m_unbuf
    BUFGCTRL_X0Y16       BUFG (Prop_bufg_I_O)         0.096    -2.540 r  u_bufg_clk50/O
                         net (fo=6978, routed)        1.801    -0.739    u_soc_top/gen_cv32e40p_core.u_core/core_i/id_stage_i/clk_50m
    SLICE_X38Y185        FDPE                                         r  u_soc_top/gen_cv32e40p_core.u_core/core_i/id_stage_i/alu_operator_ex_o_reg[1]/C
  -------------------------------------------------------------------    -------------------
    SLICE_X38Y185        FDPE (Prop_fdpe_C_Q)         0.518    -0.221 r  u_soc_top/gen_cv32e40p_core.u_core/core_i/id_stage_i/alu_operator_ex_o_reg[1]/Q
                         net (fo=158, routed)         0.326     0.105    u_soc_top/gen_cv32e40p_core.u_core/alu_operator_ex[1]
    SLICE_X39Y185        LUT2 (Prop_lut2_I0_O)        0.124     0.229 r  u_soc_top/gen_cv32e40p_core.u_core/i___239/O
                         net (fo=32, routed)          1.183     1.412    u_soc_top/gen_cv32e40p_core.u_core/core_i/id_stage_i/register_file_i/BReg_DP[31]_i_111_0
    SLICE_X38Y185        LUT6 (Prop_lut6_I1_O)        0.124     1.536 r  u_soc_top/gen_cv32e40p_core.u_core/core_i/id_stage_i/register_file_i/BReg_DP[31]_i_127/O
                         net (fo=1, routed)           0.306     1.842    u_soc_top/gen_cv32e40p_core.u_core/core_i/id_stage_i/register_file_i/BReg_DP[31]_i_127_n_0
    SLICE_X38Y183        LUT6 (Prop_lut6_I5_O)        0.124     1.966 r  u_soc_top/gen_cv32e40p_core.u_core/core_i/id_stage_i/register_file_i/BReg_DP[31]_i_110/O
                         net (fo=2, routed)           0.442     2.408    u_soc_top/gen_cv32e40p_core.u_core/core_i/id_stage_i/register_file_i/ex_stage_i/alu_i/adder_op_a[1]
    SLICE_X36Y183        LUT5 (Prop_lut5_I0_O)        0.124     2.532 r  u_soc_top/gen_cv32e40p_core.u_core/core_i/id_stage_i/register_file_i/BReg_DP[31]_i_114/O
                         net (fo=1, routed)           0.000     2.532    u_soc_top/gen_cv32e40p_core.u_core/core_i/id_stage_i/register_file_i/BReg_DP[31]_i_114_n_0
    SLICE_X36Y183        CARRY4 (Prop_carry4_S[1]_CO[3])
                                                      0.550     3.082 r  u_soc_top/gen_cv32e40p_core.u_core/core_i/id_stage_i/register_file_i/BReg_DP_reg[31]_i_89/CO[3]
                         net (fo=1, routed)           0.000     3.082    u_soc_top/gen_cv32e40p_core.u_core/core_i/id_stage_i/register_file_i/BReg_DP_reg[31]_i_89_n_0
    SLICE_X36Y184        CARRY4 (Prop_carry4_CI_CO[3])
                                                      0.114     3.196 r  u_soc_top/gen_cv32e40p_core.u_core/core_i/id_stage_i/register_file_i/BReg_DP_reg[24]_i_12/CO[3]
                         net (fo=1, routed)           0.000     3.196    u_soc_top/gen_cv32e40p_core.u_core/core_i/id_stage_i/register_file_i/BReg_DP_reg[24]_i_12_n_0
    SLICE_X36Y185        CARRY4 (Prop_carry4_CI_O[2])
                                                      0.239     3.435 r  u_soc_top/gen_cv32e40p_core.u_core/core_i/id_stage_i/register_file_i/BReg_DP_reg[31]_i_98/O[2]
                         net (fo=3, routed)           0.664     4.100    u_soc_top/gen_cv32e40p_core.u_core/core_i/id_stage_i/register_file_i/ex_stage_i/alu_i/data0[9]
    SLICE_X35Y186        LUT5 (Prop_lut5_I3_O)        0.302     4.402 r  u_soc_top/gen_cv32e40p_core.u_core/core_i/id_stage_i/register_file_i/BReg_DP[31]_i_101/O
                         net (fo=1, routed)           0.000     4.402    u_soc_top/gen_cv32e40p_core.u_core/core_i/id_stage_i/register_file_i/BReg_DP[31]_i_101_n_0
    SLICE_X35Y186        CARRY4 (Prop_carry4_S[1]_CO[3])
                                                      0.550     4.952 r  u_soc_top/gen_cv32e40p_core.u_core/core_i/id_stage_i/register_file_i/BReg_DP_reg[31]_i_83/CO[3]
                         net (fo=1, routed)           0.000     4.952    u_soc_top/gen_cv32e40p_core.u_core/core_i/id_stage_i/register_file_i/BReg_DP_reg[31]_i_83_n_0
    SLICE_X35Y187        CARRY4 (Prop_carry4_CI_CO[3])
                                                      0.114     5.066 r  u_soc_top/gen_cv32e40p_core.u_core/core_i/id_stage_i/register_file_i/BReg_DP_reg[16]_i_11/CO[3]
                         net (fo=1, routed)           0.000     5.066    u_soc_top/gen_cv32e40p_core.u_core/core_i/id_stage_i/register_file_i/BReg_DP_reg[16]_i_11_n_0
    SLICE_X35Y188        CARRY4 (Prop_carry4_CI_CO[3])
                                                      0.114     5.180 r  u_soc_top/gen_cv32e40p_core.u_core/core_i/id_stage_i/register_file_i/BReg_DP_reg[31]_i_84/CO[3]
                         net (fo=1, routed)           0.000     5.180    u_soc_top/gen_cv32e40p_core.u_core/core_i/id_stage_i/register_file_i/BReg_DP_reg[31]_i_84_n_0
    SLICE_X35Y189        CARRY4 (Prop_carry4_CI_CO[3])
                                                      0.114     5.294 r  u_soc_top/gen_cv32e40p_core.u_core/core_i/id_stage_i/register_file_i/BReg_DP_reg[8]_i_8/CO[3]
                         net (fo=1, routed)           0.000     5.294    u_soc_top/gen_cv32e40p_core.u_core/core_i/id_stage_i/register_file_i/BReg_DP_reg[8]_i_8_n_0
    SLICE_X35Y190        CARRY4 (Prop_carry4_CI_CO[3])
                                                      0.114     5.408 r  u_soc_top/gen_cv32e40p_core.u_core/core_i/id_stage_i/register_file_i/BReg_DP_reg[31]_i_82/CO[3]
                         net (fo=1, routed)           0.000     5.408    u_soc_top/gen_cv32e40p_core.u_core/core_i/id_stage_i/register_file_i/BReg_DP_reg[31]_i_82_n_0
    SLICE_X35Y191        CARRY4 (Prop_carry4_CI_O[3])
                                                      0.313     5.721 r  u_soc_top/gen_cv32e40p_core.u_core/core_i/id_stage_i/register_file_i/BReg_DP_reg[0]_i_8/O[3]
                         net (fo=2, routed)           0.373     6.094    u_soc_top/gen_cv32e40p_core.u_core/core_i/id_stage_i/register_file_i/ex_stage_i/alu_i/adder_round_result[31]
    SLICE_X34Y191        LUT6 (Prop_lut6_I2_O)        0.306     6.400 r  u_soc_top/gen_cv32e40p_core.u_core/core_i/id_stage_i/register_file_i/BReg_DP[0]_i_6/O
                         net (fo=61, routed)          1.006     7.405    u_soc_top/gen_cv32e40p_core.u_core/core_i/id_stage_i/register_file_i/shift_right_result126_out
    SLICE_X36Y192        LUT3 (Prop_lut3_I2_O)        0.124     7.529 r  u_soc_top/gen_cv32e40p_core.u_core/core_i/id_stage_i/register_file_i/BReg_DP[26]_i_9/O
                         net (fo=4, routed)           0.880     8.409    u_soc_top/gen_cv32e40p_core.u_core/core_i/id_stage_i/register_file_i/alu_operand_a_ex_o_reg[11][0]
    SLICE_X30Y192        LUT6 (Prop_lut6_I0_O)        0.124     8.533 r  u_soc_top/gen_cv32e40p_core.u_core/core_i/id_stage_i/register_file_i/BReg_DP[26]_i_7/O
                         net (fo=4, routed)           0.617     9.150    u_soc_top/gen_cv32e40p_core.u_core/core_i/id_stage_i/register_file_i/BReg_DP[26]_i_7_n_0
    SLICE_X30Y195        LUT6 (Prop_lut6_I0_O)        0.124     9.274 r  u_soc_top/gen_cv32e40p_core.u_core/core_i/id_stage_i/register_file_i/BReg_DP[26]_i_4/O
                         net (fo=2, routed)           0.651     9.926    u_soc_top/gen_cv32e40p_core.u_core/core_i/id_stage_i/register_file_i/BReg_DP[26]_i_4_n_0
    SLICE_X30Y195        LUT5 (Prop_lut5_I4_O)        0.124    10.050 r  u_soc_top/gen_cv32e40p_core.u_core/core_i/id_stage_i/register_file_i/BReg_DP[25]_i_2/O
                         net (fo=3, routed)           0.780    10.829    u_soc_top/gen_cv32e40p_core.u_core/core_i/id_stage_i/register_file_i/shift_left_result[11]
    SLICE_X38Y195        LUT5 (Prop_lut5_I0_O)        0.124    10.953 r  u_soc_top/gen_cv32e40p_core.u_core/core_i/id_stage_i/register_file_i/i___91__6_i_31/O
                         net (fo=6, routed)           0.789    11.742    u_soc_top/gen_cv32e40p_core.u_core/core_i/id_stage_i/register_file_i/ex_stage_i/alu_i/radix_2_rev[6]
    SLICE_X40Y191        LUT6 (Prop_lut6_I3_O)        0.124    11.866 r  u_soc_top/gen_cv32e40p_core.u_core/core_i/id_stage_i/register_file_i/i___28_i_101/O
                         net (fo=1, routed)           0.000    11.866    u_soc_top/gen_cv32e40p_core.u_core/core_i/id_stage_i/register_file_i/i___28_i_101_n_0
    SLICE_X40Y191        MUXF7 (Prop_muxf7_I0_O)      0.212    12.078 r  u_soc_top/gen_cv32e40p_core.u_core/core_i/id_stage_i/register_file_i/i___28_i_94/O
                         net (fo=1, routed)           0.581    12.659    u_soc_top/gen_cv32e40p_core.u_core/core_i/id_stage_i/register_file_i/i___28_i_94_n_0
    SLICE_X39Y190        LUT6 (Prop_lut6_I4_O)        0.299    12.958 r  u_soc_top/gen_cv32e40p_core.u_core/core_i/id_stage_i/register_file_i/i___28_i_86/O
                         net (fo=64, routed)          0.332    13.290    u_soc_top/gen_cv32e40p_core.u_core/core_i/id_stage_i/register_file_i/ex_stage_i/alu_i/extract_sign
    SLICE_X39Y190        LUT6 (Prop_lut6_I5_O)        0.124    13.414 r  u_soc_top/gen_cv32e40p_core.u_core/core_i/id_stage_i/register_file_i/i___91__5_i_40/O
                         net (fo=1, routed)           0.477    13.891    u_soc_top/gen_cv32e40p_core.u_core/core_i/id_stage_i/register_file_i/i___91__5_i_40_n_0
    SLICE_X38Y189        LUT6 (Prop_lut6_I5_O)        0.124    14.015 r  u_soc_top/gen_cv32e40p_core.u_core/core_i/id_stage_i/register_file_i/i___91__5_i_34/O
                         net (fo=1, routed)           0.412    14.427    u_soc_top/gen_cv32e40p_core.u_core/core_i/id_stage_i/register_file_i/ex_stage_i/alu_i/bextins_result[26]
    SLICE_X37Y189        LUT6 (Prop_lut6_I5_O)        0.124    14.551 r  u_soc_top/gen_cv32e40p_core.u_core/core_i/id_stage_i/register_file_i/i___91__5_i_27/O
                         net (fo=1, routed)           0.000    14.551    u_soc_top/gen_cv32e40p_core.u_core/core_i/id_stage_i/register_file_i/i___91__5_i_27_n_0
    SLICE_X37Y189        MUXF7 (Prop_muxf7_I1_O)      0.217    14.768 r  u_soc_top/gen_cv32e40p_core.u_core/core_i/id_stage_i/register_file_i/i___91__5_i_20/O
                         net (fo=1, routed)           0.571    15.339    u_soc_top/gen_cv32e40p_core.u_core/core_i/id_stage_i/register_file_i/i___91__5_i_20_n_0
    SLICE_X29Y189        LUT6 (Prop_lut6_I5_O)        0.299    15.638 r  u_soc_top/gen_cv32e40p_core.u_core/core_i/id_stage_i/register_file_i/i___91__5_i_8/O
                         net (fo=1, routed)           0.635    16.273    u_soc_top/gen_cv32e40p_core.u_core/core_i/id_stage_i/gen_hwloop_regs.hwloop_regs_i/alu_result[21]
    SLICE_X29Y184        LUT6 (Prop_lut6_I3_O)        0.124    16.397 r  u_soc_top/gen_cv32e40p_core.u_core/core_i/id_stage_i/gen_hwloop_regs.hwloop_regs_i/i___91__5_i_3/O
                         net (fo=37, routed)          0.733    17.130    u_soc_top/gen_cv32e40p_core.u_core/regfile_alu_wdata_fw[26]
    SLICE_X27Y181        LUT6 (Prop_lut6_I5_O)        0.124    17.254 r  u_soc_top/gen_cv32e40p_core.u_core/i___91__5/O
                         net (fo=6, routed)           0.684    17.938    u_soc_top/gen_cv32e40p_core.u_core/core_i/if_stage_i/mult_dot_op_c_ex_o_reg[26]
    SLICE_X35Y181        LUT6 (Prop_lut6_I5_O)        0.124    18.062 r  u_soc_top/gen_cv32e40p_core.u_core/core_i/if_stage_i/mult_operand_b_ex_o[26]_i_3/O
                         net (fo=1, routed)           0.435    18.497    u_soc_top/gen_cv32e40p_core.u_core/core_i/if_stage_i/mult_operand_b_ex_o[26]_i_3_n_0
    SLICE_X36Y180        LUT6 (Prop_lut6_I5_O)        0.124    18.621 r  u_soc_top/gen_cv32e40p_core.u_core/core_i/if_stage_i/mult_operand_b_ex_o[26]_i_1/O
                         net (fo=2, routed)           0.414    19.035    u_soc_top/gen_cv32e40p_core.u_core/core_i/id_stage_i/mult_operand_b_ex_o_reg[31]_1[18]
    SLICE_X37Y182        FDCE                                         r  u_soc_top/gen_cv32e40p_core.u_core/core_i/id_stage_i/mult_dot_op_b_ex_o_reg[26]/D
  -------------------------------------------------------------------    -------------------

                         (clock clk_50m_unbuf rise edge)
                                                     20.000    20.000 r  
    E3                                                0.000    20.000 r  clk_100m_i (IN)
                         net (fo=0)                   0.000    20.000    clk_100m_i
    E3                   IBUF (Prop_ibuf_I_O)         1.411    21.411 r  clk_100m_i_IBUF_inst/O
                         net (fo=1, routed)           1.162    22.573    clk_100m_i_IBUF
    MMCME2_ADV_X1Y2      MMCME2_ADV (Prop_mmcme2_adv_CLKIN1_CLKOUT0)
                                                     -7.324    15.249 r  u_mmcm/CLKOUT0
                         net (fo=1, routed)           1.639    16.888    clk_50m_unbuf
    BUFGCTRL_X0Y16       BUFG (Prop_bufg_I_O)         0.091    16.979 r  u_bufg_clk50/O
                         net (fo=6978, routed)        1.670    18.650    u_soc_top/gen_cv32e40p_core.u_core/core_i/id_stage_i/clk_50m
    SLICE_X37Y182        FDCE                                         r  u_soc_top/gen_cv32e40p_core.u_core/core_i/id_stage_i/mult_dot_op_b_ex_o_reg[26]/C
                         clock pessimism              0.569    19.218    
                         clock uncertainty           -0.089    19.130    
    SLICE_X37Y182        FDCE (Setup_fdce_C_D)       -0.071    19.059    u_soc_top/gen_cv32e40p_core.u_core/core_i/id_stage_i/mult_dot_op_b_ex_o_reg[26]
  -------------------------------------------------------------------
                         required time                         19.059    
                         arrival time                         -19.035    
  -------------------------------------------------------------------
                         slack                                  0.024    

Slack (MET) :             0.033ns  (required time - arrival time)
  Source:                 u_soc_top/gen_cv32e40p_core.u_core/core_i/id_stage_i/alu_operator_ex_o_reg[1]/C
                            (rising edge-triggered cell FDPE clocked by clk_50m_unbuf  {rise@0.000ns fall@10.000ns period=20.000ns})
  Destination:            u_soc_top/gen_cv32e40p_core.u_core/core_i/id_stage_i/mult_dot_op_b_ex_o_reg[12]/D
                            (rising edge-triggered cell FDCE clocked by clk_50m_unbuf  {rise@0.000ns fall@10.000ns period=20.000ns})
  Path Group:             clk_50m_unbuf
  Path Type:              Setup (Max at Slow Process Corner)
  Requirement:            20.000ns  (clk_50m_unbuf rise@20.000ns - clk_50m_unbuf rise@0.000ns)
  Data Path Delay:        19.765ns  (logic 6.483ns (32.801%)  route 13.282ns (67.199%))
  Logic Levels:           32  (CARRY4=9 LUT2=1 LUT3=1 LUT5=4 LUT6=15 MUXF7=2)
  Clock Path Skew:        -0.047ns (DCD - SCD + CPR)
    Destination Clock Delay (DCD):    -1.354ns = ( 18.646 - 20.000 ) 
    Source Clock Delay      (SCD):    -0.739ns
    Clock Pessimism Removal (CPR):    0.569ns
  Clock Uncertainty:      0.089ns  ((TSJ^2 + DJ^2)^1/2) / 2 + PE
    Total System Jitter     (TSJ):    0.071ns
    Discrete Jitter          (DJ):    0.163ns
    Phase Error              (PE):    0.000ns

    Location             Delay type                Incr(ns)  Path(ns)    Netlist Resource(s)
  -------------------------------------------------------------------    -------------------
                         (clock clk_50m_unbuf rise edge)
                                                      0.000     0.000 r  
    E3                                                0.000     0.000 r  clk_100m_i (IN)
                         net (fo=0)                   0.000     0.000    clk_100m_i
    E3                   IBUF (Prop_ibuf_I_O)         1.482     1.482 r  clk_100m_i_IBUF_inst/O
                         net (fo=1, routed)           1.233     2.715    clk_100m_i_IBUF
    MMCME2_ADV_X1Y2      MMCME2_ADV (Prop_mmcme2_adv_CLKIN1_CLKOUT0)
                                                     -7.070    -4.355 r  u_mmcm/CLKOUT0
                         net (fo=1, routed)           1.719    -2.636    clk_50m_unbuf
    BUFGCTRL_X0Y16       BUFG (Prop_bufg_I_O)         0.096    -2.540 r  u_bufg_clk50/O
                         net (fo=6978, routed)        1.801    -0.739    u_soc_top/gen_cv32e40p_core.u_core/core_i/id_stage_i/clk_50m
    SLICE_X38Y185        FDPE                                         r  u_soc_top/gen_cv32e40p_core.u_core/core_i/id_stage_i/alu_operator_ex_o_reg[1]/C
  -------------------------------------------------------------------    -------------------
    SLICE_X38Y185        FDPE (Prop_fdpe_C_Q)         0.518    -0.221 r  u_soc_top/gen_cv32e40p_core.u_core/core_i/id_stage_i/alu_operator_ex_o_reg[1]/Q
                         net (fo=158, routed)         0.326     0.105    u_soc_top/gen_cv32e40p_core.u_core/alu_operator_ex[1]
    SLICE_X39Y185        LUT2 (Prop_lut2_I0_O)        0.124     0.229 r  u_soc_top/gen_cv32e40p_core.u_core/i___239/O
                         net (fo=32, routed)          1.183     1.412    u_soc_top/gen_cv32e40p_core.u_core/core_i/id_stage_i/register_file_i/BReg_DP[31]_i_111_0
    SLICE_X38Y185        LUT6 (Prop_lut6_I1_O)        0.124     1.536 r  u_soc_top/gen_cv32e40p_core.u_core/core_i/id_stage_i/register_file_i/BReg_DP[31]_i_127/O
                         net (fo=1, routed)           0.306     1.842    u_soc_top/gen_cv32e40p_core.u_core/core_i/id_stage_i/register_file_i/BReg_DP[31]_i_127_n_0
    SLICE_X38Y183        LUT6 (Prop_lut6_I5_O)        0.124     1.966 r  u_soc_top/gen_cv32e40p_core.u_core/core_i/id_stage_i/register_file_i/BReg_DP[31]_i_110/O
                         net (fo=2, routed)           0.442     2.408    u_soc_top/gen_cv32e40p_core.u_core/core_i/id_stage_i/register_file_i/ex_stage_i/alu_i/adder_op_a[1]
    SLICE_X36Y183        LUT5 (Prop_lut5_I0_O)        0.124     2.532 r  u_soc_top/gen_cv32e40p_core.u_core/core_i/id_stage_i/register_file_i/BReg_DP[31]_i_114/O
                         net (fo=1, routed)           0.000     2.532    u_soc_top/gen_cv32e40p_core.u_core/core_i/id_stage_i/register_file_i/BReg_DP[31]_i_114_n_0
    SLICE_X36Y183        CARRY4 (Prop_carry4_S[1]_CO[3])
                                                      0.550     3.082 r  u_soc_top/gen_cv32e40p_core.u_core/core_i/id_stage_i/register_file_i/BReg_DP_reg[31]_i_89/CO[3]
                         net (fo=1, routed)           0.000     3.082    u_soc_top/gen_cv32e40p_core.u_core/core_i/id_stage_i/register_file_i/BReg_DP_reg[31]_i_89_n_0
    SLICE_X36Y184        CARRY4 (Prop_carry4_CI_CO[3])
                                                      0.114     3.196 r  u_soc_top/gen_cv32e40p_core.u_core/core_i/id_stage_i/register_file_i/BReg_DP_reg[24]_i_12/CO[3]
                         net (fo=1, routed)           0.000     3.196    u_soc_top/gen_cv32e40p_core.u_core/core_i/id_stage_i/register_file_i/BReg_DP_reg[24]_i_12_n_0
    SLICE_X36Y185        CARRY4 (Prop_carry4_CI_O[2])
                                                      0.239     3.435 r  u_soc_top/gen_cv32e40p_core.u_core/core_i/id_stage_i/register_file_i/BReg_DP_reg[31]_i_98/O[2]
                         net (fo=3, routed)           0.664     4.100    u_soc_top/gen_cv32e40p_core.u_core/core_i/id_stage_i/register_file_i/ex_stage_i/alu_i/data0[9]
    SLICE_X35Y186        LUT5 (Prop_lut5_I3_O)        0.302     4.402 r  u_soc_top/gen_cv32e40p_core.u_core/core_i/id_stage_i/register_file_i/BReg_DP[31]_i_101/O
                         net (fo=1, routed)           0.000     4.402    u_soc_top/gen_cv32e40p_core.u_core/core_i/id_stage_i/register_file_i/BReg_DP[31]_i_101_n_0
    SLICE_X35Y186        CARRY4 (Prop_carry4_S[1]_CO[3])
                                                      0.550     4.952 r  u_soc_top/gen_cv32e40p_core.u_core/core_i/id_stage_i/register_file_i/BReg_DP_reg[31]_i_83/CO[3]
                         net (fo=1, routed)           0.000     4.952    u_soc_top/gen_cv32e40p_core.u_core/core_i/id_stage_i/register_file_i/BReg_DP_reg[31]_i_83_n_0
    SLICE_X35Y187        CARRY4 (Prop_carry4_CI_CO[3])
                                                      0.114     5.066 r  u_soc_top/gen_cv32e40p_core.u_core/core_i/id_stage_i/register_file_i/BReg_DP_reg[16]_i_11/CO[3]
                         net (fo=1, routed)           0.000     5.066    u_soc_top/gen_cv32e40p_core.u_core/core_i/id_stage_i/register_file_i/BReg_DP_reg[16]_i_11_n_0
    SLICE_X35Y188        CARRY4 (Prop_carry4_CI_CO[3])
                                                      0.114     5.180 r  u_soc_top/gen_cv32e40p_core.u_core/core_i/id_stage_i/register_file_i/BReg_DP_reg[31]_i_84/CO[3]
                         net (fo=1, routed)           0.000     5.180    u_soc_top/gen_cv32e40p_core.u_core/core_i/id_stage_i/register_file_i/BReg_DP_reg[31]_i_84_n_0
    SLICE_X35Y189        CARRY4 (Prop_carry4_CI_CO[3])
                                                      0.114     5.294 r  u_soc_top/gen_cv32e40p_core.u_core/core_i/id_stage_i/register_file_i/BReg_DP_reg[8]_i_8/CO[3]
                         net (fo=1, routed)           0.000     5.294    u_soc_top/gen_cv32e40p_core.u_core/core_i/id_stage_i/register_file_i/BReg_DP_reg[8]_i_8_n_0
    SLICE_X35Y190        CARRY4 (Prop_carry4_CI_CO[3])
                                                      0.114     5.408 r  u_soc_top/gen_cv32e40p_core.u_core/core_i/id_stage_i/register_file_i/BReg_DP_reg[31]_i_82/CO[3]
                         net (fo=1, routed)           0.000     5.408    u_soc_top/gen_cv32e40p_core.u_core/core_i/id_stage_i/register_file_i/BReg_DP_reg[31]_i_82_n_0
    SLICE_X35Y191        CARRY4 (Prop_carry4_CI_O[3])
                                                      0.313     5.721 r  u_soc_top/gen_cv32e40p_core.u_core/core_i/id_stage_i/register_file_i/BReg_DP_reg[0]_i_8/O[3]
                         net (fo=2, routed)           0.373     6.094    u_soc_top/gen_cv32e40p_core.u_core/core_i/id_stage_i/register_file_i/ex_stage_i/alu_i/adder_round_result[31]
    SLICE_X34Y191        LUT6 (Prop_lut6_I2_O)        0.306     6.400 r  u_soc_top/gen_cv32e40p_core.u_core/core_i/id_stage_i/register_file_i/BReg_DP[0]_i_6/O
                         net (fo=61, routed)          1.006     7.405    u_soc_top/gen_cv32e40p_core.u_core/core_i/id_stage_i/register_file_i/shift_right_result126_out
    SLICE_X36Y192        LUT3 (Prop_lut3_I2_O)        0.124     7.529 r  u_soc_top/gen_cv32e40p_core.u_core/core_i/id_stage_i/register_file_i/BReg_DP[26]_i_9/O
                         net (fo=4, routed)           0.880     8.409    u_soc_top/gen_cv32e40p_core.u_core/core_i/id_stage_i/register_file_i/alu_operand_a_ex_o_reg[11][0]
    SLICE_X30Y192        LUT6 (Prop_lut6_I0_O)        0.124     8.533 r  u_soc_top/gen_cv32e40p_core.u_core/core_i/id_stage_i/register_file_i/BReg_DP[26]_i_7/O
                         net (fo=4, routed)           0.617     9.150    u_soc_top/gen_cv32e40p_core.u_core/core_i/id_stage_i/register_file_i/BReg_DP[26]_i_7_n_0
    SLICE_X30Y195        LUT6 (Prop_lut6_I0_O)        0.124     9.274 r  u_soc_top/gen_cv32e40p_core.u_core/core_i/id_stage_i/register_file_i/BReg_DP[26]_i_4/O
                         net (fo=2, routed)           0.651     9.926    u_soc_top/gen_cv32e40p_core.u_core/core_i/id_stage_i/register_file_i/BReg_DP[26]_i_4_n_0
    SLICE_X30Y195        LUT5 (Prop_lut5_I4_O)        0.124    10.050 r  u_soc_top/gen_cv32e40p_core.u_core/core_i/id_stage_i/register_file_i/BReg_DP[25]_i_2/O
                         net (fo=3, routed)           0.780    10.829    u_soc_top/gen_cv32e40p_core.u_core/core_i/id_stage_i/register_file_i/shift_left_result[11]
    SLICE_X38Y195        LUT5 (Prop_lut5_I0_O)        0.124    10.953 r  u_soc_top/gen_cv32e40p_core.u_core/core_i/id_stage_i/register_file_i/i___91__6_i_31/O
                         net (fo=6, routed)           0.789    11.742    u_soc_top/gen_cv32e40p_core.u_core/core_i/id_stage_i/register_file_i/ex_stage_i/alu_i/radix_2_rev[6]
    SLICE_X40Y191        LUT6 (Prop_lut6_I3_O)        0.124    11.866 r  u_soc_top/gen_cv32e40p_core.u_core/core_i/id_stage_i/register_file_i/i___28_i_101/O
                         net (fo=1, routed)           0.000    11.866    u_soc_top/gen_cv32e40p_core.u_core/core_i/id_stage_i/register_file_i/i___28_i_101_n_0
    SLICE_X40Y191        MUXF7 (Prop_muxf7_I0_O)      0.212    12.078 r  u_soc_top/gen_cv32e40p_core.u_core/core_i/id_stage_i/register_file_i/i___28_i_94/O
                         net (fo=1, routed)           0.581    12.659    u_soc_top/gen_cv32e40p_core.u_core/core_i/id_stage_i/register_file_i/i___28_i_94_n_0
    SLICE_X39Y190        LUT6 (Prop_lut6_I4_O)        0.299    12.958 r  u_soc_top/gen_cv32e40p_core.u_core/core_i/id_stage_i/register_file_i/i___28_i_86/O
                         net (fo=64, routed)          0.873    13.831    u_soc_top/gen_cv32e40p_core.u_core/core_i/id_stage_i/register_file_i/ex_stage_i/alu_i/extract_sign
    SLICE_X43Y189        LUT6 (Prop_lut6_I5_O)        0.124    13.955 r  u_soc_top/gen_cv32e40p_core.u_core/core_i/id_stage_i/register_file_i/i___91__30_i_36/O
                         net (fo=1, routed)           0.489    14.444    u_soc_top/gen_cv32e40p_core.u_core/core_i/id_stage_i/register_file_i/i___91__30_i_36_n_0
    SLICE_X47Y186        LUT6 (Prop_lut6_I5_O)        0.124    14.568 r  u_soc_top/gen_cv32e40p_core.u_core/core_i/id_stage_i/register_file_i/i___91__30_i_32/O
                         net (fo=1, routed)           0.436    15.004    u_soc_top/gen_cv32e40p_core.u_core/core_i/id_stage_i/register_file_i/ex_stage_i/alu_i/bextins_result[4]
    SLICE_X47Y185        LUT6 (Prop_lut6_I5_O)        0.124    15.128 r  u_soc_top/gen_cv32e40p_core.u_core/core_i/id_stage_i/register_file_i/i___91__30_i_25/O
                         net (fo=1, routed)           0.000    15.128    u_soc_top/gen_cv32e40p_core.u_core/core_i/id_stage_i/register_file_i/i___91__30_i_25_n_0
    SLICE_X47Y185        MUXF7 (Prop_muxf7_I1_O)      0.217    15.345 r  u_soc_top/gen_cv32e40p_core.u_core/core_i/id_stage_i/register_file_i/i___91__30_i_12/O
                         net (fo=1, routed)           0.411    15.756    u_soc_top/gen_cv32e40p_core.u_core/core_i/id_stage_i/register_file_i/i___91__30_i_12_n_0
    SLICE_X48Y185        LUT6 (Prop_lut6_I5_O)        0.299    16.055 r  u_soc_top/gen_cv32e40p_core.u_core/core_i/id_stage_i/register_file_i/i___91__30_i_4/O
                         net (fo=2, routed)           0.477    16.532    u_soc_top/gen_cv32e40p_core.u_core/core_i/id_stage_i/gen_hwloop_regs.hwloop_regs_i/alu_result[4]
    SLICE_X49Y184        LUT6 (Prop_lut6_I3_O)        0.124    16.656 r  u_soc_top/gen_cv32e40p_core.u_core/core_i/id_stage_i/gen_hwloop_regs.hwloop_regs_i/i___91__30_i_2/O
                         net (fo=36, routed)          0.550    17.206    u_soc_top/gen_cv32e40p_core.u_core/core_i/id_stage_i/gen_hwloop_regs.hwloop_regs_i/csr_access_ex_o_reg_2
    SLICE_X50Y184        LUT6 (Prop_lut6_I2_O)        0.124    17.330 r  u_soc_top/gen_cv32e40p_core.u_core/core_i/id_stage_i/gen_hwloop_regs.hwloop_regs_i/i___60_i_1/O
                         net (fo=4, routed)           0.343    17.673    u_soc_top/gen_cv32e40p_core.u_core/core_i/if_stage_i/mult_dot_op_c_ex_o_reg[4]_0
    SLICE_X49Y185        LUT6 (Prop_lut6_I3_O)        0.124    17.797 r  u_soc_top/gen_cv32e40p_core.u_core/core_i/if_stage_i/mult_operand_b_ex_o[4]_i_1/O
                         net (fo=9, routed)           0.519    18.316    u_soc_top/gen_cv32e40p_core.u_core/core_i/if_stage_i/operand_b[4]
    SLICE_X48Y186        LUT6 (Prop_lut6_I0_O)        0.124    18.440 r  u_soc_top/gen_cv32e40p_core.u_core/core_i/if_stage_i/mult_operand_b_ex_o[12]_i_1/O
                         net (fo=2, routed)           0.586    19.026    u_soc_top/gen_cv32e40p_core.u_core/core_i/id_stage_i/mult_operand_b_ex_o_reg[31]_1[4]
    SLICE_X48Y186        FDCE                                         r  u_soc_top/gen_cv32e40p_core.u_core/core_i/id_stage_i/mult_dot_op_b_ex_o_reg[12]/D
  -------------------------------------------------------------------    -------------------

                         (clock clk_50m_unbuf rise edge)
                                                     20.000    20.000 r  
    E3                                                0.000    20.000 r  clk_100m_i (IN)
                         net (fo=0)                   0.000    20.000    clk_100m_i
    E3                   IBUF (Prop_ibuf_I_O)         1.411    21.411 r  clk_100m_i_IBUF_inst/O
                         net (fo=1, routed)           1.162    22.573    clk_100m_i_IBUF
    MMCME2_ADV_X1Y2      MMCME2_ADV (Prop_mmcme2_adv_CLKIN1_CLKOUT0)
                                                     -7.324    15.249 r  u_mmcm/CLKOUT0
                         net (fo=1, routed)           1.639    16.888    clk_50m_unbuf
    BUFGCTRL_X0Y16       BUFG (Prop_bufg_I_O)         0.091    16.979 r  u_bufg_clk50/O
                         net (fo=6978, routed)        1.666    18.646    u_soc_top/gen_cv32e40p_core.u_core/core_i/id_stage_i/clk_50m
    SLICE_X48Y186        FDCE                                         r  u_soc_top/gen_cv32e40p_core.u_core/core_i/id_stage_i/mult_dot_op_b_ex_o_reg[12]/C
                         clock pessimism              0.569    19.214    
                         clock uncertainty           -0.089    19.126    
    SLICE_X48Y186        FDCE (Setup_fdce_C_D)       -0.067    19.059    u_soc_top/gen_cv32e40p_core.u_core/core_i/id_stage_i/mult_dot_op_b_ex_o_reg[12]
  -------------------------------------------------------------------
                         required time                         19.059    
                         arrival time                         -19.026    
  -------------------------------------------------------------------
                         slack                                  0.033    

Slack (MET) :             0.040ns  (required time - arrival time)
  Source:                 u_soc_top/gen_cv32e40p_core.u_core/core_i/id_stage_i/alu_operator_ex_o_reg[1]/C
                            (rising edge-triggered cell FDPE clocked by clk_50m_unbuf  {rise@0.000ns fall@10.000ns period=20.000ns})
  Destination:            u_soc_top/gen_cv32e40p_core.u_core/core_i/id_stage_i/mult_operand_b_ex_o_reg[9]/D
                            (rising edge-triggered cell FDCE clocked by clk_50m_unbuf  {rise@0.000ns fall@10.000ns period=20.000ns})
  Path Group:             clk_50m_unbuf
  Path Type:              Setup (Max at Slow Process Corner)
  Requirement:            20.000ns  (clk_50m_unbuf rise@20.000ns - clk_50m_unbuf rise@0.000ns)
  Data Path Delay:        19.774ns  (logic 6.478ns (32.760%)  route 13.296ns (67.240%))
  Logic Levels:           32  (CARRY4=9 LUT2=1 LUT3=1 LUT4=1 LUT5=4 LUT6=14 MUXF7=2)
  Clock Path Skew:        -0.050ns (DCD - SCD + CPR)
    Destination Clock Delay (DCD):    -1.357ns = ( 18.643 - 20.000 ) 
    Source Clock Delay      (SCD):    -0.739ns
    Clock Pessimism Removal (CPR):    0.569ns
  Clock Uncertainty:      0.089ns  ((TSJ^2 + DJ^2)^1/2) / 2 + PE
    Total System Jitter     (TSJ):    0.071ns
    Discrete Jitter          (DJ):    0.163ns
    Phase Error              (PE):    0.000ns

    Location             Delay type                Incr(ns)  Path(ns)    Netlist Resource(s)
  -------------------------------------------------------------------    -------------------
                         (clock clk_50m_unbuf rise edge)
                                                      0.000     0.000 r  
    E3                                                0.000     0.000 r  clk_100m_i (IN)
                         net (fo=0)                   0.000     0.000    clk_100m_i
    E3                   IBUF (Prop_ibuf_I_O)         1.482     1.482 r  clk_100m_i_IBUF_inst/O
                         net (fo=1, routed)           1.233     2.715    clk_100m_i_IBUF
    MMCME2_ADV_X1Y2      MMCME2_ADV (Prop_mmcme2_adv_CLKIN1_CLKOUT0)
                                                     -7.070    -4.355 r  u_mmcm/CLKOUT0
                         net (fo=1, routed)           1.719    -2.636    clk_50m_unbuf
    BUFGCTRL_X0Y16       BUFG (Prop_bufg_I_O)         0.096    -2.540 r  u_bufg_clk50/O
                         net (fo=6978, routed)        1.801    -0.739    u_soc_top/gen_cv32e40p_core.u_core/core_i/id_stage_i/clk_50m
    SLICE_X38Y185        FDPE                                         r  u_soc_top/gen_cv32e40p_core.u_core/core_i/id_stage_i/alu_operator_ex_o_reg[1]/C
  -------------------------------------------------------------------    -------------------
    SLICE_X38Y185        FDPE (Prop_fdpe_C_Q)         0.518    -0.221 r  u_soc_top/gen_cv32e40p_core.u_core/core_i/id_stage_i/alu_operator_ex_o_reg[1]/Q
                         net (fo=158, routed)         0.326     0.105    u_soc_top/gen_cv32e40p_core.u_core/alu_operator_ex[1]
    SLICE_X39Y185        LUT2 (Prop_lut2_I0_O)        0.124     0.229 r  u_soc_top/gen_cv32e40p_core.u_core/i___239/O
                         net (fo=32, routed)          1.183     1.412    u_soc_top/gen_cv32e40p_core.u_core/core_i/id_stage_i/register_file_i/BReg_DP[31]_i_111_0
    SLICE_X38Y185        LUT6 (Prop_lut6_I1_O)        0.124     1.536 r  u_soc_top/gen_cv32e40p_core.u_core/core_i/id_stage_i/register_file_i/BReg_DP[31]_i_127/O
                         net (fo=1, routed)           0.306     1.842    u_soc_top/gen_cv32e40p_core.u_core/core_i/id_stage_i/register_file_i/BReg_DP[31]_i_127_n_0
    SLICE_X38Y183        LUT6 (Prop_lut6_I5_O)        0.124     1.966 r  u_soc_top/gen_cv32e40p_core.u_core/core_i/id_stage_i/register_file_i/BReg_DP[31]_i_110/O
                         net (fo=2, routed)           0.442     2.408    u_soc_top/gen_cv32e40p_core.u_core/core_i/id_stage_i/register_file_i/ex_stage_i/alu_i/adder_op_a[1]
    SLICE_X36Y183        LUT5 (Prop_lut5_I0_O)        0.124     2.532 r  u_soc_top/gen_cv32e40p_core.u_core/core_i/id_stage_i/register_file_i/BReg_DP[31]_i_114/O
                         net (fo=1, routed)           0.000     2.532    u_soc_top/gen_cv32e40p_core.u_core/core_i/id_stage_i/register_file_i/BReg_DP[31]_i_114_n_0
    SLICE_X36Y183        CARRY4 (Prop_carry4_S[1]_CO[3])
                                                      0.550     3.082 r  u_soc_top/gen_cv32e40p_core.u_core/core_i/id_stage_i/register_file_i/BReg_DP_reg[31]_i_89/CO[3]
                         net (fo=1, routed)           0.000     3.082    u_soc_top/gen_cv32e40p_core.u_core/core_i/id_stage_i/register_file_i/BReg_DP_reg[31]_i_89_n_0
    SLICE_X36Y184        CARRY4 (Prop_carry4_CI_CO[3])
                                                      0.114     3.196 r  u_soc_top/gen_cv32e40p_core.u_core/core_i/id_stage_i/register_file_i/BReg_DP_reg[24]_i_12/CO[3]
                         net (fo=1, routed)           0.000     3.196    u_soc_top/gen_cv32e40p_core.u_core/core_i/id_stage_i/register_file_i/BReg_DP_reg[24]_i_12_n_0
    SLICE_X36Y185        CARRY4 (Prop_carry4_CI_O[2])
                                                      0.239     3.435 r  u_soc_top/gen_cv32e40p_core.u_core/core_i/id_stage_i/register_file_i/BReg_DP_reg[31]_i_98/O[2]
                         net (fo=3, routed)           0.664     4.100    u_soc_top/gen_cv32e40p_core.u_core/core_i/id_stage_i/register_file_i/ex_stage_i/alu_i/data0[9]
    SLICE_X35Y186        LUT5 (Prop_lut5_I3_O)        0.302     4.402 r  u_soc_top/gen_cv32e40p_core.u_core/core_i/id_stage_i/register_file_i/BReg_DP[31]_i_101/O
                         net (fo=1, routed)           0.000     4.402    u_soc_top/gen_cv32e40p_core.u_core/core_i/id_stage_i/register_file_i/BReg_DP[31]_i_101_n_0
    SLICE_X35Y186        CARRY4 (Prop_carry4_S[1]_CO[3])
                                                      0.550     4.952 r  u_soc_top/gen_cv32e40p_core.u_core/core_i/id_stage_i/register_file_i/BReg_DP_reg[31]_i_83/CO[3]
                         net (fo=1, routed)           0.000     4.952    u_soc_top/gen_cv32e40p_core.u_core/core_i/id_stage_i/register_file_i/BReg_DP_reg[31]_i_83_n_0
    SLICE_X35Y187        CARRY4 (Prop_carry4_CI_CO[3])
                                                      0.114     5.066 r  u_soc_top/gen_cv32e40p_core.u_core/core_i/id_stage_i/register_file_i/BReg_DP_reg[16]_i_11/CO[3]
                         net (fo=1, routed)           0.000     5.066    u_soc_top/gen_cv32e40p_core.u_core/core_i/id_stage_i/register_file_i/BReg_DP_reg[16]_i_11_n_0
    SLICE_X35Y188        CARRY4 (Prop_carry4_CI_CO[3])
                                                      0.114     5.180 r  u_soc_top/gen_cv32e40p_core.u_core/core_i/id_stage_i/register_file_i/BReg_DP_reg[31]_i_84/CO[3]
                         net (fo=1, routed)           0.000     5.180    u_soc_top/gen_cv32e40p_core.u_core/core_i/id_stage_i/register_file_i/BReg_DP_reg[31]_i_84_n_0
    SLICE_X35Y189        CARRY4 (Prop_carry4_CI_CO[3])
                                                      0.114     5.294 r  u_soc_top/gen_cv32e40p_core.u_core/core_i/id_stage_i/register_file_i/BReg_DP_reg[8]_i_8/CO[3]
                         net (fo=1, routed)           0.000     5.294    u_soc_top/gen_cv32e40p_core.u_core/core_i/id_stage_i/register_file_i/BReg_DP_reg[8]_i_8_n_0
    SLICE_X35Y190        CARRY4 (Prop_carry4_CI_CO[3])
                                                      0.114     5.408 r  u_soc_top/gen_cv32e40p_core.u_core/core_i/id_stage_i/register_file_i/BReg_DP_reg[31]_i_82/CO[3]
                         net (fo=1, routed)           0.000     5.408    u_soc_top/gen_cv32e40p_core.u_core/core_i/id_stage_i/register_file_i/BReg_DP_reg[31]_i_82_n_0
    SLICE_X35Y191        CARRY4 (Prop_carry4_CI_O[3])
                                                      0.313     5.721 r  u_soc_top/gen_cv32e40p_core.u_core/core_i/id_stage_i/register_file_i/BReg_DP_reg[0]_i_8/O[3]
                         net (fo=2, routed)           0.373     6.094    u_soc_top/gen_cv32e40p_core.u_core/core_i/id_stage_i/register_file_i/ex_stage_i/alu_i/adder_round_result[31]
    SLICE_X34Y191        LUT6 (Prop_lut6_I2_O)        0.306     6.400 r  u_soc_top/gen_cv32e40p_core.u_core/core_i/id_stage_i/register_file_i/BReg_DP[0]_i_6/O
                         net (fo=61, routed)          1.006     7.405    u_soc_top/gen_cv32e40p_core.u_core/core_i/id_stage_i/register_file_i/shift_right_result126_out
    SLICE_X36Y192        LUT3 (Prop_lut3_I2_O)        0.124     7.529 r  u_soc_top/gen_cv32e40p_core.u_core/core_i/id_stage_i/register_file_i/BReg_DP[26]_i_9/O
                         net (fo=4, routed)           0.880     8.409    u_soc_top/gen_cv32e40p_core.u_core/core_i/id_stage_i/register_file_i/alu_operand_a_ex_o_reg[11][0]
    SLICE_X30Y192        LUT6 (Prop_lut6_I0_O)        0.124     8.533 r  u_soc_top/gen_cv32e40p_core.u_core/core_i/id_stage_i/register_file_i/BReg_DP[26]_i_7/O
                         net (fo=4, routed)           0.617     9.150    u_soc_top/gen_cv32e40p_core.u_core/core_i/id_stage_i/register_file_i/BReg_DP[26]_i_7_n_0
    SLICE_X30Y195        LUT6 (Prop_lut6_I0_O)        0.124     9.274 r  u_soc_top/gen_cv32e40p_core.u_core/core_i/id_stage_i/register_file_i/BReg_DP[26]_i_4/O
                         net (fo=2, routed)           0.651     9.926    u_soc_top/gen_cv32e40p_core.u_core/core_i/id_stage_i/register_file_i/BReg_DP[26]_i_4_n_0
    SLICE_X30Y195        LUT5 (Prop_lut5_I4_O)        0.124    10.050 r  u_soc_top/gen_cv32e40p_core.u_core/core_i/id_stage_i/register_file_i/BReg_DP[25]_i_2/O
                         net (fo=3, routed)           0.780    10.829    u_soc_top/gen_cv32e40p_core.u_core/core_i/id_stage_i/register_file_i/shift_left_result[11]
    SLICE_X38Y195        LUT5 (Prop_lut5_I0_O)        0.124    10.953 r  u_soc_top/gen_cv32e40p_core.u_core/core_i/id_stage_i/register_file_i/i___91__6_i_31/O
                         net (fo=6, routed)           0.789    11.742    u_soc_top/gen_cv32e40p_core.u_core/core_i/id_stage_i/register_file_i/ex_stage_i/alu_i/radix_2_rev[6]
    SLICE_X40Y191        LUT6 (Prop_lut6_I3_O)        0.124    11.866 r  u_soc_top/gen_cv32e40p_core.u_core/core_i/id_stage_i/register_file_i/i___28_i_101/O
                         net (fo=1, routed)           0.000    11.866    u_soc_top/gen_cv32e40p_core.u_core/core_i/id_stage_i/register_file_i/i___28_i_101_n_0
    SLICE_X40Y191        MUXF7 (Prop_muxf7_I0_O)      0.212    12.078 r  u_soc_top/gen_cv32e40p_core.u_core/core_i/id_stage_i/register_file_i/i___28_i_94/O
                         net (fo=1, routed)           0.581    12.659    u_soc_top/gen_cv32e40p_core.u_core/core_i/id_stage_i/register_file_i/i___28_i_94_n_0
    SLICE_X39Y190        LUT6 (Prop_lut6_I4_O)        0.299    12.958 r  u_soc_top/gen_cv32e40p_core.u_core/core_i/id_stage_i/register_file_i/i___28_i_86/O
                         net (fo=64, routed)          0.482    13.440    u_soc_top/gen_cv32e40p_core.u_core/core_i/id_stage_i/register_file_i/ex_stage_i/alu_i/extract_sign
    SLICE_X39Y188        LUT6 (Prop_lut6_I5_O)        0.124    13.564 r  u_soc_top/gen_cv32e40p_core.u_core/core_i/id_stage_i/register_file_i/i___29_i_56/O
                         net (fo=1, routed)           0.438    14.002    u_soc_top/gen_cv32e40p_core.u_core/core_i/id_stage_i/register_file_i/i___29_i_56_n_0
    SLICE_X42Y187        LUT6 (Prop_lut6_I5_O)        0.124    14.126 r  u_soc_top/gen_cv32e40p_core.u_core/core_i/id_stage_i/register_file_i/i___29_i_39/O
                         net (fo=1, routed)           0.630    14.756    u_soc_top/gen_cv32e40p_core.u_core/core_i/id_stage_i/register_file_i/ex_stage_i/alu_i/bextins_result[1]
    SLICE_X42Y181        LUT6 (Prop_lut6_I5_O)        0.124    14.880 r  u_soc_top/gen_cv32e40p_core.u_core/core_i/id_stage_i/register_file_i/i___29_i_20/O
                         net (fo=1, routed)           0.000    14.880    u_soc_top/gen_cv32e40p_core.u_core/core_i/id_stage_i/register_file_i/i___29_i_20_n_0
    SLICE_X42Y181        MUXF7 (Prop_muxf7_I1_O)      0.214    15.094 r  u_soc_top/gen_cv32e40p_core.u_core/core_i/id_stage_i/register_file_i/i___29_i_9/O
                         net (fo=1, routed)           0.292    15.386    u_soc_top/gen_cv32e40p_core.u_core/core_i/id_stage_i/register_file_i/i___29_i_9_n_0
    SLICE_X45Y181        LUT6 (Prop_lut6_I5_O)        0.297    15.683 r  u_soc_top/gen_cv32e40p_core.u_core/core_i/id_stage_i/register_file_i/i___29_i_4/O
                         net (fo=1, routed)           0.477    16.160    u_soc_top/gen_cv32e40p_core.u_core/core_i/id_stage_i/gen_hwloop_regs.hwloop_regs_i/alu_result[1]
    SLICE_X43Y181        LUT6 (Prop_lut6_I3_O)        0.124    16.284 r  u_soc_top/gen_cv32e40p_core.u_core/core_i/id_stage_i/gen_hwloop_regs.hwloop_regs_i/i___29_i_2/O
                         net (fo=37, routed)          0.499    16.783    u_soc_top/gen_cv32e40p_core.u_core/regfile_alu_wdata_fw[1]
    SLICE_X43Y180        LUT6 (Prop_lut6_I1_O)        0.124    16.907 f  u_soc_top/gen_cv32e40p_core.u_core/i___29/O
                         net (fo=1, routed)           0.566    17.473    u_soc_top/gen_cv32e40p_core.u_core/core_i/if_stage_i/mult_dot_op_b_ex_o_reg[1]
    SLICE_X44Y180        LUT6 (Prop_lut6_I2_O)        0.124    17.597 r  u_soc_top/gen_cv32e40p_core.u_core/core_i/if_stage_i/mult_operand_b_ex_o[1]_i_1/O
                         net (fo=9, routed)           0.628    18.225    u_soc_top/gen_cv32e40p_core.u_core/core_i/if_stage_i/operand_b[1]
    SLICE_X42Y181        LUT4 (Prop_lut4_I1_O)        0.124    18.349 r  u_soc_top/gen_cv32e40p_core.u_core/core_i/if_stage_i/mult_operand_b_ex_o[9]_i_1/O
                         net (fo=2, routed)           0.686    19.035    u_soc_top/gen_cv32e40p_core.u_core/core_i/id_stage_i/mult_operand_b_ex_o_reg[31]_1[1]
    SLICE_X44Y181        FDCE                                         r  u_soc_top/gen_cv32e40p_core.u_core/core_i/id_stage_i/mult_operand_b_ex_o_reg[9]/D
  -------------------------------------------------------------------    -------------------

                         (clock clk_50m_unbuf rise edge)
                                                     20.000    20.000 r  
    E3                                                0.000    20.000 r  clk_100m_i (IN)
                         net (fo=0)                   0.000    20.000    clk_100m_i
    E3                   IBUF (Prop_ibuf_I_O)         1.411    21.411 r  clk_100m_i_IBUF_inst/O
                         net (fo=1, routed)           1.162    22.573    clk_100m_i_IBUF
    MMCME2_ADV_X1Y2      MMCME2_ADV (Prop_mmcme2_adv_CLKIN1_CLKOUT0)
                                                     -7.324    15.249 r  u_mmcm/CLKOUT0
                         net (fo=1, routed)           1.639    16.888    clk_50m_unbuf
    BUFGCTRL_X0Y16       BUFG (Prop_bufg_I_O)         0.091    16.979 r  u_bufg_clk50/O
                         net (fo=6978, routed)        1.663    18.643    u_soc_top/gen_cv32e40p_core.u_core/core_i/id_stage_i/clk_50m
    SLICE_X44Y181        FDCE                                         r  u_soc_top/gen_cv32e40p_core.u_core/core_i/id_stage_i/mult_operand_b_ex_o_reg[9]/C
                         clock pessimism              0.569    19.211    
                         clock uncertainty           -0.089    19.123    
    SLICE_X44Y181        FDCE (Setup_fdce_C_D)       -0.047    19.076    u_soc_top/gen_cv32e40p_core.u_core/core_i/id_stage_i/mult_operand_b_ex_o_reg[9]
  -------------------------------------------------------------------
                         required time                         19.076    
                         arrival time                         -19.035    
  -------------------------------------------------------------------
                         slack                                  0.040    

Slack (MET) :             0.050ns  (required time - arrival time)
  Source:                 u_soc_top/gen_cv32e40p_core.u_core/core_i/id_stage_i/alu_operator_ex_o_reg[1]/C
                            (rising edge-triggered cell FDPE clocked by clk_50m_unbuf  {rise@0.000ns fall@10.000ns period=20.000ns})
  Destination:            u_soc_top/gen_cv32e40p_core.u_core/core_i/id_stage_i/mult_operand_b_ex_o_reg[28]/D
                            (rising edge-triggered cell FDCE clocked by clk_50m_unbuf  {rise@0.000ns fall@10.000ns period=20.000ns})
  Path Group:             clk_50m_unbuf
  Path Type:              Setup (Max at Slow Process Corner)
  Requirement:            20.000ns  (clk_50m_unbuf rise@20.000ns - clk_50m_unbuf rise@0.000ns)
  Data Path Delay:        19.769ns  (logic 6.483ns (32.794%)  route 13.286ns (67.206%))
  Logic Levels:           32  (CARRY4=9 LUT2=1 LUT3=1 LUT5=4 LUT6=15 MUXF7=2)
  Clock Path Skew:        -0.045ns (DCD - SCD + CPR)
    Destination Clock Delay (DCD):    -1.352ns = ( 18.648 - 20.000 ) 
    Source Clock Delay      (SCD):    -0.739ns
    Clock Pessimism Removal (CPR):    0.569ns
  Clock Uncertainty:      0.089ns  ((TSJ^2 + DJ^2)^1/2) / 2 + PE
    Total System Jitter     (TSJ):    0.071ns
    Discrete Jitter          (DJ):    0.163ns
    Phase Error              (PE):    0.000ns

    Location             Delay type                Incr(ns)  Path(ns)    Netlist Resource(s)
  -------------------------------------------------------------------    -------------------
                         (clock clk_50m_unbuf rise edge)
                                                      0.000     0.000 r  
    E3                                                0.000     0.000 r  clk_100m_i (IN)
                         net (fo=0)                   0.000     0.000    clk_100m_i
    E3                   IBUF (Prop_ibuf_I_O)         1.482     1.482 r  clk_100m_i_IBUF_inst/O
                         net (fo=1, routed)           1.233     2.715    clk_100m_i_IBUF
    MMCME2_ADV_X1Y2      MMCME2_ADV (Prop_mmcme2_adv_CLKIN1_CLKOUT0)
                                                     -7.070    -4.355 r  u_mmcm/CLKOUT0
                         net (fo=1, routed)           1.719    -2.636    clk_50m_unbuf
    BUFGCTRL_X0Y16       BUFG (Prop_bufg_I_O)         0.096    -2.540 r  u_bufg_clk50/O
                         net (fo=6978, routed)        1.801    -0.739    u_soc_top/gen_cv32e40p_core.u_core/core_i/id_stage_i/clk_50m
    SLICE_X38Y185        FDPE                                         r  u_soc_top/gen_cv32e40p_core.u_core/core_i/id_stage_i/alu_operator_ex_o_reg[1]/C
  -------------------------------------------------------------------    -------------------
    SLICE_X38Y185        FDPE (Prop_fdpe_C_Q)         0.518    -0.221 r  u_soc_top/gen_cv32e40p_core.u_core/core_i/id_stage_i/alu_operator_ex_o_reg[1]/Q
                         net (fo=158, routed)         0.326     0.105    u_soc_top/gen_cv32e40p_core.u_core/alu_operator_ex[1]
    SLICE_X39Y185        LUT2 (Prop_lut2_I0_O)        0.124     0.229 r  u_soc_top/gen_cv32e40p_core.u_core/i___239/O
                         net (fo=32, routed)          1.183     1.412    u_soc_top/gen_cv32e40p_core.u_core/core_i/id_stage_i/register_file_i/BReg_DP[31]_i_111_0
    SLICE_X38Y185        LUT6 (Prop_lut6_I1_O)        0.124     1.536 r  u_soc_top/gen_cv32e40p_core.u_core/core_i/id_stage_i/register_file_i/BReg_DP[31]_i_127/O
                         net (fo=1, routed)           0.306     1.842    u_soc_top/gen_cv32e40p_core.u_core/core_i/id_stage_i/register_file_i/BReg_DP[31]_i_127_n_0
    SLICE_X38Y183        LUT6 (Prop_lut6_I5_O)        0.124     1.966 r  u_soc_top/gen_cv32e40p_core.u_core/core_i/id_stage_i/register_file_i/BReg_DP[31]_i_110/O
                         net (fo=2, routed)           0.442     2.408    u_soc_top/gen_cv32e40p_core.u_core/core_i/id_stage_i/register_file_i/ex_stage_i/alu_i/adder_op_a[1]
    SLICE_X36Y183        LUT5 (Prop_lut5_I0_O)        0.124     2.532 r  u_soc_top/gen_cv32e40p_core.u_core/core_i/id_stage_i/register_file_i/BReg_DP[31]_i_114/O
                         net (fo=1, routed)           0.000     2.532    u_soc_top/gen_cv32e40p_core.u_core/core_i/id_stage_i/register_file_i/BReg_DP[31]_i_114_n_0
    SLICE_X36Y183        CARRY4 (Prop_carry4_S[1]_CO[3])
                                                      0.550     3.082 r  u_soc_top/gen_cv32e40p_core.u_core/core_i/id_stage_i/register_file_i/BReg_DP_reg[31]_i_89/CO[3]
                         net (fo=1, routed)           0.000     3.082    u_soc_top/gen_cv32e40p_core.u_core/core_i/id_stage_i/register_file_i/BReg_DP_reg[31]_i_89_n_0
    SLICE_X36Y184        CARRY4 (Prop_carry4_CI_CO[3])
                                                      0.114     3.196 r  u_soc_top/gen_cv32e40p_core.u_core/core_i/id_stage_i/register_file_i/BReg_DP_reg[24]_i_12/CO[3]
                         net (fo=1, routed)           0.000     3.196    u_soc_top/gen_cv32e40p_core.u_core/core_i/id_stage_i/register_file_i/BReg_DP_reg[24]_i_12_n_0
    SLICE_X36Y185        CARRY4 (Prop_carry4_CI_O[2])
                                                      0.239     3.435 r  u_soc_top/gen_cv32e40p_core.u_core/core_i/id_stage_i/register_file_i/BReg_DP_reg[31]_i_98/O[2]
                         net (fo=3, routed)           0.664     4.100    u_soc_top/gen_cv32e40p_core.u_core/core_i/id_stage_i/register_file_i/ex_stage_i/alu_i/data0[9]
    SLICE_X35Y186        LUT5 (Prop_lut5_I3_O)        0.302     4.402 r  u_soc_top/gen_cv32e40p_core.u_core/core_i/id_stage_i/register_file_i/BReg_DP[31]_i_101/O
                         net (fo=1, routed)           0.000     4.402    u_soc_top/gen_cv32e40p_core.u_core/core_i/id_stage_i/register_file_i/BReg_DP[31]_i_101_n_0
    SLICE_X35Y186        CARRY4 (Prop_carry4_S[1]_CO[3])
                                                      0.550     4.952 r  u_soc_top/gen_cv32e40p_core.u_core/core_i/id_stage_i/register_file_i/BReg_DP_reg[31]_i_83/CO[3]
                         net (fo=1, routed)           0.000     4.952    u_soc_top/gen_cv32e40p_core.u_core/core_i/id_stage_i/register_file_i/BReg_DP_reg[31]_i_83_n_0
    SLICE_X35Y187        CARRY4 (Prop_carry4_CI_CO[3])
                                                      0.114     5.066 r  u_soc_top/gen_cv32e40p_core.u_core/core_i/id_stage_i/register_file_i/BReg_DP_reg[16]_i_11/CO[3]
                         net (fo=1, routed)           0.000     5.066    u_soc_top/gen_cv32e40p_core.u_core/core_i/id_stage_i/register_file_i/BReg_DP_reg[16]_i_11_n_0
    SLICE_X35Y188        CARRY4 (Prop_carry4_CI_CO[3])
                                                      0.114     5.180 r  u_soc_top/gen_cv32e40p_core.u_core/core_i/id_stage_i/register_file_i/BReg_DP_reg[31]_i_84/CO[3]
                         net (fo=1, routed)           0.000     5.180    u_soc_top/gen_cv32e40p_core.u_core/core_i/id_stage_i/register_file_i/BReg_DP_reg[31]_i_84_n_0
    SLICE_X35Y189        CARRY4 (Prop_carry4_CI_CO[3])
                                                      0.114     5.294 r  u_soc_top/gen_cv32e40p_core.u_core/core_i/id_stage_i/register_file_i/BReg_DP_reg[8]_i_8/CO[3]
                         net (fo=1, routed)           0.000     5.294    u_soc_top/gen_cv32e40p_core.u_core/core_i/id_stage_i/register_file_i/BReg_DP_reg[8]_i_8_n_0
    SLICE_X35Y190        CARRY4 (Prop_carry4_CI_CO[3])
                                                      0.114     5.408 r  u_soc_top/gen_cv32e40p_core.u_core/core_i/id_stage_i/register_file_i/BReg_DP_reg[31]_i_82/CO[3]
                         net (fo=1, routed)           0.000     5.408    u_soc_top/gen_cv32e40p_core.u_core/core_i/id_stage_i/register_file_i/BReg_DP_reg[31]_i_82_n_0
    SLICE_X35Y191        CARRY4 (Prop_carry4_CI_O[3])
                                                      0.313     5.721 r  u_soc_top/gen_cv32e40p_core.u_core/core_i/id_stage_i/register_file_i/BReg_DP_reg[0]_i_8/O[3]
                         net (fo=2, routed)           0.373     6.094    u_soc_top/gen_cv32e40p_core.u_core/core_i/id_stage_i/register_file_i/ex_stage_i/alu_i/adder_round_result[31]
    SLICE_X34Y191        LUT6 (Prop_lut6_I2_O)        0.306     6.400 r  u_soc_top/gen_cv32e40p_core.u_core/core_i/id_stage_i/register_file_i/BReg_DP[0]_i_6/O
                         net (fo=61, routed)          1.006     7.405    u_soc_top/gen_cv32e40p_core.u_core/core_i/id_stage_i/register_file_i/shift_right_result126_out
    SLICE_X36Y192        LUT3 (Prop_lut3_I2_O)        0.124     7.529 r  u_soc_top/gen_cv32e40p_core.u_core/core_i/id_stage_i/register_file_i/BReg_DP[26]_i_9/O
                         net (fo=4, routed)           0.880     8.409    u_soc_top/gen_cv32e40p_core.u_core/core_i/id_stage_i/register_file_i/alu_operand_a_ex_o_reg[11][0]
    SLICE_X30Y192        LUT6 (Prop_lut6_I0_O)        0.124     8.533 r  u_soc_top/gen_cv32e40p_core.u_core/core_i/id_stage_i/register_file_i/BReg_DP[26]_i_7/O
                         net (fo=4, routed)           0.617     9.150    u_soc_top/gen_cv32e40p_core.u_core/core_i/id_stage_i/register_file_i/BReg_DP[26]_i_7_n_0
    SLICE_X30Y195        LUT6 (Prop_lut6_I0_O)        0.124     9.274 r  u_soc_top/gen_cv32e40p_core.u_core/core_i/id_stage_i/register_file_i/BReg_DP[26]_i_4/O
                         net (fo=2, routed)           0.651     9.926    u_soc_top/gen_cv32e40p_core.u_core/core_i/id_stage_i/register_file_i/BReg_DP[26]_i_4_n_0
    SLICE_X30Y195        LUT5 (Prop_lut5_I4_O)        0.124    10.050 r  u_soc_top/gen_cv32e40p_core.u_core/core_i/id_stage_i/register_file_i/BReg_DP[25]_i_2/O
                         net (fo=3, routed)           0.780    10.829    u_soc_top/gen_cv32e40p_core.u_core/core_i/id_stage_i/register_file_i/shift_left_result[11]
    SLICE_X38Y195        LUT5 (Prop_lut5_I0_O)        0.124    10.953 r  u_soc_top/gen_cv32e40p_core.u_core/core_i/id_stage_i/register_file_i/i___91__6_i_31/O
                         net (fo=6, routed)           0.789    11.742    u_soc_top/gen_cv32e40p_core.u_core/core_i/id_stage_i/register_file_i/ex_stage_i/alu_i/radix_2_rev[6]
    SLICE_X40Y191        LUT6 (Prop_lut6_I3_O)        0.124    11.866 r  u_soc_top/gen_cv32e40p_core.u_core/core_i/id_stage_i/register_file_i/i___28_i_101/O
                         net (fo=1, routed)           0.000    11.866    u_soc_top/gen_cv32e40p_core.u_core/core_i/id_stage_i/register_file_i/i___28_i_101_n_0
    SLICE_X40Y191        MUXF7 (Prop_muxf7_I0_O)      0.212    12.078 r  u_soc_top/gen_cv32e40p_core.u_core/core_i/id_stage_i/register_file_i/i___28_i_94/O
                         net (fo=1, routed)           0.581    12.659    u_soc_top/gen_cv32e40p_core.u_core/core_i/id_stage_i/register_file_i/i___28_i_94_n_0
    SLICE_X39Y190        LUT6 (Prop_lut6_I4_O)        0.299    12.958 r  u_soc_top/gen_cv32e40p_core.u_core/core_i/id_stage_i/register_file_i/i___28_i_86/O
                         net (fo=64, routed)          0.873    13.831    u_soc_top/gen_cv32e40p_core.u_core/core_i/id_stage_i/register_file_i/ex_stage_i/alu_i/extract_sign
    SLICE_X43Y189        LUT6 (Prop_lut6_I5_O)        0.124    13.955 r  u_soc_top/gen_cv32e40p_core.u_core/core_i/id_stage_i/register_file_i/i___91__30_i_36/O
                         net (fo=1, routed)           0.489    14.444    u_soc_top/gen_cv32e40p_core.u_core/core_i/id_stage_i/register_file_i/i___91__30_i_36_n_0
    SLICE_X47Y186        LUT6 (Prop_lut6_I5_O)        0.124    14.568 r  u_soc_top/gen_cv32e40p_core.u_core/core_i/id_stage_i/register_file_i/i___91__30_i_32/O
                         net (fo=1, routed)           0.436    15.004    u_soc_top/gen_cv32e40p_core.u_core/core_i/id_stage_i/register_file_i/ex_stage_i/alu_i/bextins_result[4]
    SLICE_X47Y185        LUT6 (Prop_lut6_I5_O)        0.124    15.128 r  u_soc_top/gen_cv32e40p_core.u_core/core_i/id_stage_i/register_file_i/i___91__30_i_25/O
                         net (fo=1, routed)           0.000    15.128    u_soc_top/gen_cv32e40p_core.u_core/core_i/id_stage_i/register_file_i/i___91__30_i_25_n_0
    SLICE_X47Y185        MUXF7 (Prop_muxf7_I1_O)      0.217    15.345 r  u_soc_top/gen_cv32e40p_core.u_core/core_i/id_stage_i/register_file_i/i___91__30_i_12/O
                         net (fo=1, routed)           0.411    15.756    u_soc_top/gen_cv32e40p_core.u_core/core_i/id_stage_i/register_file_i/i___91__30_i_12_n_0
    SLICE_X48Y185        LUT6 (Prop_lut6_I5_O)        0.299    16.055 r  u_soc_top/gen_cv32e40p_core.u_core/core_i/id_stage_i/register_file_i/i___91__30_i_4/O
                         net (fo=2, routed)           0.477    16.532    u_soc_top/gen_cv32e40p_core.u_core/core_i/id_stage_i/gen_hwloop_regs.hwloop_regs_i/alu_result[4]
    SLICE_X49Y184        LUT6 (Prop_lut6_I3_O)        0.124    16.656 r  u_soc_top/gen_cv32e40p_core.u_core/core_i/id_stage_i/gen_hwloop_regs.hwloop_regs_i/i___91__30_i_2/O
                         net (fo=36, routed)          0.550    17.206    u_soc_top/gen_cv32e40p_core.u_core/core_i/id_stage_i/gen_hwloop_regs.hwloop_regs_i/csr_access_ex_o_reg_2
    SLICE_X50Y184        LUT6 (Prop_lut6_I2_O)        0.124    17.330 r  u_soc_top/gen_cv32e40p_core.u_core/core_i/id_stage_i/gen_hwloop_regs.hwloop_regs_i/i___60_i_1/O
                         net (fo=4, routed)           0.343    17.673    u_soc_top/gen_cv32e40p_core.u_core/core_i/if_stage_i/mult_dot_op_c_ex_o_reg[4]_0
    SLICE_X49Y185        LUT6 (Prop_lut6_I3_O)        0.124    17.797 r  u_soc_top/gen_cv32e40p_core.u_core/core_i/if_stage_i/mult_operand_b_ex_o[4]_i_1/O
                         net (fo=9, routed)           0.718    18.515    u_soc_top/gen_cv32e40p_core.u_core/core_i/if_stage_i/operand_b[4]
    SLICE_X45Y186        LUT6 (Prop_lut6_I0_O)        0.124    18.639 r  u_soc_top/gen_cv32e40p_core.u_core/core_i/if_stage_i/mult_operand_b_ex_o[28]_i_1/O
                         net (fo=2, routed)           0.391    19.030    u_soc_top/gen_cv32e40p_core.u_core/core_i/id_stage_i/mult_operand_b_ex_o_reg[31]_1[20]
    SLICE_X45Y186        FDCE                                         r  u_soc_top/gen_cv32e40p_core.u_core/core_i/id_stage_i/mult_operand_b_ex_o_reg[28]/D
  -------------------------------------------------------------------    -------------------

                         (clock clk_50m_unbuf rise edge)
                                                     20.000    20.000 r  
    E3                                                0.000    20.000 r  clk_100m_i (IN)
                         net (fo=0)                   0.000    20.000    clk_100m_i
    E3                   IBUF (Prop_ibuf_I_O)         1.411    21.411 r  clk_100m_i_IBUF_inst/O
                         net (fo=1, routed)           1.162    22.573    clk_100m_i_IBUF
    MMCME2_ADV_X1Y2      MMCME2_ADV (Prop_mmcme2_adv_CLKIN1_CLKOUT0)
                                                     -7.324    15.249 r  u_mmcm/CLKOUT0
                         net (fo=1, routed)           1.639    16.888    clk_50m_unbuf
    BUFGCTRL_X0Y16       BUFG (Prop_bufg_I_O)         0.091    16.979 r  u_bufg_clk50/O
                         net (fo=6978, routed)        1.668    18.648    u_soc_top/gen_cv32e40p_core.u_core/core_i/id_stage_i/clk_50m
    SLICE_X45Y186        FDCE                                         r  u_soc_top/gen_cv32e40p_core.u_core/core_i/id_stage_i/mult_operand_b_ex_o_reg[28]/C
                         clock pessimism              0.569    19.216    
                         clock uncertainty           -0.089    19.128    
    SLICE_X45Y186        FDCE (Setup_fdce_C_D)       -0.047    19.081    u_soc_top/gen_cv32e40p_core.u_core/core_i/id_stage_i/mult_operand_b_ex_o_reg[28]
  -------------------------------------------------------------------
                         required time                         19.081    
                         arrival time                         -19.030    
  -------------------------------------------------------------------
                         slack                                  0.050    

Slack (MET) :             0.110ns  (required time - arrival time)
  Source:                 u_soc_top/gen_cv32e40p_core.u_core/core_i/id_stage_i/alu_operator_ex_o_reg[1]/C
                            (rising edge-triggered cell FDPE clocked by clk_50m_unbuf  {rise@0.000ns fall@10.000ns period=20.000ns})
  Destination:            u_soc_top/gen_cv32e40p_core.u_core/core_i/id_stage_i/mult_dot_op_b_ex_o_reg[30]/D
                            (rising edge-triggered cell FDCE clocked by clk_50m_unbuf  {rise@0.000ns fall@10.000ns period=20.000ns})
  Path Group:             clk_50m_unbuf
  Path Type:              Setup (Max at Slow Process Corner)
  Requirement:            20.000ns  (clk_50m_unbuf rise@20.000ns - clk_50m_unbuf rise@0.000ns)
  Data Path Delay:        19.700ns  (logic 6.483ns (32.908%)  route 13.217ns (67.092%))
  Logic Levels:           32  (CARRY4=9 LUT2=1 LUT3=1 LUT5=4 LUT6=15 MUXF7=2)
  Clock Path Skew:        -0.020ns (DCD - SCD + CPR)
    Destination Clock Delay (DCD):    -1.344ns = ( 18.656 - 20.000 ) 
    Source Clock Delay      (SCD):    -0.739ns
    Clock Pessimism Removal (CPR):    0.586ns
  Clock Uncertainty:      0.089ns  ((TSJ^2 + DJ^2)^1/2) / 2 + PE
    Total System Jitter     (TSJ):    0.071ns
    Discrete Jitter          (DJ):    0.163ns
    Phase Error              (PE):    0.000ns

    Location             Delay type                Incr(ns)  Path(ns)    Netlist Resource(s)
  -------------------------------------------------------------------    -------------------
                         (clock clk_50m_unbuf rise edge)
                                                      0.000     0.000 r  
    E3                                                0.000     0.000 r  clk_100m_i (IN)
                         net (fo=0)                   0.000     0.000    clk_100m_i
    E3                   IBUF (Prop_ibuf_I_O)         1.482     1.482 r  clk_100m_i_IBUF_inst/O
                         net (fo=1, routed)           1.233     2.715    clk_100m_i_IBUF
    MMCME2_ADV_X1Y2      MMCME2_ADV (Prop_mmcme2_adv_CLKIN1_CLKOUT0)
                                                     -7.070    -4.355 r  u_mmcm/CLKOUT0
                         net (fo=1, routed)           1.719    -2.636    clk_50m_unbuf
    BUFGCTRL_X0Y16       BUFG (Prop_bufg_I_O)         0.096    -2.540 r  u_bufg_clk50/O
                         net (fo=6978, routed)        1.801    -0.739    u_soc_top/gen_cv32e40p_core.u_core/core_i/id_stage_i/clk_50m
    SLICE_X38Y185        FDPE                                         r  u_soc_top/gen_cv32e40p_core.u_core/core_i/id_stage_i/alu_operator_ex_o_reg[1]/C
  -------------------------------------------------------------------    -------------------
    SLICE_X38Y185        FDPE (Prop_fdpe_C_Q)         0.518    -0.221 r  u_soc_top/gen_cv32e40p_core.u_core/core_i/id_stage_i/alu_operator_ex_o_reg[1]/Q
                         net (fo=158, routed)         0.326     0.105    u_soc_top/gen_cv32e40p_core.u_core/alu_operator_ex[1]
    SLICE_X39Y185        LUT2 (Prop_lut2_I0_O)        0.124     0.229 r  u_soc_top/gen_cv32e40p_core.u_core/i___239/O
                         net (fo=32, routed)          1.183     1.412    u_soc_top/gen_cv32e40p_core.u_core/core_i/id_stage_i/register_file_i/BReg_DP[31]_i_111_0
    SLICE_X38Y185        LUT6 (Prop_lut6_I1_O)        0.124     1.536 r  u_soc_top/gen_cv32e40p_core.u_core/core_i/id_stage_i/register_file_i/BReg_DP[31]_i_127/O
                         net (fo=1, routed)           0.306     1.842    u_soc_top/gen_cv32e40p_core.u_core/core_i/id_stage_i/register_file_i/BReg_DP[31]_i_127_n_0
    SLICE_X38Y183        LUT6 (Prop_lut6_I5_O)        0.124     1.966 r  u_soc_top/gen_cv32e40p_core.u_core/core_i/id_stage_i/register_file_i/BReg_DP[31]_i_110/O
                         net (fo=2, routed)           0.442     2.408    u_soc_top/gen_cv32e40p_core.u_core/core_i/id_stage_i/register_file_i/ex_stage_i/alu_i/adder_op_a[1]
    SLICE_X36Y183        LUT5 (Prop_lut5_I0_O)        0.124     2.532 r  u_soc_top/gen_cv32e40p_core.u_core/core_i/id_stage_i/register_file_i/BReg_DP[31]_i_114/O
                         net (fo=1, routed)           0.000     2.532    u_soc_top/gen_cv32e40p_core.u_core/core_i/id_stage_i/register_file_i/BReg_DP[31]_i_114_n_0
    SLICE_X36Y183        CARRY4 (Prop_carry4_S[1]_CO[3])
                                                      0.550     3.082 r  u_soc_top/gen_cv32e40p_core.u_core/core_i/id_stage_i/register_file_i/BReg_DP_reg[31]_i_89/CO[3]
                         net (fo=1, routed)           0.000     3.082    u_soc_top/gen_cv32e40p_core.u_core/core_i/id_stage_i/register_file_i/BReg_DP_reg[31]_i_89_n_0
    SLICE_X36Y184        CARRY4 (Prop_carry4_CI_CO[3])
                                                      0.114     3.196 r  u_soc_top/gen_cv32e40p_core.u_core/core_i/id_stage_i/register_file_i/BReg_DP_reg[24]_i_12/CO[3]
                         net (fo=1, routed)           0.000     3.196    u_soc_top/gen_cv32e40p_core.u_core/core_i/id_stage_i/register_file_i/BReg_DP_reg[24]_i_12_n_0
    SLICE_X36Y185        CARRY4 (Prop_carry4_CI_O[2])
                                                      0.239     3.435 r  u_soc_top/gen_cv32e40p_core.u_core/core_i/id_stage_i/register_file_i/BReg_DP_reg[31]_i_98/O[2]
                         net (fo=3, routed)           0.664     4.100    u_soc_top/gen_cv32e40p_core.u_core/core_i/id_stage_i/register_file_i/ex_stage_i/alu_i/data0[9]
    SLICE_X35Y186        LUT5 (Prop_lut5_I3_O)        0.302     4.402 r  u_soc_top/gen_cv32e40p_core.u_core/core_i/id_stage_i/register_file_i/BReg_DP[31]_i_101/O
                         net (fo=1, routed)           0.000     4.402    u_soc_top/gen_cv32e40p_core.u_core/core_i/id_stage_i/register_file_i/BReg_DP[31]_i_101_n_0
    SLICE_X35Y186        CARRY4 (Prop_carry4_S[1]_CO[3])
                                                      0.550     4.952 r  u_soc_top/gen_cv32e40p_core.u_core/core_i/id_stage_i/register_file_i/BReg_DP_reg[31]_i_83/CO[3]
                         net (fo=1, routed)           0.000     4.952    u_soc_top/gen_cv32e40p_core.u_core/core_i/id_stage_i/register_file_i/BReg_DP_reg[31]_i_83_n_0
    SLICE_X35Y187        CARRY4 (Prop_carry4_CI_CO[3])
                                                      0.114     5.066 r  u_soc_top/gen_cv32e40p_core.u_core/core_i/id_stage_i/register_file_i/BReg_DP_reg[16]_i_11/CO[3]
                         net (fo=1, routed)           0.000     5.066    u_soc_top/gen_cv32e40p_core.u_core/core_i/id_stage_i/register_file_i/BReg_DP_reg[16]_i_11_n_0
    SLICE_X35Y188        CARRY4 (Prop_carry4_CI_CO[3])
                                                      0.114     5.180 r  u_soc_top/gen_cv32e40p_core.u_core/core_i/id_stage_i/register_file_i/BReg_DP_reg[31]_i_84/CO[3]
                         net (fo=1, routed)           0.000     5.180    u_soc_top/gen_cv32e40p_core.u_core/core_i/id_stage_i/register_file_i/BReg_DP_reg[31]_i_84_n_0
    SLICE_X35Y189        CARRY4 (Prop_carry4_CI_CO[3])
                                                      0.114     5.294 r  u_soc_top/gen_cv32e40p_core.u_core/core_i/id_stage_i/register_file_i/BReg_DP_reg[8]_i_8/CO[3]
                         net (fo=1, routed)           0.000     5.294    u_soc_top/gen_cv32e40p_core.u_core/core_i/id_stage_i/register_file_i/BReg_DP_reg[8]_i_8_n_0
    SLICE_X35Y190        CARRY4 (Prop_carry4_CI_CO[3])
                                                      0.114     5.408 r  u_soc_top/gen_cv32e40p_core.u_core/core_i/id_stage_i/register_file_i/BReg_DP_reg[31]_i_82/CO[3]
                         net (fo=1, routed)           0.000     5.408    u_soc_top/gen_cv32e40p_core.u_core/core_i/id_stage_i/register_file_i/BReg_DP_reg[31]_i_82_n_0
    SLICE_X35Y191        CARRY4 (Prop_carry4_CI_O[3])
                                                      0.313     5.721 r  u_soc_top/gen_cv32e40p_core.u_core/core_i/id_stage_i/register_file_i/BReg_DP_reg[0]_i_8/O[3]
                         net (fo=2, routed)           0.373     6.094    u_soc_top/gen_cv32e40p_core.u_core/core_i/id_stage_i/register_file_i/ex_stage_i/alu_i/adder_round_result[31]
    SLICE_X34Y191        LUT6 (Prop_lut6_I2_O)        0.306     6.400 r  u_soc_top/gen_cv32e40p_core.u_core/core_i/id_stage_i/register_file_i/BReg_DP[0]_i_6/O
                         net (fo=61, routed)          1.006     7.405    u_soc_top/gen_cv32e40p_core.u_core/core_i/id_stage_i/register_file_i/shift_right_result126_out
    SLICE_X36Y192        LUT3 (Prop_lut3_I2_O)        0.124     7.529 r  u_soc_top/gen_cv32e40p_core.u_core/core_i/id_stage_i/register_file_i/BReg_DP[26]_i_9/O
                         net (fo=4, routed)           0.880     8.409    u_soc_top/gen_cv32e40p_core.u_core/core_i/id_stage_i/register_file_i/alu_operand_a_ex_o_reg[11][0]
    SLICE_X30Y192        LUT6 (Prop_lut6_I0_O)        0.124     8.533 r  u_soc_top/gen_cv32e40p_core.u_core/core_i/id_stage_i/register_file_i/BReg_DP[26]_i_7/O
                         net (fo=4, routed)           0.617     9.150    u_soc_top/gen_cv32e40p_core.u_core/core_i/id_stage_i/register_file_i/BReg_DP[26]_i_7_n_0
    SLICE_X30Y195        LUT6 (Prop_lut6_I0_O)        0.124     9.274 r  u_soc_top/gen_cv32e40p_core.u_core/core_i/id_stage_i/register_file_i/BReg_DP[26]_i_4/O
                         net (fo=2, routed)           0.651     9.926    u_soc_top/gen_cv32e40p_core.u_core/core_i/id_stage_i/register_file_i/BReg_DP[26]_i_4_n_0
    SLICE_X30Y195        LUT5 (Prop_lut5_I4_O)        0.124    10.050 r  u_soc_top/gen_cv32e40p_core.u_core/core_i/id_stage_i/register_file_i/BReg_DP[25]_i_2/O
                         net (fo=3, routed)           0.780    10.829    u_soc_top/gen_cv32e40p_core.u_core/core_i/id_stage_i/register_file_i/shift_left_result[11]
    SLICE_X38Y195        LUT5 (Prop_lut5_I0_O)        0.124    10.953 r  u_soc_top/gen_cv32e40p_core.u_core/core_i/id_stage_i/register_file_i/i___91__6_i_31/O
                         net (fo=6, routed)           0.789    11.742    u_soc_top/gen_cv32e40p_core.u_core/core_i/id_stage_i/register_file_i/ex_stage_i/alu_i/radix_2_rev[6]
    SLICE_X40Y191        LUT6 (Prop_lut6_I3_O)        0.124    11.866 r  u_soc_top/gen_cv32e40p_core.u_core/core_i/id_stage_i/register_file_i/i___28_i_101/O
                         net (fo=1, routed)           0.000    11.866    u_soc_top/gen_cv32e40p_core.u_core/core_i/id_stage_i/register_file_i/i___28_i_101_n_0
    SLICE_X40Y191        MUXF7 (Prop_muxf7_I0_O)      0.212    12.078 r  u_soc_top/gen_cv32e40p_core.u_core/core_i/id_stage_i/register_file_i/i___28_i_94/O
                         net (fo=1, routed)           0.581    12.659    u_soc_top/gen_cv32e40p_core.u_core/core_i/id_stage_i/register_file_i/i___28_i_94_n_0
    SLICE_X39Y190        LUT6 (Prop_lut6_I4_O)        0.299    12.958 r  u_soc_top/gen_cv32e40p_core.u_core/core_i/id_stage_i/register_file_i/i___28_i_86/O
                         net (fo=64, routed)          0.499    13.458    u_soc_top/gen_cv32e40p_core.u_core/core_i/id_stage_i/register_file_i/ex_stage_i/alu_i/extract_sign
    SLICE_X41Y190        LUT6 (Prop_lut6_I5_O)        0.124    13.582 r  u_soc_top/gen_cv32e40p_core.u_core/core_i/id_stage_i/register_file_i/i___91__27_i_38/O
                         net (fo=1, routed)           0.300    13.882    u_soc_top/gen_cv32e40p_core.u_core/core_i/id_stage_i/register_file_i/i___91__27_i_38_n_0
    SLICE_X43Y190        LUT6 (Prop_lut6_I5_O)        0.124    14.006 r  u_soc_top/gen_cv32e40p_core.u_core/core_i/id_stage_i/register_file_i/i___91__27_i_33/O
                         net (fo=1, routed)           0.294    14.300    u_soc_top/gen_cv32e40p_core.u_core/core_i/id_stage_i/register_file_i/ex_stage_i/alu_i/bextins_result[6]
    SLICE_X44Y190        LUT6 (Prop_lut6_I5_O)        0.124    14.424 r  u_soc_top/gen_cv32e40p_core.u_core/core_i/id_stage_i/register_file_i/i___91__27_i_26/O
                         net (fo=1, routed)           0.000    14.424    u_soc_top/gen_cv32e40p_core.u_core/core_i/id_stage_i/register_file_i/i___91__27_i_26_n_0
    SLICE_X44Y190        MUXF7 (Prop_muxf7_I1_O)      0.217    14.641 r  u_soc_top/gen_cv32e40p_core.u_core/core_i/id_stage_i/register_file_i/i___91__27_i_20/O
                         net (fo=1, routed)           0.455    15.096    u_soc_top/gen_cv32e40p_core.u_core/core_i/id_stage_i/register_file_i/i___91__27_i_20_n_0
    SLICE_X45Y190        LUT6 (Prop_lut6_I5_O)        0.299    15.395 r  u_soc_top/gen_cv32e40p_core.u_core/core_i/id_stage_i/register_file_i/i___91__27_i_8/O
                         net (fo=1, routed)           0.407    15.802    u_soc_top/gen_cv32e40p_core.u_core/core_i/id_stage_i/gen_hwloop_regs.hwloop_regs_i/alu_result[6]
    SLICE_X45Y190        LUT6 (Prop_lut6_I3_O)        0.124    15.926 r  u_soc_top/gen_cv32e40p_core.u_core/core_i/id_stage_i/gen_hwloop_regs.hwloop_regs_i/i___91__27_i_3/O
                         net (fo=38, routed)          0.580    16.506    u_soc_top/gen_cv32e40p_core.u_core/core_i/id_stage_i/gen_hwloop_regs.hwloop_regs_i/csr_access_ex_o_reg_7
    SLICE_X42Y192        LUT6 (Prop_lut6_I1_O)        0.124    16.630 f  u_soc_top/gen_cv32e40p_core.u_core/core_i/id_stage_i/gen_hwloop_regs.hwloop_regs_i/i___31_i_4/O
                         net (fo=2, routed)           0.757    17.387    u_soc_top/gen_cv32e40p_core.u_core/core_i/if_stage_i/mult_dot_op_b_ex_o_reg[6]
    SLICE_X39Y194        LUT6 (Prop_lut6_I2_O)        0.124    17.511 r  u_soc_top/gen_cv32e40p_core.u_core/core_i/if_stage_i/mult_operand_b_ex_o[6]_i_1/O
                         net (fo=8, routed)           0.638    18.149    u_soc_top/gen_cv32e40p_core.u_core/core_i/if_stage_i/operand_b[6]
    SLICE_X40Y195        LUT6 (Prop_lut6_I0_O)        0.124    18.273 r  u_soc_top/gen_cv32e40p_core.u_core/core_i/if_stage_i/mult_operand_b_ex_o[30]_i_1/O
                         net (fo=2, routed)           0.688    18.961    u_soc_top/gen_cv32e40p_core.u_core/core_i/id_stage_i/mult_operand_b_ex_o_reg[31]_1[22]
    SLICE_X41Y195        FDCE                                         r  u_soc_top/gen_cv32e40p_core.u_core/core_i/id_stage_i/mult_dot_op_b_ex_o_reg[30]/D
  -------------------------------------------------------------------    -------------------

                         (clock clk_50m_unbuf rise edge)
                                                     20.000    20.000 r  
    E3                                                0.000    20.000 r  clk_100m_i (IN)
                         net (fo=0)                   0.000    20.000    clk_100m_i
    E3                   IBUF (Prop_ibuf_I_O)         1.411    21.411 r  clk_100m_i_IBUF_inst/O
                         net (fo=1, routed)           1.162    22.573    clk_100m_i_IBUF
    MMCME2_ADV_X1Y2      MMCME2_ADV (Prop_mmcme2_adv_CLKIN1_CLKOUT0)
                                                     -7.324    15.249 r  u_mmcm/CLKOUT0
                         net (fo=1, routed)           1.639    16.888    clk_50m_unbuf
    BUFGCTRL_X0Y16       BUFG (Prop_bufg_I_O)         0.091    16.979 r  u_bufg_clk50/O
                         net (fo=6978, routed)        1.676    18.656    u_soc_top/gen_cv32e40p_core.u_core/core_i/id_stage_i/clk_50m
    SLICE_X41Y195        FDCE                                         r  u_soc_top/gen_cv32e40p_core.u_core/core_i/id_stage_i/mult_dot_op_b_ex_o_reg[30]/C
                         clock pessimism              0.586    19.241    
                         clock uncertainty           -0.089    19.153    
    SLICE_X41Y195        FDCE (Setup_fdce_C_D)       -0.081    19.072    u_soc_top/gen_cv32e40p_core.u_core/core_i/id_stage_i/mult_dot_op_b_ex_o_reg[30]
  -------------------------------------------------------------------
                         required time                         19.072    
                         arrival time                         -18.961    
  -------------------------------------------------------------------
                         slack                                  0.110    

Slack (MET) :             0.111ns  (required time - arrival time)
  Source:                 u_soc_top/gen_cv32e40p_core.u_core/core_i/id_stage_i/alu_operator_ex_o_reg[1]/C
                            (rising edge-triggered cell FDPE clocked by clk_50m_unbuf  {rise@0.000ns fall@10.000ns period=20.000ns})
  Destination:            u_soc_top/gen_cv32e40p_core.u_core/core_i/id_stage_i/mult_dot_op_a_ex_o_reg[26]/D
                            (rising edge-triggered cell FDCE clocked by clk_50m_unbuf  {rise@0.000ns fall@10.000ns period=20.000ns})
  Path Group:             clk_50m_unbuf
  Path Type:              Setup (Max at Slow Process Corner)
  Requirement:            20.000ns  (clk_50m_unbuf rise@20.000ns - clk_50m_unbuf rise@0.000ns)
  Data Path Delay:        19.709ns  (logic 6.483ns (32.894%)  route 13.226ns (67.106%))
  Logic Levels:           32  (CARRY4=9 LUT2=1 LUT3=1 LUT5=5 LUT6=14 MUXF7=2)
  Clock Path Skew:        -0.051ns (DCD - SCD + CPR)
    Destination Clock Delay (DCD):    -1.358ns = ( 18.642 - 20.000 ) 
    Source Clock Delay      (SCD):    -0.739ns
    Clock Pessimism Removal (CPR):    0.569ns
  Clock Uncertainty:      0.089ns  ((TSJ^2 + DJ^2)^1/2) / 2 + PE
    Total System Jitter     (TSJ):    0.071ns
    Discrete Jitter          (DJ):    0.163ns
    Phase Error              (PE):    0.000ns

    Location             Delay type                Incr(ns)  Path(ns)    Netlist Resource(s)
  -------------------------------------------------------------------    -------------------
                         (clock clk_50m_unbuf rise edge)
                                                      0.000     0.000 r  
    E3                                                0.000     0.000 r  clk_100m_i (IN)
                         net (fo=0)                   0.000     0.000    clk_100m_i
    E3                   IBUF (Prop_ibuf_I_O)         1.482     1.482 r  clk_100m_i_IBUF_inst/O
                         net (fo=1, routed)           1.233     2.715    clk_100m_i_IBUF
    MMCME2_ADV_X1Y2      MMCME2_ADV (Prop_mmcme2_adv_CLKIN1_CLKOUT0)
                                                     -7.070    -4.355 r  u_mmcm/CLKOUT0
                         net (fo=1, routed)           1.719    -2.636    clk_50m_unbuf
    BUFGCTRL_X0Y16       BUFG (Prop_bufg_I_O)         0.096    -2.540 r  u_bufg_clk50/O
                         net (fo=6978, routed)        1.801    -0.739    u_soc_top/gen_cv32e40p_core.u_core/core_i/id_stage_i/clk_50m
    SLICE_X38Y185        FDPE                                         r  u_soc_top/gen_cv32e40p_core.u_core/core_i/id_stage_i/alu_operator_ex_o_reg[1]/C
  -------------------------------------------------------------------    -------------------
    SLICE_X38Y185        FDPE (Prop_fdpe_C_Q)         0.518    -0.221 r  u_soc_top/gen_cv32e40p_core.u_core/core_i/id_stage_i/alu_operator_ex_o_reg[1]/Q
                         net (fo=158, routed)         0.326     0.105    u_soc_top/gen_cv32e40p_core.u_core/alu_operator_ex[1]
    SLICE_X39Y185        LUT2 (Prop_lut2_I0_O)        0.124     0.229 r  u_soc_top/gen_cv32e40p_core.u_core/i___239/O
                         net (fo=32, routed)          1.183     1.412    u_soc_top/gen_cv32e40p_core.u_core/core_i/id_stage_i/register_file_i/BReg_DP[31]_i_111_0
    SLICE_X38Y185        LUT6 (Prop_lut6_I1_O)        0.124     1.536 r  u_soc_top/gen_cv32e40p_core.u_core/core_i/id_stage_i/register_file_i/BReg_DP[31]_i_127/O
                         net (fo=1, routed)           0.306     1.842    u_soc_top/gen_cv32e40p_core.u_core/core_i/id_stage_i/register_file_i/BReg_DP[31]_i_127_n_0
    SLICE_X38Y183        LUT6 (Prop_lut6_I5_O)        0.124     1.966 r  u_soc_top/gen_cv32e40p_core.u_core/core_i/id_stage_i/register_file_i/BReg_DP[31]_i_110/O
                         net (fo=2, routed)           0.442     2.408    u_soc_top/gen_cv32e40p_core.u_core/core_i/id_stage_i/register_file_i/ex_stage_i/alu_i/adder_op_a[1]
    SLICE_X36Y183        LUT5 (Prop_lut5_I0_O)        0.124     2.532 r  u_soc_top/gen_cv32e40p_core.u_core/core_i/id_stage_i/register_file_i/BReg_DP[31]_i_114/O
                         net (fo=1, routed)           0.000     2.532    u_soc_top/gen_cv32e40p_core.u_core/core_i/id_stage_i/register_file_i/BReg_DP[31]_i_114_n_0
    SLICE_X36Y183        CARRY4 (Prop_carry4_S[1]_CO[3])
                                                      0.550     3.082 r  u_soc_top/gen_cv32e40p_core.u_core/core_i/id_stage_i/register_file_i/BReg_DP_reg[31]_i_89/CO[3]
                         net (fo=1, routed)           0.000     3.082    u_soc_top/gen_cv32e40p_core.u_core/core_i/id_stage_i/register_file_i/BReg_DP_reg[31]_i_89_n_0
    SLICE_X36Y184        CARRY4 (Prop_carry4_CI_CO[3])
                                                      0.114     3.196 r  u_soc_top/gen_cv32e40p_core.u_core/core_i/id_stage_i/register_file_i/BReg_DP_reg[24]_i_12/CO[3]
                         net (fo=1, routed)           0.000     3.196    u_soc_top/gen_cv32e40p_core.u_core/core_i/id_stage_i/register_file_i/BReg_DP_reg[24]_i_12_n_0
    SLICE_X36Y185        CARRY4 (Prop_carry4_CI_O[2])
                                                      0.239     3.435 r  u_soc_top/gen_cv32e40p_core.u_core/core_i/id_stage_i/register_file_i/BReg_DP_reg[31]_i_98/O[2]
                         net (fo=3, routed)           0.664     4.100    u_soc_top/gen_cv32e40p_core.u_core/core_i/id_stage_i/register_file_i/ex_stage_i/alu_i/data0[9]
    SLICE_X35Y186        LUT5 (Prop_lut5_I3_O)        0.302     4.402 r  u_soc_top/gen_cv32e40p_core.u_core/core_i/id_stage_i/register_file_i/BReg_DP[31]_i_101/O
                         net (fo=1, routed)           0.000     4.402    u_soc_top/gen_cv32e40p_core.u_core/core_i/id_stage_i/register_file_i/BReg_DP[31]_i_101_n_0
    SLICE_X35Y186        CARRY4 (Prop_carry4_S[1]_CO[3])
                                                      0.550     4.952 r  u_soc_top/gen_cv32e40p_core.u_core/core_i/id_stage_i/register_file_i/BReg_DP_reg[31]_i_83/CO[3]
                         net (fo=1, routed)           0.000     4.952    u_soc_top/gen_cv32e40p_core.u_core/core_i/id_stage_i/register_file_i/BReg_DP_reg[31]_i_83_n_0
    SLICE_X35Y187        CARRY4 (Prop_carry4_CI_CO[3])
                                                      0.114     5.066 r  u_soc_top/gen_cv32e40p_core.u_core/core_i/id_stage_i/register_file_i/BReg_DP_reg[16]_i_11/CO[3]
                         net (fo=1, routed)           0.000     5.066    u_soc_top/gen_cv32e40p_core.u_core/core_i/id_stage_i/register_file_i/BReg_DP_reg[16]_i_11_n_0
    SLICE_X35Y188        CARRY4 (Prop_carry4_CI_CO[3])
                                                      0.114     5.180 r  u_soc_top/gen_cv32e40p_core.u_core/core_i/id_stage_i/register_file_i/BReg_DP_reg[31]_i_84/CO[3]
                         net (fo=1, routed)           0.000     5.180    u_soc_top/gen_cv32e40p_core.u_core/core_i/id_stage_i/register_file_i/BReg_DP_reg[31]_i_84_n_0
    SLICE_X35Y189        CARRY4 (Prop_carry4_CI_CO[3])
                                                      0.114     5.294 r  u_soc_top/gen_cv32e40p_core.u_core/core_i/id_stage_i/register_file_i/BReg_DP_reg[8]_i_8/CO[3]
                         net (fo=1, routed)           0.000     5.294    u_soc_top/gen_cv32e40p_core.u_core/core_i/id_stage_i/register_file_i/BReg_DP_reg[8]_i_8_n_0
    SLICE_X35Y190        CARRY4 (Prop_carry4_CI_CO[3])
                                                      0.114     5.408 r  u_soc_top/gen_cv32e40p_core.u_core/core_i/id_stage_i/register_file_i/BReg_DP_reg[31]_i_82/CO[3]
                         net (fo=1, routed)           0.000     5.408    u_soc_top/gen_cv32e40p_core.u_core/core_i/id_stage_i/register_file_i/BReg_DP_reg[31]_i_82_n_0
    SLICE_X35Y191        CARRY4 (Prop_carry4_CI_O[3])
                                                      0.313     5.721 r  u_soc_top/gen_cv32e40p_core.u_core/core_i/id_stage_i/register_file_i/BReg_DP_reg[0]_i_8/O[3]
                         net (fo=2, routed)           0.373     6.094    u_soc_top/gen_cv32e40p_core.u_core/core_i/id_stage_i/register_file_i/ex_stage_i/alu_i/adder_round_result[31]
    SLICE_X34Y191        LUT6 (Prop_lut6_I2_O)        0.306     6.400 r  u_soc_top/gen_cv32e40p_core.u_core/core_i/id_stage_i/register_file_i/BReg_DP[0]_i_6/O
                         net (fo=61, routed)          1.006     7.405    u_soc_top/gen_cv32e40p_core.u_core/core_i/id_stage_i/register_file_i/shift_right_result126_out
    SLICE_X36Y192        LUT3 (Prop_lut3_I2_O)        0.124     7.529 r  u_soc_top/gen_cv32e40p_core.u_core/core_i/id_stage_i/register_file_i/BReg_DP[26]_i_9/O
                         net (fo=4, routed)           0.880     8.409    u_soc_top/gen_cv32e40p_core.u_core/core_i/id_stage_i/register_file_i/alu_operand_a_ex_o_reg[11][0]
    SLICE_X30Y192        LUT6 (Prop_lut6_I0_O)        0.124     8.533 r  u_soc_top/gen_cv32e40p_core.u_core/core_i/id_stage_i/register_file_i/BReg_DP[26]_i_7/O
                         net (fo=4, routed)           0.617     9.150    u_soc_top/gen_cv32e40p_core.u_core/core_i/id_stage_i/register_file_i/BReg_DP[26]_i_7_n_0
    SLICE_X30Y195        LUT6 (Prop_lut6_I0_O)        0.124     9.274 r  u_soc_top/gen_cv32e40p_core.u_core/core_i/id_stage_i/register_file_i/BReg_DP[26]_i_4/O
                         net (fo=2, routed)           0.651     9.926    u_soc_top/gen_cv32e40p_core.u_core/core_i/id_stage_i/register_file_i/BReg_DP[26]_i_4_n_0
    SLICE_X30Y195        LUT5 (Prop_lut5_I4_O)        0.124    10.050 r  u_soc_top/gen_cv32e40p_core.u_core/core_i/id_stage_i/register_file_i/BReg_DP[25]_i_2/O
                         net (fo=3, routed)           0.780    10.829    u_soc_top/gen_cv32e40p_core.u_core/core_i/id_stage_i/register_file_i/shift_left_result[11]
    SLICE_X38Y195        LUT5 (Prop_lut5_I0_O)        0.124    10.953 r  u_soc_top/gen_cv32e40p_core.u_core/core_i/id_stage_i/register_file_i/i___91__6_i_31/O
                         net (fo=6, routed)           0.789    11.742    u_soc_top/gen_cv32e40p_core.u_core/core_i/id_stage_i/register_file_i/ex_stage_i/alu_i/radix_2_rev[6]
    SLICE_X40Y191        LUT6 (Prop_lut6_I3_O)        0.124    11.866 r  u_soc_top/gen_cv32e40p_core.u_core/core_i/id_stage_i/register_file_i/i___28_i_101/O
                         net (fo=1, routed)           0.000    11.866    u_soc_top/gen_cv32e40p_core.u_core/core_i/id_stage_i/register_file_i/i___28_i_101_n_0
    SLICE_X40Y191        MUXF7 (Prop_muxf7_I0_O)      0.212    12.078 r  u_soc_top/gen_cv32e40p_core.u_core/core_i/id_stage_i/register_file_i/i___28_i_94/O
                         net (fo=1, routed)           0.581    12.659    u_soc_top/gen_cv32e40p_core.u_core/core_i/id_stage_i/register_file_i/i___28_i_94_n_0
    SLICE_X39Y190        LUT6 (Prop_lut6_I4_O)        0.299    12.958 r  u_soc_top/gen_cv32e40p_core.u_core/core_i/id_stage_i/register_file_i/i___28_i_86/O
                         net (fo=64, routed)          0.332    13.290    u_soc_top/gen_cv32e40p_core.u_core/core_i/id_stage_i/register_file_i/ex_stage_i/alu_i/extract_sign
    SLICE_X39Y190        LUT6 (Prop_lut6_I5_O)        0.124    13.414 r  u_soc_top/gen_cv32e40p_core.u_core/core_i/id_stage_i/register_file_i/i___91__5_i_40/O
                         net (fo=1, routed)           0.477    13.891    u_soc_top/gen_cv32e40p_core.u_core/core_i/id_stage_i/register_file_i/i___91__5_i_40_n_0
    SLICE_X38Y189        LUT6 (Prop_lut6_I5_O)        0.124    14.015 r  u_soc_top/gen_cv32e40p_core.u_core/core_i/id_stage_i/register_file_i/i___91__5_i_34/O
                         net (fo=1, routed)           0.412    14.427    u_soc_top/gen_cv32e40p_core.u_core/core_i/id_stage_i/register_file_i/ex_stage_i/alu_i/bextins_result[26]
    SLICE_X37Y189        LUT6 (Prop_lut6_I5_O)        0.124    14.551 r  u_soc_top/gen_cv32e40p_core.u_core/core_i/id_stage_i/register_file_i/i___91__5_i_27/O
                         net (fo=1, routed)           0.000    14.551    u_soc_top/gen_cv32e40p_core.u_core/core_i/id_stage_i/register_file_i/i___91__5_i_27_n_0
    SLICE_X37Y189        MUXF7 (Prop_muxf7_I1_O)      0.217    14.768 r  u_soc_top/gen_cv32e40p_core.u_core/core_i/id_stage_i/register_file_i/i___91__5_i_20/O
                         net (fo=1, routed)           0.571    15.339    u_soc_top/gen_cv32e40p_core.u_core/core_i/id_stage_i/register_file_i/i___91__5_i_20_n_0
    SLICE_X29Y189        LUT6 (Prop_lut6_I5_O)        0.299    15.638 r  u_soc_top/gen_cv32e40p_core.u_core/core_i/id_stage_i/register_file_i/i___91__5_i_8/O
                         net (fo=1, routed)           0.635    16.273    u_soc_top/gen_cv32e40p_core.u_core/core_i/id_stage_i/gen_hwloop_regs.hwloop_regs_i/alu_result[21]
    SLICE_X29Y184        LUT6 (Prop_lut6_I3_O)        0.124    16.397 r  u_soc_top/gen_cv32e40p_core.u_core/core_i/id_stage_i/gen_hwloop_regs.hwloop_regs_i/i___91__5_i_3/O
                         net (fo=37, routed)          0.725    17.122    u_soc_top/gen_cv32e40p_core.u_core/core_i/id_stage_i/register_file_i/mult_operand_a_ex_o_reg[26]_0
    SLICE_X30Y182        LUT6 (Prop_lut6_I4_O)        0.124    17.246 r  u_soc_top/gen_cv32e40p_core.u_core/core_i/id_stage_i/register_file_i/alu_operand_c_ex_o[26]_i_2/O
                         net (fo=2, routed)           0.327    17.574    u_soc_top/gen_cv32e40p_core.u_core/core_i/if_stage_i/mult_dot_op_c_ex_o_reg[26]_0
    SLICE_X28Y181        LUT6 (Prop_lut6_I3_O)        0.124    17.698 r  u_soc_top/gen_cv32e40p_core.u_core/core_i/if_stage_i/alu_operand_a_ex_o[26]_i_2_comp/O
                         net (fo=2, routed)           0.446    18.143    u_soc_top/gen_cv32e40p_core.u_core/core_i/if_stage_i/alu_operand_a_ex_o[26]_i_2_n_0
    SLICE_X28Y181        LUT5 (Prop_lut5_I4_O)        0.124    18.267 r  u_soc_top/gen_cv32e40p_core.u_core/core_i/if_stage_i/mult_operand_a_ex_o[26]_i_1/O
                         net (fo=2, routed)           0.703    18.970    u_soc_top/gen_cv32e40p_core.u_core/core_i/id_stage_i/mult_operand_a_ex_o_reg[31]_0[26]
    SLICE_X45Y179        FDCE                                         r  u_soc_top/gen_cv32e40p_core.u_core/core_i/id_stage_i/mult_dot_op_a_ex_o_reg[26]/D
  -------------------------------------------------------------------    -------------------

                         (clock clk_50m_unbuf rise edge)
                                                     20.000    20.000 r  
    E3                                                0.000    20.000 r  clk_100m_i (IN)
                         net (fo=0)                   0.000    20.000    clk_100m_i
    E3                   IBUF (Prop_ibuf_I_O)         1.411    21.411 r  clk_100m_i_IBUF_inst/O
                         net (fo=1, routed)           1.162    22.573    clk_100m_i_IBUF
    MMCME2_ADV_X1Y2      MMCME2_ADV (Prop_mmcme2_adv_CLKIN1_CLKOUT0)
                                                     -7.324    15.249 r  u_mmcm/CLKOUT0
                         net (fo=1, routed)           1.639    16.888    clk_50m_unbuf
    BUFGCTRL_X0Y16       BUFG (Prop_bufg_I_O)         0.091    16.979 r  u_bufg_clk50/O
                         net (fo=6978, routed)        1.662    18.642    u_soc_top/gen_cv32e40p_core.u_core/core_i/id_stage_i/clk_50m
    SLICE_X45Y179        FDCE                                         r  u_soc_top/gen_cv32e40p_core.u_core/core_i/id_stage_i/mult_dot_op_a_ex_o_reg[26]/C
                         clock pessimism              0.569    19.210    
                         clock uncertainty           -0.089    19.122    
    SLICE_X45Y179        FDCE (Setup_fdce_C_D)       -0.040    19.082    u_soc_top/gen_cv32e40p_core.u_core/core_i/id_stage_i/mult_dot_op_a_ex_o_reg[26]
  -------------------------------------------------------------------
                         required time                         19.082    
                         arrival time                         -18.970    
  -------------------------------------------------------------------
                         slack                                  0.111    

Slack (MET) :             0.112ns  (required time - arrival time)
  Source:                 u_soc_top/gen_cv32e40p_core.u_core/core_i/id_stage_i/alu_operator_ex_o_reg[1]/C
                            (rising edge-triggered cell FDPE clocked by clk_50m_unbuf  {rise@0.000ns fall@10.000ns period=20.000ns})
  Destination:            u_soc_top/gen_cv32e40p_core.u_core/core_i/id_stage_i/mult_dot_op_b_ex_o_reg[20]/D
                            (rising edge-triggered cell FDCE clocked by clk_50m_unbuf  {rise@0.000ns fall@10.000ns period=20.000ns})
  Path Group:             clk_50m_unbuf
  Path Type:              Setup (Max at Slow Process Corner)
  Requirement:            20.000ns  (clk_50m_unbuf rise@20.000ns - clk_50m_unbuf rise@0.000ns)
  Data Path Delay:        19.692ns  (logic 6.483ns (32.923%)  route 13.209ns (67.077%))
  Logic Levels:           32  (CARRY4=9 LUT2=1 LUT3=1 LUT5=4 LUT6=15 MUXF7=2)
  Clock Path Skew:        -0.047ns (DCD - SCD + CPR)
    Destination Clock Delay (DCD):    -1.354ns = ( 18.646 - 20.000 ) 
    Source Clock Delay      (SCD):    -0.739ns
    Clock Pessimism Removal (CPR):    0.569ns
  Clock Uncertainty:      0.089ns  ((TSJ^2 + DJ^2)^1/2) / 2 + PE
    Total System Jitter     (TSJ):    0.071ns
    Discrete Jitter          (DJ):    0.163ns
    Phase Error              (PE):    0.000ns

    Location             Delay type                Incr(ns)  Path(ns)    Netlist Resource(s)
  -------------------------------------------------------------------    -------------------
                         (clock clk_50m_unbuf rise edge)
                                                      0.000     0.000 r  
    E3                                                0.000     0.000 r  clk_100m_i (IN)
                         net (fo=0)                   0.000     0.000    clk_100m_i
    E3                   IBUF (Prop_ibuf_I_O)         1.482     1.482 r  clk_100m_i_IBUF_inst/O
                         net (fo=1, routed)           1.233     2.715    clk_100m_i_IBUF
    MMCME2_ADV_X1Y2      MMCME2_ADV (Prop_mmcme2_adv_CLKIN1_CLKOUT0)
                                                     -7.070    -4.355 r  u_mmcm/CLKOUT0
                         net (fo=1, routed)           1.719    -2.636    clk_50m_unbuf
    BUFGCTRL_X0Y16       BUFG (Prop_bufg_I_O)         0.096    -2.540 r  u_bufg_clk50/O
                         net (fo=6978, routed)        1.801    -0.739    u_soc_top/gen_cv32e40p_core.u_core/core_i/id_stage_i/clk_50m
    SLICE_X38Y185        FDPE                                         r  u_soc_top/gen_cv32e40p_core.u_core/core_i/id_stage_i/alu_operator_ex_o_reg[1]/C
  -------------------------------------------------------------------    -------------------
    SLICE_X38Y185        FDPE (Prop_fdpe_C_Q)         0.518    -0.221 r  u_soc_top/gen_cv32e40p_core.u_core/core_i/id_stage_i/alu_operator_ex_o_reg[1]/Q
                         net (fo=158, routed)         0.326     0.105    u_soc_top/gen_cv32e40p_core.u_core/alu_operator_ex[1]
    SLICE_X39Y185        LUT2 (Prop_lut2_I0_O)        0.124     0.229 r  u_soc_top/gen_cv32e40p_core.u_core/i___239/O
                         net (fo=32, routed)          1.183     1.412    u_soc_top/gen_cv32e40p_core.u_core/core_i/id_stage_i/register_file_i/BReg_DP[31]_i_111_0
    SLICE_X38Y185        LUT6 (Prop_lut6_I1_O)        0.124     1.536 r  u_soc_top/gen_cv32e40p_core.u_core/core_i/id_stage_i/register_file_i/BReg_DP[31]_i_127/O
                         net (fo=1, routed)           0.306     1.842    u_soc_top/gen_cv32e40p_core.u_core/core_i/id_stage_i/register_file_i/BReg_DP[31]_i_127_n_0
    SLICE_X38Y183        LUT6 (Prop_lut6_I5_O)        0.124     1.966 r  u_soc_top/gen_cv32e40p_core.u_core/core_i/id_stage_i/register_file_i/BReg_DP[31]_i_110/O
                         net (fo=2, routed)           0.442     2.408    u_soc_top/gen_cv32e40p_core.u_core/core_i/id_stage_i/register_file_i/ex_stage_i/alu_i/adder_op_a[1]
    SLICE_X36Y183        LUT5 (Prop_lut5_I0_O)        0.124     2.532 r  u_soc_top/gen_cv32e40p_core.u_core/core_i/id_stage_i/register_file_i/BReg_DP[31]_i_114/O
                         net (fo=1, routed)           0.000     2.532    u_soc_top/gen_cv32e40p_core.u_core/core_i/id_stage_i/register_file_i/BReg_DP[31]_i_114_n_0
    SLICE_X36Y183        CARRY4 (Prop_carry4_S[1]_CO[3])
                                                      0.550     3.082 r  u_soc_top/gen_cv32e40p_core.u_core/core_i/id_stage_i/register_file_i/BReg_DP_reg[31]_i_89/CO[3]
                         net (fo=1, routed)           0.000     3.082    u_soc_top/gen_cv32e40p_core.u_core/core_i/id_stage_i/register_file_i/BReg_DP_reg[31]_i_89_n_0
    SLICE_X36Y184        CARRY4 (Prop_carry4_CI_CO[3])
                                                      0.114     3.196 r  u_soc_top/gen_cv32e40p_core.u_core/core_i/id_stage_i/register_file_i/BReg_DP_reg[24]_i_12/CO[3]
                         net (fo=1, routed)           0.000     3.196    u_soc_top/gen_cv32e40p_core.u_core/core_i/id_stage_i/register_file_i/BReg_DP_reg[24]_i_12_n_0
    SLICE_X36Y185        CARRY4 (Prop_carry4_CI_O[2])
                                                      0.239     3.435 r  u_soc_top/gen_cv32e40p_core.u_core/core_i/id_stage_i/register_file_i/BReg_DP_reg[31]_i_98/O[2]
                         net (fo=3, routed)           0.664     4.100    u_soc_top/gen_cv32e40p_core.u_core/core_i/id_stage_i/register_file_i/ex_stage_i/alu_i/data0[9]
    SLICE_X35Y186        LUT5 (Prop_lut5_I3_O)        0.302     4.402 r  u_soc_top/gen_cv32e40p_core.u_core/core_i/id_stage_i/register_file_i/BReg_DP[31]_i_101/O
                         net (fo=1, routed)           0.000     4.402    u_soc_top/gen_cv32e40p_core.u_core/core_i/id_stage_i/register_file_i/BReg_DP[31]_i_101_n_0
    SLICE_X35Y186        CARRY4 (Prop_carry4_S[1]_CO[3])
                                                      0.550     4.952 r  u_soc_top/gen_cv32e40p_core.u_core/core_i/id_stage_i/register_file_i/BReg_DP_reg[31]_i_83/CO[3]
                         net (fo=1, routed)           0.000     4.952    u_soc_top/gen_cv32e40p_core.u_core/core_i/id_stage_i/register_file_i/BReg_DP_reg[31]_i_83_n_0
    SLICE_X35Y187        CARRY4 (Prop_carry4_CI_CO[3])
                                                      0.114     5.066 r  u_soc_top/gen_cv32e40p_core.u_core/core_i/id_stage_i/register_file_i/BReg_DP_reg[16]_i_11/CO[3]
                         net (fo=1, routed)           0.000     5.066    u_soc_top/gen_cv32e40p_core.u_core/core_i/id_stage_i/register_file_i/BReg_DP_reg[16]_i_11_n_0
    SLICE_X35Y188        CARRY4 (Prop_carry4_CI_CO[3])
                                                      0.114     5.180 r  u_soc_top/gen_cv32e40p_core.u_core/core_i/id_stage_i/register_file_i/BReg_DP_reg[31]_i_84/CO[3]
                         net (fo=1, routed)           0.000     5.180    u_soc_top/gen_cv32e40p_core.u_core/core_i/id_stage_i/register_file_i/BReg_DP_reg[31]_i_84_n_0
    SLICE_X35Y189        CARRY4 (Prop_carry4_CI_CO[3])
                                                      0.114     5.294 r  u_soc_top/gen_cv32e40p_core.u_core/core_i/id_stage_i/register_file_i/BReg_DP_reg[8]_i_8/CO[3]
                         net (fo=1, routed)           0.000     5.294    u_soc_top/gen_cv32e40p_core.u_core/core_i/id_stage_i/register_file_i/BReg_DP_reg[8]_i_8_n_0
    SLICE_X35Y190        CARRY4 (Prop_carry4_CI_CO[3])
                                                      0.114     5.408 r  u_soc_top/gen_cv32e40p_core.u_core/core_i/id_stage_i/register_file_i/BReg_DP_reg[31]_i_82/CO[3]
                         net (fo=1, routed)           0.000     5.408    u_soc_top/gen_cv32e40p_core.u_core/core_i/id_stage_i/register_file_i/BReg_DP_reg[31]_i_82_n_0
    SLICE_X35Y191        CARRY4 (Prop_carry4_CI_O[3])
                                                      0.313     5.721 r  u_soc_top/gen_cv32e40p_core.u_core/core_i/id_stage_i/register_file_i/BReg_DP_reg[0]_i_8/O[3]
                         net (fo=2, routed)           0.373     6.094    u_soc_top/gen_cv32e40p_core.u_core/core_i/id_stage_i/register_file_i/ex_stage_i/alu_i/adder_round_result[31]
    SLICE_X34Y191        LUT6 (Prop_lut6_I2_O)        0.306     6.400 r  u_soc_top/gen_cv32e40p_core.u_core/core_i/id_stage_i/register_file_i/BReg_DP[0]_i_6/O
                         net (fo=61, routed)          1.006     7.405    u_soc_top/gen_cv32e40p_core.u_core/core_i/id_stage_i/register_file_i/shift_right_result126_out
    SLICE_X36Y192        LUT3 (Prop_lut3_I2_O)        0.124     7.529 r  u_soc_top/gen_cv32e40p_core.u_core/core_i/id_stage_i/register_file_i/BReg_DP[26]_i_9/O
                         net (fo=4, routed)           0.880     8.409    u_soc_top/gen_cv32e40p_core.u_core/core_i/id_stage_i/register_file_i/alu_operand_a_ex_o_reg[11][0]
    SLICE_X30Y192        LUT6 (Prop_lut6_I0_O)        0.124     8.533 r  u_soc_top/gen_cv32e40p_core.u_core/core_i/id_stage_i/register_file_i/BReg_DP[26]_i_7/O
                         net (fo=4, routed)           0.617     9.150    u_soc_top/gen_cv32e40p_core.u_core/core_i/id_stage_i/register_file_i/BReg_DP[26]_i_7_n_0
    SLICE_X30Y195        LUT6 (Prop_lut6_I0_O)        0.124     9.274 r  u_soc_top/gen_cv32e40p_core.u_core/core_i/id_stage_i/register_file_i/BReg_DP[26]_i_4/O
                         net (fo=2, routed)           0.651     9.926    u_soc_top/gen_cv32e40p_core.u_core/core_i/id_stage_i/register_file_i/BReg_DP[26]_i_4_n_0
    SLICE_X30Y195        LUT5 (Prop_lut5_I4_O)        0.124    10.050 r  u_soc_top/gen_cv32e40p_core.u_core/core_i/id_stage_i/register_file_i/BReg_DP[25]_i_2/O
                         net (fo=3, routed)           0.780    10.829    u_soc_top/gen_cv32e40p_core.u_core/core_i/id_stage_i/register_file_i/shift_left_result[11]
    SLICE_X38Y195        LUT5 (Prop_lut5_I0_O)        0.124    10.953 r  u_soc_top/gen_cv32e40p_core.u_core/core_i/id_stage_i/register_file_i/i___91__6_i_31/O
                         net (fo=6, routed)           0.789    11.742    u_soc_top/gen_cv32e40p_core.u_core/core_i/id_stage_i/register_file_i/ex_stage_i/alu_i/radix_2_rev[6]
    SLICE_X40Y191        LUT6 (Prop_lut6_I3_O)        0.124    11.866 r  u_soc_top/gen_cv32e40p_core.u_core/core_i/id_stage_i/register_file_i/i___28_i_101/O
                         net (fo=1, routed)           0.000    11.866    u_soc_top/gen_cv32e40p_core.u_core/core_i/id_stage_i/register_file_i/i___28_i_101_n_0
    SLICE_X40Y191        MUXF7 (Prop_muxf7_I0_O)      0.212    12.078 r  u_soc_top/gen_cv32e40p_core.u_core/core_i/id_stage_i/register_file_i/i___28_i_94/O
                         net (fo=1, routed)           0.581    12.659    u_soc_top/gen_cv32e40p_core.u_core/core_i/id_stage_i/register_file_i/i___28_i_94_n_0
    SLICE_X39Y190        LUT6 (Prop_lut6_I4_O)        0.299    12.958 r  u_soc_top/gen_cv32e40p_core.u_core/core_i/id_stage_i/register_file_i/i___28_i_86/O
                         net (fo=64, routed)          0.873    13.831    u_soc_top/gen_cv32e40p_core.u_core/core_i/id_stage_i/register_file_i/ex_stage_i/alu_i/extract_sign
    SLICE_X43Y189        LUT6 (Prop_lut6_I5_O)        0.124    13.955 r  u_soc_top/gen_cv32e40p_core.u_core/core_i/id_stage_i/register_file_i/i___91__30_i_36/O
                         net (fo=1, routed)           0.489    14.444    u_soc_top/gen_cv32e40p_core.u_core/core_i/id_stage_i/register_file_i/i___91__30_i_36_n_0
    SLICE_X47Y186        LUT6 (Prop_lut6_I5_O)        0.124    14.568 r  u_soc_top/gen_cv32e40p_core.u_core/core_i/id_stage_i/register_file_i/i___91__30_i_32/O
                         net (fo=1, routed)           0.436    15.004    u_soc_top/gen_cv32e40p_core.u_core/core_i/id_stage_i/register_file_i/ex_stage_i/alu_i/bextins_result[4]
    SLICE_X47Y185        LUT6 (Prop_lut6_I5_O)        0.124    15.128 r  u_soc_top/gen_cv32e40p_core.u_core/core_i/id_stage_i/register_file_i/i___91__30_i_25/O
                         net (fo=1, routed)           0.000    15.128    u_soc_top/gen_cv32e40p_core.u_core/core_i/id_stage_i/register_file_i/i___91__30_i_25_n_0
    SLICE_X47Y185        MUXF7 (Prop_muxf7_I1_O)      0.217    15.345 r  u_soc_top/gen_cv32e40p_core.u_core/core_i/id_stage_i/register_file_i/i___91__30_i_12/O
                         net (fo=1, routed)           0.411    15.756    u_soc_top/gen_cv32e40p_core.u_core/core_i/id_stage_i/register_file_i/i___91__30_i_12_n_0
    SLICE_X48Y185        LUT6 (Prop_lut6_I5_O)        0.299    16.055 r  u_soc_top/gen_cv32e40p_core.u_core/core_i/id_stage_i/register_file_i/i___91__30_i_4/O
                         net (fo=2, routed)           0.477    16.532    u_soc_top/gen_cv32e40p_core.u_core/core_i/id_stage_i/gen_hwloop_regs.hwloop_regs_i/alu_result[4]
    SLICE_X49Y184        LUT6 (Prop_lut6_I3_O)        0.124    16.656 r  u_soc_top/gen_cv32e40p_core.u_core/core_i/id_stage_i/gen_hwloop_regs.hwloop_regs_i/i___91__30_i_2/O
                         net (fo=36, routed)          0.550    17.206    u_soc_top/gen_cv32e40p_core.u_core/core_i/id_stage_i/gen_hwloop_regs.hwloop_regs_i/csr_access_ex_o_reg_2
    SLICE_X50Y184        LUT6 (Prop_lut6_I2_O)        0.124    17.330 r  u_soc_top/gen_cv32e40p_core.u_core/core_i/id_stage_i/gen_hwloop_regs.hwloop_regs_i/i___60_i_1/O
                         net (fo=4, routed)           0.343    17.673    u_soc_top/gen_cv32e40p_core.u_core/core_i/if_stage_i/mult_dot_op_c_ex_o_reg[4]_0
    SLICE_X49Y185        LUT6 (Prop_lut6_I3_O)        0.124    17.797 r  u_soc_top/gen_cv32e40p_core.u_core/core_i/if_stage_i/mult_operand_b_ex_o[4]_i_1/O
                         net (fo=9, routed)           0.452    18.249    u_soc_top/gen_cv32e40p_core.u_core/core_i/if_stage_i/operand_b[4]
    SLICE_X49Y186        LUT6 (Prop_lut6_I0_O)        0.124    18.373 r  u_soc_top/gen_cv32e40p_core.u_core/core_i/if_stage_i/mult_operand_b_ex_o[20]_i_1/O
                         net (fo=2, routed)           0.580    18.953    u_soc_top/gen_cv32e40p_core.u_core/core_i/id_stage_i/mult_operand_b_ex_o_reg[31]_1[12]
    SLICE_X48Y186        FDCE                                         r  u_soc_top/gen_cv32e40p_core.u_core/core_i/id_stage_i/mult_dot_op_b_ex_o_reg[20]/D
  -------------------------------------------------------------------    -------------------

                         (clock clk_50m_unbuf rise edge)
                                                     20.000    20.000 r  
    E3                                                0.000    20.000 r  clk_100m_i (IN)
                         net (fo=0)                   0.000    20.000    clk_100m_i
    E3                   IBUF (Prop_ibuf_I_O)         1.411    21.411 r  clk_100m_i_IBUF_inst/O
                         net (fo=1, routed)           1.162    22.573    clk_100m_i_IBUF
    MMCME2_ADV_X1Y2      MMCME2_ADV (Prop_mmcme2_adv_CLKIN1_CLKOUT0)
                                                     -7.324    15.249 r  u_mmcm/CLKOUT0
                         net (fo=1, routed)           1.639    16.888    clk_50m_unbuf
    BUFGCTRL_X0Y16       BUFG (Prop_bufg_I_O)         0.091    16.979 r  u_bufg_clk50/O
                         net (fo=6978, routed)        1.666    18.646    u_soc_top/gen_cv32e40p_core.u_core/core_i/id_stage_i/clk_50m
    SLICE_X48Y186        FDCE                                         r  u_soc_top/gen_cv32e40p_core.u_core/core_i/id_stage_i/mult_dot_op_b_ex_o_reg[20]/C
                         clock pessimism              0.569    19.214    
                         clock uncertainty           -0.089    19.126    
    SLICE_X48Y186        FDCE (Setup_fdce_C_D)       -0.061    19.065    u_soc_top/gen_cv32e40p_core.u_core/core_i/id_stage_i/mult_dot_op_b_ex_o_reg[20]
  -------------------------------------------------------------------
                         required time                         19.065    
                         arrival time                         -18.953    
  -------------------------------------------------------------------
                         slack                                  0.112    

Slack (MET) :             0.113ns  (required time - arrival time)
  Source:                 u_soc_top/gen_cv32e40p_core.u_core/core_i/id_stage_i/alu_operator_ex_o_reg[1]/C
                            (rising edge-triggered cell FDPE clocked by clk_50m_unbuf  {rise@0.000ns fall@10.000ns period=20.000ns})
  Destination:            u_soc_top/gen_cv32e40p_core.u_core/core_i/id_stage_i/mult_dot_op_b_ex_o_reg[31]/D
                            (rising edge-triggered cell FDCE clocked by clk_50m_unbuf  {rise@0.000ns fall@10.000ns period=20.000ns})
  Path Group:             clk_50m_unbuf
  Path Type:              Setup (Max at Slow Process Corner)
  Requirement:            20.000ns  (clk_50m_unbuf rise@20.000ns - clk_50m_unbuf rise@0.000ns)
  Data Path Delay:        19.678ns  (logic 6.359ns (32.315%)  route 13.319ns (67.685%))
  Logic Levels:           31  (CARRY4=9 LUT2=1 LUT3=1 LUT5=4 LUT6=14 MUXF7=2)
  Clock Path Skew:        -0.039ns (DCD - SCD + CPR)
    Destination Clock Delay (DCD):    -1.346ns = ( 18.654 - 20.000 ) 
    Source Clock Delay      (SCD):    -0.739ns
    Clock Pessimism Removal (CPR):    0.569ns
  Clock Uncertainty:      0.089ns  ((TSJ^2 + DJ^2)^1/2) / 2 + PE
    Total System Jitter     (TSJ):    0.071ns
    Discrete Jitter          (DJ):    0.163ns
    Phase Error              (PE):    0.000ns

    Location             Delay type                Incr(ns)  Path(ns)    Netlist Resource(s)
  -------------------------------------------------------------------    -------------------
                         (clock clk_50m_unbuf rise edge)
                                                      0.000     0.000 r  
    E3                                                0.000     0.000 r  clk_100m_i (IN)
                         net (fo=0)                   0.000     0.000    clk_100m_i
    E3                   IBUF (Prop_ibuf_I_O)         1.482     1.482 r  clk_100m_i_IBUF_inst/O
                         net (fo=1, routed)           1.233     2.715    clk_100m_i_IBUF
    MMCME2_ADV_X1Y2      MMCME2_ADV (Prop_mmcme2_adv_CLKIN1_CLKOUT0)
                                                     -7.070    -4.355 r  u_mmcm/CLKOUT0
                         net (fo=1, routed)           1.719    -2.636    clk_50m_unbuf
    BUFGCTRL_X0Y16       BUFG (Prop_bufg_I_O)         0.096    -2.540 r  u_bufg_clk50/O
                         net (fo=6978, routed)        1.801    -0.739    u_soc_top/gen_cv32e40p_core.u_core/core_i/id_stage_i/clk_50m
    SLICE_X38Y185        FDPE                                         r  u_soc_top/gen_cv32e40p_core.u_core/core_i/id_stage_i/alu_operator_ex_o_reg[1]/C
  -------------------------------------------------------------------    -------------------
    SLICE_X38Y185        FDPE (Prop_fdpe_C_Q)         0.518    -0.221 r  u_soc_top/gen_cv32e40p_core.u_core/core_i/id_stage_i/alu_operator_ex_o_reg[1]/Q
                         net (fo=158, routed)         0.326     0.105    u_soc_top/gen_cv32e40p_core.u_core/alu_operator_ex[1]
    SLICE_X39Y185        LUT2 (Prop_lut2_I0_O)        0.124     0.229 r  u_soc_top/gen_cv32e40p_core.u_core/i___239/O
                         net (fo=32, routed)          1.183     1.412    u_soc_top/gen_cv32e40p_core.u_core/core_i/id_stage_i/register_file_i/BReg_DP[31]_i_111_0
    SLICE_X38Y185        LUT6 (Prop_lut6_I1_O)        0.124     1.536 r  u_soc_top/gen_cv32e40p_core.u_core/core_i/id_stage_i/register_file_i/BReg_DP[31]_i_127/O
                         net (fo=1, routed)           0.306     1.842    u_soc_top/gen_cv32e40p_core.u_core/core_i/id_stage_i/register_file_i/BReg_DP[31]_i_127_n_0
    SLICE_X38Y183        LUT6 (Prop_lut6_I5_O)        0.124     1.966 r  u_soc_top/gen_cv32e40p_core.u_core/core_i/id_stage_i/register_file_i/BReg_DP[31]_i_110/O
                         net (fo=2, routed)           0.442     2.408    u_soc_top/gen_cv32e40p_core.u_core/core_i/id_stage_i/register_file_i/ex_stage_i/alu_i/adder_op_a[1]
    SLICE_X36Y183        LUT5 (Prop_lut5_I0_O)        0.124     2.532 r  u_soc_top/gen_cv32e40p_core.u_core/core_i/id_stage_i/register_file_i/BReg_DP[31]_i_114/O
                         net (fo=1, routed)           0.000     2.532    u_soc_top/gen_cv32e40p_core.u_core/core_i/id_stage_i/register_file_i/BReg_DP[31]_i_114_n_0
    SLICE_X36Y183        CARRY4 (Prop_carry4_S[1]_CO[3])
                                                      0.550     3.082 r  u_soc_top/gen_cv32e40p_core.u_core/core_i/id_stage_i/register_file_i/BReg_DP_reg[31]_i_89/CO[3]
                         net (fo=1, routed)           0.000     3.082    u_soc_top/gen_cv32e40p_core.u_core/core_i/id_stage_i/register_file_i/BReg_DP_reg[31]_i_89_n_0
    SLICE_X36Y184        CARRY4 (Prop_carry4_CI_CO[3])
                                                      0.114     3.196 r  u_soc_top/gen_cv32e40p_core.u_core/core_i/id_stage_i/register_file_i/BReg_DP_reg[24]_i_12/CO[3]
                         net (fo=1, routed)           0.000     3.196    u_soc_top/gen_cv32e40p_core.u_core/core_i/id_stage_i/register_file_i/BReg_DP_reg[24]_i_12_n_0
    SLICE_X36Y185        CARRY4 (Prop_carry4_CI_O[2])
                                                      0.239     3.435 r  u_soc_top/gen_cv32e40p_core.u_core/core_i/id_stage_i/register_file_i/BReg_DP_reg[31]_i_98/O[2]
                         net (fo=3, routed)           0.664     4.100    u_soc_top/gen_cv32e40p_core.u_core/core_i/id_stage_i/register_file_i/ex_stage_i/alu_i/data0[9]
    SLICE_X35Y186        LUT5 (Prop_lut5_I3_O)        0.302     4.402 r  u_soc_top/gen_cv32e40p_core.u_core/core_i/id_stage_i/register_file_i/BReg_DP[31]_i_101/O
                         net (fo=1, routed)           0.000     4.402    u_soc_top/gen_cv32e40p_core.u_core/core_i/id_stage_i/register_file_i/BReg_DP[31]_i_101_n_0
    SLICE_X35Y186        CARRY4 (Prop_carry4_S[1]_CO[3])
                                                      0.550     4.952 r  u_soc_top/gen_cv32e40p_core.u_core/core_i/id_stage_i/register_file_i/BReg_DP_reg[31]_i_83/CO[3]
                         net (fo=1, routed)           0.000     4.952    u_soc_top/gen_cv32e40p_core.u_core/core_i/id_stage_i/register_file_i/BReg_DP_reg[31]_i_83_n_0
    SLICE_X35Y187        CARRY4 (Prop_carry4_CI_CO[3])
                                                      0.114     5.066 r  u_soc_top/gen_cv32e40p_core.u_core/core_i/id_stage_i/register_file_i/BReg_DP_reg[16]_i_11/CO[3]
                         net (fo=1, routed)           0.000     5.066    u_soc_top/gen_cv32e40p_core.u_core/core_i/id_stage_i/register_file_i/BReg_DP_reg[16]_i_11_n_0
    SLICE_X35Y188        CARRY4 (Prop_carry4_CI_CO[3])
                                                      0.114     5.180 r  u_soc_top/gen_cv32e40p_core.u_core/core_i/id_stage_i/register_file_i/BReg_DP_reg[31]_i_84/CO[3]
                         net (fo=1, routed)           0.000     5.180    u_soc_top/gen_cv32e40p_core.u_core/core_i/id_stage_i/register_file_i/BReg_DP_reg[31]_i_84_n_0
    SLICE_X35Y189        CARRY4 (Prop_carry4_CI_CO[3])
                                                      0.114     5.294 r  u_soc_top/gen_cv32e40p_core.u_core/core_i/id_stage_i/register_file_i/BReg_DP_reg[8]_i_8/CO[3]
                         net (fo=1, routed)           0.000     5.294    u_soc_top/gen_cv32e40p_core.u_core/core_i/id_stage_i/register_file_i/BReg_DP_reg[8]_i_8_n_0
    SLICE_X35Y190        CARRY4 (Prop_carry4_CI_CO[3])
                                                      0.114     5.408 r  u_soc_top/gen_cv32e40p_core.u_core/core_i/id_stage_i/register_file_i/BReg_DP_reg[31]_i_82/CO[3]
                         net (fo=1, routed)           0.000     5.408    u_soc_top/gen_cv32e40p_core.u_core/core_i/id_stage_i/register_file_i/BReg_DP_reg[31]_i_82_n_0
    SLICE_X35Y191        CARRY4 (Prop_carry4_CI_O[3])
                                                      0.313     5.721 r  u_soc_top/gen_cv32e40p_core.u_core/core_i/id_stage_i/register_file_i/BReg_DP_reg[0]_i_8/O[3]
                         net (fo=2, routed)           0.373     6.094    u_soc_top/gen_cv32e40p_core.u_core/core_i/id_stage_i/register_file_i/ex_stage_i/alu_i/adder_round_result[31]
    SLICE_X34Y191        LUT6 (Prop_lut6_I2_O)        0.306     6.400 r  u_soc_top/gen_cv32e40p_core.u_core/core_i/id_stage_i/register_file_i/BReg_DP[0]_i_6/O
                         net (fo=61, routed)          1.006     7.405    u_soc_top/gen_cv32e40p_core.u_core/core_i/id_stage_i/register_file_i/shift_right_result126_out
    SLICE_X36Y192        LUT3 (Prop_lut3_I2_O)        0.124     7.529 r  u_soc_top/gen_cv32e40p_core.u_core/core_i/id_stage_i/register_file_i/BReg_DP[26]_i_9/O
                         net (fo=4, routed)           0.880     8.409    u_soc_top/gen_cv32e40p_core.u_core/core_i/id_stage_i/register_file_i/alu_operand_a_ex_o_reg[11][0]
    SLICE_X30Y192        LUT6 (Prop_lut6_I0_O)        0.124     8.533 r  u_soc_top/gen_cv32e40p_core.u_core/core_i/id_stage_i/register_file_i/BReg_DP[26]_i_7/O
                         net (fo=4, routed)           0.617     9.150    u_soc_top/gen_cv32e40p_core.u_core/core_i/id_stage_i/register_file_i/BReg_DP[26]_i_7_n_0
    SLICE_X30Y195        LUT6 (Prop_lut6_I0_O)        0.124     9.274 r  u_soc_top/gen_cv32e40p_core.u_core/core_i/id_stage_i/register_file_i/BReg_DP[26]_i_4/O
                         net (fo=2, routed)           0.651     9.926    u_soc_top/gen_cv32e40p_core.u_core/core_i/id_stage_i/register_file_i/BReg_DP[26]_i_4_n_0
    SLICE_X30Y195        LUT5 (Prop_lut5_I4_O)        0.124    10.050 r  u_soc_top/gen_cv32e40p_core.u_core/core_i/id_stage_i/register_file_i/BReg_DP[25]_i_2/O
                         net (fo=3, routed)           0.780    10.829    u_soc_top/gen_cv32e40p_core.u_core/core_i/id_stage_i/register_file_i/shift_left_result[11]
    SLICE_X38Y195        LUT5 (Prop_lut5_I0_O)        0.124    10.953 r  u_soc_top/gen_cv32e40p_core.u_core/core_i/id_stage_i/register_file_i/i___91__6_i_31/O
                         net (fo=6, routed)           0.789    11.742    u_soc_top/gen_cv32e40p_core.u_core/core_i/id_stage_i/register_file_i/ex_stage_i/alu_i/radix_2_rev[6]
    SLICE_X40Y191        LUT6 (Prop_lut6_I3_O)        0.124    11.866 r  u_soc_top/gen_cv32e40p_core.u_core/core_i/id_stage_i/register_file_i/i___28_i_101/O
                         net (fo=1, routed)           0.000    11.866    u_soc_top/gen_cv32e40p_core.u_core/core_i/id_stage_i/register_file_i/i___28_i_101_n_0
    SLICE_X40Y191        MUXF7 (Prop_muxf7_I0_O)      0.212    12.078 r  u_soc_top/gen_cv32e40p_core.u_core/core_i/id_stage_i/register_file_i/i___28_i_94/O
                         net (fo=1, routed)           0.581    12.659    u_soc_top/gen_cv32e40p_core.u_core/core_i/id_stage_i/register_file_i/i___28_i_94_n_0
    SLICE_X39Y190        LUT6 (Prop_lut6_I4_O)        0.299    12.958 r  u_soc_top/gen_cv32e40p_core.u_core/core_i/id_stage_i/register_file_i/i___28_i_86/O
                         net (fo=64, routed)          0.647    13.605    u_soc_top/gen_cv32e40p_core.u_core/core_i/id_stage_i/register_file_i/ex_stage_i/alu_i/extract_sign
    SLICE_X39Y188        LUT6 (Prop_lut6_I5_O)        0.124    13.729 r  u_soc_top/gen_cv32e40p_core.u_core/core_i/id_stage_i/register_file_i/i___91_i_47/O
                         net (fo=1, routed)           0.467    14.197    u_soc_top/gen_cv32e40p_core.u_core/core_i/id_stage_i/register_file_i/i___91_i_47_n_0
    SLICE_X33Y189        LUT6 (Prop_lut6_I5_O)        0.124    14.321 r  u_soc_top/gen_cv32e40p_core.u_core/core_i/id_stage_i/register_file_i/i___91_i_36/O
                         net (fo=1, routed)           0.491    14.812    u_soc_top/gen_cv32e40p_core.u_core/core_i/id_stage_i/register_file_i/ex_stage_i/alu_i/bextins_result[31]
    SLICE_X24Y188        LUT6 (Prop_lut6_I5_O)        0.124    14.936 r  u_soc_top/gen_cv32e40p_core.u_core/core_i/id_stage_i/register_file_i/i___91_i_26/O
                         net (fo=1, routed)           0.000    14.936    u_soc_top/gen_cv32e40p_core.u_core/core_i/id_stage_i/register_file_i/i___91_i_26_n_0
    SLICE_X24Y188        MUXF7 (Prop_muxf7_I1_O)      0.217    15.153 r  u_soc_top/gen_cv32e40p_core.u_core/core_i/id_stage_i/register_file_i/i___91_i_19/O
                         net (fo=1, routed)           0.444    15.597    u_soc_top/gen_cv32e40p_core.u_core/core_i/id_stage_i/register_file_i/i___91_i_19_n_0
    SLICE_X24Y186        LUT6 (Prop_lut6_I5_O)        0.299    15.896 r  u_soc_top/gen_cv32e40p_core.u_core/core_i/id_stage_i/register_file_i/i___91_i_8/O
                         net (fo=1, routed)           0.489    16.384    u_soc_top/gen_cv32e40p_core.u_core/core_i/id_stage_i/gen_hwloop_regs.hwloop_regs_i/alu_result[26]
    SLICE_X24Y185        LUT6 (Prop_lut6_I0_O)        0.124    16.508 r  u_soc_top/gen_cv32e40p_core.u_core/core_i/id_stage_i/gen_hwloop_regs.hwloop_regs_i/i___91_i_3/O
                         net (fo=37, routed)          1.028    17.536    u_soc_top/gen_cv32e40p_core.u_core/regfile_alu_wdata_fw[31]
    SLICE_X23Y184        LUT6 (Prop_lut6_I4_O)        0.124    17.660 r  u_soc_top/gen_cv32e40p_core.u_core/i___56_comp_1/O
                         net (fo=1, routed)           0.818    18.479    u_soc_top/gen_cv32e40p_core.u_core/core_i/if_stage_i/mult_operand_b_ex_o_reg[31]_0
    SLICE_X25Y183        LUT6 (Prop_lut6_I4_O)        0.124    18.603 r  u_soc_top/gen_cv32e40p_core.u_core/core_i/if_stage_i/mult_operand_b_ex_o[31]_i_1/O
                         net (fo=2, routed)           0.337    18.939    u_soc_top/gen_cv32e40p_core.u_core/core_i/id_stage_i/mult_operand_b_ex_o_reg[31]_1[23]
    SLICE_X26Y183        FDCE                                         r  u_soc_top/gen_cv32e40p_core.u_core/core_i/id_stage_i/mult_dot_op_b_ex_o_reg[31]/D
  -------------------------------------------------------------------    -------------------

                         (clock clk_50m_unbuf rise edge)
                                                     20.000    20.000 r  
    E3                                                0.000    20.000 r  clk_100m_i (IN)
                         net (fo=0)                   0.000    20.000    clk_100m_i
    E3                   IBUF (Prop_ibuf_I_O)         1.411    21.411 r  clk_100m_i_IBUF_inst/O
                         net (fo=1, routed)           1.162    22.573    clk_100m_i_IBUF
    MMCME2_ADV_X1Y2      MMCME2_ADV (Prop_mmcme2_adv_CLKIN1_CLKOUT0)
                                                     -7.324    15.249 r  u_mmcm/CLKOUT0
                         net (fo=1, routed)           1.639    16.888    clk_50m_unbuf
    BUFGCTRL_X0Y16       BUFG (Prop_bufg_I_O)         0.091    16.979 r  u_bufg_clk50/O
                         net (fo=6978, routed)        1.674    18.654    u_soc_top/gen_cv32e40p_core.u_core/core_i/id_stage_i/clk_50m
    SLICE_X26Y183        FDCE                                         r  u_soc_top/gen_cv32e40p_core.u_core/core_i/id_stage_i/mult_dot_op_b_ex_o_reg[31]/C
                         clock pessimism              0.569    19.222    
                         clock uncertainty           -0.089    19.134    
    SLICE_X26Y183        FDCE (Setup_fdce_C_D)       -0.081    19.053    u_soc_top/gen_cv32e40p_core.u_core/core_i/id_stage_i/mult_dot_op_b_ex_o_reg[31]
  -------------------------------------------------------------------
                         required time                         19.053    
                         arrival time                         -18.939    
  -------------------------------------------------------------------
                         slack                                  0.113    

Slack (MET) :             0.114ns  (required time - arrival time)
  Source:                 u_soc_top/gen_cv32e40p_core.u_core/core_i/id_stage_i/alu_operator_ex_o_reg[1]/C
                            (rising edge-triggered cell FDPE clocked by clk_50m_unbuf  {rise@0.000ns fall@10.000ns period=20.000ns})
  Destination:            u_soc_top/gen_cv32e40p_core.u_core/core_i/id_stage_i/mult_operand_b_ex_o_reg[17]/D
                            (rising edge-triggered cell FDCE clocked by clk_50m_unbuf  {rise@0.000ns fall@10.000ns period=20.000ns})
  Path Group:             clk_50m_unbuf
  Path Type:              Setup (Max at Slow Process Corner)
  Requirement:            20.000ns  (clk_50m_unbuf rise@20.000ns - clk_50m_unbuf rise@0.000ns)
  Data Path Delay:        19.667ns  (logic 6.478ns (32.939%)  route 13.189ns (67.061%))
  Logic Levels:           32  (CARRY4=9 LUT2=1 LUT3=1 LUT5=4 LUT6=15 MUXF7=2)
  Clock Path Skew:        -0.050ns (DCD - SCD + CPR)
    Destination Clock Delay (DCD):    -1.357ns = ( 18.643 - 20.000 ) 
    Source Clock Delay      (SCD):    -0.739ns
    Clock Pessimism Removal (CPR):    0.569ns
  Clock Uncertainty:      0.089ns  ((TSJ^2 + DJ^2)^1/2) / 2 + PE
    Total System Jitter     (TSJ):    0.071ns
    Discrete Jitter          (DJ):    0.163ns
    Phase Error              (PE):    0.000ns

    Location             Delay type                Incr(ns)  Path(ns)    Netlist Resource(s)
  -------------------------------------------------------------------    -------------------
                         (clock clk_50m_unbuf rise edge)
                                                      0.000     0.000 r  
    E3                                                0.000     0.000 r  clk_100m_i (IN)
                         net (fo=0)                   0.000     0.000    clk_100m_i
    E3                   IBUF (Prop_ibuf_I_O)         1.482     1.482 r  clk_100m_i_IBUF_inst/O
                         net (fo=1, routed)           1.233     2.715    clk_100m_i_IBUF
    MMCME2_ADV_X1Y2      MMCME2_ADV (Prop_mmcme2_adv_CLKIN1_CLKOUT0)
                                                     -7.070    -4.355 r  u_mmcm/CLKOUT0
                         net (fo=1, routed)           1.719    -2.636    clk_50m_unbuf
    BUFGCTRL_X0Y16       BUFG (Prop_bufg_I_O)         0.096    -2.540 r  u_bufg_clk50/O
                         net (fo=6978, routed)        1.801    -0.739    u_soc_top/gen_cv32e40p_core.u_core/core_i/id_stage_i/clk_50m
    SLICE_X38Y185        FDPE                                         r  u_soc_top/gen_cv32e40p_core.u_core/core_i/id_stage_i/alu_operator_ex_o_reg[1]/C
  -------------------------------------------------------------------    -------------------
    SLICE_X38Y185        FDPE (Prop_fdpe_C_Q)         0.518    -0.221 r  u_soc_top/gen_cv32e40p_core.u_core/core_i/id_stage_i/alu_operator_ex_o_reg[1]/Q
                         net (fo=158, routed)         0.326     0.105    u_soc_top/gen_cv32e40p_core.u_core/alu_operator_ex[1]
    SLICE_X39Y185        LUT2 (Prop_lut2_I0_O)        0.124     0.229 r  u_soc_top/gen_cv32e40p_core.u_core/i___239/O
                         net (fo=32, routed)          1.183     1.412    u_soc_top/gen_cv32e40p_core.u_core/core_i/id_stage_i/register_file_i/BReg_DP[31]_i_111_0
    SLICE_X38Y185        LUT6 (Prop_lut6_I1_O)        0.124     1.536 r  u_soc_top/gen_cv32e40p_core.u_core/core_i/id_stage_i/register_file_i/BReg_DP[31]_i_127/O
                         net (fo=1, routed)           0.306     1.842    u_soc_top/gen_cv32e40p_core.u_core/core_i/id_stage_i/register_file_i/BReg_DP[31]_i_127_n_0
    SLICE_X38Y183        LUT6 (Prop_lut6_I5_O)        0.124     1.966 r  u_soc_top/gen_cv32e40p_core.u_core/core_i/id_stage_i/register_file_i/BReg_DP[31]_i_110/O
                         net (fo=2, routed)           0.442     2.408    u_soc_top/gen_cv32e40p_core.u_core/core_i/id_stage_i/register_file_i/ex_stage_i/alu_i/adder_op_a[1]
    SLICE_X36Y183        LUT5 (Prop_lut5_I0_O)        0.124     2.532 r  u_soc_top/gen_cv32e40p_core.u_core/core_i/id_stage_i/register_file_i/BReg_DP[31]_i_114/O
                         net (fo=1, routed)           0.000     2.532    u_soc_top/gen_cv32e40p_core.u_core/core_i/id_stage_i/register_file_i/BReg_DP[31]_i_114_n_0
    SLICE_X36Y183        CARRY4 (Prop_carry4_S[1]_CO[3])
                                                      0.550     3.082 r  u_soc_top/gen_cv32e40p_core.u_core/core_i/id_stage_i/register_file_i/BReg_DP_reg[31]_i_89/CO[3]
                         net (fo=1, routed)           0.000     3.082    u_soc_top/gen_cv32e40p_core.u_core/core_i/id_stage_i/register_file_i/BReg_DP_reg[31]_i_89_n_0
    SLICE_X36Y184        CARRY4 (Prop_carry4_CI_CO[3])
                                                      0.114     3.196 r  u_soc_top/gen_cv32e40p_core.u_core/core_i/id_stage_i/register_file_i/BReg_DP_reg[24]_i_12/CO[3]
                         net (fo=1, routed)           0.000     3.196    u_soc_top/gen_cv32e40p_core.u_core/core_i/id_stage_i/register_file_i/BReg_DP_reg[24]_i_12_n_0
    SLICE_X36Y185        CARRY4 (Prop_carry4_CI_O[2])
                                                      0.239     3.435 r  u_soc_top/gen_cv32e40p_core.u_core/core_i/id_stage_i/register_file_i/BReg_DP_reg[31]_i_98/O[2]
                         net (fo=3, routed)           0.664     4.100    u_soc_top/gen_cv32e40p_core.u_core/core_i/id_stage_i/register_file_i/ex_stage_i/alu_i/data0[9]
    SLICE_X35Y186        LUT5 (Prop_lut5_I3_O)        0.302     4.402 r  u_soc_top/gen_cv32e40p_core.u_core/core_i/id_stage_i/register_file_i/BReg_DP[31]_i_101/O
                         net (fo=1, routed)           0.000     4.402    u_soc_top/gen_cv32e40p_core.u_core/core_i/id_stage_i/register_file_i/BReg_DP[31]_i_101_n_0
    SLICE_X35Y186        CARRY4 (Prop_carry4_S[1]_CO[3])
                                                      0.550     4.952 r  u_soc_top/gen_cv32e40p_core.u_core/core_i/id_stage_i/register_file_i/BReg_DP_reg[31]_i_83/CO[3]
                         net (fo=1, routed)           0.000     4.952    u_soc_top/gen_cv32e40p_core.u_core/core_i/id_stage_i/register_file_i/BReg_DP_reg[31]_i_83_n_0
    SLICE_X35Y187        CARRY4 (Prop_carry4_CI_CO[3])
                                                      0.114     5.066 r  u_soc_top/gen_cv32e40p_core.u_core/core_i/id_stage_i/register_file_i/BReg_DP_reg[16]_i_11/CO[3]
                         net (fo=1, routed)           0.000     5.066    u_soc_top/gen_cv32e40p_core.u_core/core_i/id_stage_i/register_file_i/BReg_DP_reg[16]_i_11_n_0
    SLICE_X35Y188        CARRY4 (Prop_carry4_CI_CO[3])
                                                      0.114     5.180 r  u_soc_top/gen_cv32e40p_core.u_core/core_i/id_stage_i/register_file_i/BReg_DP_reg[31]_i_84/CO[3]
                         net (fo=1, routed)           0.000     5.180    u_soc_top/gen_cv32e40p_core.u_core/core_i/id_stage_i/register_file_i/BReg_DP_reg[31]_i_84_n_0
    SLICE_X35Y189        CARRY4 (Prop_carry4_CI_CO[3])
                                                      0.114     5.294 r  u_soc_top/gen_cv32e40p_core.u_core/core_i/id_stage_i/register_file_i/BReg_DP_reg[8]_i_8/CO[3]
                         net (fo=1, routed)           0.000     5.294    u_soc_top/gen_cv32e40p_core.u_core/core_i/id_stage_i/register_file_i/BReg_DP_reg[8]_i_8_n_0
    SLICE_X35Y190        CARRY4 (Prop_carry4_CI_CO[3])
                                                      0.114     5.408 r  u_soc_top/gen_cv32e40p_core.u_core/core_i/id_stage_i/register_file_i/BReg_DP_reg[31]_i_82/CO[3]
                         net (fo=1, routed)           0.000     5.408    u_soc_top/gen_cv32e40p_core.u_core/core_i/id_stage_i/register_file_i/BReg_DP_reg[31]_i_82_n_0
    SLICE_X35Y191        CARRY4 (Prop_carry4_CI_O[3])
                                                      0.313     5.721 r  u_soc_top/gen_cv32e40p_core.u_core/core_i/id_stage_i/register_file_i/BReg_DP_reg[0]_i_8/O[3]
                         net (fo=2, routed)           0.373     6.094    u_soc_top/gen_cv32e40p_core.u_core/core_i/id_stage_i/register_file_i/ex_stage_i/alu_i/adder_round_result[31]
    SLICE_X34Y191        LUT6 (Prop_lut6_I2_O)        0.306     6.400 r  u_soc_top/gen_cv32e40p_core.u_core/core_i/id_stage_i/register_file_i/BReg_DP[0]_i_6/O
                         net (fo=61, routed)          1.006     7.405    u_soc_top/gen_cv32e40p_core.u_core/core_i/id_stage_i/register_file_i/shift_right_result126_out
    SLICE_X36Y192        LUT3 (Prop_lut3_I2_O)        0.124     7.529 r  u_soc_top/gen_cv32e40p_core.u_core/core_i/id_stage_i/register_file_i/BReg_DP[26]_i_9/O
                         net (fo=4, routed)           0.880     8.409    u_soc_top/gen_cv32e40p_core.u_core/core_i/id_stage_i/register_file_i/alu_operand_a_ex_o_reg[11][0]
    SLICE_X30Y192        LUT6 (Prop_lut6_I0_O)        0.124     8.533 r  u_soc_top/gen_cv32e40p_core.u_core/core_i/id_stage_i/register_file_i/BReg_DP[26]_i_7/O
                         net (fo=4, routed)           0.617     9.150    u_soc_top/gen_cv32e40p_core.u_core/core_i/id_stage_i/register_file_i/BReg_DP[26]_i_7_n_0
    SLICE_X30Y195        LUT6 (Prop_lut6_I0_O)        0.124     9.274 r  u_soc_top/gen_cv32e40p_core.u_core/core_i/id_stage_i/register_file_i/BReg_DP[26]_i_4/O
                         net (fo=2, routed)           0.651     9.926    u_soc_top/gen_cv32e40p_core.u_core/core_i/id_stage_i/register_file_i/BReg_DP[26]_i_4_n_0
    SLICE_X30Y195        LUT5 (Prop_lut5_I4_O)        0.124    10.050 r  u_soc_top/gen_cv32e40p_core.u_core/core_i/id_stage_i/register_file_i/BReg_DP[25]_i_2/O
                         net (fo=3, routed)           0.780    10.829    u_soc_top/gen_cv32e40p_core.u_core/core_i/id_stage_i/register_file_i/shift_left_result[11]
    SLICE_X38Y195        LUT5 (Prop_lut5_I0_O)        0.124    10.953 r  u_soc_top/gen_cv32e40p_core.u_core/core_i/id_stage_i/register_file_i/i___91__6_i_31/O
                         net (fo=6, routed)           0.789    11.742    u_soc_top/gen_cv32e40p_core.u_core/core_i/id_stage_i/register_file_i/ex_stage_i/alu_i/radix_2_rev[6]
    SLICE_X40Y191        LUT6 (Prop_lut6_I3_O)        0.124    11.866 r  u_soc_top/gen_cv32e40p_core.u_core/core_i/id_stage_i/register_file_i/i___28_i_101/O
                         net (fo=1, routed)           0.000    11.866    u_soc_top/gen_cv32e40p_core.u_core/core_i/id_stage_i/register_file_i/i___28_i_101_n_0
    SLICE_X40Y191        MUXF7 (Prop_muxf7_I0_O)      0.212    12.078 r  u_soc_top/gen_cv32e40p_core.u_core/core_i/id_stage_i/register_file_i/i___28_i_94/O
                         net (fo=1, routed)           0.581    12.659    u_soc_top/gen_cv32e40p_core.u_core/core_i/id_stage_i/register_file_i/i___28_i_94_n_0
    SLICE_X39Y190        LUT6 (Prop_lut6_I4_O)        0.299    12.958 r  u_soc_top/gen_cv32e40p_core.u_core/core_i/id_stage_i/register_file_i/i___28_i_86/O
                         net (fo=64, routed)          0.482    13.440    u_soc_top/gen_cv32e40p_core.u_core/core_i/id_stage_i/register_file_i/ex_stage_i/alu_i/extract_sign
    SLICE_X39Y188        LUT6 (Prop_lut6_I5_O)        0.124    13.564 r  u_soc_top/gen_cv32e40p_core.u_core/core_i/id_stage_i/register_file_i/i___29_i_56/O
                         net (fo=1, routed)           0.438    14.002    u_soc_top/gen_cv32e40p_core.u_core/core_i/id_stage_i/register_file_i/i___29_i_56_n_0
    SLICE_X42Y187        LUT6 (Prop_lut6_I5_O)        0.124    14.126 r  u_soc_top/gen_cv32e40p_core.u_core/core_i/id_stage_i/register_file_i/i___29_i_39/O
                         net (fo=1, routed)           0.630    14.756    u_soc_top/gen_cv32e40p_core.u_core/core_i/id_stage_i/register_file_i/ex_stage_i/alu_i/bextins_result[1]
    SLICE_X42Y181        LUT6 (Prop_lut6_I5_O)        0.124    14.880 r  u_soc_top/gen_cv32e40p_core.u_core/core_i/id_stage_i/register_file_i/i___29_i_20/O
                         net (fo=1, routed)           0.000    14.880    u_soc_top/gen_cv32e40p_core.u_core/core_i/id_stage_i/register_file_i/i___29_i_20_n_0
    SLICE_X42Y181        MUXF7 (Prop_muxf7_I1_O)      0.214    15.094 r  u_soc_top/gen_cv32e40p_core.u_core/core_i/id_stage_i/register_file_i/i___29_i_9/O
                         net (fo=1, routed)           0.292    15.386    u_soc_top/gen_cv32e40p_core.u_core/core_i/id_stage_i/register_file_i/i___29_i_9_n_0
    SLICE_X45Y181        LUT6 (Prop_lut6_I5_O)        0.297    15.683 r  u_soc_top/gen_cv32e40p_core.u_core/core_i/id_stage_i/register_file_i/i___29_i_4/O
                         net (fo=1, routed)           0.477    16.160    u_soc_top/gen_cv32e40p_core.u_core/core_i/id_stage_i/gen_hwloop_regs.hwloop_regs_i/alu_result[1]
    SLICE_X43Y181        LUT6 (Prop_lut6_I3_O)        0.124    16.284 r  u_soc_top/gen_cv32e40p_core.u_core/core_i/id_stage_i/gen_hwloop_regs.hwloop_regs_i/i___29_i_2/O
                         net (fo=37, routed)          0.499    16.783    u_soc_top/gen_cv32e40p_core.u_core/regfile_alu_wdata_fw[1]
    SLICE_X43Y180        LUT6 (Prop_lut6_I1_O)        0.124    16.907 f  u_soc_top/gen_cv32e40p_core.u_core/i___29/O
                         net (fo=1, routed)           0.566    17.473    u_soc_top/gen_cv32e40p_core.u_core/core_i/if_stage_i/mult_dot_op_b_ex_o_reg[1]
    SLICE_X44Y180        LUT6 (Prop_lut6_I2_O)        0.124    17.597 r  u_soc_top/gen_cv32e40p_core.u_core/core_i/if_stage_i/mult_operand_b_ex_o[1]_i_1/O
                         net (fo=9, routed)           0.707    18.304    u_soc_top/gen_cv32e40p_core.u_core/core_i/if_stage_i/operand_b[1]
    SLICE_X47Y181        LUT6 (Prop_lut6_I0_O)        0.124    18.428 r  u_soc_top/gen_cv32e40p_core.u_core/core_i/if_stage_i/mult_operand_b_ex_o[17]_i_1/O
                         net (fo=2, routed)           0.500    18.928    u_soc_top/gen_cv32e40p_core.u_core/core_i/id_stage_i/mult_operand_b_ex_o_reg[31]_1[9]
    SLICE_X44Y181        FDCE                                         r  u_soc_top/gen_cv32e40p_core.u_core/core_i/id_stage_i/mult_operand_b_ex_o_reg[17]/D
  -------------------------------------------------------------------    -------------------

                         (clock clk_50m_unbuf rise edge)
                                                     20.000    20.000 r  
    E3                                                0.000    20.000 r  clk_100m_i (IN)
                         net (fo=0)                   0.000    20.000    clk_100m_i
    E3                   IBUF (Prop_ibuf_I_O)         1.411    21.411 r  clk_100m_i_IBUF_inst/O
                         net (fo=1, routed)           1.162    22.573    clk_100m_i_IBUF
    MMCME2_ADV_X1Y2      MMCME2_ADV (Prop_mmcme2_adv_CLKIN1_CLKOUT0)
                                                     -7.324    15.249 r  u_mmcm/CLKOUT0
                         net (fo=1, routed)           1.639    16.888    clk_50m_unbuf
    BUFGCTRL_X0Y16       BUFG (Prop_bufg_I_O)         0.091    16.979 r  u_bufg_clk50/O
                         net (fo=6978, routed)        1.663    18.643    u_soc_top/gen_cv32e40p_core.u_core/core_i/id_stage_i/clk_50m
    SLICE_X44Y181        FDCE                                         r  u_soc_top/gen_cv32e40p_core.u_core/core_i/id_stage_i/mult_operand_b_ex_o_reg[17]/C
                         clock pessimism              0.569    19.211    
                         clock uncertainty           -0.089    19.123    
    SLICE_X44Y181        FDCE (Setup_fdce_C_D)       -0.081    19.042    u_soc_top/gen_cv32e40p_core.u_core/core_i/id_stage_i/mult_operand_b_ex_o_reg[17]
  -------------------------------------------------------------------
                         required time                         19.042    
                         arrival time                         -18.928    
  -------------------------------------------------------------------
                         slack                                  0.114    

Slack (MET) :             0.119ns  (required time - arrival time)
  Source:                 u_soc_top/gen_cv32e40p_core.u_core/core_i/id_stage_i/alu_operator_ex_o_reg[1]/C
                            (rising edge-triggered cell FDPE clocked by clk_50m_unbuf  {rise@0.000ns fall@10.000ns period=20.000ns})
  Destination:            u_soc_top/gen_cv32e40p_core.u_core/core_i/id_stage_i/mult_operand_b_ex_o_reg[31]/D
                            (rising edge-triggered cell FDCE clocked by clk_50m_unbuf  {rise@0.000ns fall@10.000ns period=20.000ns})
  Path Group:             clk_50m_unbuf
  Path Type:              Setup (Max at Slow Process Corner)
  Requirement:            20.000ns  (clk_50m_unbuf rise@20.000ns - clk_50m_unbuf rise@0.000ns)
  Data Path Delay:        19.693ns  (logic 6.359ns (32.290%)  route 13.334ns (67.710%))
  Logic Levels:           31  (CARRY4=9 LUT2=1 LUT3=1 LUT5=4 LUT6=14 MUXF7=2)
  Clock Path Skew:        -0.038ns (DCD - SCD + CPR)
    Destination Clock Delay (DCD):    -1.345ns = ( 18.655 - 20.000 ) 
    Source Clock Delay      (SCD):    -0.739ns
    Clock Pessimism Removal (CPR):    0.569ns
  Clock Uncertainty:      0.089ns  ((TSJ^2 + DJ^2)^1/2) / 2 + PE
    Total System Jitter     (TSJ):    0.071ns
    Discrete Jitter          (DJ):    0.163ns
    Phase Error              (PE):    0.000ns

    Location             Delay type                Incr(ns)  Path(ns)    Netlist Resource(s)
  -------------------------------------------------------------------    -------------------
                         (clock clk_50m_unbuf rise edge)
                                                      0.000     0.000 r  
    E3                                                0.000     0.000 r  clk_100m_i (IN)
                         net (fo=0)                   0.000     0.000    clk_100m_i
    E3                   IBUF (Prop_ibuf_I_O)         1.482     1.482 r  clk_100m_i_IBUF_inst/O
                         net (fo=1, routed)           1.233     2.715    clk_100m_i_IBUF
    MMCME2_ADV_X1Y2      MMCME2_ADV (Prop_mmcme2_adv_CLKIN1_CLKOUT0)
                                                     -7.070    -4.355 r  u_mmcm/CLKOUT0
                         net (fo=1, routed)           1.719    -2.636    clk_50m_unbuf
    BUFGCTRL_X0Y16       BUFG (Prop_bufg_I_O)         0.096    -2.540 r  u_bufg_clk50/O
                         net (fo=6978, routed)        1.801    -0.739    u_soc_top/gen_cv32e40p_core.u_core/core_i/id_stage_i/clk_50m
    SLICE_X38Y185        FDPE                                         r  u_soc_top/gen_cv32e40p_core.u_core/core_i/id_stage_i/alu_operator_ex_o_reg[1]/C
  -------------------------------------------------------------------    -------------------
    SLICE_X38Y185        FDPE (Prop_fdpe_C_Q)         0.518    -0.221 r  u_soc_top/gen_cv32e40p_core.u_core/core_i/id_stage_i/alu_operator_ex_o_reg[1]/Q
                         net (fo=158, routed)         0.326     0.105    u_soc_top/gen_cv32e40p_core.u_core/alu_operator_ex[1]
    SLICE_X39Y185        LUT2 (Prop_lut2_I0_O)        0.124     0.229 r  u_soc_top/gen_cv32e40p_core.u_core/i___239/O
                         net (fo=32, routed)          1.183     1.412    u_soc_top/gen_cv32e40p_core.u_core/core_i/id_stage_i/register_file_i/BReg_DP[31]_i_111_0
    SLICE_X38Y185        LUT6 (Prop_lut6_I1_O)        0.124     1.536 r  u_soc_top/gen_cv32e40p_core.u_core/core_i/id_stage_i/register_file_i/BReg_DP[31]_i_127/O
                         net (fo=1, routed)           0.306     1.842    u_soc_top/gen_cv32e40p_core.u_core/core_i/id_stage_i/register_file_i/BReg_DP[31]_i_127_n_0
    SLICE_X38Y183        LUT6 (Prop_lut6_I5_O)        0.124     1.966 r  u_soc_top/gen_cv32e40p_core.u_core/core_i/id_stage_i/register_file_i/BReg_DP[31]_i_110/O
                         net (fo=2, routed)           0.442     2.408    u_soc_top/gen_cv32e40p_core.u_core/core_i/id_stage_i/register_file_i/ex_stage_i/alu_i/adder_op_a[1]
    SLICE_X36Y183        LUT5 (Prop_lut5_I0_O)        0.124     2.532 r  u_soc_top/gen_cv32e40p_core.u_core/core_i/id_stage_i/register_file_i/BReg_DP[31]_i_114/O
                         net (fo=1, routed)           0.000     2.532    u_soc_top/gen_cv32e40p_core.u_core/core_i/id_stage_i/register_file_i/BReg_DP[31]_i_114_n_0
    SLICE_X36Y183        CARRY4 (Prop_carry4_S[1]_CO[3])
                                                      0.550     3.082 r  u_soc_top/gen_cv32e40p_core.u_core/core_i/id_stage_i/register_file_i/BReg_DP_reg[31]_i_89/CO[3]
                         net (fo=1, routed)           0.000     3.082    u_soc_top/gen_cv32e40p_core.u_core/core_i/id_stage_i/register_file_i/BReg_DP_reg[31]_i_89_n_0
    SLICE_X36Y184        CARRY4 (Prop_carry4_CI_CO[3])
                                                      0.114     3.196 r  u_soc_top/gen_cv32e40p_core.u_core/core_i/id_stage_i/register_file_i/BReg_DP_reg[24]_i_12/CO[3]
                         net (fo=1, routed)           0.000     3.196    u_soc_top/gen_cv32e40p_core.u_core/core_i/id_stage_i/register_file_i/BReg_DP_reg[24]_i_12_n_0
    SLICE_X36Y185        CARRY4 (Prop_carry4_CI_O[2])
                                                      0.239     3.435 r  u_soc_top/gen_cv32e40p_core.u_core/core_i/id_stage_i/register_file_i/BReg_DP_reg[31]_i_98/O[2]
                         net (fo=3, routed)           0.664     4.100    u_soc_top/gen_cv32e40p_core.u_core/core_i/id_stage_i/register_file_i/ex_stage_i/alu_i/data0[9]
    SLICE_X35Y186        LUT5 (Prop_lut5_I3_O)        0.302     4.402 r  u_soc_top/gen_cv32e40p_core.u_core/core_i/id_stage_i/register_file_i/BReg_DP[31]_i_101/O
                         net (fo=1, routed)           0.000     4.402    u_soc_top/gen_cv32e40p_core.u_core/core_i/id_stage_i/register_file_i/BReg_DP[31]_i_101_n_0
    SLICE_X35Y186        CARRY4 (Prop_carry4_S[1]_CO[3])
                                                      0.550     4.952 r  u_soc_top/gen_cv32e40p_core.u_core/core_i/id_stage_i/register_file_i/BReg_DP_reg[31]_i_83/CO[3]
                         net (fo=1, routed)           0.000     4.952    u_soc_top/gen_cv32e40p_core.u_core/core_i/id_stage_i/register_file_i/BReg_DP_reg[31]_i_83_n_0
    SLICE_X35Y187        CARRY4 (Prop_carry4_CI_CO[3])
                                                      0.114     5.066 r  u_soc_top/gen_cv32e40p_core.u_core/core_i/id_stage_i/register_file_i/BReg_DP_reg[16]_i_11/CO[3]
                         net (fo=1, routed)           0.000     5.066    u_soc_top/gen_cv32e40p_core.u_core/core_i/id_stage_i/register_file_i/BReg_DP_reg[16]_i_11_n_0
    SLICE_X35Y188        CARRY4 (Prop_carry4_CI_CO[3])
                                                      0.114     5.180 r  u_soc_top/gen_cv32e40p_core.u_core/core_i/id_stage_i/register_file_i/BReg_DP_reg[31]_i_84/CO[3]
                         net (fo=1, routed)           0.000     5.180    u_soc_top/gen_cv32e40p_core.u_core/core_i/id_stage_i/register_file_i/BReg_DP_reg[31]_i_84_n_0
    SLICE_X35Y189        CARRY4 (Prop_carry4_CI_CO[3])
                                                      0.114     5.294 r  u_soc_top/gen_cv32e40p_core.u_core/core_i/id_stage_i/register_file_i/BReg_DP_reg[8]_i_8/CO[3]
                         net (fo=1, routed)           0.000     5.294    u_soc_top/gen_cv32e40p_core.u_core/core_i/id_stage_i/register_file_i/BReg_DP_reg[8]_i_8_n_0
    SLICE_X35Y190        CARRY4 (Prop_carry4_CI_CO[3])
                                                      0.114     5.408 r  u_soc_top/gen_cv32e40p_core.u_core/core_i/id_stage_i/register_file_i/BReg_DP_reg[31]_i_82/CO[3]
                         net (fo=1, routed)           0.000     5.408    u_soc_top/gen_cv32e40p_core.u_core/core_i/id_stage_i/register_file_i/BReg_DP_reg[31]_i_82_n_0
    SLICE_X35Y191        CARRY4 (Prop_carry4_CI_O[3])
                                                      0.313     5.721 r  u_soc_top/gen_cv32e40p_core.u_core/core_i/id_stage_i/register_file_i/BReg_DP_reg[0]_i_8/O[3]
                         net (fo=2, routed)           0.373     6.094    u_soc_top/gen_cv32e40p_core.u_core/core_i/id_stage_i/register_file_i/ex_stage_i/alu_i/adder_round_result[31]
    SLICE_X34Y191        LUT6 (Prop_lut6_I2_O)        0.306     6.400 r  u_soc_top/gen_cv32e40p_core.u_core/core_i/id_stage_i/register_file_i/BReg_DP[0]_i_6/O
                         net (fo=61, routed)          1.006     7.405    u_soc_top/gen_cv32e40p_core.u_core/core_i/id_stage_i/register_file_i/shift_right_result126_out
    SLICE_X36Y192        LUT3 (Prop_lut3_I2_O)        0.124     7.529 r  u_soc_top/gen_cv32e40p_core.u_core/core_i/id_stage_i/register_file_i/BReg_DP[26]_i_9/O
                         net (fo=4, routed)           0.880     8.409    u_soc_top/gen_cv32e40p_core.u_core/core_i/id_stage_i/register_file_i/alu_operand_a_ex_o_reg[11][0]
    SLICE_X30Y192        LUT6 (Prop_lut6_I0_O)        0.124     8.533 r  u_soc_top/gen_cv32e40p_core.u_core/core_i/id_stage_i/register_file_i/BReg_DP[26]_i_7/O
                         net (fo=4, routed)           0.617     9.150    u_soc_top/gen_cv32e40p_core.u_core/core_i/id_stage_i/register_file_i/BReg_DP[26]_i_7_n_0
    SLICE_X30Y195        LUT6 (Prop_lut6_I0_O)        0.124     9.274 r  u_soc_top/gen_cv32e40p_core.u_core/core_i/id_stage_i/register_file_i/BReg_DP[26]_i_4/O
                         net (fo=2, routed)           0.651     9.926    u_soc_top/gen_cv32e40p_core.u_core/core_i/id_stage_i/register_file_i/BReg_DP[26]_i_4_n_0
    SLICE_X30Y195        LUT5 (Prop_lut5_I4_O)        0.124    10.050 r  u_soc_top/gen_cv32e40p_core.u_core/core_i/id_stage_i/register_file_i/BReg_DP[25]_i_2/O
                         net (fo=3, routed)           0.780    10.829    u_soc_top/gen_cv32e40p_core.u_core/core_i/id_stage_i/register_file_i/shift_left_result[11]
    SLICE_X38Y195        LUT5 (Prop_lut5_I0_O)        0.124    10.953 r  u_soc_top/gen_cv32e40p_core.u_core/core_i/id_stage_i/register_file_i/i___91__6_i_31/O
                         net (fo=6, routed)           0.789    11.742    u_soc_top/gen_cv32e40p_core.u_core/core_i/id_stage_i/register_file_i/ex_stage_i/alu_i/radix_2_rev[6]
    SLICE_X40Y191        LUT6 (Prop_lut6_I3_O)        0.124    11.866 r  u_soc_top/gen_cv32e40p_core.u_core/core_i/id_stage_i/register_file_i/i___28_i_101/O
                         net (fo=1, routed)           0.000    11.866    u_soc_top/gen_cv32e40p_core.u_core/core_i/id_stage_i/register_file_i/i___28_i_101_n_0
    SLICE_X40Y191        MUXF7 (Prop_muxf7_I0_O)      0.212    12.078 r  u_soc_top/gen_cv32e40p_core.u_core/core_i/id_stage_i/register_file_i/i___28_i_94/O
                         net (fo=1, routed)           0.581    12.659    u_soc_top/gen_cv32e40p_core.u_core/core_i/id_stage_i/register_file_i/i___28_i_94_n_0
    SLICE_X39Y190        LUT6 (Prop_lut6_I4_O)        0.299    12.958 r  u_soc_top/gen_cv32e40p_core.u_core/core_i/id_stage_i/register_file_i/i___28_i_86/O
                         net (fo=64, routed)          0.647    13.605    u_soc_top/gen_cv32e40p_core.u_core/core_i/id_stage_i/register_file_i/ex_stage_i/alu_i/extract_sign
    SLICE_X39Y188        LUT6 (Prop_lut6_I5_O)        0.124    13.729 r  u_soc_top/gen_cv32e40p_core.u_core/core_i/id_stage_i/register_file_i/i___91_i_47/O
                         net (fo=1, routed)           0.467    14.197    u_soc_top/gen_cv32e40p_core.u_core/core_i/id_stage_i/register_file_i/i___91_i_47_n_0
    SLICE_X33Y189        LUT6 (Prop_lut6_I5_O)        0.124    14.321 r  u_soc_top/gen_cv32e40p_core.u_core/core_i/id_stage_i/register_file_i/i___91_i_36/O
                         net (fo=1, routed)           0.491    14.812    u_soc_top/gen_cv32e40p_core.u_core/core_i/id_stage_i/register_file_i/ex_stage_i/alu_i/bextins_result[31]
    SLICE_X24Y188        LUT6 (Prop_lut6_I5_O)        0.124    14.936 r  u_soc_top/gen_cv32e40p_core.u_core/core_i/id_stage_i/register_file_i/i___91_i_26/O
                         net (fo=1, routed)           0.000    14.936    u_soc_top/gen_cv32e40p_core.u_core/core_i/id_stage_i/register_file_i/i___91_i_26_n_0
    SLICE_X24Y188        MUXF7 (Prop_muxf7_I1_O)      0.217    15.153 r  u_soc_top/gen_cv32e40p_core.u_core/core_i/id_stage_i/register_file_i/i___91_i_19/O
                         net (fo=1, routed)           0.444    15.597    u_soc_top/gen_cv32e40p_core.u_core/core_i/id_stage_i/register_file_i/i___91_i_19_n_0
    SLICE_X24Y186        LUT6 (Prop_lut6_I5_O)        0.299    15.896 r  u_soc_top/gen_cv32e40p_core.u_core/core_i/id_stage_i/register_file_i/i___91_i_8/O
                         net (fo=1, routed)           0.489    16.384    u_soc_top/gen_cv32e40p_core.u_core/core_i/id_stage_i/gen_hwloop_regs.hwloop_regs_i/alu_result[26]
    SLICE_X24Y185        LUT6 (Prop_lut6_I0_O)        0.124    16.508 r  u_soc_top/gen_cv32e40p_core.u_core/core_i/id_stage_i/gen_hwloop_regs.hwloop_regs_i/i___91_i_3/O
                         net (fo=37, routed)          1.028    17.536    u_soc_top/gen_cv32e40p_core.u_core/regfile_alu_wdata_fw[31]
    SLICE_X23Y184        LUT6 (Prop_lut6_I4_O)        0.124    17.660 r  u_soc_top/gen_cv32e40p_core.u_core/i___56_comp_1/O
                         net (fo=1, routed)           0.818    18.479    u_soc_top/gen_cv32e40p_core.u_core/core_i/if_stage_i/mult_operand_b_ex_o_reg[31]_0
    SLICE_X25Y183        LUT6 (Prop_lut6_I4_O)        0.124    18.603 r  u_soc_top/gen_cv32e40p_core.u_core/core_i/if_stage_i/mult_operand_b_ex_o[31]_i_1/O
                         net (fo=2, routed)           0.352    18.955    u_soc_top/gen_cv32e40p_core.u_core/core_i/id_stage_i/mult_operand_b_ex_o_reg[31]_1[23]
    SLICE_X27Y184        FDCE                                         r  u_soc_top/gen_cv32e40p_core.u_core/core_i/id_stage_i/mult_operand_b_ex_o_reg[31]/D
  -------------------------------------------------------------------    -------------------

                         (clock clk_50m_unbuf rise edge)
                                                     20.000    20.000 r  
    E3                                                0.000    20.000 r  clk_100m_i (IN)
                         net (fo=0)                   0.000    20.000    clk_100m_i
    E3                   IBUF (Prop_ibuf_I_O)         1.411    21.411 r  clk_100m_i_IBUF_inst/O
                         net (fo=1, routed)           1.162    22.573    clk_100m_i_IBUF
    MMCME2_ADV_X1Y2      MMCME2_ADV (Prop_mmcme2_adv_CLKIN1_CLKOUT0)
                                                     -7.324    15.249 r  u_mmcm/CLKOUT0
                         net (fo=1, routed)           1.639    16.888    clk_50m_unbuf
    BUFGCTRL_X0Y16       BUFG (Prop_bufg_I_O)         0.091    16.979 r  u_bufg_clk50/O
                         net (fo=6978, routed)        1.675    18.655    u_soc_top/gen_cv32e40p_core.u_core/core_i/id_stage_i/clk_50m
    SLICE_X27Y184        FDCE                                         r  u_soc_top/gen_cv32e40p_core.u_core/core_i/id_stage_i/mult_operand_b_ex_o_reg[31]/C
                         clock pessimism              0.569    19.223    
                         clock uncertainty           -0.089    19.135    
    SLICE_X27Y184        FDCE (Setup_fdce_C_D)       -0.061    19.074    u_soc_top/gen_cv32e40p_core.u_core/core_i/id_stage_i/mult_operand_b_ex_o_reg[31]
  -------------------------------------------------------------------
                         required time                         19.074    
                         arrival time                         -18.955    
  -------------------------------------------------------------------
                         slack                                  0.119    

Slack (MET) :             0.124ns  (required time - arrival time)
  Source:                 u_soc_top/gen_cv32e40p_core.u_core/core_i/id_stage_i/alu_operator_ex_o_reg[1]/C
                            (rising edge-triggered cell FDPE clocked by clk_50m_unbuf  {rise@0.000ns fall@10.000ns period=20.000ns})
  Destination:            u_soc_top/gen_cv32e40p_core.u_core/core_i/id_stage_i/mult_operand_b_ex_o_reg[26]/D
                            (rising edge-triggered cell FDCE clocked by clk_50m_unbuf  {rise@0.000ns fall@10.000ns period=20.000ns})
  Path Group:             clk_50m_unbuf
  Path Type:              Setup (Max at Slow Process Corner)
  Requirement:            20.000ns  (clk_50m_unbuf rise@20.000ns - clk_50m_unbuf rise@0.000ns)
  Data Path Delay:        19.711ns  (logic 6.483ns (32.890%)  route 13.228ns (67.110%))
  Logic Levels:           32  (CARRY4=9 LUT2=1 LUT3=1 LUT5=4 LUT6=15 MUXF7=2)
  Clock Path Skew:        -0.031ns (DCD - SCD + CPR)
    Destination Clock Delay (DCD):    -1.355ns = ( 18.645 - 20.000 ) 
    Source Clock Delay      (SCD):    -0.739ns
    Clock Pessimism Removal (CPR):    0.586ns
  Clock Uncertainty:      0.089ns  ((TSJ^2 + DJ^2)^1/2) / 2 + PE
    Total System Jitter     (TSJ):    0.071ns
    Discrete Jitter          (DJ):    0.163ns
    Phase Error              (PE):    0.000ns

    Location             Delay type                Incr(ns)  Path(ns)    Netlist Resource(s)
  -------------------------------------------------------------------    -------------------
                         (clock clk_50m_unbuf rise edge)
                                                      0.000     0.000 r  
    E3                                                0.000     0.000 r  clk_100m_i (IN)
                         net (fo=0)                   0.000     0.000    clk_100m_i
    E3                   IBUF (Prop_ibuf_I_O)         1.482     1.482 r  clk_100m_i_IBUF_inst/O
                         net (fo=1, routed)           1.233     2.715    clk_100m_i_IBUF
    MMCME2_ADV_X1Y2      MMCME2_ADV (Prop_mmcme2_adv_CLKIN1_CLKOUT0)
                                                     -7.070    -4.355 r  u_mmcm/CLKOUT0
                         net (fo=1, routed)           1.719    -2.636    clk_50m_unbuf
    BUFGCTRL_X0Y16       BUFG (Prop_bufg_I_O)         0.096    -2.540 r  u_bufg_clk50/O
                         net (fo=6978, routed)        1.801    -0.739    u_soc_top/gen_cv32e40p_core.u_core/core_i/id_stage_i/clk_50m
    SLICE_X38Y185        FDPE                                         r  u_soc_top/gen_cv32e40p_core.u_core/core_i/id_stage_i/alu_operator_ex_o_reg[1]/C
  -------------------------------------------------------------------    -------------------
    SLICE_X38Y185        FDPE (Prop_fdpe_C_Q)         0.518    -0.221 r  u_soc_top/gen_cv32e40p_core.u_core/core_i/id_stage_i/alu_operator_ex_o_reg[1]/Q
                         net (fo=158, routed)         0.326     0.105    u_soc_top/gen_cv32e40p_core.u_core/alu_operator_ex[1]
    SLICE_X39Y185        LUT2 (Prop_lut2_I0_O)        0.124     0.229 r  u_soc_top/gen_cv32e40p_core.u_core/i___239/O
                         net (fo=32, routed)          1.183     1.412    u_soc_top/gen_cv32e40p_core.u_core/core_i/id_stage_i/register_file_i/BReg_DP[31]_i_111_0
    SLICE_X38Y185        LUT6 (Prop_lut6_I1_O)        0.124     1.536 r  u_soc_top/gen_cv32e40p_core.u_core/core_i/id_stage_i/register_file_i/BReg_DP[31]_i_127/O
                         net (fo=1, routed)           0.306     1.842    u_soc_top/gen_cv32e40p_core.u_core/core_i/id_stage_i/register_file_i/BReg_DP[31]_i_127_n_0
    SLICE_X38Y183        LUT6 (Prop_lut6_I5_O)        0.124     1.966 r  u_soc_top/gen_cv32e40p_core.u_core/core_i/id_stage_i/register_file_i/BReg_DP[31]_i_110/O
                         net (fo=2, routed)           0.442     2.408    u_soc_top/gen_cv32e40p_core.u_core/core_i/id_stage_i/register_file_i/ex_stage_i/alu_i/adder_op_a[1]
    SLICE_X36Y183        LUT5 (Prop_lut5_I0_O)        0.124     2.532 r  u_soc_top/gen_cv32e40p_core.u_core/core_i/id_stage_i/register_file_i/BReg_DP[31]_i_114/O
                         net (fo=1, routed)           0.000     2.532    u_soc_top/gen_cv32e40p_core.u_core/core_i/id_stage_i/register_file_i/BReg_DP[31]_i_114_n_0
    SLICE_X36Y183        CARRY4 (Prop_carry4_S[1]_CO[3])
                                                      0.550     3.082 r  u_soc_top/gen_cv32e40p_core.u_core/core_i/id_stage_i/register_file_i/BReg_DP_reg[31]_i_89/CO[3]
                         net (fo=1, routed)           0.000     3.082    u_soc_top/gen_cv32e40p_core.u_core/core_i/id_stage_i/register_file_i/BReg_DP_reg[31]_i_89_n_0
    SLICE_X36Y184        CARRY4 (Prop_carry4_CI_CO[3])
                                                      0.114     3.196 r  u_soc_top/gen_cv32e40p_core.u_core/core_i/id_stage_i/register_file_i/BReg_DP_reg[24]_i_12/CO[3]
                         net (fo=1, routed)           0.000     3.196    u_soc_top/gen_cv32e40p_core.u_core/core_i/id_stage_i/register_file_i/BReg_DP_reg[24]_i_12_n_0
    SLICE_X36Y185        CARRY4 (Prop_carry4_CI_O[2])
                                                      0.239     3.435 r  u_soc_top/gen_cv32e40p_core.u_core/core_i/id_stage_i/register_file_i/BReg_DP_reg[31]_i_98/O[2]
                         net (fo=3, routed)           0.664     4.100    u_soc_top/gen_cv32e40p_core.u_core/core_i/id_stage_i/register_file_i/ex_stage_i/alu_i/data0[9]
    SLICE_X35Y186        LUT5 (Prop_lut5_I3_O)        0.302     4.402 r  u_soc_top/gen_cv32e40p_core.u_core/core_i/id_stage_i/register_file_i/BReg_DP[31]_i_101/O
                         net (fo=1, routed)           0.000     4.402    u_soc_top/gen_cv32e40p_core.u_core/core_i/id_stage_i/register_file_i/BReg_DP[31]_i_101_n_0
    SLICE_X35Y186        CARRY4 (Prop_carry4_S[1]_CO[3])
                                                      0.550     4.952 r  u_soc_top/gen_cv32e40p_core.u_core/core_i/id_stage_i/register_file_i/BReg_DP_reg[31]_i_83/CO[3]
                         net (fo=1, routed)           0.000     4.952    u_soc_top/gen_cv32e40p_core.u_core/core_i/id_stage_i/register_file_i/BReg_DP_reg[31]_i_83_n_0
    SLICE_X35Y187        CARRY4 (Prop_carry4_CI_CO[3])
                                                      0.114     5.066 r  u_soc_top/gen_cv32e40p_core.u_core/core_i/id_stage_i/register_file_i/BReg_DP_reg[16]_i_11/CO[3]
                         net (fo=1, routed)           0.000     5.066    u_soc_top/gen_cv32e40p_core.u_core/core_i/id_stage_i/register_file_i/BReg_DP_reg[16]_i_11_n_0
    SLICE_X35Y188        CARRY4 (Prop_carry4_CI_CO[3])
                                                      0.114     5.180 r  u_soc_top/gen_cv32e40p_core.u_core/core_i/id_stage_i/register_file_i/BReg_DP_reg[31]_i_84/CO[3]
                         net (fo=1, routed)           0.000     5.180    u_soc_top/gen_cv32e40p_core.u_core/core_i/id_stage_i/register_file_i/BReg_DP_reg[31]_i_84_n_0
    SLICE_X35Y189        CARRY4 (Prop_carry4_CI_CO[3])
                                                      0.114     5.294 r  u_soc_top/gen_cv32e40p_core.u_core/core_i/id_stage_i/register_file_i/BReg_DP_reg[8]_i_8/CO[3]
                         net (fo=1, routed)           0.000     5.294    u_soc_top/gen_cv32e40p_core.u_core/core_i/id_stage_i/register_file_i/BReg_DP_reg[8]_i_8_n_0
    SLICE_X35Y190        CARRY4 (Prop_carry4_CI_CO[3])
                                                      0.114     5.408 r  u_soc_top/gen_cv32e40p_core.u_core/core_i/id_stage_i/register_file_i/BReg_DP_reg[31]_i_82/CO[3]
                         net (fo=1, routed)           0.000     5.408    u_soc_top/gen_cv32e40p_core.u_core/core_i/id_stage_i/register_file_i/BReg_DP_reg[31]_i_82_n_0
    SLICE_X35Y191        CARRY4 (Prop_carry4_CI_O[3])
                                                      0.313     5.721 r  u_soc_top/gen_cv32e40p_core.u_core/core_i/id_stage_i/register_file_i/BReg_DP_reg[0]_i_8/O[3]
                         net (fo=2, routed)           0.373     6.094    u_soc_top/gen_cv32e40p_core.u_core/core_i/id_stage_i/register_file_i/ex_stage_i/alu_i/adder_round_result[31]
    SLICE_X34Y191        LUT6 (Prop_lut6_I2_O)        0.306     6.400 r  u_soc_top/gen_cv32e40p_core.u_core/core_i/id_stage_i/register_file_i/BReg_DP[0]_i_6/O
                         net (fo=61, routed)          1.006     7.405    u_soc_top/gen_cv32e40p_core.u_core/core_i/id_stage_i/register_file_i/shift_right_result126_out
    SLICE_X36Y192        LUT3 (Prop_lut3_I2_O)        0.124     7.529 r  u_soc_top/gen_cv32e40p_core.u_core/core_i/id_stage_i/register_file_i/BReg_DP[26]_i_9/O
                         net (fo=4, routed)           0.880     8.409    u_soc_top/gen_cv32e40p_core.u_core/core_i/id_stage_i/register_file_i/alu_operand_a_ex_o_reg[11][0]
    SLICE_X30Y192        LUT6 (Prop_lut6_I0_O)        0.124     8.533 r  u_soc_top/gen_cv32e40p_core.u_core/core_i/id_stage_i/register_file_i/BReg_DP[26]_i_7/O
                         net (fo=4, routed)           0.617     9.150    u_soc_top/gen_cv32e40p_core.u_core/core_i/id_stage_i/register_file_i/BReg_DP[26]_i_7_n_0
    SLICE_X30Y195        LUT6 (Prop_lut6_I0_O)        0.124     9.274 r  u_soc_top/gen_cv32e40p_core.u_core/core_i/id_stage_i/register_file_i/BReg_DP[26]_i_4/O
                         net (fo=2, routed)           0.651     9.926    u_soc_top/gen_cv32e40p_core.u_core/core_i/id_stage_i/register_file_i/BReg_DP[26]_i_4_n_0
    SLICE_X30Y195        LUT5 (Prop_lut5_I4_O)        0.124    10.050 r  u_soc_top/gen_cv32e40p_core.u_core/core_i/id_stage_i/register_file_i/BReg_DP[25]_i_2/O
                         net (fo=3, routed)           0.780    10.829    u_soc_top/gen_cv32e40p_core.u_core/core_i/id_stage_i/register_file_i/shift_left_result[11]
    SLICE_X38Y195        LUT5 (Prop_lut5_I0_O)        0.124    10.953 r  u_soc_top/gen_cv32e40p_core.u_core/core_i/id_stage_i/register_file_i/i___91__6_i_31/O
                         net (fo=6, routed)           0.789    11.742    u_soc_top/gen_cv32e40p_core.u_core/core_i/id_stage_i/register_file_i/ex_stage_i/alu_i/radix_2_rev[6]
    SLICE_X40Y191        LUT6 (Prop_lut6_I3_O)        0.124    11.866 r  u_soc_top/gen_cv32e40p_core.u_core/core_i/id_stage_i/register_file_i/i___28_i_101/O
                         net (fo=1, routed)           0.000    11.866    u_soc_top/gen_cv32e40p_core.u_core/core_i/id_stage_i/register_file_i/i___28_i_101_n_0
    SLICE_X40Y191        MUXF7 (Prop_muxf7_I0_O)      0.212    12.078 r  u_soc_top/gen_cv32e40p_core.u_core/core_i/id_stage_i/register_file_i/i___28_i_94/O
                         net (fo=1, routed)           0.581    12.659    u_soc_top/gen_cv32e40p_core.u_core/core_i/id_stage_i/register_file_i/i___28_i_94_n_0
    SLICE_X39Y190        LUT6 (Prop_lut6_I4_O)        0.299    12.958 r  u_soc_top/gen_cv32e40p_core.u_core/core_i/id_stage_i/register_file_i/i___28_i_86/O
                         net (fo=64, routed)          0.332    13.290    u_soc_top/gen_cv32e40p_core.u_core/core_i/id_stage_i/register_file_i/ex_stage_i/alu_i/extract_sign
    SLICE_X39Y190        LUT6 (Prop_lut6_I5_O)        0.124    13.414 r  u_soc_top/gen_cv32e40p_core.u_core/core_i/id_stage_i/register_file_i/i___91__5_i_40/O
                         net (fo=1, routed)           0.477    13.891    u_soc_top/gen_cv32e40p_core.u_core/core_i/id_stage_i/register_file_i/i___91__5_i_40_n_0
    SLICE_X38Y189        LUT6 (Prop_lut6_I5_O)        0.124    14.015 r  u_soc_top/gen_cv32e40p_core.u_core/core_i/id_stage_i/register_file_i/i___91__5_i_34/O
                         net (fo=1, routed)           0.412    14.427    u_soc_top/gen_cv32e40p_core.u_core/core_i/id_stage_i/register_file_i/ex_stage_i/alu_i/bextins_result[26]
    SLICE_X37Y189        LUT6 (Prop_lut6_I5_O)        0.124    14.551 r  u_soc_top/gen_cv32e40p_core.u_core/core_i/id_stage_i/register_file_i/i___91__5_i_27/O
                         net (fo=1, routed)           0.000    14.551    u_soc_top/gen_cv32e40p_core.u_core/core_i/id_stage_i/register_file_i/i___91__5_i_27_n_0
    SLICE_X37Y189        MUXF7 (Prop_muxf7_I1_O)      0.217    14.768 r  u_soc_top/gen_cv32e40p_core.u_core/core_i/id_stage_i/register_file_i/i___91__5_i_20/O
                         net (fo=1, routed)           0.571    15.339    u_soc_top/gen_cv32e40p_core.u_core/core_i/id_stage_i/register_file_i/i___91__5_i_20_n_0
    SLICE_X29Y189        LUT6 (Prop_lut6_I5_O)        0.299    15.638 r  u_soc_top/gen_cv32e40p_core.u_core/core_i/id_stage_i/register_file_i/i___91__5_i_8/O
                         net (fo=1, routed)           0.635    16.273    u_soc_top/gen_cv32e40p_core.u_core/core_i/id_stage_i/gen_hwloop_regs.hwloop_regs_i/alu_result[21]
    SLICE_X29Y184        LUT6 (Prop_lut6_I3_O)        0.124    16.397 r  u_soc_top/gen_cv32e40p_core.u_core/core_i/id_stage_i/gen_hwloop_regs.hwloop_regs_i/i___91__5_i_3/O
                         net (fo=37, routed)          0.733    17.130    u_soc_top/gen_cv32e40p_core.u_core/regfile_alu_wdata_fw[26]
    SLICE_X27Y181        LUT6 (Prop_lut6_I5_O)        0.124    17.254 r  u_soc_top/gen_cv32e40p_core.u_core/i___91__5/O
                         net (fo=6, routed)           0.684    17.938    u_soc_top/gen_cv32e40p_core.u_core/core_i/if_stage_i/mult_dot_op_c_ex_o_reg[26]
    SLICE_X35Y181        LUT6 (Prop_lut6_I5_O)        0.124    18.062 r  u_soc_top/gen_cv32e40p_core.u_core/core_i/if_stage_i/mult_operand_b_ex_o[26]_i_3/O
                         net (fo=1, routed)           0.435    18.497    u_soc_top/gen_cv32e40p_core.u_core/core_i/if_stage_i/mult_operand_b_ex_o[26]_i_3_n_0
    SLICE_X36Y180        LUT6 (Prop_lut6_I5_O)        0.124    18.621 r  u_soc_top/gen_cv32e40p_core.u_core/core_i/if_stage_i/mult_operand_b_ex_o[26]_i_1/O
                         net (fo=2, routed)           0.351    18.973    u_soc_top/gen_cv32e40p_core.u_core/core_i/id_stage_i/mult_operand_b_ex_o_reg[31]_1[18]
    SLICE_X38Y180        FDCE                                         r  u_soc_top/gen_cv32e40p_core.u_core/core_i/id_stage_i/mult_operand_b_ex_o_reg[26]/D
  -------------------------------------------------------------------    -------------------

                         (clock clk_50m_unbuf rise edge)
                                                     20.000    20.000 r  
    E3                                                0.000    20.000 r  clk_100m_i (IN)
                         net (fo=0)                   0.000    20.000    clk_100m_i
    E3                   IBUF (Prop_ibuf_I_O)         1.411    21.411 r  clk_100m_i_IBUF_inst/O
                         net (fo=1, routed)           1.162    22.573    clk_100m_i_IBUF
    MMCME2_ADV_X1Y2      MMCME2_ADV (Prop_mmcme2_adv_CLKIN1_CLKOUT0)
                                                     -7.324    15.249 r  u_mmcm/CLKOUT0
                         net (fo=1, routed)           1.639    16.888    clk_50m_unbuf
    BUFGCTRL_X0Y16       BUFG (Prop_bufg_I_O)         0.091    16.979 r  u_bufg_clk50/O
                         net (fo=6978, routed)        1.665    18.645    u_soc_top/gen_cv32e40p_core.u_core/core_i/id_stage_i/clk_50m
    SLICE_X38Y180        FDCE                                         r  u_soc_top/gen_cv32e40p_core.u_core/core_i/id_stage_i/mult_operand_b_ex_o_reg[26]/C
                         clock pessimism              0.586    19.230    
                         clock uncertainty           -0.089    19.142    
    SLICE_X38Y180        FDCE (Setup_fdce_C_D)       -0.045    19.097    u_soc_top/gen_cv32e40p_core.u_core/core_i/id_stage_i/mult_operand_b_ex_o_reg[26]
  -------------------------------------------------------------------
                         required time                         19.097    
                         arrival time                         -18.973    
  -------------------------------------------------------------------
                         slack                                  0.124    

Slack (MET) :             0.125ns  (arrival time - required time)
  Source:                 u_soc_top/u_peripherals/u_spi_master/u_spi_core/rx_ch1_latch_q_reg[12]/C
                            (rising edge-triggered cell FDCE clocked by clk_50m_unbuf  {rise@0.000ns fall@10.000ns period=20.000ns})
  Destination:            u_soc_top/u_peripherals/u_dma/bank1_mem_reg[1][12]/D
                            (rising edge-triggered cell FDRE clocked by clk_50m_unbuf  {rise@0.000ns fall@10.000ns period=20.000ns})
  Path Group:             clk_50m_unbuf
  Path Type:              Hold (Min at Fast Process Corner)
  Requirement:            0.000ns  (clk_50m_unbuf rise@0.000ns - clk_50m_unbuf rise@0.000ns)
  Data Path Delay:        0.458ns  (logic 0.164ns (35.807%)  route 0.294ns (64.193%))
  Logic Levels:           0  
  Clock Path Skew:        0.263ns (DCD - SCD - CPR)
    Destination Clock Delay (DCD):    -0.759ns
    Source Clock Delay      (SCD):    -0.522ns
    Clock Pessimism Removal (CPR):    -0.500ns

    Location             Delay type                Incr(ns)  Path(ns)    Netlist Resource(s)
  -------------------------------------------------------------------    -------------------
                         (clock clk_50m_unbuf rise edge)
                                                      0.000     0.000 r  
    E3                                                0.000     0.000 r  clk_100m_i (IN)
                         net (fo=0)                   0.000     0.000    clk_100m_i
    E3                   IBUF (Prop_ibuf_I_O)         0.250     0.250 r  clk_100m_i_IBUF_inst/O
                         net (fo=1, routed)           0.440     0.690    clk_100m_i_IBUF
    MMCME2_ADV_X1Y2      MMCME2_ADV (Prop_mmcme2_adv_CLKIN1_CLKOUT0)
                                                     -2.379    -1.689 r  u_mmcm/CLKOUT0
                         net (fo=1, routed)           0.499    -1.190    clk_50m_unbuf
    BUFGCTRL_X0Y16       BUFG (Prop_bufg_I_O)         0.026    -1.164 r  u_bufg_clk50/O
                         net (fo=6978, routed)        0.642    -0.522    u_soc_top/u_peripherals/u_spi_master/u_spi_core/clk_50m
    SLICE_X46Y153        FDCE                                         r  u_soc_top/u_peripherals/u_spi_master/u_spi_core/rx_ch1_latch_q_reg[12]/C
  -------------------------------------------------------------------    -------------------
    SLICE_X46Y153        FDCE (Prop_fdce_C_Q)         0.164    -0.358 r  u_soc_top/u_peripherals/u_spi_master/u_spi_core/rx_ch1_latch_q_reg[12]/Q
                         net (fo=8, routed)           0.294    -0.064    u_soc_top/u_peripherals/u_dma/bank0_mem_reg[1][31]_0[12]
    SLICE_X55Y153        FDRE                                         r  u_soc_top/u_peripherals/u_dma/bank1_mem_reg[1][12]/D
  -------------------------------------------------------------------    -------------------

                         (clock clk_50m_unbuf rise edge)
                                                      0.000     0.000 r  
    E3                                                0.000     0.000 r  clk_100m_i (IN)
                         net (fo=0)                   0.000     0.000    clk_100m_i
    E3                   IBUF (Prop_ibuf_I_O)         0.438     0.438 r  clk_100m_i_IBUF_inst/O
                         net (fo=1, routed)           0.480     0.918    clk_100m_i_IBUF
    MMCME2_ADV_X1Y2      MMCME2_ADV (Prop_mmcme2_adv_CLKIN1_CLKOUT0)
                                                     -3.163    -2.245 r  u_mmcm/CLKOUT0
                         net (fo=1, routed)           0.544    -1.702    clk_50m_unbuf
    BUFGCTRL_X0Y16       BUFG (Prop_bufg_I_O)         0.029    -1.673 r  u_bufg_clk50/O
                         net (fo=6978, routed)        0.914    -0.759    u_soc_top/u_peripherals/u_dma/clk_50m
    SLICE_X55Y153        FDRE                                         r  u_soc_top/u_peripherals/u_dma/bank1_mem_reg[1][12]/C
                         clock pessimism              0.500    -0.259    
    SLICE_X55Y153        FDRE (Hold_fdre_C_D)         0.070    -0.189    u_soc_top/u_peripherals/u_dma/bank1_mem_reg[1][12]
  -------------------------------------------------------------------
                         required time                          0.189    
                         arrival time                          -0.064    
  -------------------------------------------------------------------
                         slack                                  0.125    

Slack (MET) :             0.126ns  (arrival time - required time)
  Source:                 u_soc_top/u_peripherals/u_spi_master/u_spi_core/rx_ch1_latch_q_reg[22]/C
                            (rising edge-triggered cell FDCE clocked by clk_50m_unbuf  {rise@0.000ns fall@10.000ns period=20.000ns})
  Destination:            u_soc_top/u_peripherals/u_dma/bank0_mem_reg[1][22]/D
                            (rising edge-triggered cell FDRE clocked by clk_50m_unbuf  {rise@0.000ns fall@10.000ns period=20.000ns})
  Path Group:             clk_50m_unbuf
  Path Type:              Hold (Min at Fast Process Corner)
  Requirement:            0.000ns  (clk_50m_unbuf rise@0.000ns - clk_50m_unbuf rise@0.000ns)
  Data Path Delay:        0.448ns  (logic 0.141ns (31.481%)  route 0.307ns (68.519%))
  Logic Levels:           0  
  Clock Path Skew:        0.263ns (DCD - SCD - CPR)
    Destination Clock Delay (DCD):    -0.759ns
    Source Clock Delay      (SCD):    -0.522ns
    Clock Pessimism Removal (CPR):    -0.500ns

    Location             Delay type                Incr(ns)  Path(ns)    Netlist Resource(s)
  -------------------------------------------------------------------    -------------------
                         (clock clk_50m_unbuf rise edge)
                                                      0.000     0.000 r  
    E3                                                0.000     0.000 r  clk_100m_i (IN)
                         net (fo=0)                   0.000     0.000    clk_100m_i
    E3                   IBUF (Prop_ibuf_I_O)         0.250     0.250 r  clk_100m_i_IBUF_inst/O
                         net (fo=1, routed)           0.440     0.690    clk_100m_i_IBUF
    MMCME2_ADV_X1Y2      MMCME2_ADV (Prop_mmcme2_adv_CLKIN1_CLKOUT0)
                                                     -2.379    -1.689 r  u_mmcm/CLKOUT0
                         net (fo=1, routed)           0.499    -1.190    clk_50m_unbuf
    BUFGCTRL_X0Y16       BUFG (Prop_bufg_I_O)         0.026    -1.164 r  u_bufg_clk50/O
                         net (fo=6978, routed)        0.642    -0.522    u_soc_top/u_peripherals/u_spi_master/u_spi_core/clk_50m
    SLICE_X47Y153        FDCE                                         r  u_soc_top/u_peripherals/u_spi_master/u_spi_core/rx_ch1_latch_q_reg[22]/C
  -------------------------------------------------------------------    -------------------
    SLICE_X47Y153        FDCE (Prop_fdce_C_Q)         0.141    -0.381 r  u_soc_top/u_peripherals/u_spi_master/u_spi_core/rx_ch1_latch_q_reg[22]/Q
                         net (fo=8, routed)           0.307    -0.074    u_soc_top/u_peripherals/u_dma/bank0_mem_reg[1][31]_0[22]
    SLICE_X54Y155        FDRE                                         r  u_soc_top/u_peripherals/u_dma/bank0_mem_reg[1][22]/D
  -------------------------------------------------------------------    -------------------

                         (clock clk_50m_unbuf rise edge)
                                                      0.000     0.000 r  
    E3                                                0.000     0.000 r  clk_100m_i (IN)
                         net (fo=0)                   0.000     0.000    clk_100m_i
    E3                   IBUF (Prop_ibuf_I_O)         0.438     0.438 r  clk_100m_i_IBUF_inst/O
                         net (fo=1, routed)           0.480     0.918    clk_100m_i_IBUF
    MMCME2_ADV_X1Y2      MMCME2_ADV (Prop_mmcme2_adv_CLKIN1_CLKOUT0)
                                                     -3.163    -2.245 r  u_mmcm/CLKOUT0
                         net (fo=1, routed)           0.544    -1.702    clk_50m_unbuf
    BUFGCTRL_X0Y16       BUFG (Prop_bufg_I_O)         0.029    -1.673 r  u_bufg_clk50/O
                         net (fo=6978, routed)        0.914    -0.759    u_soc_top/u_peripherals/u_dma/clk_50m
    SLICE_X54Y155        FDRE                                         r  u_soc_top/u_peripherals/u_dma/bank0_mem_reg[1][22]/C
                         clock pessimism              0.500    -0.259    
    SLICE_X54Y155        FDRE (Hold_fdre_C_D)         0.059    -0.200    u_soc_top/u_peripherals/u_dma/bank0_mem_reg[1][22]
  -------------------------------------------------------------------
                         required time                          0.200    
                         arrival time                          -0.074    
  -------------------------------------------------------------------
                         slack                                  0.126    

Slack (MET) :             0.129ns  (required time - arrival time)
  Source:                 u_soc_top/gen_cv32e40p_core.u_core/core_i/id_stage_i/alu_operator_ex_o_reg[1]/C
                            (rising edge-triggered cell FDPE clocked by clk_50m_unbuf  {rise@0.000ns fall@10.000ns period=20.000ns})
  Destination:            u_soc_top/gen_cv32e40p_core.u_core/core_i/id_stage_i/mult_operand_b_ex_o_reg[15]/D
                            (rising edge-triggered cell FDCE clocked by clk_50m_unbuf  {rise@0.000ns fall@10.000ns period=20.000ns})
  Path Group:             clk_50m_unbuf
  Path Type:              Setup (Max at Slow Process Corner)
  Requirement:            20.000ns  (clk_50m_unbuf rise@20.000ns - clk_50m_unbuf rise@0.000ns)
  Data Path Delay:        19.677ns  (logic 6.483ns (32.947%)  route 13.194ns (67.053%))
  Logic Levels:           32  (CARRY4=9 LUT2=1 LUT3=1 LUT5=4 LUT6=15 MUXF7=2)
  Clock Path Skew:        -0.038ns (DCD - SCD + CPR)
    Destination Clock Delay (DCD):    -1.345ns = ( 18.655 - 20.000 ) 
    Source Clock Delay      (SCD):    -0.739ns
    Clock Pessimism Removal (CPR):    0.569ns
  Clock Uncertainty:      0.089ns  ((TSJ^2 + DJ^2)^1/2) / 2 + PE
    Total System Jitter     (TSJ):    0.071ns
    Discrete Jitter          (DJ):    0.163ns
    Phase Error              (PE):    0.000ns

    Location             Delay type                Incr(ns)  Path(ns)    Netlist Resource(s)
  -------------------------------------------------------------------    -------------------
                         (clock clk_50m_unbuf rise edge)
                                                      0.000     0.000 r  
    E3                                                0.000     0.000 r  clk_100m_i (IN)
                         net (fo=0)                   0.000     0.000    clk_100m_i
    E3                   IBUF (Prop_ibuf_I_O)         1.482     1.482 r  clk_100m_i_IBUF_inst/O
                         net (fo=1, routed)           1.233     2.715    clk_100m_i_IBUF
    MMCME2_ADV_X1Y2      MMCME2_ADV (Prop_mmcme2_adv_CLKIN1_CLKOUT0)
                                                     -7.070    -4.355 r  u_mmcm/CLKOUT0
                         net (fo=1, routed)           1.719    -2.636    clk_50m_unbuf
    BUFGCTRL_X0Y16       BUFG (Prop_bufg_I_O)         0.096    -2.540 r  u_bufg_clk50/O
                         net (fo=6978, routed)        1.801    -0.739    u_soc_top/gen_cv32e40p_core.u_core/core_i/id_stage_i/clk_50m
    SLICE_X38Y185        FDPE                                         r  u_soc_top/gen_cv32e40p_core.u_core/core_i/id_stage_i/alu_operator_ex_o_reg[1]/C
  -------------------------------------------------------------------    -------------------
    SLICE_X38Y185        FDPE (Prop_fdpe_C_Q)         0.518    -0.221 r  u_soc_top/gen_cv32e40p_core.u_core/core_i/id_stage_i/alu_operator_ex_o_reg[1]/Q
                         net (fo=158, routed)         0.326     0.105    u_soc_top/gen_cv32e40p_core.u_core/alu_operator_ex[1]
    SLICE_X39Y185        LUT2 (Prop_lut2_I0_O)        0.124     0.229 r  u_soc_top/gen_cv32e40p_core.u_core/i___239/O
                         net (fo=32, routed)          1.183     1.412    u_soc_top/gen_cv32e40p_core.u_core/core_i/id_stage_i/register_file_i/BReg_DP[31]_i_111_0
    SLICE_X38Y185        LUT6 (Prop_lut6_I1_O)        0.124     1.536 r  u_soc_top/gen_cv32e40p_core.u_core/core_i/id_stage_i/register_file_i/BReg_DP[31]_i_127/O
                         net (fo=1, routed)           0.306     1.842    u_soc_top/gen_cv32e40p_core.u_core/core_i/id_stage_i/register_file_i/BReg_DP[31]_i_127_n_0
    SLICE_X38Y183        LUT6 (Prop_lut6_I5_O)        0.124     1.966 r  u_soc_top/gen_cv32e40p_core.u_core/core_i/id_stage_i/register_file_i/BReg_DP[31]_i_110/O
                         net (fo=2, routed)           0.442     2.408    u_soc_top/gen_cv32e40p_core.u_core/core_i/id_stage_i/register_file_i/ex_stage_i/alu_i/adder_op_a[1]
    SLICE_X36Y183        LUT5 (Prop_lut5_I0_O)        0.124     2.532 r  u_soc_top/gen_cv32e40p_core.u_core/core_i/id_stage_i/register_file_i/BReg_DP[31]_i_114/O
                         net (fo=1, routed)           0.000     2.532    u_soc_top/gen_cv32e40p_core.u_core/core_i/id_stage_i/register_file_i/BReg_DP[31]_i_114_n_0
    SLICE_X36Y183        CARRY4 (Prop_carry4_S[1]_CO[3])
                                                      0.550     3.082 r  u_soc_top/gen_cv32e40p_core.u_core/core_i/id_stage_i/register_file_i/BReg_DP_reg[31]_i_89/CO[3]
                         net (fo=1, routed)           0.000     3.082    u_soc_top/gen_cv32e40p_core.u_core/core_i/id_stage_i/register_file_i/BReg_DP_reg[31]_i_89_n_0
    SLICE_X36Y184        CARRY4 (Prop_carry4_CI_CO[3])
                                                      0.114     3.196 r  u_soc_top/gen_cv32e40p_core.u_core/core_i/id_stage_i/register_file_i/BReg_DP_reg[24]_i_12/CO[3]
                         net (fo=1, routed)           0.000     3.196    u_soc_top/gen_cv32e40p_core.u_core/core_i/id_stage_i/register_file_i/BReg_DP_reg[24]_i_12_n_0
    SLICE_X36Y185        CARRY4 (Prop_carry4_CI_O[2])
                                                      0.239     3.435 r  u_soc_top/gen_cv32e40p_core.u_core/core_i/id_stage_i/register_file_i/BReg_DP_reg[31]_i_98/O[2]
                         net (fo=3, routed)           0.664     4.100    u_soc_top/gen_cv32e40p_core.u_core/core_i/id_stage_i/register_file_i/ex_stage_i/alu_i/data0[9]
    SLICE_X35Y186        LUT5 (Prop_lut5_I3_O)        0.302     4.402 r  u_soc_top/gen_cv32e40p_core.u_core/core_i/id_stage_i/register_file_i/BReg_DP[31]_i_101/O
                         net (fo=1, routed)           0.000     4.402    u_soc_top/gen_cv32e40p_core.u_core/core_i/id_stage_i/register_file_i/BReg_DP[31]_i_101_n_0
    SLICE_X35Y186        CARRY4 (Prop_carry4_S[1]_CO[3])
                                                      0.550     4.952 r  u_soc_top/gen_cv32e40p_core.u_core/core_i/id_stage_i/register_file_i/BReg_DP_reg[31]_i_83/CO[3]
                         net (fo=1, routed)           0.000     4.952    u_soc_top/gen_cv32e40p_core.u_core/core_i/id_stage_i/register_file_i/BReg_DP_reg[31]_i_83_n_0
    SLICE_X35Y187        CARRY4 (Prop_carry4_CI_CO[3])
                                                      0.114     5.066 r  u_soc_top/gen_cv32e40p_core.u_core/core_i/id_stage_i/register_file_i/BReg_DP_reg[16]_i_11/CO[3]
                         net (fo=1, routed)           0.000     5.066    u_soc_top/gen_cv32e40p_core.u_core/core_i/id_stage_i/register_file_i/BReg_DP_reg[16]_i_11_n_0
    SLICE_X35Y188        CARRY4 (Prop_carry4_CI_CO[3])
                                                      0.114     5.180 r  u_soc_top/gen_cv32e40p_core.u_core/core_i/id_stage_i/register_file_i/BReg_DP_reg[31]_i_84/CO[3]
                         net (fo=1, routed)           0.000     5.180    u_soc_top/gen_cv32e40p_core.u_core/core_i/id_stage_i/register_file_i/BReg_DP_reg[31]_i_84_n_0
    SLICE_X35Y189        CARRY4 (Prop_carry4_CI_CO[3])
                                                      0.114     5.294 r  u_soc_top/gen_cv32e40p_core.u_core/core_i/id_stage_i/register_file_i/BReg_DP_reg[8]_i_8/CO[3]
                         net (fo=1, routed)           0.000     5.294    u_soc_top/gen_cv32e40p_core.u_core/core_i/id_stage_i/register_file_i/BReg_DP_reg[8]_i_8_n_0
    SLICE_X35Y190        CARRY4 (Prop_carry4_CI_CO[3])
                                                      0.114     5.408 r  u_soc_top/gen_cv32e40p_core.u_core/core_i/id_stage_i/register_file_i/BReg_DP_reg[31]_i_82/CO[3]
                         net (fo=1, routed)           0.000     5.408    u_soc_top/gen_cv32e40p_core.u_core/core_i/id_stage_i/register_file_i/BReg_DP_reg[31]_i_82_n_0
    SLICE_X35Y191        CARRY4 (Prop_carry4_CI_O[3])
                                                      0.313     5.721 r  u_soc_top/gen_cv32e40p_core.u_core/core_i/id_stage_i/register_file_i/BReg_DP_reg[0]_i_8/O[3]
                         net (fo=2, routed)           0.373     6.094    u_soc_top/gen_cv32e40p_core.u_core/core_i/id_stage_i/register_file_i/ex_stage_i/alu_i/adder_round_result[31]
    SLICE_X34Y191        LUT6 (Prop_lut6_I2_O)        0.306     6.400 r  u_soc_top/gen_cv32e40p_core.u_core/core_i/id_stage_i/register_file_i/BReg_DP[0]_i_6/O
                         net (fo=61, routed)          1.006     7.405    u_soc_top/gen_cv32e40p_core.u_core/core_i/id_stage_i/register_file_i/shift_right_result126_out
    SLICE_X36Y192        LUT3 (Prop_lut3_I2_O)        0.124     7.529 r  u_soc_top/gen_cv32e40p_core.u_core/core_i/id_stage_i/register_file_i/BReg_DP[26]_i_9/O
                         net (fo=4, routed)           0.880     8.409    u_soc_top/gen_cv32e40p_core.u_core/core_i/id_stage_i/register_file_i/alu_operand_a_ex_o_reg[11][0]
    SLICE_X30Y192        LUT6 (Prop_lut6_I0_O)        0.124     8.533 r  u_soc_top/gen_cv32e40p_core.u_core/core_i/id_stage_i/register_file_i/BReg_DP[26]_i_7/O
                         net (fo=4, routed)           0.617     9.150    u_soc_top/gen_cv32e40p_core.u_core/core_i/id_stage_i/register_file_i/BReg_DP[26]_i_7_n_0
    SLICE_X30Y195        LUT6 (Prop_lut6_I0_O)        0.124     9.274 r  u_soc_top/gen_cv32e40p_core.u_core/core_i/id_stage_i/register_file_i/BReg_DP[26]_i_4/O
                         net (fo=2, routed)           0.651     9.926    u_soc_top/gen_cv32e40p_core.u_core/core_i/id_stage_i/register_file_i/BReg_DP[26]_i_4_n_0
    SLICE_X30Y195        LUT5 (Prop_lut5_I4_O)        0.124    10.050 r  u_soc_top/gen_cv32e40p_core.u_core/core_i/id_stage_i/register_file_i/BReg_DP[25]_i_2/O
                         net (fo=3, routed)           0.780    10.829    u_soc_top/gen_cv32e40p_core.u_core/core_i/id_stage_i/register_file_i/shift_left_result[11]
    SLICE_X38Y195        LUT5 (Prop_lut5_I0_O)        0.124    10.953 r  u_soc_top/gen_cv32e40p_core.u_core/core_i/id_stage_i/register_file_i/i___91__6_i_31/O
                         net (fo=6, routed)           0.789    11.742    u_soc_top/gen_cv32e40p_core.u_core/core_i/id_stage_i/register_file_i/ex_stage_i/alu_i/radix_2_rev[6]
    SLICE_X40Y191        LUT6 (Prop_lut6_I3_O)        0.124    11.866 r  u_soc_top/gen_cv32e40p_core.u_core/core_i/id_stage_i/register_file_i/i___28_i_101/O
                         net (fo=1, routed)           0.000    11.866    u_soc_top/gen_cv32e40p_core.u_core/core_i/id_stage_i/register_file_i/i___28_i_101_n_0
    SLICE_X40Y191        MUXF7 (Prop_muxf7_I0_O)      0.212    12.078 r  u_soc_top/gen_cv32e40p_core.u_core/core_i/id_stage_i/register_file_i/i___28_i_94/O
                         net (fo=1, routed)           0.581    12.659    u_soc_top/gen_cv32e40p_core.u_core/core_i/id_stage_i/register_file_i/i___28_i_94_n_0
    SLICE_X39Y190        LUT6 (Prop_lut6_I4_O)        0.299    12.958 r  u_soc_top/gen_cv32e40p_core.u_core/core_i/id_stage_i/register_file_i/i___28_i_86/O
                         net (fo=64, routed)          0.691    13.649    u_soc_top/gen_cv32e40p_core.u_core/core_i/id_stage_i/register_file_i/ex_stage_i/alu_i/extract_sign
    SLICE_X38Y191        LUT6 (Prop_lut6_I5_O)        0.124    13.773 r  u_soc_top/gen_cv32e40p_core.u_core/core_i/id_stage_i/register_file_i/i___91__16_i_46/O
                         net (fo=1, routed)           0.587    14.360    u_soc_top/gen_cv32e40p_core.u_core/core_i/id_stage_i/register_file_i/i___91__16_i_46_n_0
    SLICE_X31Y188        LUT6 (Prop_lut6_I5_O)        0.124    14.484 r  u_soc_top/gen_cv32e40p_core.u_core/core_i/id_stage_i/register_file_i/i___91__16_i_36/O
                         net (fo=1, routed)           0.310    14.794    u_soc_top/gen_cv32e40p_core.u_core/core_i/id_stage_i/register_file_i/ex_stage_i/alu_i/bextins_result[15]
    SLICE_X28Y188        LUT6 (Prop_lut6_I5_O)        0.124    14.918 r  u_soc_top/gen_cv32e40p_core.u_core/core_i/id_stage_i/register_file_i/i___91__16_i_27/O
                         net (fo=1, routed)           0.000    14.918    u_soc_top/gen_cv32e40p_core.u_core/core_i/id_stage_i/register_file_i/i___91__16_i_27_n_0
    SLICE_X28Y188        MUXF7 (Prop_muxf7_I1_O)      0.217    15.135 r  u_soc_top/gen_cv32e40p_core.u_core/core_i/id_stage_i/register_file_i/i___91__16_i_20/O
                         net (fo=1, routed)           0.436    15.571    u_soc_top/gen_cv32e40p_core.u_core/core_i/id_stage_i/register_file_i/i___91__16_i_20_n_0
    SLICE_X28Y188        LUT6 (Prop_lut6_I5_O)        0.299    15.870 r  u_soc_top/gen_cv32e40p_core.u_core/core_i/id_stage_i/register_file_i/i___91__16_i_8/O
                         net (fo=1, routed)           0.421    16.291    u_soc_top/gen_cv32e40p_core.u_core/core_i/id_stage_i/gen_hwloop_regs.hwloop_regs_i/alu_result[15]
    SLICE_X28Y187        LUT6 (Prop_lut6_I3_O)        0.124    16.415 r  u_soc_top/gen_cv32e40p_core.u_core/core_i/id_stage_i/gen_hwloop_regs.hwloop_regs_i/i___91__16_i_3/O
                         net (fo=36, routed)          0.474    16.889    u_soc_top/gen_cv32e40p_core.u_core/core_i/id_stage_i/register_file_i/hwlp_counter_q_reg[0][15]_0
    SLICE_X26Y187        LUT6 (Prop_lut6_I4_O)        0.124    17.013 r  u_soc_top/gen_cv32e40p_core.u_core/core_i/id_stage_i/register_file_i/i___37_i_1/O
                         net (fo=8, routed)           0.600    17.614    u_soc_top/gen_cv32e40p_core.u_core/core_i_n_71
    SLICE_X25Y185        LUT6 (Prop_lut6_I4_O)        0.124    17.738 r  u_soc_top/gen_cv32e40p_core.u_core/i___37/O
                         net (fo=1, routed)           0.427    18.165    u_soc_top/gen_cv32e40p_core.u_core/core_i/if_stage_i/mult_operand_b_ex_o_reg[15]_0
    SLICE_X26Y184        LUT6 (Prop_lut6_I3_O)        0.124    18.289 r  u_soc_top/gen_cv32e40p_core.u_core/core_i/if_stage_i/mult_operand_b_ex_o[15]_i_1/O
                         net (fo=2, routed)           0.650    18.939    u_soc_top/gen_cv32e40p_core.u_core/core_i/id_stage_i/mult_operand_b_ex_o_reg[31]_1[7]
    SLICE_X27Y184        FDCE                                         r  u_soc_top/gen_cv32e40p_core.u_core/core_i/id_stage_i/mult_operand_b_ex_o_reg[15]/D
  -------------------------------------------------------------------    -------------------

                         (clock clk_50m_unbuf rise edge)
                                                     20.000    20.000 r  
    E3                                                0.000    20.000 r  clk_100m_i (IN)
                         net (fo=0)                   0.000    20.000    clk_100m_i
    E3                   IBUF (Prop_ibuf_I_O)         1.411    21.411 r  clk_100m_i_IBUF_inst/O
                         net (fo=1, routed)           1.162    22.573    clk_100m_i_IBUF
    MMCME2_ADV_X1Y2      MMCME2_ADV (Prop_mmcme2_adv_CLKIN1_CLKOUT0)
                                                     -7.324    15.249 r  u_mmcm/CLKOUT0
                         net (fo=1, routed)           1.639    16.888    clk_50m_unbuf
    BUFGCTRL_X0Y16       BUFG (Prop_bufg_I_O)         0.091    16.979 r  u_bufg_clk50/O
                         net (fo=6978, routed)        1.675    18.655    u_soc_top/gen_cv32e40p_core.u_core/core_i/id_stage_i/clk_50m
    SLICE_X27Y184        FDCE                                         r  u_soc_top/gen_cv32e40p_core.u_core/core_i/id_stage_i/mult_operand_b_ex_o_reg[15]/C
                         clock pessimism              0.569    19.223    
                         clock uncertainty           -0.089    19.135    
    SLICE_X27Y184        FDCE (Setup_fdce_C_D)       -0.067    19.068    u_soc_top/gen_cv32e40p_core.u_core/core_i/id_stage_i/mult_operand_b_ex_o_reg[15]
  -------------------------------------------------------------------
                         required time                         19.068    
                         arrival time                         -18.939    
  -------------------------------------------------------------------
                         slack                                  0.129    

Slack (MET) :             0.131ns  (required time - arrival time)
  Source:                 u_soc_top/gen_cv32e40p_core.u_core/core_i/id_stage_i/alu_operator_ex_o_reg[1]/C
                            (rising edge-triggered cell FDPE clocked by clk_50m_unbuf  {rise@0.000ns fall@10.000ns period=20.000ns})
  Destination:            u_soc_top/gen_cv32e40p_core.u_core/core_i/id_stage_i/alu_operand_a_ex_o_reg[31]/D
                            (rising edge-triggered cell FDCE clocked by clk_50m_unbuf  {rise@0.000ns fall@10.000ns period=20.000ns})
  Path Group:             clk_50m_unbuf
  Path Type:              Setup (Max at Slow Process Corner)
  Requirement:            20.000ns  (clk_50m_unbuf rise@20.000ns - clk_50m_unbuf rise@0.000ns)
  Data Path Delay:        19.674ns  (logic 6.483ns (32.953%)  route 13.191ns (67.047%))
  Logic Levels:           32  (CARRY4=9 LUT2=1 LUT3=1 LUT5=5 LUT6=14 MUXF7=2)
  Clock Path Skew:        -0.040ns (DCD - SCD + CPR)
    Destination Clock Delay (DCD):    -1.347ns = ( 18.653 - 20.000 ) 
    Source Clock Delay      (SCD):    -0.739ns
    Clock Pessimism Removal (CPR):    0.569ns
  Clock Uncertainty:      0.089ns  ((TSJ^2 + DJ^2)^1/2) / 2 + PE
    Total System Jitter     (TSJ):    0.071ns
    Discrete Jitter          (DJ):    0.163ns
    Phase Error              (PE):    0.000ns

    Location             Delay type                Incr(ns)  Path(ns)    Netlist Resource(s)
  -------------------------------------------------------------------    -------------------
                         (clock clk_50m_unbuf rise edge)
                                                      0.000     0.000 r  
    E3                                                0.000     0.000 r  clk_100m_i (IN)
                         net (fo=0)                   0.000     0.000    clk_100m_i
    E3                   IBUF (Prop_ibuf_I_O)         1.482     1.482 r  clk_100m_i_IBUF_inst/O
                         net (fo=1, routed)           1.233     2.715    clk_100m_i_IBUF
    MMCME2_ADV_X1Y2      MMCME2_ADV (Prop_mmcme2_adv_CLKIN1_CLKOUT0)
                                                     -7.070    -4.355 r  u_mmcm/CLKOUT0
                         net (fo=1, routed)           1.719    -2.636    clk_50m_unbuf
    BUFGCTRL_X0Y16       BUFG (Prop_bufg_I_O)         0.096    -2.540 r  u_bufg_clk50/O
                         net (fo=6978, routed)        1.801    -0.739    u_soc_top/gen_cv32e40p_core.u_core/core_i/id_stage_i/clk_50m
    SLICE_X38Y185        FDPE                                         r  u_soc_top/gen_cv32e40p_core.u_core/core_i/id_stage_i/alu_operator_ex_o_reg[1]/C
  -------------------------------------------------------------------    -------------------
    SLICE_X38Y185        FDPE (Prop_fdpe_C_Q)         0.518    -0.221 r  u_soc_top/gen_cv32e40p_core.u_core/core_i/id_stage_i/alu_operator_ex_o_reg[1]/Q
                         net (fo=158, routed)         0.326     0.105    u_soc_top/gen_cv32e40p_core.u_core/alu_operator_ex[1]
    SLICE_X39Y185        LUT2 (Prop_lut2_I0_O)        0.124     0.229 r  u_soc_top/gen_cv32e40p_core.u_core/i___239/O
                         net (fo=32, routed)          1.183     1.412    u_soc_top/gen_cv32e40p_core.u_core/core_i/id_stage_i/register_file_i/BReg_DP[31]_i_111_0
    SLICE_X38Y185        LUT6 (Prop_lut6_I1_O)        0.124     1.536 r  u_soc_top/gen_cv32e40p_core.u_core/core_i/id_stage_i/register_file_i/BReg_DP[31]_i_127/O
                         net (fo=1, routed)           0.306     1.842    u_soc_top/gen_cv32e40p_core.u_core/core_i/id_stage_i/register_file_i/BReg_DP[31]_i_127_n_0
    SLICE_X38Y183        LUT6 (Prop_lut6_I5_O)        0.124     1.966 r  u_soc_top/gen_cv32e40p_core.u_core/core_i/id_stage_i/register_file_i/BReg_DP[31]_i_110/O
                         net (fo=2, routed)           0.442     2.408    u_soc_top/gen_cv32e40p_core.u_core/core_i/id_stage_i/register_file_i/ex_stage_i/alu_i/adder_op_a[1]
    SLICE_X36Y183        LUT5 (Prop_lut5_I0_O)        0.124     2.532 r  u_soc_top/gen_cv32e40p_core.u_core/core_i/id_stage_i/register_file_i/BReg_DP[31]_i_114/O
                         net (fo=1, routed)           0.000     2.532    u_soc_top/gen_cv32e40p_core.u_core/core_i/id_stage_i/register_file_i/BReg_DP[31]_i_114_n_0
    SLICE_X36Y183        CARRY4 (Prop_carry4_S[1]_CO[3])
                                                      0.550     3.082 r  u_soc_top/gen_cv32e40p_core.u_core/core_i/id_stage_i/register_file_i/BReg_DP_reg[31]_i_89/CO[3]
                         net (fo=1, routed)           0.000     3.082    u_soc_top/gen_cv32e40p_core.u_core/core_i/id_stage_i/register_file_i/BReg_DP_reg[31]_i_89_n_0
    SLICE_X36Y184        CARRY4 (Prop_carry4_CI_CO[3])
                                                      0.114     3.196 r  u_soc_top/gen_cv32e40p_core.u_core/core_i/id_stage_i/register_file_i/BReg_DP_reg[24]_i_12/CO[3]
                         net (fo=1, routed)           0.000     3.196    u_soc_top/gen_cv32e40p_core.u_core/core_i/id_stage_i/register_file_i/BReg_DP_reg[24]_i_12_n_0
    SLICE_X36Y185        CARRY4 (Prop_carry4_CI_O[2])
                                                      0.239     3.435 r  u_soc_top/gen_cv32e40p_core.u_core/core_i/id_stage_i/register_file_i/BReg_DP_reg[31]_i_98/O[2]
                         net (fo=3, routed)           0.664     4.100    u_soc_top/gen_cv32e40p_core.u_core/core_i/id_stage_i/register_file_i/ex_stage_i/alu_i/data0[9]
    SLICE_X35Y186        LUT5 (Prop_lut5_I3_O)        0.302     4.402 r  u_soc_top/gen_cv32e40p_core.u_core/core_i/id_stage_i/register_file_i/BReg_DP[31]_i_101/O
                         net (fo=1, routed)           0.000     4.402    u_soc_top/gen_cv32e40p_core.u_core/core_i/id_stage_i/register_file_i/BReg_DP[31]_i_101_n_0
    SLICE_X35Y186        CARRY4 (Prop_carry4_S[1]_CO[3])
                                                      0.550     4.952 r  u_soc_top/gen_cv32e40p_core.u_core/core_i/id_stage_i/register_file_i/BReg_DP_reg[31]_i_83/CO[3]
                         net (fo=1, routed)           0.000     4.952    u_soc_top/gen_cv32e40p_core.u_core/core_i/id_stage_i/register_file_i/BReg_DP_reg[31]_i_83_n_0
    SLICE_X35Y187        CARRY4 (Prop_carry4_CI_CO[3])
                                                      0.114     5.066 r  u_soc_top/gen_cv32e40p_core.u_core/core_i/id_stage_i/register_file_i/BReg_DP_reg[16]_i_11/CO[3]
                         net (fo=1, routed)           0.000     5.066    u_soc_top/gen_cv32e40p_core.u_core/core_i/id_stage_i/register_file_i/BReg_DP_reg[16]_i_11_n_0
    SLICE_X35Y188        CARRY4 (Prop_carry4_CI_CO[3])
                                                      0.114     5.180 r  u_soc_top/gen_cv32e40p_core.u_core/core_i/id_stage_i/register_file_i/BReg_DP_reg[31]_i_84/CO[3]
                         net (fo=1, routed)           0.000     5.180    u_soc_top/gen_cv32e40p_core.u_core/core_i/id_stage_i/register_file_i/BReg_DP_reg[31]_i_84_n_0
    SLICE_X35Y189        CARRY4 (Prop_carry4_CI_CO[3])
                                                      0.114     5.294 r  u_soc_top/gen_cv32e40p_core.u_core/core_i/id_stage_i/register_file_i/BReg_DP_reg[8]_i_8/CO[3]
                         net (fo=1, routed)           0.000     5.294    u_soc_top/gen_cv32e40p_core.u_core/core_i/id_stage_i/register_file_i/BReg_DP_reg[8]_i_8_n_0
    SLICE_X35Y190        CARRY4 (Prop_carry4_CI_CO[3])
                                                      0.114     5.408 r  u_soc_top/gen_cv32e40p_core.u_core/core_i/id_stage_i/register_file_i/BReg_DP_reg[31]_i_82/CO[3]
                         net (fo=1, routed)           0.000     5.408    u_soc_top/gen_cv32e40p_core.u_core/core_i/id_stage_i/register_file_i/BReg_DP_reg[31]_i_82_n_0
    SLICE_X35Y191        CARRY4 (Prop_carry4_CI_O[3])
                                                      0.313     5.721 r  u_soc_top/gen_cv32e40p_core.u_core/core_i/id_stage_i/register_file_i/BReg_DP_reg[0]_i_8/O[3]
                         net (fo=2, routed)           0.373     6.094    u_soc_top/gen_cv32e40p_core.u_core/core_i/id_stage_i/register_file_i/ex_stage_i/alu_i/adder_round_result[31]
    SLICE_X34Y191        LUT6 (Prop_lut6_I2_O)        0.306     6.400 r  u_soc_top/gen_cv32e40p_core.u_core/core_i/id_stage_i/register_file_i/BReg_DP[0]_i_6/O
                         net (fo=61, routed)          1.006     7.405    u_soc_top/gen_cv32e40p_core.u_core/core_i/id_stage_i/register_file_i/shift_right_result126_out
    SLICE_X36Y192        LUT3 (Prop_lut3_I2_O)        0.124     7.529 r  u_soc_top/gen_cv32e40p_core.u_core/core_i/id_stage_i/register_file_i/BReg_DP[26]_i_9/O
                         net (fo=4, routed)           0.880     8.409    u_soc_top/gen_cv32e40p_core.u_core/core_i/id_stage_i/register_file_i/alu_operand_a_ex_o_reg[11][0]
    SLICE_X30Y192        LUT6 (Prop_lut6_I0_O)        0.124     8.533 r  u_soc_top/gen_cv32e40p_core.u_core/core_i/id_stage_i/register_file_i/BReg_DP[26]_i_7/O
                         net (fo=4, routed)           0.617     9.150    u_soc_top/gen_cv32e40p_core.u_core/core_i/id_stage_i/register_file_i/BReg_DP[26]_i_7_n_0
    SLICE_X30Y195        LUT6 (Prop_lut6_I0_O)        0.124     9.274 r  u_soc_top/gen_cv32e40p_core.u_core/core_i/id_stage_i/register_file_i/BReg_DP[26]_i_4/O
                         net (fo=2, routed)           0.651     9.926    u_soc_top/gen_cv32e40p_core.u_core/core_i/id_stage_i/register_file_i/BReg_DP[26]_i_4_n_0
    SLICE_X30Y195        LUT5 (Prop_lut5_I4_O)        0.124    10.050 r  u_soc_top/gen_cv32e40p_core.u_core/core_i/id_stage_i/register_file_i/BReg_DP[25]_i_2/O
                         net (fo=3, routed)           0.780    10.829    u_soc_top/gen_cv32e40p_core.u_core/core_i/id_stage_i/register_file_i/shift_left_result[11]
    SLICE_X38Y195        LUT5 (Prop_lut5_I0_O)        0.124    10.953 r  u_soc_top/gen_cv32e40p_core.u_core/core_i/id_stage_i/register_file_i/i___91__6_i_31/O
                         net (fo=6, routed)           0.789    11.742    u_soc_top/gen_cv32e40p_core.u_core/core_i/id_stage_i/register_file_i/ex_stage_i/alu_i/radix_2_rev[6]
    SLICE_X40Y191        LUT6 (Prop_lut6_I3_O)        0.124    11.866 r  u_soc_top/gen_cv32e40p_core.u_core/core_i/id_stage_i/register_file_i/i___28_i_101/O
                         net (fo=1, routed)           0.000    11.866    u_soc_top/gen_cv32e40p_core.u_core/core_i/id_stage_i/register_file_i/i___28_i_101_n_0
    SLICE_X40Y191        MUXF7 (Prop_muxf7_I0_O)      0.212    12.078 r  u_soc_top/gen_cv32e40p_core.u_core/core_i/id_stage_i/register_file_i/i___28_i_94/O
                         net (fo=1, routed)           0.581    12.659    u_soc_top/gen_cv32e40p_core.u_core/core_i/id_stage_i/register_file_i/i___28_i_94_n_0
    SLICE_X39Y190        LUT6 (Prop_lut6_I4_O)        0.299    12.958 r  u_soc_top/gen_cv32e40p_core.u_core/core_i/id_stage_i/register_file_i/i___28_i_86/O
                         net (fo=64, routed)          0.647    13.605    u_soc_top/gen_cv32e40p_core.u_core/core_i/id_stage_i/register_file_i/ex_stage_i/alu_i/extract_sign
    SLICE_X39Y188        LUT6 (Prop_lut6_I5_O)        0.124    13.729 r  u_soc_top/gen_cv32e40p_core.u_core/core_i/id_stage_i/register_file_i/i___91_i_47/O
                         net (fo=1, routed)           0.467    14.197    u_soc_top/gen_cv32e40p_core.u_core/core_i/id_stage_i/register_file_i/i___91_i_47_n_0
    SLICE_X33Y189        LUT6 (Prop_lut6_I5_O)        0.124    14.321 r  u_soc_top/gen_cv32e40p_core.u_core/core_i/id_stage_i/register_file_i/i___91_i_36/O
                         net (fo=1, routed)           0.491    14.812    u_soc_top/gen_cv32e40p_core.u_core/core_i/id_stage_i/register_file_i/ex_stage_i/alu_i/bextins_result[31]
    SLICE_X24Y188        LUT6 (Prop_lut6_I5_O)        0.124    14.936 r  u_soc_top/gen_cv32e40p_core.u_core/core_i/id_stage_i/register_file_i/i___91_i_26/O
                         net (fo=1, routed)           0.000    14.936    u_soc_top/gen_cv32e40p_core.u_core/core_i/id_stage_i/register_file_i/i___91_i_26_n_0
    SLICE_X24Y188        MUXF7 (Prop_muxf7_I1_O)      0.217    15.153 r  u_soc_top/gen_cv32e40p_core.u_core/core_i/id_stage_i/register_file_i/i___91_i_19/O
                         net (fo=1, routed)           0.444    15.597    u_soc_top/gen_cv32e40p_core.u_core/core_i/id_stage_i/register_file_i/i___91_i_19_n_0
    SLICE_X24Y186        LUT6 (Prop_lut6_I5_O)        0.299    15.896 r  u_soc_top/gen_cv32e40p_core.u_core/core_i/id_stage_i/register_file_i/i___91_i_8/O
                         net (fo=1, routed)           0.489    16.384    u_soc_top/gen_cv32e40p_core.u_core/core_i/id_stage_i/gen_hwloop_regs.hwloop_regs_i/alu_result[26]
    SLICE_X24Y185        LUT6 (Prop_lut6_I0_O)        0.124    16.508 r  u_soc_top/gen_cv32e40p_core.u_core/core_i/id_stage_i/gen_hwloop_regs.hwloop_regs_i/i___91_i_3/O
                         net (fo=37, routed)          0.437    16.946    u_soc_top/gen_cv32e40p_core.u_core/core_i/id_stage_i/register_file_i/mult_operand_a_ex_o_reg[31]_1
    SLICE_X22Y185        LUT6 (Prop_lut6_I4_O)        0.124    17.070 r  u_soc_top/gen_cv32e40p_core.u_core/core_i/id_stage_i/register_file_i/alu_operand_c_ex_o[31]_i_4/O
                         net (fo=2, routed)           0.446    17.515    u_soc_top/gen_cv32e40p_core.u_core/core_i/if_stage_i/mult_dot_op_c_ex_o_reg[31]_0
    SLICE_X22Y185        LUT5 (Prop_lut5_I0_O)        0.124    17.639 r  u_soc_top/gen_cv32e40p_core.u_core/core_i/if_stage_i/alu_operand_a_ex_o[31]_i_5/O
                         net (fo=2, routed)           0.651    18.291    u_soc_top/gen_cv32e40p_core.u_core/core_i/if_stage_i/alu_operand_a_ex_o[31]_i_5_n_0
    SLICE_X23Y184        LUT6 (Prop_lut6_I5_O)        0.124    18.415 r  u_soc_top/gen_cv32e40p_core.u_core/core_i/if_stage_i/alu_operand_a_ex_o[31]_i_2/O
                         net (fo=1, routed)           0.520    18.935    u_soc_top/gen_cv32e40p_core.u_core/core_i/id_stage_i/alu_operand_a_ex_o_reg[31]_6[31]
    SLICE_X31Y184        FDCE                                         r  u_soc_top/gen_cv32e40p_core.u_core/core_i/id_stage_i/alu_operand_a_ex_o_reg[31]/D
  -------------------------------------------------------------------    -------------------

                         (clock clk_50m_unbuf rise edge)
                                                     20.000    20.000 r  
    E3                                                0.000    20.000 r  clk_100m_i (IN)
                         net (fo=0)                   0.000    20.000    clk_100m_i
    E3                   IBUF (Prop_ibuf_I_O)         1.411    21.411 r  clk_100m_i_IBUF_inst/O
                         net (fo=1, routed)           1.162    22.573    clk_100m_i_IBUF
    MMCME2_ADV_X1Y2      MMCME2_ADV (Prop_mmcme2_adv_CLKIN1_CLKOUT0)
                                                     -7.324    15.249 r  u_mmcm/CLKOUT0
                         net (fo=1, routed)           1.639    16.888    clk_50m_unbuf
    BUFGCTRL_X0Y16       BUFG (Prop_bufg_I_O)         0.091    16.979 r  u_bufg_clk50/O
                         net (fo=6978, routed)        1.673    18.653    u_soc_top/gen_cv32e40p_core.u_core/core_i/id_stage_i/clk_50m
    SLICE_X31Y184        FDCE                                         r  u_soc_top/gen_cv32e40p_core.u_core/core_i/id_stage_i/alu_operand_a_ex_o_reg[31]/C
                         clock pessimism              0.569    19.221    
                         clock uncertainty           -0.089    19.133    
    SLICE_X31Y184        FDCE (Setup_fdce_C_D)       -0.067    19.066    u_soc_top/gen_cv32e40p_core.u_core/core_i/id_stage_i/alu_operand_a_ex_o_reg[31]
  -------------------------------------------------------------------
                         required time                         19.066    
                         arrival time                         -18.935    
  -------------------------------------------------------------------
                         slack                                  0.131    

Slack (MET) :             0.139ns  (required time - arrival time)
  Source:                 u_soc_top/gen_cv32e40p_core.u_core/core_i/id_stage_i/alu_operator_ex_o_reg[1]/C
                            (rising edge-triggered cell FDPE clocked by clk_50m_unbuf  {rise@0.000ns fall@10.000ns period=20.000ns})
  Destination:            u_soc_top/gen_cv32e40p_core.u_core/core_i/id_stage_i/mult_dot_op_b_ex_o_reg[28]/D
                            (rising edge-triggered cell FDCE clocked by clk_50m_unbuf  {rise@0.000ns fall@10.000ns period=20.000ns})
  Path Group:             clk_50m_unbuf
  Path Type:              Setup (Max at Slow Process Corner)
  Requirement:            20.000ns  (clk_50m_unbuf rise@20.000ns - clk_50m_unbuf rise@0.000ns)
  Data Path Delay:        19.711ns  (logic 6.483ns (32.889%)  route 13.228ns (67.111%))
  Logic Levels:           32  (CARRY4=9 LUT2=1 LUT3=1 LUT5=4 LUT6=15 MUXF7=2)
  Clock Path Skew:        -0.045ns (DCD - SCD + CPR)
    Destination Clock Delay (DCD):    -1.352ns = ( 18.648 - 20.000 ) 
    Source Clock Delay      (SCD):    -0.739ns
    Clock Pessimism Removal (CPR):    0.569ns
  Clock Uncertainty:      0.089ns  ((TSJ^2 + DJ^2)^1/2) / 2 + PE
    Total System Jitter     (TSJ):    0.071ns
    Discrete Jitter          (DJ):    0.163ns
    Phase Error              (PE):    0.000ns

    Location             Delay type                Incr(ns)  Path(ns)    Netlist Resource(s)
  -------------------------------------------------------------------    -------------------
                         (clock clk_50m_unbuf rise edge)
                                                      0.000     0.000 r  
    E3                                                0.000     0.000 r  clk_100m_i (IN)
                         net (fo=0)                   0.000     0.000    clk_100m_i
    E3                   IBUF (Prop_ibuf_I_O)         1.482     1.482 r  clk_100m_i_IBUF_inst/O
                         net (fo=1, routed)           1.233     2.715    clk_100m_i_IBUF
    MMCME2_ADV_X1Y2      MMCME2_ADV (Prop_mmcme2_adv_CLKIN1_CLKOUT0)
                                                     -7.070    -4.355 r  u_mmcm/CLKOUT0
                         net (fo=1, routed)           1.719    -2.636    clk_50m_unbuf
    BUFGCTRL_X0Y16       BUFG (Prop_bufg_I_O)         0.096    -2.540 r  u_bufg_clk50/O
                         net (fo=6978, routed)        1.801    -0.739    u_soc_top/gen_cv32e40p_core.u_core/core_i/id_stage_i/clk_50m
    SLICE_X38Y185        FDPE                                         r  u_soc_top/gen_cv32e40p_core.u_core/core_i/id_stage_i/alu_operator_ex_o_reg[1]/C
  -------------------------------------------------------------------    -------------------
    SLICE_X38Y185        FDPE (Prop_fdpe_C_Q)         0.518    -0.221 r  u_soc_top/gen_cv32e40p_core.u_core/core_i/id_stage_i/alu_operator_ex_o_reg[1]/Q
                         net (fo=158, routed)         0.326     0.105    u_soc_top/gen_cv32e40p_core.u_core/alu_operator_ex[1]
    SLICE_X39Y185        LUT2 (Prop_lut2_I0_O)        0.124     0.229 r  u_soc_top/gen_cv32e40p_core.u_core/i___239/O
                         net (fo=32, routed)          1.183     1.412    u_soc_top/gen_cv32e40p_core.u_core/core_i/id_stage_i/register_file_i/BReg_DP[31]_i_111_0
    SLICE_X38Y185        LUT6 (Prop_lut6_I1_O)        0.124     1.536 r  u_soc_top/gen_cv32e40p_core.u_core/core_i/id_stage_i/register_file_i/BReg_DP[31]_i_127/O
                         net (fo=1, routed)           0.306     1.842    u_soc_top/gen_cv32e40p_core.u_core/core_i/id_stage_i/register_file_i/BReg_DP[31]_i_127_n_0
    SLICE_X38Y183        LUT6 (Prop_lut6_I5_O)        0.124     1.966 r  u_soc_top/gen_cv32e40p_core.u_core/core_i/id_stage_i/register_file_i/BReg_DP[31]_i_110/O
                         net (fo=2, routed)           0.442     2.408    u_soc_top/gen_cv32e40p_core.u_core/core_i/id_stage_i/register_file_i/ex_stage_i/alu_i/adder_op_a[1]
    SLICE_X36Y183        LUT5 (Prop_lut5_I0_O)        0.124     2.532 r  u_soc_top/gen_cv32e40p_core.u_core/core_i/id_stage_i/register_file_i/BReg_DP[31]_i_114/O
                         net (fo=1, routed)           0.000     2.532    u_soc_top/gen_cv32e40p_core.u_core/core_i/id_stage_i/register_file_i/BReg_DP[31]_i_114_n_0
    SLICE_X36Y183        CARRY4 (Prop_carry4_S[1]_CO[3])
                                                      0.550     3.082 r  u_soc_top/gen_cv32e40p_core.u_core/core_i/id_stage_i/register_file_i/BReg_DP_reg[31]_i_89/CO[3]
                         net (fo=1, routed)           0.000     3.082    u_soc_top/gen_cv32e40p_core.u_core/core_i/id_stage_i/register_file_i/BReg_DP_reg[31]_i_89_n_0
    SLICE_X36Y184        CARRY4 (Prop_carry4_CI_CO[3])
                                                      0.114     3.196 r  u_soc_top/gen_cv32e40p_core.u_core/core_i/id_stage_i/register_file_i/BReg_DP_reg[24]_i_12/CO[3]
                         net (fo=1, routed)           0.000     3.196    u_soc_top/gen_cv32e40p_core.u_core/core_i/id_stage_i/register_file_i/BReg_DP_reg[24]_i_12_n_0
    SLICE_X36Y185        CARRY4 (Prop_carry4_CI_O[2])
                                                      0.239     3.435 r  u_soc_top/gen_cv32e40p_core.u_core/core_i/id_stage_i/register_file_i/BReg_DP_reg[31]_i_98/O[2]
                         net (fo=3, routed)           0.664     4.100    u_soc_top/gen_cv32e40p_core.u_core/core_i/id_stage_i/register_file_i/ex_stage_i/alu_i/data0[9]
    SLICE_X35Y186        LUT5 (Prop_lut5_I3_O)        0.302     4.402 r  u_soc_top/gen_cv32e40p_core.u_core/core_i/id_stage_i/register_file_i/BReg_DP[31]_i_101/O
                         net (fo=1, routed)           0.000     4.402    u_soc_top/gen_cv32e40p_core.u_core/core_i/id_stage_i/register_file_i/BReg_DP[31]_i_101_n_0
    SLICE_X35Y186        CARRY4 (Prop_carry4_S[1]_CO[3])
                                                      0.550     4.952 r  u_soc_top/gen_cv32e40p_core.u_core/core_i/id_stage_i/register_file_i/BReg_DP_reg[31]_i_83/CO[3]
                         net (fo=1, routed)           0.000     4.952    u_soc_top/gen_cv32e40p_core.u_core/core_i/id_stage_i/register_file_i/BReg_DP_reg[31]_i_83_n_0
    SLICE_X35Y187        CARRY4 (Prop_carry4_CI_CO[3])
                                                      0.114     5.066 r  u_soc_top/gen_cv32e40p_core.u_core/core_i/id_stage_i/register_file_i/BReg_DP_reg[16]_i_11/CO[3]
                         net (fo=1, routed)           0.000     5.066    u_soc_top/gen_cv32e40p_core.u_core/core_i/id_stage_i/register_file_i/BReg_DP_reg[16]_i_11_n_0
    SLICE_X35Y188        CARRY4 (Prop_carry4_CI_CO[3])
                                                      0.114     5.180 r  u_soc_top/gen_cv32e40p_core.u_core/core_i/id_stage_i/register_file_i/BReg_DP_reg[31]_i_84/CO[3]
                         net (fo=1, routed)           0.000     5.180    u_soc_top/gen_cv32e40p_core.u_core/core_i/id_stage_i/register_file_i/BReg_DP_reg[31]_i_84_n_0
    SLICE_X35Y189        CARRY4 (Prop_carry4_CI_CO[3])
                                                      0.114     5.294 r  u_soc_top/gen_cv32e40p_core.u_core/core_i/id_stage_i/register_file_i/BReg_DP_reg[8]_i_8/CO[3]
                         net (fo=1, routed)           0.000     5.294    u_soc_top/gen_cv32e40p_core.u_core/core_i/id_stage_i/register_file_i/BReg_DP_reg[8]_i_8_n_0
    SLICE_X35Y190        CARRY4 (Prop_carry4_CI_CO[3])
                                                      0.114     5.408 r  u_soc_top/gen_cv32e40p_core.u_core/core_i/id_stage_i/register_file_i/BReg_DP_reg[31]_i_82/CO[3]
                         net (fo=1, routed)           0.000     5.408    u_soc_top/gen_cv32e40p_core.u_core/core_i/id_stage_i/register_file_i/BReg_DP_reg[31]_i_82_n_0
    SLICE_X35Y191        CARRY4 (Prop_carry4_CI_O[3])
                                                      0.313     5.721 r  u_soc_top/gen_cv32e40p_core.u_core/core_i/id_stage_i/register_file_i/BReg_DP_reg[0]_i_8/O[3]
                         net (fo=2, routed)           0.373     6.094    u_soc_top/gen_cv32e40p_core.u_core/core_i/id_stage_i/register_file_i/ex_stage_i/alu_i/adder_round_result[31]
    SLICE_X34Y191        LUT6 (Prop_lut6_I2_O)        0.306     6.400 r  u_soc_top/gen_cv32e40p_core.u_core/core_i/id_stage_i/register_file_i/BReg_DP[0]_i_6/O
                         net (fo=61, routed)          1.006     7.405    u_soc_top/gen_cv32e40p_core.u_core/core_i/id_stage_i/register_file_i/shift_right_result126_out
    SLICE_X36Y192        LUT3 (Prop_lut3_I2_O)        0.124     7.529 r  u_soc_top/gen_cv32e40p_core.u_core/core_i/id_stage_i/register_file_i/BReg_DP[26]_i_9/O
                         net (fo=4, routed)           0.880     8.409    u_soc_top/gen_cv32e40p_core.u_core/core_i/id_stage_i/register_file_i/alu_operand_a_ex_o_reg[11][0]
    SLICE_X30Y192        LUT6 (Prop_lut6_I0_O)        0.124     8.533 r  u_soc_top/gen_cv32e40p_core.u_core/core_i/id_stage_i/register_file_i/BReg_DP[26]_i_7/O
                         net (fo=4, routed)           0.617     9.150    u_soc_top/gen_cv32e40p_core.u_core/core_i/id_stage_i/register_file_i/BReg_DP[26]_i_7_n_0
    SLICE_X30Y195        LUT6 (Prop_lut6_I0_O)        0.124     9.274 r  u_soc_top/gen_cv32e40p_core.u_core/core_i/id_stage_i/register_file_i/BReg_DP[26]_i_4/O
                         net (fo=2, routed)           0.651     9.926    u_soc_top/gen_cv32e40p_core.u_core/core_i/id_stage_i/register_file_i/BReg_DP[26]_i_4_n_0
    SLICE_X30Y195        LUT5 (Prop_lut5_I4_O)        0.124    10.050 r  u_soc_top/gen_cv32e40p_core.u_core/core_i/id_stage_i/register_file_i/BReg_DP[25]_i_2/O
                         net (fo=3, routed)           0.780    10.829    u_soc_top/gen_cv32e40p_core.u_core/core_i/id_stage_i/register_file_i/shift_left_result[11]
    SLICE_X38Y195        LUT5 (Prop_lut5_I0_O)        0.124    10.953 r  u_soc_top/gen_cv32e40p_core.u_core/core_i/id_stage_i/register_file_i/i___91__6_i_31/O
                         net (fo=6, routed)           0.789    11.742    u_soc_top/gen_cv32e40p_core.u_core/core_i/id_stage_i/register_file_i/ex_stage_i/alu_i/radix_2_rev[6]
    SLICE_X40Y191        LUT6 (Prop_lut6_I3_O)        0.124    11.866 r  u_soc_top/gen_cv32e40p_core.u_core/core_i/id_stage_i/register_file_i/i___28_i_101/O
                         net (fo=1, routed)           0.000    11.866    u_soc_top/gen_cv32e40p_core.u_core/core_i/id_stage_i/register_file_i/i___28_i_101_n_0
    SLICE_X40Y191        MUXF7 (Prop_muxf7_I0_O)      0.212    12.078 r  u_soc_top/gen_cv32e40p_core.u_core/core_i/id_stage_i/register_file_i/i___28_i_94/O
                         net (fo=1, routed)           0.581    12.659    u_soc_top/gen_cv32e40p_core.u_core/core_i/id_stage_i/register_file_i/i___28_i_94_n_0
    SLICE_X39Y190        LUT6 (Prop_lut6_I4_O)        0.299    12.958 r  u_soc_top/gen_cv32e40p_core.u_core/core_i/id_stage_i/register_file_i/i___28_i_86/O
                         net (fo=64, routed)          0.873    13.831    u_soc_top/gen_cv32e40p_core.u_core/core_i/id_stage_i/register_file_i/ex_stage_i/alu_i/extract_sign
    SLICE_X43Y189        LUT6 (Prop_lut6_I5_O)        0.124    13.955 r  u_soc_top/gen_cv32e40p_core.u_core/core_i/id_stage_i/register_file_i/i___91__30_i_36/O
                         net (fo=1, routed)           0.489    14.444    u_soc_top/gen_cv32e40p_core.u_core/core_i/id_stage_i/register_file_i/i___91__30_i_36_n_0
    SLICE_X47Y186        LUT6 (Prop_lut6_I5_O)        0.124    14.568 r  u_soc_top/gen_cv32e40p_core.u_core/core_i/id_stage_i/register_file_i/i___91__30_i_32/O
                         net (fo=1, routed)           0.436    15.004    u_soc_top/gen_cv32e40p_core.u_core/core_i/id_stage_i/register_file_i/ex_stage_i/alu_i/bextins_result[4]
    SLICE_X47Y185        LUT6 (Prop_lut6_I5_O)        0.124    15.128 r  u_soc_top/gen_cv32e40p_core.u_core/core_i/id_stage_i/register_file_i/i___91__30_i_25/O
                         net (fo=1, routed)           0.000    15.128    u_soc_top/gen_cv32e40p_core.u_core/core_i/id_stage_i/register_file_i/i___91__30_i_25_n_0
    SLICE_X47Y185        MUXF7 (Prop_muxf7_I1_O)      0.217    15.345 r  u_soc_top/gen_cv32e40p_core.u_core/core_i/id_stage_i/register_file_i/i___91__30_i_12/O
                         net (fo=1, routed)           0.411    15.756    u_soc_top/gen_cv32e40p_core.u_core/core_i/id_stage_i/register_file_i/i___91__30_i_12_n_0
    SLICE_X48Y185        LUT6 (Prop_lut6_I5_O)        0.299    16.055 r  u_soc_top/gen_cv32e40p_core.u_core/core_i/id_stage_i/register_file_i/i___91__30_i_4/O
                         net (fo=2, routed)           0.477    16.532    u_soc_top/gen_cv32e40p_core.u_core/core_i/id_stage_i/gen_hwloop_regs.hwloop_regs_i/alu_result[4]
    SLICE_X49Y184        LUT6 (Prop_lut6_I3_O)        0.124    16.656 r  u_soc_top/gen_cv32e40p_core.u_core/core_i/id_stage_i/gen_hwloop_regs.hwloop_regs_i/i___91__30_i_2/O
                         net (fo=36, routed)          0.550    17.206    u_soc_top/gen_cv32e40p_core.u_core/core_i/id_stage_i/gen_hwloop_regs.hwloop_regs_i/csr_access_ex_o_reg_2
    SLICE_X50Y184        LUT6 (Prop_lut6_I2_O)        0.124    17.330 r  u_soc_top/gen_cv32e40p_core.u_core/core_i/id_stage_i/gen_hwloop_regs.hwloop_regs_i/i___60_i_1/O
                         net (fo=4, routed)           0.343    17.673    u_soc_top/gen_cv32e40p_core.u_core/core_i/if_stage_i/mult_dot_op_c_ex_o_reg[4]_0
    SLICE_X49Y185        LUT6 (Prop_lut6_I3_O)        0.124    17.797 r  u_soc_top/gen_cv32e40p_core.u_core/core_i/if_stage_i/mult_operand_b_ex_o[4]_i_1/O
                         net (fo=9, routed)           0.718    18.515    u_soc_top/gen_cv32e40p_core.u_core/core_i/if_stage_i/operand_b[4]
    SLICE_X45Y186        LUT6 (Prop_lut6_I0_O)        0.124    18.639 r  u_soc_top/gen_cv32e40p_core.u_core/core_i/if_stage_i/mult_operand_b_ex_o[28]_i_1/O
                         net (fo=2, routed)           0.334    18.973    u_soc_top/gen_cv32e40p_core.u_core/core_i/id_stage_i/mult_operand_b_ex_o_reg[31]_1[20]
    SLICE_X42Y186        FDCE                                         r  u_soc_top/gen_cv32e40p_core.u_core/core_i/id_stage_i/mult_dot_op_b_ex_o_reg[28]/D
  -------------------------------------------------------------------    -------------------

                         (clock clk_50m_unbuf rise edge)
                                                     20.000    20.000 r  
    E3                                                0.000    20.000 r  clk_100m_i (IN)
                         net (fo=0)                   0.000    20.000    clk_100m_i
    E3                   IBUF (Prop_ibuf_I_O)         1.411    21.411 r  clk_100m_i_IBUF_inst/O
                         net (fo=1, routed)           1.162    22.573    clk_100m_i_IBUF
    MMCME2_ADV_X1Y2      MMCME2_ADV (Prop_mmcme2_adv_CLKIN1_CLKOUT0)
                                                     -7.324    15.249 r  u_mmcm/CLKOUT0
                         net (fo=1, routed)           1.639    16.888    clk_50m_unbuf
    BUFGCTRL_X0Y16       BUFG (Prop_bufg_I_O)         0.091    16.979 r  u_bufg_clk50/O
                         net (fo=6978, routed)        1.668    18.648    u_soc_top/gen_cv32e40p_core.u_core/core_i/id_stage_i/clk_50m
    SLICE_X42Y186        FDCE                                         r  u_soc_top/gen_cv32e40p_core.u_core/core_i/id_stage_i/mult_dot_op_b_ex_o_reg[28]/C
                         clock pessimism              0.569    19.216    
                         clock uncertainty           -0.089    19.128    
    SLICE_X42Y186        FDCE (Setup_fdce_C_D)       -0.016    19.112    u_soc_top/gen_cv32e40p_core.u_core/core_i/id_stage_i/mult_dot_op_b_ex_o_reg[28]
  -------------------------------------------------------------------
                         required time                         19.112    
                         arrival time                         -18.973    
  -------------------------------------------------------------------
                         slack                                  0.139    

Slack (MET) :             0.139ns  (arrival time - required time)
  Source:                 u_soc_top/u_peripherals/u_spi_master/u_spi_core/rx_ch2_latch_q_reg[22]/C
                            (rising edge-triggered cell FDCE clocked by clk_50m_unbuf  {rise@0.000ns fall@10.000ns period=20.000ns})
  Destination:            u_soc_top/u_peripherals/u_dma/bank1_mem_reg[5][22]/D
                            (rising edge-triggered cell FDRE clocked by clk_50m_unbuf  {rise@0.000ns fall@10.000ns period=20.000ns})
  Path Group:             clk_50m_unbuf
  Path Type:              Hold (Min at Fast Process Corner)
  Requirement:            0.000ns  (clk_50m_unbuf rise@0.000ns - clk_50m_unbuf rise@0.000ns)
  Data Path Delay:        0.494ns  (logic 0.186ns (37.650%)  route 0.308ns (62.350%))
  Logic Levels:           1  (LUT5=1)
  Clock Path Skew:        0.263ns (DCD - SCD - CPR)
    Destination Clock Delay (DCD):    -0.759ns
    Source Clock Delay      (SCD):    -0.522ns
    Clock Pessimism Removal (CPR):    -0.500ns

    Location             Delay type                Incr(ns)  Path(ns)    Netlist Resource(s)
  -------------------------------------------------------------------    -------------------
                         (clock clk_50m_unbuf rise edge)
                                                      0.000     0.000 r  
    E3                                                0.000     0.000 r  clk_100m_i (IN)
                         net (fo=0)                   0.000     0.000    clk_100m_i
    E3                   IBUF (Prop_ibuf_I_O)         0.250     0.250 r  clk_100m_i_IBUF_inst/O
                         net (fo=1, routed)           0.440     0.690    clk_100m_i_IBUF
    MMCME2_ADV_X1Y2      MMCME2_ADV (Prop_mmcme2_adv_CLKIN1_CLKOUT0)
                                                     -2.379    -1.689 r  u_mmcm/CLKOUT0
                         net (fo=1, routed)           0.499    -1.190    clk_50m_unbuf
    BUFGCTRL_X0Y16       BUFG (Prop_bufg_I_O)         0.026    -1.164 r  u_bufg_clk50/O
                         net (fo=6978, routed)        0.642    -0.522    u_soc_top/u_peripherals/u_spi_master/u_spi_core/clk_50m
    SLICE_X47Y153        FDCE                                         r  u_soc_top/u_peripherals/u_spi_master/u_spi_core/rx_ch2_latch_q_reg[22]/C
  -------------------------------------------------------------------    -------------------
    SLICE_X47Y153        FDCE (Prop_fdce_C_Q)         0.141    -0.381 r  u_soc_top/u_peripherals/u_spi_master/u_spi_core/rx_ch2_latch_q_reg[22]/Q
                         net (fo=8, routed)           0.308    -0.073    u_soc_top/u_peripherals/u_dma/bank0_mem_reg[65][31]_1[22]
    SLICE_X55Y155        LUT5 (Prop_lut5_I4_O)        0.045    -0.028 r  u_soc_top/u_peripherals/u_dma/bank0_mem[5][22]_i_1/O
                         net (fo=16, routed)          0.000    -0.028    u_soc_top/u_peripherals/u_dma/bank0_mem[5][22]_i_1_n_0
    SLICE_X55Y155        FDRE                                         r  u_soc_top/u_peripherals/u_dma/bank1_mem_reg[5][22]/D
  -------------------------------------------------------------------    -------------------

                         (clock clk_50m_unbuf rise edge)
                                                      0.000     0.000 r  
    E3                                                0.000     0.000 r  clk_100m_i (IN)
                         net (fo=0)                   0.000     0.000    clk_100m_i
    E3                   IBUF (Prop_ibuf_I_O)         0.438     0.438 r  clk_100m_i_IBUF_inst/O
                         net (fo=1, routed)           0.480     0.918    clk_100m_i_IBUF
    MMCME2_ADV_X1Y2      MMCME2_ADV (Prop_mmcme2_adv_CLKIN1_CLKOUT0)
                                                     -3.163    -2.245 r  u_mmcm/CLKOUT0
                         net (fo=1, routed)           0.544    -1.702    clk_50m_unbuf
    BUFGCTRL_X0Y16       BUFG (Prop_bufg_I_O)         0.029    -1.673 r  u_bufg_clk50/O
                         net (fo=6978, routed)        0.914    -0.759    u_soc_top/u_peripherals/u_dma/clk_50m
    SLICE_X55Y155        FDRE                                         r  u_soc_top/u_peripherals/u_dma/bank1_mem_reg[5][22]/C
                         clock pessimism              0.500    -0.259    
    SLICE_X55Y155        FDRE (Hold_fdre_C_D)         0.092    -0.167    u_soc_top/u_peripherals/u_dma/bank1_mem_reg[5][22]
  -------------------------------------------------------------------
                         required time                          0.167    
                         arrival time                          -0.028    
  -------------------------------------------------------------------
                         slack                                  0.139    

Slack (MET) :             0.151ns  (arrival time - required time)
  Source:                 u_soc_top/u_peripherals/u_timer/reload_q_reg[9]/C
                            (rising edge-triggered cell FDCE clocked by clk_50m_unbuf  {rise@0.000ns fall@10.000ns period=20.000ns})
  Destination:            u_soc_top/u_peripherals/u_timer/counter_q_reg[9]/D
                            (rising edge-triggered cell FDCE clocked by clk_50m_unbuf  {rise@0.000ns fall@10.000ns period=20.000ns})
  Path Group:             clk_50m_unbuf
  Path Type:              Hold (Min at Fast Process Corner)
  Requirement:            0.000ns  (clk_50m_unbuf rise@0.000ns - clk_50m_unbuf rise@0.000ns)
  Data Path Delay:        0.256ns  (logic 0.186ns (72.764%)  route 0.070ns (27.236%))
  Logic Levels:           1  (LUT5=1)
  Clock Path Skew:        0.013ns (DCD - SCD - CPR)
    Destination Clock Delay (DCD):    -0.753ns
    Source Clock Delay      (SCD):    -0.520ns
    Clock Pessimism Removal (CPR):    -0.246ns

    Location             Delay type                Incr(ns)  Path(ns)    Netlist Resource(s)
  -------------------------------------------------------------------    -------------------
                         (clock clk_50m_unbuf rise edge)
                                                      0.000     0.000 r  
    E3                                                0.000     0.000 r  clk_100m_i (IN)
                         net (fo=0)                   0.000     0.000    clk_100m_i
    E3                   IBUF (Prop_ibuf_I_O)         0.250     0.250 r  clk_100m_i_IBUF_inst/O
                         net (fo=1, routed)           0.440     0.690    clk_100m_i_IBUF
    MMCME2_ADV_X1Y2      MMCME2_ADV (Prop_mmcme2_adv_CLKIN1_CLKOUT0)
                                                     -2.379    -1.689 r  u_mmcm/CLKOUT0
                         net (fo=1, routed)           0.499    -1.190    clk_50m_unbuf
    BUFGCTRL_X0Y16       BUFG (Prop_bufg_I_O)         0.026    -1.164 r  u_bufg_clk50/O
                         net (fo=6978, routed)        0.644    -0.520    u_soc_top/u_peripherals/u_timer/clk_50m
    SLICE_X41Y155        FDCE                                         r  u_soc_top/u_peripherals/u_timer/reload_q_reg[9]/C
  -------------------------------------------------------------------    -------------------
    SLICE_X41Y155        FDCE (Prop_fdce_C_Q)         0.141    -0.379 r  u_soc_top/u_peripherals/u_timer/reload_q_reg[9]/Q
                         net (fo=2, routed)           0.070    -0.309    u_soc_top/u_peripherals/u_timer/reload_q_reg[31]_0[6]
    SLICE_X40Y155        LUT5 (Prop_lut5_I2_O)        0.045    -0.264 r  u_soc_top/u_peripherals/u_timer/counter_q[9]_i_1/O
                         net (fo=1, routed)           0.000    -0.264    u_soc_top/u_peripherals/u_timer/counter_q[9]_i_1_n_0
    SLICE_X40Y155        FDCE                                         r  u_soc_top/u_peripherals/u_timer/counter_q_reg[9]/D
  -------------------------------------------------------------------    -------------------

                         (clock clk_50m_unbuf rise edge)
                                                      0.000     0.000 r  
    E3                                                0.000     0.000 r  clk_100m_i (IN)
                         net (fo=0)                   0.000     0.000    clk_100m_i
    E3                   IBUF (Prop_ibuf_I_O)         0.438     0.438 r  clk_100m_i_IBUF_inst/O
                         net (fo=1, routed)           0.480     0.918    clk_100m_i_IBUF
    MMCME2_ADV_X1Y2      MMCME2_ADV (Prop_mmcme2_adv_CLKIN1_CLKOUT0)
                                                     -3.163    -2.245 r  u_mmcm/CLKOUT0
                         net (fo=1, routed)           0.544    -1.702    clk_50m_unbuf
    BUFGCTRL_X0Y16       BUFG (Prop_bufg_I_O)         0.029    -1.673 r  u_bufg_clk50/O
                         net (fo=6978, routed)        0.920    -0.753    u_soc_top/u_peripherals/u_timer/clk_50m
    SLICE_X40Y155        FDCE                                         r  u_soc_top/u_peripherals/u_timer/counter_q_reg[9]/C
                         clock pessimism              0.246    -0.507    
    SLICE_X40Y155        FDCE (Hold_fdce_C_D)         0.092    -0.415    u_soc_top/u_peripherals/u_timer/counter_q_reg[9]
  -------------------------------------------------------------------
                         required time                          0.415    
                         arrival time                          -0.264    
  -------------------------------------------------------------------
                         slack                                  0.151    

Slack (MET) :             0.152ns  (arrival time - required time)
  Source:                 u_soc_top/u_peripherals/u_timer/reload_q_reg[21]/C
                            (rising edge-triggered cell FDCE clocked by clk_50m_unbuf  {rise@0.000ns fall@10.000ns period=20.000ns})
  Destination:            u_soc_top/u_peripherals/u_timer/counter_q_reg[21]/D
                            (rising edge-triggered cell FDCE clocked by clk_50m_unbuf  {rise@0.000ns fall@10.000ns period=20.000ns})
  Path Group:             clk_50m_unbuf
  Path Type:              Hold (Min at Fast Process Corner)
  Requirement:            0.000ns  (clk_50m_unbuf rise@0.000ns - clk_50m_unbuf rise@0.000ns)
  Data Path Delay:        0.285ns  (logic 0.186ns (65.209%)  route 0.099ns (34.791%))
  Logic Levels:           1  (LUT5=1)
  Clock Path Skew:        0.013ns (DCD - SCD - CPR)
    Destination Clock Delay (DCD):    -0.756ns
    Source Clock Delay      (SCD):    -0.522ns
    Clock Pessimism Removal (CPR):    -0.247ns

    Location             Delay type                Incr(ns)  Path(ns)    Netlist Resource(s)
  -------------------------------------------------------------------    -------------------
                         (clock clk_50m_unbuf rise edge)
                                                      0.000     0.000 r  
    E3                                                0.000     0.000 r  clk_100m_i (IN)
                         net (fo=0)                   0.000     0.000    clk_100m_i
    E3                   IBUF (Prop_ibuf_I_O)         0.250     0.250 r  clk_100m_i_IBUF_inst/O
                         net (fo=1, routed)           0.440     0.690    clk_100m_i_IBUF
    MMCME2_ADV_X1Y2      MMCME2_ADV (Prop_mmcme2_adv_CLKIN1_CLKOUT0)
                                                     -2.379    -1.689 r  u_mmcm/CLKOUT0
                         net (fo=1, routed)           0.499    -1.190    clk_50m_unbuf
    BUFGCTRL_X0Y16       BUFG (Prop_bufg_I_O)         0.026    -1.164 r  u_bufg_clk50/O
                         net (fo=6978, routed)        0.642    -0.522    u_soc_top/u_peripherals/u_timer/clk_50m
    SLICE_X43Y161        FDCE                                         r  u_soc_top/u_peripherals/u_timer/reload_q_reg[21]/C
  -------------------------------------------------------------------    -------------------
    SLICE_X43Y161        FDCE (Prop_fdce_C_Q)         0.141    -0.381 r  u_soc_top/u_peripherals/u_timer/reload_q_reg[21]/Q
                         net (fo=2, routed)           0.099    -0.282    u_soc_top/u_peripherals/u_timer/reload_q_reg[31]_0[18]
    SLICE_X42Y161        LUT5 (Prop_lut5_I2_O)        0.045    -0.237 r  u_soc_top/u_peripherals/u_timer/counter_q[21]_i_1/O
                         net (fo=1, routed)           0.000    -0.237    u_soc_top/u_peripherals/u_timer/counter_q[21]_i_1_n_0
    SLICE_X42Y161        FDCE                                         r  u_soc_top/u_peripherals/u_timer/counter_q_reg[21]/D
  -------------------------------------------------------------------    -------------------

                         (clock clk_50m_unbuf rise edge)
                                                      0.000     0.000 r  
    E3                                                0.000     0.000 r  clk_100m_i (IN)
                         net (fo=0)                   0.000     0.000    clk_100m_i
    E3                   IBUF (Prop_ibuf_I_O)         0.438     0.438 r  clk_100m_i_IBUF_inst/O
                         net (fo=1, routed)           0.480     0.918    clk_100m_i_IBUF
    MMCME2_ADV_X1Y2      MMCME2_ADV (Prop_mmcme2_adv_CLKIN1_CLKOUT0)
                                                     -3.163    -2.245 r  u_mmcm/CLKOUT0
                         net (fo=1, routed)           0.544    -1.702    clk_50m_unbuf
    BUFGCTRL_X0Y16       BUFG (Prop_bufg_I_O)         0.029    -1.673 r  u_bufg_clk50/O
                         net (fo=6978, routed)        0.917    -0.756    u_soc_top/u_peripherals/u_timer/clk_50m
    SLICE_X42Y161        FDCE                                         r  u_soc_top/u_peripherals/u_timer/counter_q_reg[21]/C
                         clock pessimism              0.247    -0.509    
    SLICE_X42Y161        FDCE (Hold_fdce_C_D)         0.120    -0.389    u_soc_top/u_peripherals/u_timer/counter_q_reg[21]
  -------------------------------------------------------------------
                         required time                          0.389    
                         arrival time                          -0.237    
  -------------------------------------------------------------------
                         slack                                  0.152    




