
****** Vivado v2023.2 (64-bit)
  **** SW Build 4029153 on Fri Oct 13 20:14:34 MDT 2023
  **** IP Build 4028589 on Sat Oct 14 00:45:43 MDT 2023
  **** SharedData Build 4025554 on Tue Oct 10 17:18:54 MDT 2023
    ** Copyright 1986-2022 Xilinx, Inc. All Rights Reserved.
    ** Copyright 2022-2023 Advanced Micro Devices, Inc. All Rights Reserved.

source run_synth.tcl -notrace
================================================================
  VIVADO SYNTHESIS & IMPLEMENTATION: CV32E40P ECG SOC          
  Project Root: E:/ResearchOnWork/RISC_V_CORE
  Target Part:  xc7a100tcsg324-1
  Top Module:   ecg_arty_top
  Output Dir:   E:/ResearchOnWork/RISC_V_CORE/Synthesis/fpga/ecg_artix7/reports
================================================================
[PASS] Preflight checks passed. Core RTL and boot image verified.
create_project: Time (s): cpu = 00:00:08 ; elapsed = 00:00:08 . Memory (MB): peak = 567.719 ; gain = 184.168
=== [1/5] RUNNING SYNTHESIS FOR ecg_arty_top ON xc7a100tcsg324-1 ===
Command: synth_design -top ecg_arty_top -part xc7a100tcsg324-1 -flatten_hierarchy rebuilt -generic BOOT_HEX=E:/ResearchOnWork/RISC_V_CORE/Firmware/build/hello.hex
Starting synth_design
Attempting to get a license for feature 'Synthesis' and/or device 'xc7a100t'
INFO: [Common 17-349] Got license for feature 'Synthesis' and/or device 'xc7a100t'
INFO: [Device 21-403] Loading part xc7a100tcsg324-1
INFO: [Synth 8-7079] Multithreading enabled for synth_design using a maximum of 2 processes.
INFO: [Synth 8-7078] Launching helper process for spawning children vivado processes
INFO: [Synth 8-7075] Helper process launched with PID 34796
---------------------------------------------------------------------------------
Starting RTL Elaboration : Time (s): cpu = 00:00:07 ; elapsed = 00:00:07 . Memory (MB): peak = 1416.789 ; gain = 440.180
---------------------------------------------------------------------------------
WARNING: [Synth 8-11067] parameter 'APU_NARGS_CPU' declared inside package 'cv32e40p_apu_core_pkg' shall be treated as localparam [E:/ResearchOnWork/RISC_V_CORE/cv32e40p/rtl/include/cv32e40p_apu_core_pkg.sv:25]
WARNING: [Synth 8-11067] parameter 'APU_WOP_CPU' declared inside package 'cv32e40p_apu_core_pkg' shall be treated as localparam [E:/ResearchOnWork/RISC_V_CORE/cv32e40p/rtl/include/cv32e40p_apu_core_pkg.sv:26]
WARNING: [Synth 8-11067] parameter 'APU_NDSFLAGS_CPU' declared inside package 'cv32e40p_apu_core_pkg' shall be treated as localparam [E:/ResearchOnWork/RISC_V_CORE/cv32e40p/rtl/include/cv32e40p_apu_core_pkg.sv:27]
WARNING: [Synth 8-11067] parameter 'APU_NUSFLAGS_CPU' declared inside package 'cv32e40p_apu_core_pkg' shall be treated as localparam [E:/ResearchOnWork/RISC_V_CORE/cv32e40p/rtl/include/cv32e40p_apu_core_pkg.sv:28]
WARNING: [Synth 8-11067] parameter 'OPCODE_SYSTEM' declared inside package 'cv32e40p_pkg' shall be treated as localparam [E:/ResearchOnWork/RISC_V_CORE/cv32e40p/rtl/include/cv32e40p_pkg.sv:37]
WARNING: [Synth 8-11067] parameter 'OPCODE_FENCE' declared inside package 'cv32e40p_pkg' shall be treated as localparam [E:/ResearchOnWork/RISC_V_CORE/cv32e40p/rtl/include/cv32e40p_pkg.sv:38]
WARNING: [Synth 8-11067] parameter 'OPCODE_OP' declared inside package 'cv32e40p_pkg' shall be treated as localparam [E:/ResearchOnWork/RISC_V_CORE/cv32e40p/rtl/include/cv32e40p_pkg.sv:39]
WARNING: [Synth 8-11067] parameter 'OPCODE_OPIMM' declared inside package 'cv32e40p_pkg' shall be treated as localparam [E:/ResearchOnWork/RISC_V_CORE/cv32e40p/rtl/include/cv32e40p_pkg.sv:40]
WARNING: [Synth 8-11067] parameter 'OPCODE_STORE' declared inside package 'cv32e40p_pkg' shall be treated as localparam [E:/ResearchOnWork/RISC_V_CORE/cv32e40p/rtl/include/cv32e40p_pkg.sv:41]
WARNING: [Synth 8-11067] parameter 'OPCODE_LOAD' declared inside package 'cv32e40p_pkg' shall be treated as localparam [E:/ResearchOnWork/RISC_V_CORE/cv32e40p/rtl/include/cv32e40p_pkg.sv:42]
WARNING: [Synth 8-11067] parameter 'OPCODE_BRANCH' declared inside package 'cv32e40p_pkg' shall be treated as localparam [E:/ResearchOnWork/RISC_V_CORE/cv32e40p/rtl/include/cv32e40p_pkg.sv:43]
WARNING: [Synth 8-11067] parameter 'OPCODE_JALR' declared inside package 'cv32e40p_pkg' shall be treated as localparam [E:/ResearchOnWork/RISC_V_CORE/cv32e40p/rtl/include/cv32e40p_pkg.sv:44]
WARNING: [Synth 8-11067] parameter 'OPCODE_JAL' declared inside package 'cv32e40p_pkg' shall be treated as localparam [E:/ResearchOnWork/RISC_V_CORE/cv32e40p/rtl/include/cv32e40p_pkg.sv:45]
WARNING: [Synth 8-11067] parameter 'OPCODE_AUIPC' declared inside package 'cv32e40p_pkg' shall be treated as localparam [E:/ResearchOnWork/RISC_V_CORE/cv32e40p/rtl/include/cv32e40p_pkg.sv:46]
WARNING: [Synth 8-11067] parameter 'OPCODE_LUI' declared inside package 'cv32e40p_pkg' shall be treated as localparam [E:/ResearchOnWork/RISC_V_CORE/cv32e40p/rtl/include/cv32e40p_pkg.sv:47]
WARNING: [Synth 8-11067] parameter 'OPCODE_OP_FP' declared inside package 'cv32e40p_pkg' shall be treated as localparam [E:/ResearchOnWork/RISC_V_CORE/cv32e40p/rtl/include/cv32e40p_pkg.sv:48]
WARNING: [Synth 8-11067] parameter 'OPCODE_OP_FMADD' declared inside package 'cv32e40p_pkg' shall be treated as localparam [E:/ResearchOnWork/RISC_V_CORE/cv32e40p/rtl/include/cv32e40p_pkg.sv:49]
WARNING: [Synth 8-11067] parameter 'OPCODE_OP_FNMADD' declared inside package 'cv32e40p_pkg' shall be treated as localparam [E:/ResearchOnWork/RISC_V_CORE/cv32e40p/rtl/include/cv32e40p_pkg.sv:50]
WARNING: [Synth 8-11067] parameter 'OPCODE_OP_FMSUB' declared inside package 'cv32e40p_pkg' shall be treated as localparam [E:/ResearchOnWork/RISC_V_CORE/cv32e40p/rtl/include/cv32e40p_pkg.sv:51]
WARNING: [Synth 8-11067] parameter 'OPCODE_OP_FNMSUB' declared inside package 'cv32e40p_pkg' shall be treated as localparam [E:/ResearchOnWork/RISC_V_CORE/cv32e40p/rtl/include/cv32e40p_pkg.sv:52]
WARNING: [Synth 8-11067] parameter 'OPCODE_STORE_FP' declared inside package 'cv32e40p_pkg' shall be treated as localparam [E:/ResearchOnWork/RISC_V_CORE/cv32e40p/rtl/include/cv32e40p_pkg.sv:53]
WARNING: [Synth 8-11067] parameter 'OPCODE_LOAD_FP' declared inside package 'cv32e40p_pkg' shall be treated as localparam [E:/ResearchOnWork/RISC_V_CORE/cv32e40p/rtl/include/cv32e40p_pkg.sv:54]
WARNING: [Synth 8-11067] parameter 'OPCODE_AMO' declared inside package 'cv32e40p_pkg' shall be treated as localparam [E:/ResearchOnWork/RISC_V_CORE/cv32e40p/rtl/include/cv32e40p_pkg.sv:55]
WARNING: [Synth 8-11067] parameter 'OPCODE_CUSTOM_0' declared inside package 'cv32e40p_pkg' shall be treated as localparam [E:/ResearchOnWork/RISC_V_CORE/cv32e40p/rtl/include/cv32e40p_pkg.sv:58]
WARNING: [Synth 8-11067] parameter 'OPCODE_CUSTOM_1' declared inside package 'cv32e40p_pkg' shall be treated as localparam [E:/ResearchOnWork/RISC_V_CORE/cv32e40p/rtl/include/cv32e40p_pkg.sv:59]
WARNING: [Synth 8-11067] parameter 'OPCODE_CUSTOM_2' declared inside package 'cv32e40p_pkg' shall be treated as localparam [E:/ResearchOnWork/RISC_V_CORE/cv32e40p/rtl/include/cv32e40p_pkg.sv:60]
WARNING: [Synth 8-11067] parameter 'OPCODE_CUSTOM_3' declared inside package 'cv32e40p_pkg' shall be treated as localparam [E:/ResearchOnWork/RISC_V_CORE/cv32e40p/rtl/include/cv32e40p_pkg.sv:61]
WARNING: [Synth 8-11067] parameter 'REGC_S1' declared inside package 'cv32e40p_pkg' shall be treated as localparam [E:/ResearchOnWork/RISC_V_CORE/cv32e40p/rtl/include/cv32e40p_pkg.sv:63]
WARNING: [Synth 8-11067] parameter 'REGC_S4' declared inside package 'cv32e40p_pkg' shall be treated as localparam [E:/ResearchOnWork/RISC_V_CORE/cv32e40p/rtl/include/cv32e40p_pkg.sv:64]
WARNING: [Synth 8-11067] parameter 'REGC_RD' declared inside package 'cv32e40p_pkg' shall be treated as localparam [E:/ResearchOnWork/RISC_V_CORE/cv32e40p/rtl/include/cv32e40p_pkg.sv:65]
WARNING: [Synth 8-11067] parameter 'REGC_ZERO' declared inside package 'cv32e40p_pkg' shall be treated as localparam [E:/ResearchOnWork/RISC_V_CORE/cv32e40p/rtl/include/cv32e40p_pkg.sv:66]
WARNING: [Synth 8-11067] parameter 'ALU_OP_WIDTH' declared inside package 'cv32e40p_pkg' shall be treated as localparam [E:/ResearchOnWork/RISC_V_CORE/cv32e40p/rtl/include/cv32e40p_pkg.sv:77]
WARNING: [Synth 8-11067] parameter 'MUL_OP_WIDTH' declared inside package 'cv32e40p_pkg' shall be treated as localparam [E:/ResearchOnWork/RISC_V_CORE/cv32e40p/rtl/include/cv32e40p_pkg.sv:163]
WARNING: [Synth 8-11067] parameter 'VEC_MODE32' declared inside package 'cv32e40p_pkg' shall be treated as localparam [E:/ResearchOnWork/RISC_V_CORE/cv32e40p/rtl/include/cv32e40p_pkg.sv:178]
WARNING: [Synth 8-11067] parameter 'VEC_MODE16' declared inside package 'cv32e40p_pkg' shall be treated as localparam [E:/ResearchOnWork/RISC_V_CORE/cv32e40p/rtl/include/cv32e40p_pkg.sv:179]
WARNING: [Synth 8-11067] parameter 'VEC_MODE8' declared inside package 'cv32e40p_pkg' shall be treated as localparam [E:/ResearchOnWork/RISC_V_CORE/cv32e40p/rtl/include/cv32e40p_pkg.sv:180]
WARNING: [Synth 8-11067] parameter 'HAVERESET_INDEX' declared inside package 'cv32e40p_pkg' shall be treated as localparam [E:/ResearchOnWork/RISC_V_CORE/cv32e40p/rtl/include/cv32e40p_pkg.sv:207]
WARNING: [Synth 8-11067] parameter 'RUNNING_INDEX' declared inside package 'cv32e40p_pkg' shall be treated as localparam [E:/ResearchOnWork/RISC_V_CORE/cv32e40p/rtl/include/cv32e40p_pkg.sv:208]
WARNING: [Synth 8-11067] parameter 'HALTED_INDEX' declared inside package 'cv32e40p_pkg' shall be treated as localparam [E:/ResearchOnWork/RISC_V_CORE/cv32e40p/rtl/include/cv32e40p_pkg.sv:209]
WARNING: [Synth 8-11067] parameter 'CSR_OP_WIDTH' declared inside package 'cv32e40p_pkg' shall be treated as localparam [E:/ResearchOnWork/RISC_V_CORE/cv32e40p/rtl/include/cv32e40p_pkg.sv:510]
WARNING: [Synth 8-11067] parameter 'CSR_MSIX_BIT' declared inside package 'cv32e40p_pkg' shall be treated as localparam [E:/ResearchOnWork/RISC_V_CORE/cv32e40p/rtl/include/cv32e40p_pkg.sv:520]
WARNING: [Synth 8-11067] parameter 'CSR_MTIX_BIT' declared inside package 'cv32e40p_pkg' shall be treated as localparam [E:/ResearchOnWork/RISC_V_CORE/cv32e40p/rtl/include/cv32e40p_pkg.sv:521]
WARNING: [Synth 8-11067] parameter 'CSR_MEIX_BIT' declared inside package 'cv32e40p_pkg' shall be treated as localparam [E:/ResearchOnWork/RISC_V_CORE/cv32e40p/rtl/include/cv32e40p_pkg.sv:522]
WARNING: [Synth 8-11067] parameter 'CSR_MFIX_BIT_LOW' declared inside package 'cv32e40p_pkg' shall be treated as localparam [E:/ResearchOnWork/RISC_V_CORE/cv32e40p/rtl/include/cv32e40p_pkg.sv:523]
WARNING: [Synth 8-11067] parameter 'CSR_MFIX_BIT_HIGH' declared inside package 'cv32e40p_pkg' shall be treated as localparam [E:/ResearchOnWork/RISC_V_CORE/cv32e40p/rtl/include/cv32e40p_pkg.sv:524]
WARNING: [Synth 8-11067] parameter 'SP_DVR0' declared inside package 'cv32e40p_pkg' shall be treated as localparam [E:/ResearchOnWork/RISC_V_CORE/cv32e40p/rtl/include/cv32e40p_pkg.sv:527]
WARNING: [Synth 8-11067] parameter 'SP_DCR0' declared inside package 'cv32e40p_pkg' shall be treated as localparam [E:/ResearchOnWork/RISC_V_CORE/cv32e40p/rtl/include/cv32e40p_pkg.sv:528]
WARNING: [Synth 8-11067] parameter 'SP_DMR1' declared inside package 'cv32e40p_pkg' shall be treated as localparam [E:/ResearchOnWork/RISC_V_CORE/cv32e40p/rtl/include/cv32e40p_pkg.sv:529]
WARNING: [Synth 8-11067] parameter 'SP_DMR2' declared inside package 'cv32e40p_pkg' shall be treated as localparam [E:/ResearchOnWork/RISC_V_CORE/cv32e40p/rtl/include/cv32e40p_pkg.sv:530]
WARNING: [Synth 8-11067] parameter 'SP_DVR_MSB' declared inside package 'cv32e40p_pkg' shall be treated as localparam [E:/ResearchOnWork/RISC_V_CORE/cv32e40p/rtl/include/cv32e40p_pkg.sv:532]
WARNING: [Synth 8-11067] parameter 'SP_DCR_MSB' declared inside package 'cv32e40p_pkg' shall be treated as localparam [E:/ResearchOnWork/RISC_V_CORE/cv32e40p/rtl/include/cv32e40p_pkg.sv:533]
WARNING: [Synth 8-11067] parameter 'SP_DMR_MSB' declared inside package 'cv32e40p_pkg' shall be treated as localparam [E:/ResearchOnWork/RISC_V_CORE/cv32e40p/rtl/include/cv32e40p_pkg.sv:534]
WARNING: [Synth 8-11067] parameter 'SP_DSR_MSB' declared inside package 'cv32e40p_pkg' shall be treated as localparam [E:/ResearchOnWork/RISC_V_CORE/cv32e40p/rtl/include/cv32e40p_pkg.sv:535]
WARNING: [Synth 8-11067] parameter 'MVENDORID_OFFSET' declared inside package 'cv32e40p_pkg' shall be treated as localparam [E:/ResearchOnWork/RISC_V_CORE/cv32e40p/rtl/include/cv32e40p_pkg.sv:587]
WARNING: [Synth 8-11067] parameter 'MVENDORID_BANK' declared inside package 'cv32e40p_pkg' shall be treated as localparam [E:/ResearchOnWork/RISC_V_CORE/cv32e40p/rtl/include/cv32e40p_pkg.sv:588]
WARNING: [Synth 8-11067] parameter 'MARCHID' declared inside package 'cv32e40p_pkg' shall be treated as localparam [E:/ResearchOnWork/RISC_V_CORE/cv32e40p/rtl/include/cv32e40p_pkg.sv:591]
WARNING: [Synth 8-11067] parameter 'MHPMCOUNTER_WIDTH' declared inside package 'cv32e40p_pkg' shall be treated as localparam [E:/ResearchOnWork/RISC_V_CORE/cv32e40p/rtl/include/cv32e40p_pkg.sv:593]
WARNING: [Synth 8-11067] parameter 'SEL_REGFILE' declared inside package 'cv32e40p_pkg' shall be treated as localparam [E:/ResearchOnWork/RISC_V_CORE/cv32e40p/rtl/include/cv32e40p_pkg.sv:605]
WARNING: [Synth 8-11067] parameter 'SEL_FW_EX' declared inside package 'cv32e40p_pkg' shall be treated as localparam [E:/ResearchOnWork/RISC_V_CORE/cv32e40p/rtl/include/cv32e40p_pkg.sv:606]
WARNING: [Synth 8-11067] parameter 'SEL_FW_WB' declared inside package 'cv32e40p_pkg' shall be treated as localparam [E:/ResearchOnWork/RISC_V_CORE/cv32e40p/rtl/include/cv32e40p_pkg.sv:607]
WARNING: [Synth 8-11067] parameter 'OP_A_REGA_OR_FWD' declared inside package 'cv32e40p_pkg' shall be treated as localparam [E:/ResearchOnWork/RISC_V_CORE/cv32e40p/rtl/include/cv32e40p_pkg.sv:610]
WARNING: [Synth 8-11067] parameter 'OP_A_CURRPC' declared inside package 'cv32e40p_pkg' shall be treated as localparam [E:/ResearchOnWork/RISC_V_CORE/cv32e40p/rtl/include/cv32e40p_pkg.sv:611]
WARNING: [Synth 8-11067] parameter 'OP_A_IMM' declared inside package 'cv32e40p_pkg' shall be treated as localparam [E:/ResearchOnWork/RISC_V_CORE/cv32e40p/rtl/include/cv32e40p_pkg.sv:612]
WARNING: [Synth 8-11067] parameter 'OP_A_REGB_OR_FWD' declared inside package 'cv32e40p_pkg' shall be treated as localparam [E:/ResearchOnWork/RISC_V_CORE/cv32e40p/rtl/include/cv32e40p_pkg.sv:613]
WARNING: [Synth 8-11067] parameter 'OP_A_REGC_OR_FWD' declared inside package 'cv32e40p_pkg' shall be treated as localparam [E:/ResearchOnWork/RISC_V_CORE/cv32e40p/rtl/include/cv32e40p_pkg.sv:614]
WARNING: [Synth 8-11067] parameter 'IMMA_Z' declared inside package 'cv32e40p_pkg' shall be treated as localparam [E:/ResearchOnWork/RISC_V_CORE/cv32e40p/rtl/include/cv32e40p_pkg.sv:617]
WARNING: [Synth 8-11067] parameter 'IMMA_ZERO' declared inside package 'cv32e40p_pkg' shall be treated as localparam [E:/ResearchOnWork/RISC_V_CORE/cv32e40p/rtl/include/cv32e40p_pkg.sv:618]
WARNING: [Synth 8-11067] parameter 'OP_B_REGB_OR_FWD' declared inside package 'cv32e40p_pkg' shall be treated as localparam [E:/ResearchOnWork/RISC_V_CORE/cv32e40p/rtl/include/cv32e40p_pkg.sv:621]
WARNING: [Synth 8-11067] parameter 'OP_B_REGC_OR_FWD' declared inside package 'cv32e40p_pkg' shall be treated as localparam [E:/ResearchOnWork/RISC_V_CORE/cv32e40p/rtl/include/cv32e40p_pkg.sv:622]
WARNING: [Synth 8-11067] parameter 'OP_B_IMM' declared inside package 'cv32e40p_pkg' shall be treated as localparam [E:/ResearchOnWork/RISC_V_CORE/cv32e40p/rtl/include/cv32e40p_pkg.sv:623]
WARNING: [Synth 8-11067] parameter 'OP_B_REGA_OR_FWD' declared inside package 'cv32e40p_pkg' shall be treated as localparam [E:/ResearchOnWork/RISC_V_CORE/cv32e40p/rtl/include/cv32e40p_pkg.sv:624]
WARNING: [Synth 8-11067] parameter 'OP_B_BMASK' declared inside package 'cv32e40p_pkg' shall be treated as localparam [E:/ResearchOnWork/RISC_V_CORE/cv32e40p/rtl/include/cv32e40p_pkg.sv:625]
WARNING: [Synth 8-11067] parameter 'IMMB_I' declared inside package 'cv32e40p_pkg' shall be treated as localparam [E:/ResearchOnWork/RISC_V_CORE/cv32e40p/rtl/include/cv32e40p_pkg.sv:628]
WARNING: [Synth 8-11067] parameter 'IMMB_S' declared inside package 'cv32e40p_pkg' shall be treated as localparam [E:/ResearchOnWork/RISC_V_CORE/cv32e40p/rtl/include/cv32e40p_pkg.sv:629]
WARNING: [Synth 8-11067] parameter 'IMMB_U' declared inside package 'cv32e40p_pkg' shall be treated as localparam [E:/ResearchOnWork/RISC_V_CORE/cv32e40p/rtl/include/cv32e40p_pkg.sv:630]
WARNING: [Synth 8-11067] parameter 'IMMB_PCINCR' declared inside package 'cv32e40p_pkg' shall be treated as localparam [E:/ResearchOnWork/RISC_V_CORE/cv32e40p/rtl/include/cv32e40p_pkg.sv:631]
WARNING: [Synth 8-11067] parameter 'IMMB_S2' declared inside package 'cv32e40p_pkg' shall be treated as localparam [E:/ResearchOnWork/RISC_V_CORE/cv32e40p/rtl/include/cv32e40p_pkg.sv:632]
WARNING: [Synth 8-11067] parameter 'IMMB_S3' declared inside package 'cv32e40p_pkg' shall be treated as localparam [E:/ResearchOnWork/RISC_V_CORE/cv32e40p/rtl/include/cv32e40p_pkg.sv:633]
WARNING: [Synth 8-11067] parameter 'IMMB_VS' declared inside package 'cv32e40p_pkg' shall be treated as localparam [E:/ResearchOnWork/RISC_V_CORE/cv32e40p/rtl/include/cv32e40p_pkg.sv:634]
WARNING: [Synth 8-11067] parameter 'IMMB_VU' declared inside package 'cv32e40p_pkg' shall be treated as localparam [E:/ResearchOnWork/RISC_V_CORE/cv32e40p/rtl/include/cv32e40p_pkg.sv:635]
WARNING: [Synth 8-11067] parameter 'IMMB_SHUF' declared inside package 'cv32e40p_pkg' shall be treated as localparam [E:/ResearchOnWork/RISC_V_CORE/cv32e40p/rtl/include/cv32e40p_pkg.sv:636]
WARNING: [Synth 8-11067] parameter 'IMMB_CLIP' declared inside package 'cv32e40p_pkg' shall be treated as localparam [E:/ResearchOnWork/RISC_V_CORE/cv32e40p/rtl/include/cv32e40p_pkg.sv:637]
WARNING: [Synth 8-11067] parameter 'IMMB_BI' declared inside package 'cv32e40p_pkg' shall be treated as localparam [E:/ResearchOnWork/RISC_V_CORE/cv32e40p/rtl/include/cv32e40p_pkg.sv:638]
WARNING: [Synth 8-11067] parameter 'BMASK_A_ZERO' declared inside package 'cv32e40p_pkg' shall be treated as localparam [E:/ResearchOnWork/RISC_V_CORE/cv32e40p/rtl/include/cv32e40p_pkg.sv:641]
WARNING: [Synth 8-11067] parameter 'BMASK_A_S3' declared inside package 'cv32e40p_pkg' shall be treated as localparam [E:/ResearchOnWork/RISC_V_CORE/cv32e40p/rtl/include/cv32e40p_pkg.sv:642]
WARNING: [Synth 8-11067] parameter 'BMASK_B_S2' declared inside package 'cv32e40p_pkg' shall be treated as localparam [E:/ResearchOnWork/RISC_V_CORE/cv32e40p/rtl/include/cv32e40p_pkg.sv:644]
WARNING: [Synth 8-11067] parameter 'BMASK_B_S3' declared inside package 'cv32e40p_pkg' shall be treated as localparam [E:/ResearchOnWork/RISC_V_CORE/cv32e40p/rtl/include/cv32e40p_pkg.sv:645]
WARNING: [Synth 8-11067] parameter 'BMASK_B_ZERO' declared inside package 'cv32e40p_pkg' shall be treated as localparam [E:/ResearchOnWork/RISC_V_CORE/cv32e40p/rtl/include/cv32e40p_pkg.sv:646]
WARNING: [Synth 8-11067] parameter 'BMASK_B_ONE' declared inside package 'cv32e40p_pkg' shall be treated as localparam [E:/ResearchOnWork/RISC_V_CORE/cv32e40p/rtl/include/cv32e40p_pkg.sv:647]
WARNING: [Synth 8-11067] parameter 'BMASK_A_REG' declared inside package 'cv32e40p_pkg' shall be treated as localparam [E:/ResearchOnWork/RISC_V_CORE/cv32e40p/rtl/include/cv32e40p_pkg.sv:649]
WARNING: [Synth 8-11067] parameter 'BMASK_A_IMM' declared inside package 'cv32e40p_pkg' shall be treated as localparam [E:/ResearchOnWork/RISC_V_CORE/cv32e40p/rtl/include/cv32e40p_pkg.sv:650]
WARNING: [Synth 8-11067] parameter 'BMASK_B_REG' declared inside package 'cv32e40p_pkg' shall be treated as localparam [E:/ResearchOnWork/RISC_V_CORE/cv32e40p/rtl/include/cv32e40p_pkg.sv:651]
WARNING: [Synth 8-11067] parameter 'BMASK_B_IMM' declared inside package 'cv32e40p_pkg' shall be treated as localparam [E:/ResearchOnWork/RISC_V_CORE/cv32e40p/rtl/include/cv32e40p_pkg.sv:652]
WARNING: [Synth 8-11067] parameter 'MIMM_ZERO' declared inside package 'cv32e40p_pkg' shall be treated as localparam [E:/ResearchOnWork/RISC_V_CORE/cv32e40p/rtl/include/cv32e40p_pkg.sv:656]
WARNING: [Synth 8-11067] parameter 'MIMM_S3' declared inside package 'cv32e40p_pkg' shall be treated as localparam [E:/ResearchOnWork/RISC_V_CORE/cv32e40p/rtl/include/cv32e40p_pkg.sv:657]
WARNING: [Synth 8-11067] parameter 'OP_C_REGC_OR_FWD' declared inside package 'cv32e40p_pkg' shall be treated as localparam [E:/ResearchOnWork/RISC_V_CORE/cv32e40p/rtl/include/cv32e40p_pkg.sv:660]
WARNING: [Synth 8-11067] parameter 'OP_C_REGB_OR_FWD' declared inside package 'cv32e40p_pkg' shall be treated as localparam [E:/ResearchOnWork/RISC_V_CORE/cv32e40p/rtl/include/cv32e40p_pkg.sv:661]
WARNING: [Synth 8-11067] parameter 'OP_C_JT' declared inside package 'cv32e40p_pkg' shall be treated as localparam [E:/ResearchOnWork/RISC_V_CORE/cv32e40p/rtl/include/cv32e40p_pkg.sv:662]
WARNING: [Synth 8-11067] parameter 'BRANCH_NONE' declared inside package 'cv32e40p_pkg' shall be treated as localparam [E:/ResearchOnWork/RISC_V_CORE/cv32e40p/rtl/include/cv32e40p_pkg.sv:665]
WARNING: [Synth 8-11067] parameter 'BRANCH_JAL' declared inside package 'cv32e40p_pkg' shall be treated as localparam [E:/ResearchOnWork/RISC_V_CORE/cv32e40p/rtl/include/cv32e40p_pkg.sv:666]
INFO: [Common 17-14] Message 'Synth 8-11067' appears 100 times and further instances of the messages will be disabled. Use the Tcl command set_msg_config to change the current settings.
INFO: [Synth 8-6157] synthesizing module 'ecg_arty_top' [E:/ResearchOnWork/RISC_V_CORE/RTL/ecg_soc/fpga/ecg_arty_top.sv:14]
	Parameter BOOT_HEX bound to: E:/ResearchOnWork/RISC_V_CORE/Firmware/build/hello.hex - type: string 
INFO: [Synth 8-6157] synthesizing module 'MMCME2_BASE' [E:/Vivado/2023.2/scripts/rt/data/unisim_comp.v:82294]
	Parameter BANDWIDTH bound to: OPTIMIZED - type: string 
	Parameter CLKFBOUT_MULT_F bound to: 8.000000 - type: double 
	Parameter CLKFBOUT_PHASE bound to: 0.000000 - type: double 
	Parameter CLKIN1_PERIOD bound to: 10.000000 - type: double 
	Parameter CLKOUT0_DIVIDE_F bound to: 16.000000 - type: double 
	Parameter CLKOUT0_DUTY_CYCLE bound to: 0.500000 - type: double 
	Parameter CLKOUT0_PHASE bound to: 0.000000 - type: double 
	Parameter DIVCLK_DIVIDE bound to: 1 - type: integer 
	Parameter REF_JITTER1 bound to: 0.010000 - type: double 
	Parameter STARTUP_WAIT bound to: FALSE - type: string 
INFO: [Synth 8-6155] done synthesizing module 'MMCME2_BASE' (0#1) [E:/Vivado/2023.2/scripts/rt/data/unisim_comp.v:82294]
INFO: [Synth 8-6157] synthesizing module 'BUFG' [E:/Vivado/2023.2/scripts/rt/data/unisim_comp.v:1951]
INFO: [Synth 8-6155] done synthesizing module 'BUFG' (0#1) [E:/Vivado/2023.2/scripts/rt/data/unisim_comp.v:1951]
INFO: [Synth 8-6157] synthesizing module 'cv32e40p_ecg_soc_top' [E:/ResearchOnWork/RISC_V_CORE/RTL/ecg_soc/cv32e40p_ecg_soc_top.sv:15]
	Parameter I_MEM_SIZE_BYTES bound to: 32'b00000000000000001000000000000000 
	Parameter D_MEM_SIZE_BYTES bound to: 32'b00000000000000001000000000000000 
	Parameter TARGET_ASIC bound to: 1'b0 
	Parameter BOOT_HEX bound to: E:/ResearchOnWork/RISC_V_CORE/Firmware/build/hello.hex - type: string 
INFO: [Synth 8-6157] synthesizing module 'cv32e40p_top' [E:/ResearchOnWork/RISC_V_CORE/cv32e40p/rtl/cv32e40p_top.sv:26]
	Parameter COREV_PULP bound to: 1 - type: integer 
	Parameter COREV_CLUSTER bound to: 0 - type: integer 
	Parameter FPU bound to: 0 - type: integer 
	Parameter NUM_MHPMCOUNTERS bound to: 1 - type: integer 
INFO: [Synth 8-6157] synthesizing module 'cv32e40p_core' [E:/ResearchOnWork/RISC_V_CORE/cv32e40p/rtl/cv32e40p_core.sv:31]
	Parameter COREV_PULP bound to: 1 - type: integer 
	Parameter COREV_CLUSTER bound to: 0 - type: integer 
	Parameter FPU bound to: 0 - type: integer 
	Parameter FPU_ADDMUL_LAT bound to: 0 - type: integer 
	Parameter FPU_OTHERS_LAT bound to: 0 - type: integer 
	Parameter ZFINX bound to: 0 - type: integer 
	Parameter NUM_MHPMCOUNTERS bound to: 1 - type: integer 
INFO: [Synth 8-6157] synthesizing module 'cv32e40p_sleep_unit' [E:/ResearchOnWork/RISC_V_CORE/cv32e40p/rtl/cv32e40p_sleep_unit.sv:56]
	Parameter COREV_CLUSTER bound to: 0 - type: integer 
INFO: [Synth 8-6157] synthesizing module 'cv32e40p_clock_gate' [E:/ResearchOnWork/RISC_V_CORE/RTL/ecg_soc/fpga/cv32e40p_fpga_clock_gate.sv:11]
INFO: [Synth 8-6155] done synthesizing module 'cv32e40p_clock_gate' (0#1) [E:/ResearchOnWork/RISC_V_CORE/RTL/ecg_soc/fpga/cv32e40p_fpga_clock_gate.sv:11]
INFO: [Synth 8-6155] done synthesizing module 'cv32e40p_sleep_unit' (0#1) [E:/ResearchOnWork/RISC_V_CORE/cv32e40p/rtl/cv32e40p_sleep_unit.sv:56]
INFO: [Synth 8-6157] synthesizing module 'cv32e40p_if_stage' [E:/ResearchOnWork/RISC_V_CORE/cv32e40p/rtl/cv32e40p_if_stage.sv:28]
	Parameter COREV_PULP bound to: 1 - type: integer 
	Parameter PULP_OBI bound to: 0 - type: integer 
	Parameter PULP_SECURE bound to: 0 - type: integer 
	Parameter FPU bound to: 0 - type: integer 
	Parameter ZFINX bound to: 0 - type: integer 
INFO: [Synth 8-294] found qualifier unique on case statement: implementing as parallel_case [E:/ResearchOnWork/RISC_V_CORE/cv32e40p/rtl/cv32e40p_if_stage.sv:132]
INFO: [Synth 8-294] found qualifier unique on case statement: implementing as parallel_case [E:/ResearchOnWork/RISC_V_CORE/cv32e40p/rtl/cv32e40p_if_stage.sv:138]
INFO: [Synth 8-294] found qualifier unique on case statement: implementing as parallel_case [E:/ResearchOnWork/RISC_V_CORE/cv32e40p/rtl/cv32e40p_if_stage.sv:144]
INFO: [Synth 8-294] found qualifier unique on case statement: implementing as parallel_case [E:/ResearchOnWork/RISC_V_CORE/cv32e40p/rtl/cv32e40p_if_stage.sv:159]
INFO: [Synth 8-6157] synthesizing module 'cv32e40p_prefetch_buffer' [E:/ResearchOnWork/RISC_V_CORE/cv32e40p/rtl/cv32e40p_prefetch_buffer.sv:27]
	Parameter PULP_OBI bound to: 0 - type: integer 
	Parameter COREV_PULP bound to: 1 - type: integer 
INFO: [Synth 8-6157] synthesizing module 'cv32e40p_prefetch_controller' [E:/ResearchOnWork/RISC_V_CORE/cv32e40p/rtl/cv32e40p_prefetch_controller.sv:40]
	Parameter PULP_OBI bound to: 0 - type: integer 
	Parameter COREV_PULP bound to: 1 - type: integer 
	Parameter DEPTH bound to: 2 - type: integer 
INFO: [Synth 8-6155] done synthesizing module 'cv32e40p_prefetch_controller' (0#1) [E:/ResearchOnWork/RISC_V_CORE/cv32e40p/rtl/cv32e40p_prefetch_controller.sv:40]
INFO: [Synth 8-6157] synthesizing module 'cv32e40p_fifo' [E:/ResearchOnWork/RISC_V_CORE/cv32e40p/rtl/cv32e40p_fifo.sv:15]
	Parameter FALL_THROUGH bound to: 1'b0 
	Parameter DATA_WIDTH bound to: 32'b00000000000000000000000000100000 
	Parameter DEPTH bound to: 2 - type: integer 
INFO: [Synth 8-294] found qualifier unique on case statement: implementing as parallel_case [E:/ResearchOnWork/RISC_V_CORE/cv32e40p/rtl/cv32e40p_fifo.sv:117]
INFO: [Synth 8-6155] done synthesizing module 'cv32e40p_fifo' (0#1) [E:/ResearchOnWork/RISC_V_CORE/cv32e40p/rtl/cv32e40p_fifo.sv:15]
INFO: [Synth 8-6157] synthesizing module 'cv32e40p_obi_interface' [E:/ResearchOnWork/RISC_V_CORE/cv32e40p/rtl/cv32e40p_obi_interface.sv:38]
	Parameter TRANS_STABLE bound to: 0 - type: integer 
INFO: [Synth 8-6155] done synthesizing module 'cv32e40p_obi_interface' (0#1) [E:/ResearchOnWork/RISC_V_CORE/cv32e40p/rtl/cv32e40p_obi_interface.sv:38]
INFO: [Synth 8-6155] done synthesizing module 'cv32e40p_prefetch_buffer' (0#1) [E:/ResearchOnWork/RISC_V_CORE/cv32e40p/rtl/cv32e40p_prefetch_buffer.sv:27]
INFO: [Synth 8-6157] synthesizing module 'cv32e40p_aligner' [E:/ResearchOnWork/RISC_V_CORE/cv32e40p/rtl/cv32e40p_aligner.sv:23]
INFO: [Synth 8-155] case statement is not full and has no default [E:/ResearchOnWork/RISC_V_CORE/cv32e40p/rtl/cv32e40p_aligner.sv:102]
INFO: [Synth 8-6155] done synthesizing module 'cv32e40p_aligner' (0#1) [E:/ResearchOnWork/RISC_V_CORE/cv32e40p/rtl/cv32e40p_aligner.sv:23]
INFO: [Synth 8-6157] synthesizing module 'cv32e40p_compressed_decoder' [E:/ResearchOnWork/RISC_V_CORE/cv32e40p/rtl/cv32e40p_compressed_decoder.sv:27]
	Parameter FPU bound to: 0 - type: integer 
	Parameter ZFINX bound to: 0 - type: integer 
INFO: [Synth 8-294] found qualifier unique on case statement: implementing as parallel_case [E:/ResearchOnWork/RISC_V_CORE/cv32e40p/rtl/cv32e40p_compressed_decoder.sv:52]
INFO: [Synth 8-294] found qualifier unique on case statement: implementing as parallel_case [E:/ResearchOnWork/RISC_V_CORE/cv32e40p/rtl/cv32e40p_compressed_decoder.sv:55]
INFO: [Synth 8-294] found qualifier unique on case statement: implementing as parallel_case [E:/ResearchOnWork/RISC_V_CORE/cv32e40p/rtl/cv32e40p_compressed_decoder.sv:195]
INFO: [Synth 8-294] found qualifier unique on case statement: implementing as parallel_case [E:/ResearchOnWork/RISC_V_CORE/cv32e40p/rtl/cv32e40p_compressed_decoder.sv:272]
INFO: [Synth 8-294] found qualifier unique on case statement: implementing as parallel_case [E:/ResearchOnWork/RISC_V_CORE/cv32e40p/rtl/cv32e40p_compressed_decoder.sv:339]
INFO: [Synth 8-294] found qualifier unique on case statement: implementing as parallel_case [E:/ResearchOnWork/RISC_V_CORE/cv32e40p/rtl/cv32e40p_compressed_decoder.sv:436]
INFO: [Synth 8-6155] done synthesizing module 'cv32e40p_compressed_decoder' (0#1) [E:/ResearchOnWork/RISC_V_CORE/cv32e40p/rtl/cv32e40p_compressed_decoder.sv:27]
INFO: [Synth 8-6155] done synthesizing module 'cv32e40p_if_stage' (0#1) [E:/ResearchOnWork/RISC_V_CORE/cv32e40p/rtl/cv32e40p_if_stage.sv:28]
INFO: [Synth 8-6157] synthesizing module 'cv32e40p_id_stage' [E:/ResearchOnWork/RISC_V_CORE/cv32e40p/rtl/cv32e40p_id_stage.sv:30]
	Parameter COREV_PULP bound to: 1 - type: integer 
	Parameter COREV_CLUSTER bound to: 0 - type: integer 
	Parameter N_HWLP bound to: 2 - type: integer 
	Parameter PULP_SECURE bound to: 0 - type: integer 
	Parameter USE_PMP bound to: 0 - type: integer 
	Parameter A_EXTENSION bound to: 0 - type: integer 
	Parameter APU bound to: 0 - type: integer 
	Parameter FPU bound to: 0 - type: integer 
	Parameter FPU_ADDMUL_LAT bound to: 0 - type: integer 
	Parameter FPU_OTHERS_LAT bound to: 0 - type: integer 
	Parameter ZFINX bound to: 0 - type: integer 
	Parameter APU_NARGS_CPU bound to: 3 - type: integer 
	Parameter APU_WOP_CPU bound to: 6 - type: integer 
	Parameter APU_NDSFLAGS_CPU bound to: 15 - type: integer 
	Parameter APU_NUSFLAGS_CPU bound to: 5 - type: integer 
	Parameter DEBUG_TRIGGER_EN bound to: 1 - type: integer 
INFO: [Synth 8-6157] synthesizing module 'cv32e40p_hwloop_regs' [E:/ResearchOnWork/RISC_V_CORE/cv32e40p/rtl/cv32e40p_hwloop_regs.sv:25]
	Parameter N_REGS bound to: 2 - type: integer 
INFO: [Synth 8-6155] done synthesizing module 'cv32e40p_hwloop_regs' (0#1) [E:/ResearchOnWork/RISC_V_CORE/cv32e40p/rtl/cv32e40p_hwloop_regs.sv:25]
INFO: [Synth 8-294] found qualifier unique on case statement: implementing as parallel_case [E:/ResearchOnWork/RISC_V_CORE/cv32e40p/rtl/cv32e40p_id_stage.sv:525]
INFO: [Synth 8-294] found qualifier unique on case statement: implementing as parallel_case [E:/ResearchOnWork/RISC_V_CORE/cv32e40p/rtl/cv32e40p_id_stage.sv:574]
INFO: [Synth 8-294] found qualifier unique on case statement: implementing as parallel_case [E:/ResearchOnWork/RISC_V_CORE/cv32e40p/rtl/cv32e40p_id_stage.sv:610]
INFO: [Synth 8-294] found qualifier unique on case statement: implementing as parallel_case [E:/ResearchOnWork/RISC_V_CORE/cv32e40p/rtl/cv32e40p_id_stage.sv:638]
INFO: [Synth 8-294] found qualifier unique on case statement: implementing as parallel_case [E:/ResearchOnWork/RISC_V_CORE/cv32e40p/rtl/cv32e40p_id_stage.sv:749]
INFO: [Synth 8-294] found qualifier unique on case statement: implementing as parallel_case [E:/ResearchOnWork/RISC_V_CORE/cv32e40p/rtl/cv32e40p_id_stage.sv:755]
INFO: [Synth 8-294] found qualifier unique on case statement: implementing as parallel_case [E:/ResearchOnWork/RISC_V_CORE/cv32e40p/rtl/cv32e40p_id_stage.sv:764]
INFO: [Synth 8-294] found qualifier unique on case statement: implementing as parallel_case [E:/ResearchOnWork/RISC_V_CORE/cv32e40p/rtl/cv32e40p_id_stage.sv:770]
INFO: [Synth 8-294] found qualifier unique on case statement: implementing as parallel_case [E:/ResearchOnWork/RISC_V_CORE/cv32e40p/rtl/cv32e40p_id_stage.sv:785]
INFO: [Synth 8-6157] synthesizing module 'cv32e40p_register_file' [E:/ResearchOnWork/RISC_V_CORE/cv32e40p/rtl/cv32e40p_register_file_ff.sv:30]
	Parameter ADDR_WIDTH bound to: 6 - type: integer 
	Parameter DATA_WIDTH bound to: 32 - type: integer 
	Parameter FPU bound to: 0 - type: integer 
	Parameter ZFINX bound to: 0 - type: integer 
INFO: [Synth 8-6155] done synthesizing module 'cv32e40p_register_file' (0#1) [E:/ResearchOnWork/RISC_V_CORE/cv32e40p/rtl/cv32e40p_register_file_ff.sv:30]
INFO: [Synth 8-6157] synthesizing module 'cv32e40p_decoder' [E:/ResearchOnWork/RISC_V_CORE/cv32e40p/rtl/cv32e40p_decoder.sv:28]
	Parameter COREV_PULP bound to: 1 - type: integer 
	Parameter COREV_CLUSTER bound to: 0 - type: integer 
	Parameter A_EXTENSION bound to: 0 - type: integer 
	Parameter FPU bound to: 0 - type: integer 
	Parameter FPU_ADDMUL_LAT bound to: 0 - type: integer 
	Parameter FPU_OTHERS_LAT bound to: 0 - type: integer 
	Parameter ZFINX bound to: 0 - type: integer 
	Parameter PULP_SECURE bound to: 0 - type: integer 
	Parameter USE_PMP bound to: 0 - type: integer 
	Parameter APU_WOP_CPU bound to: 6 - type: integer 
	Parameter DEBUG_TRIGGER_EN bound to: 1 - type: integer 
INFO: [Synth 8-294] found qualifier unique on case statement: implementing as parallel_case [E:/ResearchOnWork/RISC_V_CORE/cv32e40p/rtl/cv32e40p_decoder.sv:293]
INFO: [Synth 8-294] found qualifier unique on case statement: implementing as parallel_case [E:/ResearchOnWork/RISC_V_CORE/cv32e40p/rtl/cv32e40p_decoder.sv:342]
INFO: [Synth 8-294] found qualifier unique on case statement: implementing as parallel_case [E:/ResearchOnWork/RISC_V_CORE/cv32e40p/rtl/cv32e40p_decoder.sv:376]
INFO: [Synth 8-294] found qualifier unique on case statement: implementing as parallel_case [E:/ResearchOnWork/RISC_V_CORE/cv32e40p/rtl/cv32e40p_decoder.sv:401]
INFO: [Synth 8-294] found qualifier unique on case statement: implementing as parallel_case [E:/ResearchOnWork/RISC_V_CORE/cv32e40p/rtl/cv32e40p_decoder.sv:487]
INFO: [Synth 8-294] found qualifier unique on case statement: implementing as parallel_case [E:/ResearchOnWork/RISC_V_CORE/cv32e40p/rtl/cv32e40p_decoder.sv:925]
INFO: [Synth 8-294] found qualifier unique on case statement: implementing as parallel_case [E:/ResearchOnWork/RISC_V_CORE/cv32e40p/rtl/cv32e40p_decoder.sv:1597]
INFO: [Synth 8-294] found qualifier unique on case statement: implementing as parallel_case [E:/ResearchOnWork/RISC_V_CORE/cv32e40p/rtl/cv32e40p_decoder.sv:1633]
INFO: [Synth 8-294] found qualifier unique on case statement: implementing as parallel_case [E:/ResearchOnWork/RISC_V_CORE/cv32e40p/rtl/cv32e40p_decoder.sv:1652]
INFO: [Synth 8-294] found qualifier unique on case statement: implementing as parallel_case [E:/ResearchOnWork/RISC_V_CORE/cv32e40p/rtl/cv32e40p_decoder.sv:1660]
INFO: [Synth 8-294] found qualifier unique on case statement: implementing as parallel_case [E:/ResearchOnWork/RISC_V_CORE/cv32e40p/rtl/cv32e40p_decoder.sv:1684]
INFO: [Synth 8-294] found qualifier unique on case statement: implementing as parallel_case [E:/ResearchOnWork/RISC_V_CORE/cv32e40p/rtl/cv32e40p_decoder.sv:1721]
INFO: [Synth 8-294] found qualifier unique on case statement: implementing as parallel_case [E:/ResearchOnWork/RISC_V_CORE/cv32e40p/rtl/cv32e40p_decoder.sv:1745]
INFO: [Synth 8-294] found qualifier unique on case statement: implementing as parallel_case [E:/ResearchOnWork/RISC_V_CORE/cv32e40p/rtl/cv32e40p_decoder.sv:1790]
INFO: [Synth 8-294] found qualifier unique on case statement: implementing as parallel_case [E:/ResearchOnWork/RISC_V_CORE/cv32e40p/rtl/cv32e40p_decoder.sv:1895]
INFO: [Synth 8-294] found qualifier unique on case statement: implementing as parallel_case [E:/ResearchOnWork/RISC_V_CORE/cv32e40p/rtl/cv32e40p_decoder.sv:1938]
INFO: [Synth 8-294] found qualifier unique on case statement: implementing as parallel_case [E:/ResearchOnWork/RISC_V_CORE/cv32e40p/rtl/cv32e40p_decoder.sv:2025]
INFO: [Synth 8-294] found qualifier unique on case statement: implementing as parallel_case [E:/ResearchOnWork/RISC_V_CORE/cv32e40p/rtl/cv32e40p_decoder.sv:2033]
INFO: [Synth 8-294] found qualifier unique on case statement: implementing as parallel_case [E:/ResearchOnWork/RISC_V_CORE/cv32e40p/rtl/cv32e40p_decoder.sv:2079]
INFO: [Synth 8-294] found qualifier unique on case statement: implementing as parallel_case [E:/ResearchOnWork/RISC_V_CORE/cv32e40p/rtl/cv32e40p_decoder.sv:2159]
INFO: [Synth 8-294] found qualifier unique on case statement: implementing as parallel_case [E:/ResearchOnWork/RISC_V_CORE/cv32e40p/rtl/cv32e40p_decoder.sv:2422]
INFO: [Synth 8-294] found qualifier unique on case statement: implementing as parallel_case [E:/ResearchOnWork/RISC_V_CORE/cv32e40p/rtl/cv32e40p_decoder.sv:2683]
INFO: [Synth 8-294] found qualifier unique on case statement: implementing as parallel_case [E:/ResearchOnWork/RISC_V_CORE/cv32e40p/rtl/cv32e40p_decoder.sv:2704]
INFO: [Synth 8-294] found qualifier unique on case statement: implementing as parallel_case [E:/ResearchOnWork/RISC_V_CORE/cv32e40p/rtl/cv32e40p_decoder.sv:2775]
INFO: [Synth 8-6155] done synthesizing module 'cv32e40p_decoder' (0#1) [E:/ResearchOnWork/RISC_V_CORE/cv32e40p/rtl/cv32e40p_decoder.sv:28]
INFO: [Synth 8-6157] synthesizing module 'cv32e40p_controller' [E:/ResearchOnWork/RISC_V_CORE/cv32e40p/rtl/cv32e40p_controller.sv:31]
	Parameter COREV_CLUSTER bound to: 0 - type: integer 
	Parameter COREV_PULP bound to: 1 - type: integer 
	Parameter FPU bound to: 0 - type: integer 
INFO: [Synth 8-294] found qualifier unique on case statement: implementing as parallel_case [E:/ResearchOnWork/RISC_V_CORE/cv32e40p/rtl/cv32e40p_controller.sv:330]
INFO: [Synth 8-294] found qualifier unique on case statement: implementing as parallel_case [E:/ResearchOnWork/RISC_V_CORE/cv32e40p/rtl/cv32e40p_controller.sv:541]
INFO: [Synth 8-294] found qualifier unique on case statement: implementing as parallel_case [E:/ResearchOnWork/RISC_V_CORE/cv32e40p/rtl/cv32e40p_controller.sv:677]
INFO: [Synth 8-294] found qualifier unique on case statement: implementing as parallel_case [E:/ResearchOnWork/RISC_V_CORE/cv32e40p/rtl/cv32e40p_controller.sv:775]
INFO: [Synth 8-294] found qualifier unique on case statement: implementing as parallel_case [E:/ResearchOnWork/RISC_V_CORE/cv32e40p/rtl/cv32e40p_controller.sv:863]
INFO: [Synth 8-294] found qualifier unique on case statement: implementing as parallel_case [E:/ResearchOnWork/RISC_V_CORE/cv32e40p/rtl/cv32e40p_controller.sv:932]
INFO: [Synth 8-294] found qualifier unique on case statement: implementing as parallel_case [E:/ResearchOnWork/RISC_V_CORE/cv32e40p/rtl/cv32e40p_controller.sv:1054]
INFO: [Synth 8-294] found qualifier unique on case statement: implementing as parallel_case [E:/ResearchOnWork/RISC_V_CORE/cv32e40p/rtl/cv32e40p_controller.sv:1122]
INFO: [Synth 8-6155] done synthesizing module 'cv32e40p_controller' (0#1) [E:/ResearchOnWork/RISC_V_CORE/cv32e40p/rtl/cv32e40p_controller.sv:31]
INFO: [Synth 8-6157] synthesizing module 'cv32e40p_int_controller' [E:/ResearchOnWork/RISC_V_CORE/cv32e40p/rtl/cv32e40p_int_controller.sv:24]
	Parameter PULP_SECURE bound to: 0 - type: integer 
INFO: [Synth 8-6155] done synthesizing module 'cv32e40p_int_controller' (0#1) [E:/ResearchOnWork/RISC_V_CORE/cv32e40p/rtl/cv32e40p_int_controller.sv:24]
INFO: [Synth 8-6155] done synthesizing module 'cv32e40p_id_stage' (0#1) [E:/ResearchOnWork/RISC_V_CORE/cv32e40p/rtl/cv32e40p_id_stage.sv:30]
INFO: [Synth 8-6157] synthesizing module 'cv32e40p_ex_stage' [E:/ResearchOnWork/RISC_V_CORE/cv32e40p/rtl/cv32e40p_ex_stage.sv:32]
	Parameter COREV_PULP bound to: 1 - type: integer 
	Parameter FPU bound to: 0 - type: integer 
	Parameter APU_NARGS_CPU bound to: 3 - type: integer 
	Parameter APU_WOP_CPU bound to: 6 - type: integer 
	Parameter APU_NDSFLAGS_CPU bound to: 15 - type: integer 
	Parameter APU_NUSFLAGS_CPU bound to: 5 - type: integer 
INFO: [Synth 8-6157] synthesizing module 'cv32e40p_alu' [E:/ResearchOnWork/RISC_V_CORE/cv32e40p/rtl/cv32e40p_alu.sv:28]
INFO: [Synth 8-155] case statement is not full and has no default [E:/ResearchOnWork/RISC_V_CORE/cv32e40p/rtl/cv32e40p_alu.sv:139]
INFO: [Synth 8-155] case statement is not full and has no default [E:/ResearchOnWork/RISC_V_CORE/cv32e40p/rtl/cv32e40p_alu.sv:153]
INFO: [Synth 8-294] found qualifier unique on case statement: implementing as parallel_case [E:/ResearchOnWork/RISC_V_CORE/cv32e40p/rtl/cv32e40p_alu.sv:348]
INFO: [Synth 8-294] found qualifier unique on case statement: implementing as parallel_case [E:/ResearchOnWork/RISC_V_CORE/cv32e40p/rtl/cv32e40p_alu.sv:416]
INFO: [Synth 8-294] found qualifier unique on case statement: implementing as parallel_case [E:/ResearchOnWork/RISC_V_CORE/cv32e40p/rtl/cv32e40p_alu.sv:499]
INFO: [Synth 8-294] found qualifier unique on case statement: implementing as parallel_case [E:/ResearchOnWork/RISC_V_CORE/cv32e40p/rtl/cv32e40p_alu.sv:535]
INFO: [Synth 8-294] found qualifier unique on case statement: implementing as parallel_case [E:/ResearchOnWork/RISC_V_CORE/cv32e40p/rtl/cv32e40p_alu.sv:554]
INFO: [Synth 8-294] found qualifier unique on case statement: implementing as parallel_case [E:/ResearchOnWork/RISC_V_CORE/cv32e40p/rtl/cv32e40p_alu.sv:557]
INFO: [Synth 8-294] found qualifier unique on case statement: implementing as parallel_case [E:/ResearchOnWork/RISC_V_CORE/cv32e40p/rtl/cv32e40p_alu.sv:591]
INFO: [Synth 8-294] found qualifier unique on case statement: implementing as parallel_case [E:/ResearchOnWork/RISC_V_CORE/cv32e40p/rtl/cv32e40p_alu.sv:593]
INFO: [Synth 8-294] found qualifier unique on case statement: implementing as parallel_case [E:/ResearchOnWork/RISC_V_CORE/cv32e40p/rtl/cv32e40p_alu.sv:613]
INFO: [Synth 8-294] found qualifier unique on case statement: implementing as parallel_case [E:/ResearchOnWork/RISC_V_CORE/cv32e40p/rtl/cv32e40p_alu.sv:633]
INFO: [Synth 8-294] found qualifier unique on case statement: implementing as parallel_case [E:/ResearchOnWork/RISC_V_CORE/cv32e40p/rtl/cv32e40p_alu.sv:653]
INFO: [Synth 8-6157] synthesizing module 'cv32e40p_popcnt' [E:/ResearchOnWork/RISC_V_CORE/cv32e40p/rtl/cv32e40p_popcnt.sv:25]
INFO: [Synth 8-6155] done synthesizing module 'cv32e40p_popcnt' (0#1) [E:/ResearchOnWork/RISC_V_CORE/cv32e40p/rtl/cv32e40p_popcnt.sv:25]
INFO: [Synth 8-155] case statement is not full and has no default [E:/ResearchOnWork/RISC_V_CORE/cv32e40p/rtl/cv32e40p_alu.sv:752]
INFO: [Synth 8-6157] synthesizing module 'cv32e40p_ff_one' [E:/ResearchOnWork/RISC_V_CORE/cv32e40p/rtl/cv32e40p_ff_one.sv:25]
INFO: [Synth 8-6155] done synthesizing module 'cv32e40p_ff_one' (0#1) [E:/ResearchOnWork/RISC_V_CORE/cv32e40p/rtl/cv32e40p_ff_one.sv:25]
INFO: [Synth 8-294] found qualifier unique on case statement: implementing as parallel_case [E:/ResearchOnWork/RISC_V_CORE/cv32e40p/rtl/cv32e40p_alu.sv:863]
INFO: [Synth 8-6157] synthesizing module 'cv32e40p_alu_div' [E:/ResearchOnWork/RISC_V_CORE/cv32e40p/rtl/cv32e40p_alu_div.sv:26]
INFO: [Synth 8-6155] done synthesizing module 'cv32e40p_alu_div' (0#1) [E:/ResearchOnWork/RISC_V_CORE/cv32e40p/rtl/cv32e40p_alu_div.sv:26]
INFO: [Synth 8-294] found qualifier unique on case statement: implementing as parallel_case [E:/ResearchOnWork/RISC_V_CORE/cv32e40p/rtl/cv32e40p_alu.sv:931]
INFO: [Synth 8-6155] done synthesizing module 'cv32e40p_alu' (0#1) [E:/ResearchOnWork/RISC_V_CORE/cv32e40p/rtl/cv32e40p_alu.sv:28]
INFO: [Synth 8-6157] synthesizing module 'cv32e40p_mult' [E:/ResearchOnWork/RISC_V_CORE/cv32e40p/rtl/cv32e40p_mult.sv:26]
INFO: [Synth 8-155] case statement is not full and has no default [E:/ResearchOnWork/RISC_V_CORE/cv32e40p/rtl/cv32e40p_mult.sv:140]
INFO: [Synth 8-294] found qualifier unique on case statement: implementing as parallel_case [E:/ResearchOnWork/RISC_V_CORE/cv32e40p/rtl/cv32e40p_mult.sv:326]
INFO: [Synth 8-6155] done synthesizing module 'cv32e40p_mult' (0#1) [E:/ResearchOnWork/RISC_V_CORE/cv32e40p/rtl/cv32e40p_mult.sv:26]
INFO: [Synth 8-6155] done synthesizing module 'cv32e40p_ex_stage' (0#1) [E:/ResearchOnWork/RISC_V_CORE/cv32e40p/rtl/cv32e40p_ex_stage.sv:32]
INFO: [Synth 8-6157] synthesizing module 'cv32e40p_load_store_unit' [E:/ResearchOnWork/RISC_V_CORE/cv32e40p/rtl/cv32e40p_load_store_unit.sv:26]
	Parameter PULP_OBI bound to: 0 - type: integer 
INFO: [Synth 8-155] case statement is not full and has no default [E:/ResearchOnWork/RISC_V_CORE/cv32e40p/rtl/cv32e40p_load_store_unit.sv:332]
INFO: [Synth 8-294] found qualifier unique on case statement: implementing as parallel_case [E:/ResearchOnWork/RISC_V_CORE/cv32e40p/rtl/cv32e40p_load_store_unit.sv:419]
INFO: [Synth 8-6157] synthesizing module 'cv32e40p_obi_interface__parameterized0' [E:/ResearchOnWork/RISC_V_CORE/cv32e40p/rtl/cv32e40p_obi_interface.sv:38]
	Parameter TRANS_STABLE bound to: 1 - type: integer 
INFO: [Synth 8-6155] done synthesizing module 'cv32e40p_obi_interface__parameterized0' (0#1) [E:/ResearchOnWork/RISC_V_CORE/cv32e40p/rtl/cv32e40p_obi_interface.sv:38]
INFO: [Synth 8-6155] done synthesizing module 'cv32e40p_load_store_unit' (0#1) [E:/ResearchOnWork/RISC_V_CORE/cv32e40p/rtl/cv32e40p_load_store_unit.sv:26]
INFO: [Synth 8-6157] synthesizing module 'cv32e40p_cs_registers' [E:/ResearchOnWork/RISC_V_CORE/cv32e40p/rtl/cv32e40p_cs_registers.sv:30]
	Parameter N_HWLP bound to: 2 - type: integer 
	Parameter APU bound to: 0 - type: integer 
	Parameter A_EXTENSION bound to: 0 - type: integer 
	Parameter FPU bound to: 0 - type: integer 
	Parameter ZFINX bound to: 0 - type: integer 
	Parameter PULP_SECURE bound to: 0 - type: integer 
	Parameter USE_PMP bound to: 0 - type: integer 
	Parameter N_PMP_ENTRIES bound to: 16 - type: integer 
	Parameter NUM_MHPMCOUNTERS bound to: 1 - type: integer 
	Parameter COREV_PULP bound to: 1 - type: integer 
	Parameter COREV_CLUSTER bound to: 0 - type: integer 
	Parameter DEBUG_TRIGGER_EN bound to: 1 - type: integer 
INFO: [Synth 8-155] case statement is not full and has no default [E:/ResearchOnWork/RISC_V_CORE/cv32e40p/rtl/cv32e40p_cs_registers.sv:920]
INFO: [Synth 8-294] found qualifier unique on case statement: implementing as parallel_case [E:/ResearchOnWork/RISC_V_CORE/cv32e40p/rtl/cv32e40p_cs_registers.sv:1041]
INFO: [Synth 8-294] found qualifier unique on case statement: implementing as parallel_case [E:/ResearchOnWork/RISC_V_CORE/cv32e40p/rtl/cv32e40p_cs_registers.sv:1044]
INFO: [Synth 8-6155] done synthesizing module 'cv32e40p_cs_registers' (0#1) [E:/ResearchOnWork/RISC_V_CORE/cv32e40p/rtl/cv32e40p_cs_registers.sv:30]
INFO: [Synth 8-6155] done synthesizing module 'cv32e40p_core' (0#1) [E:/ResearchOnWork/RISC_V_CORE/cv32e40p/rtl/cv32e40p_core.sv:31]
INFO: [Synth 8-6155] done synthesizing module 'cv32e40p_top' (0#1) [E:/ResearchOnWork/RISC_V_CORE/cv32e40p/rtl/cv32e40p_top.sv:26]
INFO: [Synth 8-6157] synthesizing module 'tcm_sram' [E:/ResearchOnWork/RISC_V_CORE/RTL/ecg_soc/tcm_sram.sv:8]
	Parameter MEM_SIZE_BYTES bound to: 32'b00000000000000001000000000000000 
	Parameter TARGET_ASIC bound to: 1'b0 
	Parameter INIT_FILE bound to: E:/ResearchOnWork/RISC_V_CORE/Firmware/build/hello.hex - type: string 
INFO: [Synth 8-3876] $readmem data file 'E:/ResearchOnWork/RISC_V_CORE/Firmware/build/hello.hex' is read successfully [E:/ResearchOnWork/RISC_V_CORE/RTL/ecg_soc/tcm_sram.sv:81]
INFO: [Synth 8-6155] done synthesizing module 'tcm_sram' (0#1) [E:/ResearchOnWork/RISC_V_CORE/RTL/ecg_soc/tcm_sram.sv:8]
INFO: [Synth 8-6157] synthesizing module 'tcm_sram__parameterized0' [E:/ResearchOnWork/RISC_V_CORE/RTL/ecg_soc/tcm_sram.sv:8]
	Parameter MEM_SIZE_BYTES bound to: 32'b00000000000000001000000000000000 
	Parameter TARGET_ASIC bound to: 1'b0 
	Parameter INIT_FILE bound to: (null) - type: string 
INFO: [Synth 8-6155] done synthesizing module 'tcm_sram__parameterized0' (0#1) [E:/ResearchOnWork/RISC_V_CORE/RTL/ecg_soc/tcm_sram.sv:8]
INFO: [Synth 8-6157] synthesizing module 'obi_to_apb' [E:/ResearchOnWork/RISC_V_CORE/RTL/ecg_soc/obi_to_apb.sv:8]
INFO: [Synth 8-6155] done synthesizing module 'obi_to_apb' (0#1) [E:/ResearchOnWork/RISC_V_CORE/RTL/ecg_soc/obi_to_apb.sv:8]
INFO: [Synth 8-6157] synthesizing module 'ecg_soc_top' [E:/ResearchOnWork/RISC_V_CORE/RTL/ecg_soc/ecg_soc_top.sv:7]
	Parameter ENABLE_MAMBA bound to: 1'b0 
INFO: [Synth 8-6157] synthesizing module 'apb_interconnect' [E:/ResearchOnWork/RISC_V_CORE/RTL/ecg_soc/apb_interconnect.sv:8]
	Parameter NUM_SLAVES bound to: 32'b00000000000000000000000000000101 
INFO: [Synth 8-6155] done synthesizing module 'apb_interconnect' (0#1) [E:/ResearchOnWork/RISC_V_CORE/RTL/ecg_soc/apb_interconnect.sv:8]
INFO: [Synth 8-6157] synthesizing module 'uart_apb' [E:/ResearchOnWork/RISC_V_CORE/RTL/ecg_soc/uart_apb.sv:7]
	Parameter FIFO_DEPTH bound to: 32'b00000000000000000000000000010000 
INFO: [Synth 8-6157] synthesizing module 'uart_controller' [E:/ResearchOnWork/RISC_V_CORE/RTL/ecg_soc/uart_controller.sv:7]
	Parameter FIFO_DEPTH bound to: 32'b00000000000000000000000000010000 
INFO: [Synth 8-6157] synthesizing module 'sync_fifo' [E:/ResearchOnWork/RISC_V_CORE/RTL/ecg_soc/sync_fifo.sv:7]
	Parameter DATA_WIDTH bound to: 32'b00000000000000000000000000001000 
	Parameter FIFO_DEPTH bound to: 32'b00000000000000000000000000010000 
INFO: [Synth 8-6155] done synthesizing module 'sync_fifo' (0#1) [E:/ResearchOnWork/RISC_V_CORE/RTL/ecg_soc/sync_fifo.sv:7]
INFO: [Synth 8-226] default block is never used [E:/ResearchOnWork/RISC_V_CORE/RTL/ecg_soc/uart_controller.sv:128]
INFO: [Synth 8-226] default block is never used [E:/ResearchOnWork/RISC_V_CORE/RTL/ecg_soc/uart_controller.sv:216]
INFO: [Synth 8-6155] done synthesizing module 'uart_controller' (0#1) [E:/ResearchOnWork/RISC_V_CORE/RTL/ecg_soc/uart_controller.sv:7]
INFO: [Synth 8-6155] done synthesizing module 'uart_apb' (0#1) [E:/ResearchOnWork/RISC_V_CORE/RTL/ecg_soc/uart_apb.sv:7]
INFO: [Synth 8-6157] synthesizing module 'spi_master_apb' [E:/ResearchOnWork/RISC_V_CORE/RTL/ecg_soc/spi_master_apb.sv:9]
INFO: [Synth 8-6157] synthesizing module 'spi_master' [E:/ResearchOnWork/RISC_V_CORE/RTL/ecg_soc/spi_master.sv:12]
	Parameter DEFAULT_CLK_DIV bound to: 32'b00000000000000000000000000011001 
	Parameter WORD_LEN bound to: 32'b00000000000000000000000000011000 
	Parameter CPOL bound to: 1'b0 
	Parameter CPHA bound to: 1'b1 
INFO: [Synth 8-6155] done synthesizing module 'spi_master' (0#1) [E:/ResearchOnWork/RISC_V_CORE/RTL/ecg_soc/spi_master.sv:12]
INFO: [Synth 8-6155] done synthesizing module 'spi_master_apb' (0#1) [E:/ResearchOnWork/RISC_V_CORE/RTL/ecg_soc/spi_master_apb.sv:9]
INFO: [Synth 8-6157] synthesizing module 'timer_apb' [E:/ResearchOnWork/RISC_V_CORE/RTL/ecg_soc/timer_apb.sv:7]
INFO: [Synth 8-6155] done synthesizing module 'timer_apb' (0#1) [E:/ResearchOnWork/RISC_V_CORE/RTL/ecg_soc/timer_apb.sv:7]
INFO: [Synth 8-6157] synthesizing module 'gpio_apb' [E:/ResearchOnWork/RISC_V_CORE/RTL/ecg_soc/gpio_apb.sv:7]
	Parameter GPIO_WIDTH bound to: 32'b00000000000000000000000000001000 
INFO: [Synth 8-6155] done synthesizing module 'gpio_apb' (0#1) [E:/ResearchOnWork/RISC_V_CORE/RTL/ecg_soc/gpio_apb.sv:7]
INFO: [Synth 8-6157] synthesizing module 'ecg_dma' [E:/ResearchOnWork/RISC_V_CORE/RTL/ecg_soc/ecg_dma.sv:15]
	Parameter SAMPLES_PER_BANK bound to: 32'b00000000000000000000000000100000 
INFO: [Synth 8-6155] done synthesizing module 'ecg_dma' (0#1) [E:/ResearchOnWork/RISC_V_CORE/RTL/ecg_soc/ecg_dma.sv:15]
INFO: [Synth 8-6155] done synthesizing module 'ecg_soc_top' (0#1) [E:/ResearchOnWork/RISC_V_CORE/RTL/ecg_soc/ecg_soc_top.sv:7]
INFO: [Synth 8-6155] done synthesizing module 'cv32e40p_ecg_soc_top' (0#1) [E:/ResearchOnWork/RISC_V_CORE/RTL/ecg_soc/cv32e40p_ecg_soc_top.sv:15]
INFO: [Synth 8-6155] done synthesizing module 'ecg_arty_top' (0#1) [E:/ResearchOnWork/RISC_V_CORE/RTL/ecg_soc/fpga/ecg_arty_top.sv:14]
WARNING: [Synth 8-6014] Unused sequential element p_elw_busy_q_reg was removed.  [E:/ResearchOnWork/RISC_V_CORE/cv32e40p/rtl/cv32e40p_sleep_unit.sv:141]
WARNING: [Synth 8-3936] Found unconnected internal register 'mcountinhibit_n_reg' and it is trimmed from '32' to '4' bits. [E:/ResearchOnWork/RISC_V_CORE/cv32e40p/rtl/cv32e40p_cs_registers.sv:1395]
WARNING: [Synth 8-3936] Found unconnected internal register 'mhpmevent_n_reg[3]' and it is trimmed from '32' to '16' bits. [E:/ResearchOnWork/RISC_V_CORE/cv32e40p/rtl/cv32e40p_cs_registers.sv:1396]
WARNING: [Synth 8-7137] Register mem_reg in module sync_fifo has both Set and reset with same priority. This may cause simulation mismatches. Consider rewriting code 
WARNING: [Synth 8-4767] Trying to implement RAM 'mem_reg' in registers. Block RAM or DRAM implementation is not possible; see log for reasons.
Reason is one or more of the following :
	1: RAM is sensitive to asynchronous reset signal. this RTL style is not supported. 
RAM "mem_reg" dissolved into registers
WARNING: [Synth 8-7137] Register bank0_mem_reg in module ecg_dma has both Set and reset with same priority. This may cause simulation mismatches. Consider rewriting code 
WARNING: [Synth 8-7137] Register bank1_mem_reg in module ecg_dma has both Set and reset with same priority. This may cause simulation mismatches. Consider rewriting code 
WARNING: [Synth 8-4767] Trying to implement RAM 'bank0_mem_reg' in registers. Block RAM or DRAM implementation is not possible; see log for reasons.
Reason is one or more of the following :
	1: RAM has multiple writes via different ports in same process. If RAM inferencing intended, write to one port per process. 
	2: Unable to determine number of words or word size in RAM. 
	3: No valid read/write found for RAM. 
RAM "bank0_mem_reg" dissolved into registers
WARNING: [Synth 8-4767] Trying to implement RAM 'bank1_mem_reg' in registers. Block RAM or DRAM implementation is not possible; see log for reasons.
Reason is one or more of the following :
	1: RAM has multiple writes via different ports in same process. If RAM inferencing intended, write to one port per process. 
	2: Unable to determine number of words or word size in RAM. 
	3: No valid read/write found for RAM. 
RAM "bank1_mem_reg" dissolved into registers
WARNING: [Synth 8-7129] Port pwdata_i[31] in module ecg_dma is either unconnected or has no load
WARNING: [Synth 8-7129] Port pwdata_i[30] in module ecg_dma is either unconnected or has no load
WARNING: [Synth 8-7129] Port pwdata_i[29] in module ecg_dma is either unconnected or has no load
WARNING: [Synth 8-7129] Port pwdata_i[28] in module ecg_dma is either unconnected or has no load
WARNING: [Synth 8-7129] Port pwdata_i[27] in module ecg_dma is either unconnected or has no load
WARNING: [Synth 8-7129] Port pwdata_i[26] in module ecg_dma is either unconnected or has no load
WARNING: [Synth 8-7129] Port pwdata_i[25] in module ecg_dma is either unconnected or has no load
WARNING: [Synth 8-7129] Port pwdata_i[24] in module ecg_dma is either unconnected or has no load
WARNING: [Synth 8-7129] Port pwdata_i[23] in module ecg_dma is either unconnected or has no load
WARNING: [Synth 8-7129] Port pwdata_i[22] in module ecg_dma is either unconnected or has no load
WARNING: [Synth 8-7129] Port pwdata_i[21] in module ecg_dma is either unconnected or has no load
WARNING: [Synth 8-7129] Port pwdata_i[20] in module ecg_dma is either unconnected or has no load
WARNING: [Synth 8-7129] Port pwdata_i[19] in module ecg_dma is either unconnected or has no load
WARNING: [Synth 8-7129] Port pwdata_i[18] in module ecg_dma is either unconnected or has no load
WARNING: [Synth 8-7129] Port pwdata_i[17] in module ecg_dma is either unconnected or has no load
WARNING: [Synth 8-7129] Port pwdata_i[16] in module ecg_dma is either unconnected or has no load
WARNING: [Synth 8-7129] Port pwdata_i[15] in module ecg_dma is either unconnected or has no load
WARNING: [Synth 8-7129] Port pwdata_i[14] in module ecg_dma is either unconnected or has no load
WARNING: [Synth 8-7129] Port pwdata_i[13] in module ecg_dma is either unconnected or has no load
WARNING: [Synth 8-7129] Port pwdata_i[12] in module ecg_dma is either unconnected or has no load
WARNING: [Synth 8-7129] Port pwdata_i[11] in module ecg_dma is either unconnected or has no load
WARNING: [Synth 8-7129] Port pwdata_i[10] in module ecg_dma is either unconnected or has no load
WARNING: [Synth 8-7129] Port pwdata_i[9] in module ecg_dma is either unconnected or has no load
WARNING: [Synth 8-7129] Port pwdata_i[8] in module ecg_dma is either unconnected or has no load
WARNING: [Synth 8-7129] Port pwdata_i[7] in module ecg_dma is either unconnected or has no load
WARNING: [Synth 8-7129] Port pwdata_i[6] in module ecg_dma is either unconnected or has no load
WARNING: [Synth 8-7129] Port pwdata_i[5] in module ecg_dma is either unconnected or has no load
WARNING: [Synth 8-7129] Port pwdata_i[4] in module ecg_dma is either unconnected or has no load
WARNING: [Synth 8-7129] Port pwdata_i[3] in module ecg_dma is either unconnected or has no load
WARNING: [Synth 8-7129] Port dobi_addr_i[31] in module ecg_dma is either unconnected or has no load
WARNING: [Synth 8-7129] Port dobi_addr_i[30] in module ecg_dma is either unconnected or has no load
WARNING: [Synth 8-7129] Port dobi_addr_i[29] in module ecg_dma is either unconnected or has no load
WARNING: [Synth 8-7129] Port dobi_addr_i[28] in module ecg_dma is either unconnected or has no load
WARNING: [Synth 8-7129] Port dobi_addr_i[27] in module ecg_dma is either unconnected or has no load
WARNING: [Synth 8-7129] Port dobi_addr_i[26] in module ecg_dma is either unconnected or has no load
WARNING: [Synth 8-7129] Port dobi_addr_i[25] in module ecg_dma is either unconnected or has no load
WARNING: [Synth 8-7129] Port dobi_addr_i[24] in module ecg_dma is either unconnected or has no load
WARNING: [Synth 8-7129] Port dobi_addr_i[23] in module ecg_dma is either unconnected or has no load
WARNING: [Synth 8-7129] Port dobi_addr_i[22] in module ecg_dma is either unconnected or has no load
WARNING: [Synth 8-7129] Port dobi_addr_i[21] in module ecg_dma is either unconnected or has no load
WARNING: [Synth 8-7129] Port dobi_addr_i[20] in module ecg_dma is either unconnected or has no load
WARNING: [Synth 8-7129] Port dobi_addr_i[19] in module ecg_dma is either unconnected or has no load
WARNING: [Synth 8-7129] Port dobi_addr_i[18] in module ecg_dma is either unconnected or has no load
WARNING: [Synth 8-7129] Port dobi_addr_i[17] in module ecg_dma is either unconnected or has no load
WARNING: [Synth 8-7129] Port dobi_addr_i[16] in module ecg_dma is either unconnected or has no load
WARNING: [Synth 8-7129] Port dobi_addr_i[15] in module ecg_dma is either unconnected or has no load
WARNING: [Synth 8-7129] Port dobi_addr_i[14] in module ecg_dma is either unconnected or has no load
WARNING: [Synth 8-7129] Port dobi_addr_i[13] in module ecg_dma is either unconnected or has no load
WARNING: [Synth 8-7129] Port dobi_addr_i[1] in module ecg_dma is either unconnected or has no load
WARNING: [Synth 8-7129] Port dobi_addr_i[0] in module ecg_dma is either unconnected or has no load
WARNING: [Synth 8-7129] Port pwdata_i[31] in module gpio_apb is either unconnected or has no load
WARNING: [Synth 8-7129] Port pwdata_i[30] in module gpio_apb is either unconnected or has no load
WARNING: [Synth 8-7129] Port pwdata_i[29] in module gpio_apb is either unconnected or has no load
WARNING: [Synth 8-7129] Port pwdata_i[28] in module gpio_apb is either unconnected or has no load
WARNING: [Synth 8-7129] Port pwdata_i[27] in module gpio_apb is either unconnected or has no load
WARNING: [Synth 8-7129] Port pwdata_i[26] in module gpio_apb is either unconnected or has no load
WARNING: [Synth 8-7129] Port pwdata_i[25] in module gpio_apb is either unconnected or has no load
WARNING: [Synth 8-7129] Port pwdata_i[24] in module gpio_apb is either unconnected or has no load
WARNING: [Synth 8-7129] Port pwdata_i[23] in module gpio_apb is either unconnected or has no load
WARNING: [Synth 8-7129] Port pwdata_i[22] in module gpio_apb is either unconnected or has no load
WARNING: [Synth 8-7129] Port pwdata_i[21] in module gpio_apb is either unconnected or has no load
WARNING: [Synth 8-7129] Port pwdata_i[20] in module gpio_apb is either unconnected or has no load
WARNING: [Synth 8-7129] Port pwdata_i[19] in module gpio_apb is either unconnected or has no load
WARNING: [Synth 8-7129] Port pwdata_i[18] in module gpio_apb is either unconnected or has no load
WARNING: [Synth 8-7129] Port pwdata_i[17] in module gpio_apb is either unconnected or has no load
WARNING: [Synth 8-7129] Port pwdata_i[16] in module gpio_apb is either unconnected or has no load
WARNING: [Synth 8-7129] Port pwdata_i[15] in module gpio_apb is either unconnected or has no load
WARNING: [Synth 8-7129] Port pwdata_i[14] in module gpio_apb is either unconnected or has no load
WARNING: [Synth 8-7129] Port pwdata_i[13] in module gpio_apb is either unconnected or has no load
WARNING: [Synth 8-7129] Port pwdata_i[12] in module gpio_apb is either unconnected or has no load
WARNING: [Synth 8-7129] Port pwdata_i[11] in module gpio_apb is either unconnected or has no load
WARNING: [Synth 8-7129] Port pwdata_i[10] in module gpio_apb is either unconnected or has no load
WARNING: [Synth 8-7129] Port pwdata_i[9] in module gpio_apb is either unconnected or has no load
WARNING: [Synth 8-7129] Port pwdata_i[8] in module gpio_apb is either unconnected or has no load
WARNING: [Synth 8-7129] Port pwdata_i[31] in module uart_apb is either unconnected or has no load
WARNING: [Synth 8-7129] Port pwdata_i[30] in module uart_apb is either unconnected or has no load
WARNING: [Synth 8-7129] Port pwdata_i[29] in module uart_apb is either unconnected or has no load
WARNING: [Synth 8-7129] Port pwdata_i[28] in module uart_apb is either unconnected or has no load
WARNING: [Synth 8-7129] Port pwdata_i[27] in module uart_apb is either unconnected or has no load
WARNING: [Synth 8-7129] Port pwdata_i[26] in module uart_apb is either unconnected or has no load
WARNING: [Synth 8-7129] Port pwdata_i[25] in module uart_apb is either unconnected or has no load
WARNING: [Synth 8-7129] Port pwdata_i[24] in module uart_apb is either unconnected or has no load
WARNING: [Synth 8-7129] Port pwdata_i[23] in module uart_apb is either unconnected or has no load
WARNING: [Synth 8-7129] Port pwdata_i[22] in module uart_apb is either unconnected or has no load
WARNING: [Synth 8-7129] Port pwdata_i[21] in module uart_apb is either unconnected or has no load
WARNING: [Synth 8-7129] Port pwdata_i[20] in module uart_apb is either unconnected or has no load
WARNING: [Synth 8-7129] Port pwdata_i[19] in module uart_apb is either unconnected or has no load
WARNING: [Synth 8-7129] Port pwdata_i[18] in module uart_apb is either unconnected or has no load
WARNING: [Synth 8-7129] Port pwdata_i[17] in module uart_apb is either unconnected or has no load
WARNING: [Synth 8-7129] Port pwdata_i[16] in module uart_apb is either unconnected or has no load
WARNING: [Synth 8-7129] Port clk_i in module apb_interconnect is either unconnected or has no load
WARNING: [Synth 8-7129] Port rst_ni in module apb_interconnect is either unconnected or has no load
WARNING: [Synth 8-7129] Port obi_be_i[3] in module obi_to_apb is either unconnected or has no load
WARNING: [Synth 8-7129] Port obi_be_i[2] in module obi_to_apb is either unconnected or has no load
WARNING: [Synth 8-7129] Port obi_be_i[1] in module obi_to_apb is either unconnected or has no load
WARNING: [Synth 8-7129] Port obi_be_i[0] in module obi_to_apb is either unconnected or has no load
WARNING: [Synth 8-7129] Port instr_addr_i[31] in module tcm_sram__parameterized0 is either unconnected or has no load
WARNING: [Synth 8-7129] Port instr_addr_i[30] in module tcm_sram__parameterized0 is either unconnected or has no load
WARNING: [Synth 8-7129] Port instr_addr_i[29] in module tcm_sram__parameterized0 is either unconnected or has no load
WARNING: [Synth 8-7129] Port instr_addr_i[28] in module tcm_sram__parameterized0 is either unconnected or has no load
INFO: [Common 17-14] Message 'Synth 8-7129' appears 100 times and further instances of the messages will be disabled. Use the Tcl command set_msg_config to change the current settings.
---------------------------------------------------------------------------------
Finished RTL Elaboration : Time (s): cpu = 00:00:14 ; elapsed = 00:00:15 . Memory (MB): peak = 1658.871 ; gain = 682.262
---------------------------------------------------------------------------------
---------------------------------------------------------------------------------
Start Handling Custom Attributes
---------------------------------------------------------------------------------
---------------------------------------------------------------------------------
Finished Handling Custom Attributes : Time (s): cpu = 00:00:15 ; elapsed = 00:00:15 . Memory (MB): peak = 1658.871 ; gain = 682.262
---------------------------------------------------------------------------------
---------------------------------------------------------------------------------
Finished RTL Optimization Phase 1 : Time (s): cpu = 00:00:15 ; elapsed = 00:00:15 . Memory (MB): peak = 1658.871 ; gain = 682.262
---------------------------------------------------------------------------------
Netlist sorting complete. Time (s): cpu = 00:00:01 ; elapsed = 00:00:00.371 . Memory (MB): peak = 1659.543 ; gain = 0.000
INFO: [Netlist 29-17] Analyzing 1 Unisim elements for replacement
INFO: [Netlist 29-28] Unisim Transformation completed in 0 CPU seconds
INFO: [Project 1-570] Preparing netlist for logic optimization

Processing XDC Constraints
Initializing timing engine
Parsing XDC File [E:/ResearchOnWork/RISC_V_CORE/Synthesis/fpga/ecg_artix7/arty_a7_100t.xdc]
Finished Parsing XDC File [E:/ResearchOnWork/RISC_V_CORE/Synthesis/fpga/ecg_artix7/arty_a7_100t.xdc]
INFO: [Project 1-236] Implementation specific constraints were found while reading constraint file [E:/ResearchOnWork/RISC_V_CORE/Synthesis/fpga/ecg_artix7/arty_a7_100t.xdc]. These constraints will be ignored for synthesis but will be used in implementation. Impacted constraints are listed in the file [.Xil/ecg_arty_top_propImpl.xdc].
Resolution: To avoid this warning, move constraints listed in [.Xil/ecg_arty_top_propImpl.xdc] to another XDC file and exclude this new file from synthesis with the used_in_synthesis property (File Properties dialog in GUI) and re-run elaboration/synthesis.
INFO: [Timing 38-2] Deriving generated clocks
Completed Processing XDC Constraints

Netlist sorting complete. Time (s): cpu = 00:00:00 ; elapsed = 00:00:00.005 . Memory (MB): peak = 1767.875 ; gain = 0.000
INFO: [Project 1-111] Unisim Transformation Summary:
  A total of 1 instances were transformed.
  MMCME2_BASE => MMCME2_ADV: 1 instance 

Constraint Validation Runtime : Time (s): cpu = 00:00:00 ; elapsed = 00:00:00.098 . Memory (MB): peak = 1767.875 ; gain = 0.000
---------------------------------------------------------------------------------
Finished Constraint Validation : Time (s): cpu = 00:00:30 ; elapsed = 00:00:31 . Memory (MB): peak = 1767.875 ; gain = 791.266
---------------------------------------------------------------------------------
---------------------------------------------------------------------------------
Start Loading Part and Timing Information
---------------------------------------------------------------------------------
Loading part: xc7a100tcsg324-1
---------------------------------------------------------------------------------
Finished Loading Part and Timing Information : Time (s): cpu = 00:00:30 ; elapsed = 00:00:31 . Memory (MB): peak = 1767.875 ; gain = 791.266
---------------------------------------------------------------------------------
---------------------------------------------------------------------------------
Start Applying 'set_property' XDC Constraints
---------------------------------------------------------------------------------
---------------------------------------------------------------------------------
Finished applying 'set_property' XDC Constraints : Time (s): cpu = 00:00:30 ; elapsed = 00:00:31 . Memory (MB): peak = 1767.875 ; gain = 791.266
---------------------------------------------------------------------------------
INFO: [Synth 8-802] inferred FSM for state register 'debug_fsm_cs_reg' in module 'cv32e40p_controller'
INFO: [Synth 8-802] inferred FSM for state register 'State_SP_reg' in module 'cv32e40p_alu_div'
INFO: [Synth 8-802] inferred FSM for state register 'mulh_CS_reg' in module 'cv32e40p_mult'
INFO: [Synth 8-802] inferred FSM for state register 'state_q_reg' in module 'obi_to_apb'
INFO: [Synth 8-802] inferred FSM for state register 'tx_state_q_reg' in module 'uart_controller'
INFO: [Synth 8-802] inferred FSM for state register 'rx_state_q_reg' in module 'uart_controller'
INFO: [Synth 8-802] inferred FSM for state register 'state_q_reg' in module 'spi_master'
---------------------------------------------------------------------------------------------------
                   State |                     New Encoding |                Previous Encoding 
---------------------------------------------------------------------------------------------------
*
               HAVERESET |                              001 |                              001
                 RUNNING |                              010 |                              010
                  HALTED |                              100 |                              100
---------------------------------------------------------------------------------------------------
INFO: [Synth 8-3898] No Re-encoding of one hot register 'debug_fsm_cs_reg' in module 'cv32e40p_controller'
---------------------------------------------------------------------------------------------------
                   State |                     New Encoding |                Previous Encoding 
---------------------------------------------------------------------------------------------------
                    IDLE |                              001 |                               00
                  DIVIDE |                              010 |                               01
                  FINISH |                              100 |                               10
---------------------------------------------------------------------------------------------------
INFO: [Synth 8-3354] encoded FSM with state register 'State_SP_reg' using encoding 'one-hot' in module 'cv32e40p_alu_div'
---------------------------------------------------------------------------------------------------
                   State |                     New Encoding |                Previous Encoding 
---------------------------------------------------------------------------------------------------
               IDLE_MULT |                              000 |                              000
                   STEP0 |                              001 |                              001
                   STEP1 |                              010 |                              010
                   STEP2 |                              011 |                              011
                  FINISH |                              100 |                              100
---------------------------------------------------------------------------------------------------
INFO: [Synth 8-3354] encoded FSM with state register 'mulh_CS_reg' using encoding 'sequential' in module 'cv32e40p_mult'
WARNING: [Synth 8-6841] Block RAM (mem_reg) originally specified as a Byte Wide Write Enable RAM cannot take advantage of ByteWide feature and is implemented with single write enable per RAM due to following reason.
(address width (13) is more than optimal threshold of 12. Implementing using BWWE will require more logic and timing would be suboptimal. Please use attribute ram_decomp = power if BWWE is desired.)
WARNING: [Synth 8-6841] Block RAM (mem_reg) originally specified as a Byte Wide Write Enable RAM cannot take advantage of ByteWide feature and is implemented with single write enable per RAM due to following reason.
(address width (13) is more than optimal threshold of 12. Implementing using BWWE will require more logic and timing would be suboptimal. Please use attribute ram_decomp = power if BWWE is desired.)
---------------------------------------------------------------------------------------------------
                   State |                     New Encoding |                Previous Encoding 
---------------------------------------------------------------------------------------------------
                 ST_IDLE |                              001 |                               00
                ST_SETUP |                              010 |                               01
               ST_ACCESS |                              100 |                               10
---------------------------------------------------------------------------------------------------
INFO: [Synth 8-3354] encoded FSM with state register 'state_q_reg' using encoding 'one-hot' in module 'obi_to_apb'
---------------------------------------------------------------------------------------------------
                   State |                     New Encoding |                Previous Encoding 
---------------------------------------------------------------------------------------------------
                 TX_IDLE |                               00 |                               00
                TX_START |                               01 |                               01
                 TX_DATA |                               10 |                               10
                 TX_STOP |                               11 |                               11
---------------------------------------------------------------------------------------------------
INFO: [Synth 8-3354] encoded FSM with state register 'tx_state_q_reg' using encoding 'sequential' in module 'uart_controller'
---------------------------------------------------------------------------------------------------
                   State |                     New Encoding |                Previous Encoding 
---------------------------------------------------------------------------------------------------
                 RX_IDLE |                               00 |                               00
                RX_START |                               01 |                               01
                 RX_DATA |                               10 |                               10
                 RX_STOP |                               11 |                               11
---------------------------------------------------------------------------------------------------
INFO: [Synth 8-3354] encoded FSM with state register 'rx_state_q_reg' using encoding 'sequential' in module 'uart_controller'
---------------------------------------------------------------------------------------------------
                   State |                     New Encoding |                Previous Encoding 
---------------------------------------------------------------------------------------------------
                 ST_IDLE |                              000 |                              000
              ST_CS_LEAD |                              001 |                              001
             ST_TRANSFER |                              010 |                              010
             ST_CS_TRAIL |                              011 |                              011
                 ST_DONE |                              100 |                              100
---------------------------------------------------------------------------------------------------
INFO: [Synth 8-3354] encoded FSM with state register 'state_q_reg' using encoding 'sequential' in module 'spi_master'
---------------------------------------------------------------------------------
Finished RTL Optimization Phase 2 : Time (s): cpu = 00:00:39 ; elapsed = 00:00:41 . Memory (MB): peak = 1767.875 ; gain = 791.266
---------------------------------------------------------------------------------
---------------------------------------------------------------------------------
Start RTL Component Statistics 
---------------------------------------------------------------------------------
Detailed RTL Component Info : 
+---Adders : 
	   2 Input   64 Bit       Adders := 3     
	   2 Input   37 Bit       Adders := 1     
	   2 Input   32 Bit       Adders := 18    
	   3 Input   32 Bit       Adders := 1     
	   5 Input   32 Bit       Adders := 1     
	   2 Input   16 Bit       Adders := 4     
	   2 Input    8 Bit       Adders := 2     
	   2 Input    7 Bit       Adders := 1     
	   2 Input    6 Bit       Adders := 4     
	   2 Input    5 Bit       Adders := 7     
	   2 Input    4 Bit       Adders := 9     
	   2 Input    3 Bit       Adders := 11    
	   2 Input    2 Bit       Adders := 22    
	   3 Input    2 Bit       Adders := 1     
	   2 Input    1 Bit       Adders := 2     
+---XORs : 
	   2 Input     32 Bit         XORs := 2     
	   2 Input     17 Bit         XORs := 1     
	   2 Input      8 Bit         XORs := 1     
	   2 Input      4 Bit         XORs := 1     
	   2 Input      1 Bit         XORs := 2     
+---Registers : 
	               64 Bit    Registers := 3     
	               32 Bit    Registers := 273   
	               24 Bit    Registers := 9     
	               16 Bit    Registers := 4     
	               15 Bit    Registers := 1     
	               12 Bit    Registers := 1     
	                8 Bit    Registers := 43    
	                7 Bit    Registers := 2     
	                6 Bit    Registers := 9     
	                5 Bit    Registers := 7     
	                4 Bit    Registers := 8     
	                3 Bit    Registers := 9     
	                2 Bit    Registers := 23    
	                1 Bit    Registers := 94    
+---Multipliers : 
	              32x32  Multipliers := 1     
+---RAMs : 
	             256K Bit	(8192 X 32 bit)          RAMs := 2     
+---Muxes : 
	   2 Input   64 Bit        Muxes := 13    
	   2 Input   36 Bit        Muxes := 6     
	   2 Input   33 Bit        Muxes := 1     
	   2 Input   32 Bit        Muxes := 292   
	   4 Input   32 Bit        Muxes := 29    
	   3 Input   32 Bit        Muxes := 58    
	   8 Input   32 Bit        Muxes := 1     
	  16 Input   32 Bit        Muxes := 1     
	   5 Input   32 Bit        Muxes := 9     
	  18 Input   32 Bit        Muxes := 1     
	  32 Input   32 Bit        Muxes := 1     
	  30 Input   32 Bit        Muxes := 1     
	   2 Input   31 Bit        Muxes := 1     
	   2 Input   27 Bit        Muxes := 5     
	   2 Input   24 Bit        Muxes := 4     
	   5 Input   24 Bit        Muxes := 1     
	   2 Input   17 Bit        Muxes := 2     
	   2 Input   16 Bit        Muxes := 6     
	   4 Input   16 Bit        Muxes := 2     
	   2 Input   12 Bit        Muxes := 1     
	   2 Input    8 Bit        Muxes := 47    
	   4 Input    8 Bit        Muxes := 2     
	   9 Input    7 Bit        Muxes := 1     
	   2 Input    7 Bit        Muxes := 2     
	   5 Input    7 Bit        Muxes := 1     
	   2 Input    6 Bit        Muxes := 17    
	  10 Input    6 Bit        Muxes := 1     
	  21 Input    6 Bit        Muxes := 1     
	   6 Input    6 Bit        Muxes := 1     
	   7 Input    6 Bit        Muxes := 1     
	   4 Input    6 Bit        Muxes := 5     
	  43 Input    6 Bit        Muxes := 1     
	  16 Input    6 Bit        Muxes := 1     
	   2 Input    5 Bit        Muxes := 53    
	   4 Input    5 Bit        Muxes := 5     
	  16 Input    5 Bit        Muxes := 1     
	   5 Input    5 Bit        Muxes := 2     
	  33 Input    5 Bit        Muxes := 1     
	   8 Input    5 Bit        Muxes := 1     
	   9 Input    5 Bit        Muxes := 1     
	  18 Input    5 Bit        Muxes := 1     
	  38 Input    5 Bit        Muxes := 1     
	   7 Input    5 Bit        Muxes := 1     
	   2 Input    4 Bit        Muxes := 57    
	  43 Input    4 Bit        Muxes := 2     
	   7 Input    4 Bit        Muxes := 2     
	  21 Input    4 Bit        Muxes := 2     
	   4 Input    4 Bit        Muxes := 3     
	   5 Input    4 Bit        Muxes := 3     
	   3 Input    4 Bit        Muxes := 2     
	   9 Input    4 Bit        Muxes := 3     
	   6 Input    4 Bit        Muxes := 3     
	  10 Input    4 Bit        Muxes := 1     
	   4 Input    3 Bit        Muxes := 9     
	   2 Input    3 Bit        Muxes := 17    
	   7 Input    3 Bit        Muxes := 3     
	  10 Input    3 Bit        Muxes := 1     
	  21 Input    3 Bit        Muxes := 5     
	   6 Input    3 Bit        Muxes := 3     
	   9 Input    3 Bit        Muxes := 1     
	  12 Input    3 Bit        Muxes := 1     
	   3 Input    3 Bit        Muxes := 3     
	  16 Input    3 Bit        Muxes := 3     
	   5 Input    3 Bit        Muxes := 5     
	   2 Input    2 Bit        Muxes := 96    
	   4 Input    2 Bit        Muxes := 19    
	   3 Input    2 Bit        Muxes := 14    
	   5 Input    2 Bit        Muxes := 4     
	   6 Input    2 Bit        Muxes := 7     
	   7 Input    2 Bit        Muxes := 5     
	   9 Input    2 Bit        Muxes := 4     
	  43 Input    2 Bit        Muxes := 4     
	  21 Input    2 Bit        Muxes := 14    
	  12 Input    2 Bit        Muxes := 2     
	  16 Input    2 Bit        Muxes := 3     
	   4 Input    1 Bit        Muxes := 159   
	   2 Input    1 Bit        Muxes := 459   
	   3 Input    1 Bit        Muxes := 18    
	   6 Input    1 Bit        Muxes := 14    
	   7 Input    1 Bit        Muxes := 10    
	   8 Input    1 Bit        Muxes := 3     
	  12 Input    1 Bit        Muxes := 2     
	  10 Input    1 Bit        Muxes := 7     
	  21 Input    1 Bit        Muxes := 39    
	   5 Input    1 Bit        Muxes := 41    
	  14 Input    1 Bit        Muxes := 1     
	  17 Input    1 Bit        Muxes := 2     
	   9 Input    1 Bit        Muxes := 14    
	  19 Input    1 Bit        Muxes := 1     
	  43 Input    1 Bit        Muxes := 7     
	  16 Input    1 Bit        Muxes := 24    
---------------------------------------------------------------------------------
Finished RTL Component Statistics 
---------------------------------------------------------------------------------
---------------------------------------------------------------------------------
Start Part Resource Summary
---------------------------------------------------------------------------------
Part Resources:
DSPs: 240 (col length:80)
BRAMs: 270 (col length: RAMB18 80 RAMB36 40)
---------------------------------------------------------------------------------
Finished Part Resource Summary
---------------------------------------------------------------------------------
---------------------------------------------------------------------------------
Start Cross Boundary and Area Optimization
---------------------------------------------------------------------------------
WARNING: [Synth 8-7080] Parallel synthesis criteria is not met
DSP Report: Generating DSP mult_i/short_mul, operation Mode is: A*B.
DSP Report: operator mult_i/short_mul is absorbed into DSP mult_i/short_mul.
DSP Report: Generating DSP mult_i/short_mac, operation Mode is: PCIN+A:B+C.
DSP Report: operator mult_i/short_mac is absorbed into DSP mult_i/short_mac.
DSP Report: Generating DSP mult_i/dot_short_mul[1], operation Mode is: A*B.
DSP Report: operator mult_i/dot_short_mul[1] is absorbed into DSP mult_i/dot_short_mul[1].
DSP Report: Generating DSP mult_i/dot_short_result, operation Mode is: C+A*B.
DSP Report: operator mult_i/dot_short_result is absorbed into DSP mult_i/dot_short_result.
DSP Report: operator mult_i/dot_short_mul[0] is absorbed into DSP mult_i/dot_short_result.
DSP Report: Generating DSP mult_i/, operation Mode is: A*B.
DSP Report: operator mult_i/ is absorbed into DSP mult_i/.
DSP Report: operator mult_i/ is absorbed into DSP mult_i/.
DSP Report: Generating DSP mult_i/, operation Mode is: (PCIN>>17)+A*B.
DSP Report: operator mult_i/ is absorbed into DSP mult_i/.
DSP Report: operator mult_i/ is absorbed into DSP mult_i/.
DSP Report: Generating DSP mult_i/, operation Mode is: A*B.
DSP Report: operator mult_i/ is absorbed into DSP mult_i/.
DSP Report: operator mult_i/ is absorbed into DSP mult_i/.
DSP Report: Generating DSP mult_i/, operation Mode is: (PCIN>>17)+A*B.
DSP Report: operator mult_i/ is absorbed into DSP mult_i/.
DSP Report: operator mult_i/ is absorbed into DSP mult_i/.
WARNING: [Synth 8-6841] Block RAM (u_i_tcm/mem_reg) originally specified as a Byte Wide Write Enable RAM cannot take advantage of ByteWide feature and is implemented with single write enable per RAM due to following reason.
(address width (13) is more than optimal threshold of 12. Implementing using BWWE will require more logic and timing would be suboptimal. Please use attribute ram_decomp = power if BWWE is desired.)
WARNING: [Synth 8-6841] Block RAM (u_d_tcm/mem_reg) originally specified as a Byte Wide Write Enable RAM cannot take advantage of ByteWide feature and is implemented with single write enable per RAM due to following reason.
(address width (13) is more than optimal threshold of 12. Implementing using BWWE will require more logic and timing would be suboptimal. Please use attribute ram_decomp = power if BWWE is desired.)
---------------------------------------------------------------------------------
Finished Cross Boundary and Area Optimization : Time (s): cpu = 00:04:55 ; elapsed = 00:05:02 . Memory (MB): peak = 1951.688 ; gain = 975.078
---------------------------------------------------------------------------------
 Sort Area is cv32e40p_top mult_i/_3 : 0 0 : 3101 5754 : Used 1 time 0
 Sort Area is cv32e40p_top mult_i/_3 : 0 1 : 2653 5754 : Used 1 time 0
 Sort Area is cv32e40p_top mult_i/_6 : 0 0 : 2634 5119 : Used 1 time 0
 Sort Area is cv32e40p_top mult_i/_6 : 0 1 : 2485 5119 : Used 1 time 0
 Sort Area is cv32e40p_top mult_i/short_mul_0 : 0 0 : 2264 2536 : Used 1 time 0
 Sort Area is cv32e40p_top mult_i/short_mul_0 : 0 1 : 272 2536 : Used 1 time 0
 Sort Area is cv32e40p_top mult_i/dot_short_result_a : 0 0 : 2359 2359 : Used 1 time 0
 Sort Area is cv32e40p_top mult_i/dot_short_mul[1]_9 : 0 0 : 2264 2264 : Used 1 time 0
---------------------------------------------------------------------------------
Start ROM, RAM, DSP, Shift Register and Retiming Reporting
---------------------------------------------------------------------------------

ROM: Preliminary Mapping Report
+-----------------+----------------+---------------+----------------+
|Module Name      | RTL Object     | Depth x Width | Implemented As | 
+-----------------+----------------+---------------+----------------+
|cv32e40p_decoder | regb_used_o    | 32x1          | LUT            | 
|cv32e40p_decoder | alu_operator_o | 32x6          | LUT            | 
|cv32e40p_decoder | regb_used_o    | 32x1          | LUT            | 
|cv32e40p_decoder | alu_operator_o | 32x6          | LUT            | 
+-----------------+----------------+---------------+----------------+


Block RAM: Preliminary Mapping Report (see note below)
+-------------+-----------------+------------------------+---+---+------------------------+---+---+------------------+--------+--------+
|Module Name  | RTL Object      | PORT A (Depth x Width) | W | R | PORT B (Depth x Width) | W | R | Ports driving FF | RAMB18 | RAMB36 | 
+-------------+-----------------+------------------------+---+---+------------------------+---+---+------------------+--------+--------+
|ecg_arty_top | u_i_tcm/mem_reg | 8 K x 32(READ_FIRST)   | W | R | 8 K x 32(WRITE_FIRST)  |   | R | Port A and B     | 0      | 8      | 
|ecg_arty_top | u_d_tcm/mem_reg | 8 K x 32(READ_FIRST)   | W |   | 8 K x 32(WRITE_FIRST)  |   | R | Port A and B     | 0      | 8      | 
+-------------+-----------------+------------------------+---+---+------------------------+---+---+------------------+--------+--------+

Note: The table above is a preliminary report that shows the Block RAMs at the current stage of the synthesis flow. Some Block RAMs may be reimplemented as non Block RAM primitives later in the synthesis flow. Multiple instantiated Block RAMs are reported only once. 

DSP: Preliminary Mapping Report (see note below. The ' indicates corresponding REG is set)
+------------------+----------------+--------+--------+--------+--------+--------+------+------+------+------+-------+------+------+
|Module Name       | DSP Mapping    | A Size | B Size | C Size | D Size | P Size | AREG | BREG | CREG | DREG | ADREG | MREG | PREG | 
+------------------+----------------+--------+--------+--------+--------+--------+------+------+------+------+-------+------+------+
|cv32e40p_mult     | A*B            | 17     | 17     | -      | -      | 34     | 0    | 0    | -    | -    | -     | 0    | 0    | 
|cv32e40p_ex_stage | PCIN+A:B+C     | 14     | 18     | 33     | -      | -1     | 0    | 0    | 0    | -    | -     | 0    | 0    | 
|cv32e40p_mult     | A*B            | 17     | 17     | -      | -      | 34     | 0    | 0    | -    | -    | -     | 0    | 0    | 
|cv32e40p_mult     | C+A*B          | 17     | 17     | 32     | -      | 32     | 0    | 0    | 0    | -    | -     | 0    | 0    | 
|cv32e40p_ex_stage | A*B            | 18     | 15     | -      | -      | 48     | 0    | 0    | -    | -    | -     | 0    | 0    | 
|cv32e40p_ex_stage | (PCIN>>17)+A*B | 15     | 15     | -      | -      | 48     | 0    | 0    | -    | -    | -     | 0    | 0    | 
|cv32e40p_ex_stage | A*B            | 18     | 18     | -      | -      | 48     | 0    | 0    | -    | -    | -     | 0    | 0    | 
|cv32e40p_ex_stage | (PCIN>>17)+A*B | 18     | 15     | -      | -      | 48     | 0    | 0    | -    | -    | -     | 0    | 0    | 
+------------------+----------------+--------+--------+--------+--------+--------+------+------+------+------+-------+------+------+

Note: The table above is a preliminary report that shows the DSPs inferred at the current stage of the synthesis flow. Some DSP may be reimplemented as non DSP primitives later in the synthesis flow. Multiple instantiated DSPs are reported only once.
---------------------------------------------------------------------------------
Finished ROM, RAM, DSP, Shift Register and Retiming Reporting
---------------------------------------------------------------------------------
---------------------------------------------------------------------------------
Start Applying XDC Timing Constraints
---------------------------------------------------------------------------------
---------------------------------------------------------------------------------
Finished Applying XDC Timing Constraints : Time (s): cpu = 00:05:06 ; elapsed = 00:05:12 . Memory (MB): peak = 1951.688 ; gain = 975.078
---------------------------------------------------------------------------------
---------------------------------------------------------------------------------
Start Timing Optimization
---------------------------------------------------------------------------------
---------------------------------------------------------------------------------
Finished Timing Optimization : Time (s): cpu = 00:05:20 ; elapsed = 00:05:26 . Memory (MB): peak = 1951.688 ; gain = 975.078
---------------------------------------------------------------------------------
---------------------------------------------------------------------------------
Start ROM, RAM, DSP, Shift Register and Retiming Reporting
---------------------------------------------------------------------------------

Block RAM: Final Mapping Report
+-------------+-----------------+------------------------+---+---+------------------------+---+---+------------------+--------+--------+
|Module Name  | RTL Object      | PORT A (Depth x Width) | W | R | PORT B (Depth x Width) | W | R | Ports driving FF | RAMB18 | RAMB36 | 
+-------------+-----------------+------------------------+---+---+------------------------+---+---+------------------+--------+--------+
|ecg_arty_top | u_i_tcm/mem_reg | 8 K x 32(READ_FIRST)   | W | R | 8 K x 32(WRITE_FIRST)  |   | R | Port A and B     | 0      | 8      | 
|ecg_arty_top | u_d_tcm/mem_reg | 8 K x 32(READ_FIRST)   | W |   | 8 K x 32(WRITE_FIRST)  |   | R | Port A and B     | 0      | 8      | 
+-------------+-----------------+------------------------+---+---+------------------------+---+---+------------------+--------+--------+

---------------------------------------------------------------------------------
Finished ROM, RAM, DSP, Shift Register and Retiming Reporting
---------------------------------------------------------------------------------
---------------------------------------------------------------------------------
Start Technology Mapping
---------------------------------------------------------------------------------
INFO: [Synth 8-7052] The timing for the instance u_soc_top/u_i_tcm/mem_reg_0_0 (implemented as a Block RAM) might be sub-optimal as no optional output register could be merged into the ram block. Providing additional output register may help in improving timing.
INFO: [Synth 8-7052] The timing for the instance u_soc_top/u_i_tcm/mem_reg_0_0 (implemented as a Block RAM) might be sub-optimal as no optional output register could be merged into the ram block. Providing additional output register may help in improving timing.
INFO: [Synth 8-7052] The timing for the instance u_soc_top/u_i_tcm/mem_reg_0_1 (implemented as a Block RAM) might be sub-optimal as no optional output register could be merged into the ram block. Providing additional output register may help in improving timing.
INFO: [Synth 8-7052] The timing for the instance u_soc_top/u_i_tcm/mem_reg_0_1 (implemented as a Block RAM) might be sub-optimal as no optional output register could be merged into the ram block. Providing additional output register may help in improving timing.
INFO: [Synth 8-7052] The timing for the instance u_soc_top/u_i_tcm/mem_reg_1_0 (implemented as a Block RAM) might be sub-optimal as no optional output register could be merged into the ram block. Providing additional output register may help in improving timing.
INFO: [Synth 8-7052] The timing for the instance u_soc_top/u_i_tcm/mem_reg_1_0 (implemented as a Block RAM) might be sub-optimal as no optional output register could be merged into the ram block. Providing additional output register may help in improving timing.
INFO: [Synth 8-7052] The timing for the instance u_soc_top/u_i_tcm/mem_reg_1_1 (implemented as a Block RAM) might be sub-optimal as no optional output register could be merged into the ram block. Providing additional output register may help in improving timing.
INFO: [Synth 8-7052] The timing for the instance u_soc_top/u_i_tcm/mem_reg_1_1 (implemented as a Block RAM) might be sub-optimal as no optional output register could be merged into the ram block. Providing additional output register may help in improving timing.
INFO: [Synth 8-7052] The timing for the instance u_soc_top/u_i_tcm/mem_reg_2_0 (implemented as a Block RAM) might be sub-optimal as no optional output register could be merged into the ram block. Providing additional output register may help in improving timing.
INFO: [Synth 8-7052] The timing for the instance u_soc_top/u_i_tcm/mem_reg_2_0 (implemented as a Block RAM) might be sub-optimal as no optional output register could be merged into the ram block. Providing additional output register may help in improving timing.
INFO: [Synth 8-7052] The timing for the instance u_soc_top/u_i_tcm/mem_reg_2_1 (implemented as a Block RAM) might be sub-optimal as no optional output register could be merged into the ram block. Providing additional output register may help in improving timing.
INFO: [Synth 8-7052] The timing for the instance u_soc_top/u_i_tcm/mem_reg_2_1 (implemented as a Block RAM) might be sub-optimal as no optional output register could be merged into the ram block. Providing additional output register may help in improving timing.
INFO: [Synth 8-7052] The timing for the instance u_soc_top/u_i_tcm/mem_reg_3_0 (implemented as a Block RAM) might be sub-optimal as no optional output register could be merged into the ram block. Providing additional output register may help in improving timing.
INFO: [Synth 8-7052] The timing for the instance u_soc_top/u_i_tcm/mem_reg_3_0 (implemented as a Block RAM) might be sub-optimal as no optional output register could be merged into the ram block. Providing additional output register may help in improving timing.
INFO: [Synth 8-7052] The timing for the instance u_soc_top/u_i_tcm/mem_reg_3_1 (implemented as a Block RAM) might be sub-optimal as no optional output register could be merged into the ram block. Providing additional output register may help in improving timing.
INFO: [Synth 8-7052] The timing for the instance u_soc_top/u_i_tcm/mem_reg_3_1 (implemented as a Block RAM) might be sub-optimal as no optional output register could be merged into the ram block. Providing additional output register may help in improving timing.
INFO: [Synth 8-7052] The timing for the instance u_soc_top/u_d_tcm/mem_reg_0_0 (implemented as a Block RAM) might be sub-optimal as no optional output register could be merged into the ram block. Providing additional output register may help in improving timing.
INFO: [Synth 8-7052] The timing for the instance u_soc_top/u_d_tcm/mem_reg_0_1 (implemented as a Block RAM) might be sub-optimal as no optional output register could be merged into the ram block. Providing additional output register may help in improving timing.
INFO: [Synth 8-7052] The timing for the instance u_soc_top/u_d_tcm/mem_reg_1_0 (implemented as a Block RAM) might be sub-optimal as no optional output register could be merged into the ram block. Providing additional output register may help in improving timing.
INFO: [Synth 8-7052] The timing for the instance u_soc_top/u_d_tcm/mem_reg_1_1 (implemented as a Block RAM) might be sub-optimal as no optional output register could be merged into the ram block. Providing additional output register may help in improving timing.
INFO: [Synth 8-7052] The timing for the instance u_soc_top/u_d_tcm/mem_reg_2_0 (implemented as a Block RAM) might be sub-optimal as no optional output register could be merged into the ram block. Providing additional output register may help in improving timing.
INFO: [Synth 8-7052] The timing for the instance u_soc_top/u_d_tcm/mem_reg_2_1 (implemented as a Block RAM) might be sub-optimal as no optional output register could be merged into the ram block. Providing additional output register may help in improving timing.
INFO: [Synth 8-7052] The timing for the instance u_soc_top/u_d_tcm/mem_reg_3_0 (implemented as a Block RAM) might be sub-optimal as no optional output register could be merged into the ram block. Providing additional output register may help in improving timing.
INFO: [Synth 8-7052] The timing for the instance u_soc_top/u_d_tcm/mem_reg_3_1 (implemented as a Block RAM) might be sub-optimal as no optional output register could be merged into the ram block. Providing additional output register may help in improving timing.
---------------------------------------------------------------------------------
Finished Technology Mapping : Time (s): cpu = 00:05:32 ; elapsed = 00:05:39 . Memory (MB): peak = 1998.367 ; gain = 1021.758
---------------------------------------------------------------------------------
---------------------------------------------------------------------------------
Start IO Insertion
---------------------------------------------------------------------------------
---------------------------------------------------------------------------------
Start Flattening Before IO Insertion
---------------------------------------------------------------------------------
---------------------------------------------------------------------------------
Finished Flattening Before IO Insertion
---------------------------------------------------------------------------------
---------------------------------------------------------------------------------
Start Final Netlist Cleanup
---------------------------------------------------------------------------------
---------------------------------------------------------------------------------
Finished Final Netlist Cleanup
---------------------------------------------------------------------------------
---------------------------------------------------------------------------------
Finished IO Insertion : Time (s): cpu = 00:05:39 ; elapsed = 00:05:46 . Memory (MB): peak = 2011.641 ; gain = 1035.031
---------------------------------------------------------------------------------
---------------------------------------------------------------------------------
Start Renaming Generated Instances
---------------------------------------------------------------------------------
---------------------------------------------------------------------------------
Finished Renaming Generated Instances : Time (s): cpu = 00:05:39 ; elapsed = 00:05:46 . Memory (MB): peak = 2011.641 ; gain = 1035.031
---------------------------------------------------------------------------------
---------------------------------------------------------------------------------
Start Rebuilding User Hierarchy
---------------------------------------------------------------------------------
---------------------------------------------------------------------------------
Finished Rebuilding User Hierarchy : Time (s): cpu = 00:05:42 ; elapsed = 00:05:49 . Memory (MB): peak = 2011.641 ; gain = 1035.031
---------------------------------------------------------------------------------
---------------------------------------------------------------------------------
Start Renaming Generated Ports
---------------------------------------------------------------------------------
---------------------------------------------------------------------------------
Finished Renaming Generated Ports : Time (s): cpu = 00:05:42 ; elapsed = 00:05:50 . Memory (MB): peak = 2011.641 ; gain = 1035.031
---------------------------------------------------------------------------------
---------------------------------------------------------------------------------
Start Handling Custom Attributes
---------------------------------------------------------------------------------
---------------------------------------------------------------------------------
Finished Handling Custom Attributes : Time (s): cpu = 00:05:43 ; elapsed = 00:05:50 . Memory (MB): peak = 2011.656 ; gain = 1035.047
---------------------------------------------------------------------------------
---------------------------------------------------------------------------------
Start Renaming Generated Nets
---------------------------------------------------------------------------------
---------------------------------------------------------------------------------
Finished Renaming Generated Nets : Time (s): cpu = 00:05:43 ; elapsed = 00:05:50 . Memory (MB): peak = 2011.656 ; gain = 1035.047
---------------------------------------------------------------------------------
---------------------------------------------------------------------------------
Start Writing Synthesis Report
---------------------------------------------------------------------------------

DSP Final Report (the ' indicates corresponding REG is set)
+------------------+--------------+--------+--------+--------+--------+--------+------+------+------+------+-------+------+------+
|Module Name       | DSP Mapping  | A Size | B Size | C Size | D Size | P Size | AREG | BREG | CREG | DREG | ADREG | MREG | PREG | 
+------------------+--------------+--------+--------+--------+--------+--------+------+------+------+------+-------+------+------+
|cv32e40p_ex_stage | A*B          | 17     | 18     | -      | -      | 48     | 0    | 0    | -    | -    | -     | 0    | 0    | 
|cv32e40p_mult     | A*B          | 30     | 18     | -      | -      | 34     | 0    | 0    | -    | -    | -     | 0    | 0    | 
|cv32e40p_ex_stage | PCIN+A:B+C   | 13     | 18     | -      | -      | 34     | 0    | 0    | -    | -    | -     | 0    | 0    | 
|cv32e40p_mult     | A*B          | 30     | 18     | -      | -      | 34     | 0    | 0    | -    | -    | -     | 0    | 0    | 
|cv32e40p_mult     | C+A*B        | 30     | 18     | 48     | -      | 32     | 0    | 0    | 0    | -    | -     | 0    | 0    | 
|cv32e40p_ex_stage | A*B          | 17     | 17     | -      | -      | 48     | 0    | 0    | -    | -    | -     | 0    | 0    | 
|cv32e40p_ex_stage | PCIN>>17+A*B | 0      | 18     | -      | -      | 48     | 0    | 0    | -    | -    | -     | 0    | 0    | 
+------------------+--------------+--------+--------+--------+--------+--------+------+------+------+------+-------+------+------+


Report BlackBoxes: 
+-+--------------+----------+
| |BlackBox name |Instances |
+-+--------------+----------+
+-+--------------+----------+

Report Cell Usage: 
+------+------------+------+
|      |Cell        |Count |
+------+------------+------+
|1     |BUFG        |     2|
|2     |CARRY4      |   344|
|3     |DSP48E1     |     7|
|6     |LUT1        |   150|
|7     |LUT2        |   568|
|8     |LUT3        |  1959|
|9     |LUT4        |  1115|
|10    |LUT5        |  2459|
|11    |LUT6        |  5815|
|12    |MMCME2_BASE |     1|
|13    |MUXF7       |  1026|
|14    |MUXF8       |   239|
|15    |RAMB36E1    |    16|
|26    |FDCE        |  3049|
|27    |FDPE        |    31|
|28    |FDRE        |  3873|
|29    |IBUF        |     9|
|30    |OBUF        |    11|
+------+------------+------+
---------------------------------------------------------------------------------
Finished Writing Synthesis Report : Time (s): cpu = 00:05:43 ; elapsed = 00:05:50 . Memory (MB): peak = 2011.656 ; gain = 1035.047
---------------------------------------------------------------------------------
Synthesis finished with 0 errors, 0 critical warnings and 5 warnings.
Synthesis Optimization Runtime : Time (s): cpu = 00:05:21 ; elapsed = 00:05:44 . Memory (MB): peak = 2011.656 ; gain = 926.043
Synthesis Optimization Complete : Time (s): cpu = 00:05:43 ; elapsed = 00:05:51 . Memory (MB): peak = 2011.656 ; gain = 1035.047
INFO: [Project 1-571] Translating synthesized netlist
Netlist sorting complete. Time (s): cpu = 00:00:00 ; elapsed = 00:00:00.322 . Memory (MB): peak = 2011.656 ; gain = 0.000
INFO: [Netlist 29-17] Analyzing 1633 Unisim elements for replacement
INFO: [Netlist 29-28] Unisim Transformation completed in 1 CPU seconds
INFO: [Project 1-570] Preparing netlist for logic optimization
Parsing XDC File [E:/ResearchOnWork/RISC_V_CORE/Synthesis/fpga/ecg_artix7/arty_a7_100t.xdc]
Finished Parsing XDC File [E:/ResearchOnWork/RISC_V_CORE/Synthesis/fpga/ecg_artix7/arty_a7_100t.xdc]
INFO: [Opt 31-138] Pushed 0 inverter(s) to 0 load pin(s).
Netlist sorting complete. Time (s): cpu = 00:00:00 ; elapsed = 00:00:00.008 . Memory (MB): peak = 2011.656 ; gain = 0.000
INFO: [Project 1-111] Unisim Transformation Summary:
  A total of 1 instances were transformed.
  MMCME2_BASE => MMCME2_ADV: 1 instance 

Synth Design complete | Checksum: 898963af
INFO: [Common 17-83] Releasing license: Synthesis
223 Infos, 214 Warnings, 0 Critical Warnings and 0 Errors encountered.
synth_design completed successfully
synth_design: Time (s): cpu = 00:05:52 ; elapsed = 00:06:04 . Memory (MB): peak = 2011.656 ; gain = 1443.938
INFO: [Timing 38-35] Done setting XDC timing constraints.
INFO: [Timing 38-2] Deriving generated clocks
INFO: [Timing 38-91] UpdateTimingParams: Speed grade: -1, Delay Type: min_max.
INFO: [Timing 38-191] Multithreading enabled for timing update using a maximum of 2 CPUs
report_timing_summary: Time (s): cpu = 00:00:09 ; elapsed = 00:00:07 . Memory (MB): peak = 2011.656 ; gain = 0.000
=== [2/5] RUNNING OPT & PLACE ===
Command: opt_design -directive Explore
INFO: [Vivado_Tcl 4-136] Directive used for opt_design is: Explore
Attempting to get a license for feature 'Implementation' and/or device 'xc7a100t'
INFO: [Common 17-349] Got license for feature 'Implementation' and/or device 'xc7a100t'
Running DRC as a precondition to command opt_design

Starting DRC Task
INFO: [DRC 23-27] Running DRC with 2 threads
INFO: [Project 1-461] DRC finished with 0 Errors
INFO: [Project 1-462] Please refer to the DRC report (report_drc) for more information.

Time (s): cpu = 00:00:03 ; elapsed = 00:00:02 . Memory (MB): peak = 2011.656 ; gain = 0.000

Starting Logic Optimization Task

Phase 1 Initialization

Phase 1.1 Core Generation And Design Setup
Phase 1.1 Core Generation And Design Setup | Checksum: de1712f5

Time (s): cpu = 00:00:00 ; elapsed = 00:00:00.010 . Memory (MB): peak = 2293.473 ; gain = 0.000

Phase 1.2 Setup Constraints And Sort Netlist
Phase 1.2 Setup Constraints And Sort Netlist | Checksum: de1712f5

Time (s): cpu = 00:00:00 ; elapsed = 00:00:00.031 . Memory (MB): peak = 2293.473 ; gain = 0.000
Phase 1 Initialization | Checksum: de1712f5

Time (s): cpu = 00:00:00 ; elapsed = 00:00:00.034 . Memory (MB): peak = 2293.473 ; gain = 0.000

Phase 2 Timer Update And Timing Data Collection

Phase 2.1 Timer Update
Phase 2.1 Timer Update | Checksum: de1712f5

Time (s): cpu = 00:00:01 ; elapsed = 00:00:00.648 . Memory (MB): peak = 2293.473 ; gain = 0.000

Phase 2.2 Timing Data Collection
Phase 2.2 Timing Data Collection | Checksum: de1712f5

Time (s): cpu = 00:00:01 ; elapsed = 00:00:00.703 . Memory (MB): peak = 2293.473 ; gain = 0.000
Phase 2 Timer Update And Timing Data Collection | Checksum: de1712f5

Time (s): cpu = 00:00:01 ; elapsed = 00:00:00.706 . Memory (MB): peak = 2293.473 ; gain = 0.000

Phase 3 Retarget
INFO: [Opt 31-1566] Pulled 2 inverters resulting in an inversion of 10 pins
INFO: [Opt 31-138] Pushed 1 inverter(s) to 1 load pin(s).
INFO: [Opt 31-49] Retargeted 0 cell(s).
Phase 3 Retarget | Checksum: 147d53528

Time (s): cpu = 00:00:01 ; elapsed = 00:00:01 . Memory (MB): peak = 2293.473 ; gain = 0.000
Retarget | Checksum: 147d53528
INFO: [Opt 31-389] Phase Retarget created 0 cells and removed 2 cells
INFO: [Opt 31-1021] In phase Retarget, 1 netlist objects are constrained preventing optimization. Please run opt_design with -debug_log to get more detail. 

Phase 4 Constant propagation
INFO: [Opt 31-138] Pushed 0 inverter(s) to 0 load pin(s).
Phase 4 Constant propagation | Checksum: 127bb4cf2

Time (s): cpu = 00:00:02 ; elapsed = 00:00:01 . Memory (MB): peak = 2293.473 ; gain = 0.000
Constant propagation | Checksum: 127bb4cf2
INFO: [Opt 31-389] Phase Constant propagation created 17 cells and removed 32 cells

Phase 5 Sweep
Phase 5 Sweep | Checksum: 182c123f0

Time (s): cpu = 00:00:02 ; elapsed = 00:00:02 . Memory (MB): peak = 2293.473 ; gain = 0.000
Sweep | Checksum: 182c123f0
INFO: [Opt 31-389] Phase Sweep created 7 cells and removed 0 cells

Phase 6 BUFG optimization
Phase 6 BUFG optimization | Checksum: 182c123f0

Time (s): cpu = 00:00:02 ; elapsed = 00:00:02 . Memory (MB): peak = 2293.473 ; gain = 0.000
BUFG optimization | Checksum: 182c123f0
INFO: [Opt 31-662] Phase BUFG optimization created 0 cells of which 0 are BUFGs and removed 0 cells.

Phase 7 Shift Register Optimization
INFO: [Opt 31-1064] SRL Remap converted 0 SRLs to 0 registers and converted 0 registers of register chains to 0 SRLs
Phase 7 Shift Register Optimization | Checksum: 182c123f0

Time (s): cpu = 00:00:02 ; elapsed = 00:00:02 . Memory (MB): peak = 2293.473 ; gain = 0.000
Shift Register Optimization | Checksum: 182c123f0
INFO: [Opt 31-389] Phase Shift Register Optimization created 0 cells and removed 0 cells
INFO: [Opt 31-1555] control_set_opt supports Versal devices only, and device 7a100t is unsupported

Phase 8 Post Processing Netlist
Phase 8 Post Processing Netlist | Checksum: 17bd89c39

Time (s): cpu = 00:00:02 ; elapsed = 00:00:02 . Memory (MB): peak = 2293.473 ; gain = 0.000
Post Processing Netlist | Checksum: 17bd89c39
INFO: [Opt 31-389] Phase Post Processing Netlist created 0 cells and removed 0 cells

Phase 9 Finalization

Phase 9.1 Finalizing Design Cores and Updating Shapes
Phase 9.1 Finalizing Design Cores and Updating Shapes | Checksum: be79329b

Time (s): cpu = 00:00:03 ; elapsed = 00:00:02 . Memory (MB): peak = 2293.473 ; gain = 0.000

Phase 9.2 Verifying Netlist Connectivity

Starting Connectivity Check Task

Time (s): cpu = 00:00:00 ; elapsed = 00:00:00.047 . Memory (MB): peak = 2293.473 ; gain = 0.000
Phase 9.2 Verifying Netlist Connectivity | Checksum: be79329b

Time (s): cpu = 00:00:03 ; elapsed = 00:00:02 . Memory (MB): peak = 2293.473 ; gain = 0.000
Phase 9 Finalization | Checksum: be79329b

Time (s): cpu = 00:00:03 ; elapsed = 00:00:02 . Memory (MB): peak = 2293.473 ; gain = 0.000
Opt_design Change Summary
=========================


-------------------------------------------------------------------------------------------------------------------------
|  Phase                        |  #Cells created  |  #Cells Removed  |  #Constrained objects preventing optimizations  |
-------------------------------------------------------------------------------------------------------------------------
|  Retarget                     |               0  |               2  |                                              1  |
|  Constant propagation         |              17  |              32  |                                              0  |
|  Sweep                        |               7  |               0  |                                              0  |
|  BUFG optimization            |               0  |               0  |                                              0  |
|  Shift Register Optimization  |               0  |               0  |                                              0  |
|  Post Processing Netlist      |               0  |               0  |                                              0  |
-------------------------------------------------------------------------------------------------------------------------


Ending Logic Optimization Task | Checksum: be79329b

Time (s): cpu = 00:00:03 ; elapsed = 00:00:02 . Memory (MB): peak = 2293.473 ; gain = 0.000
INFO: [Constraints 18-11670] Building netlist checker database with flags, 0x8
Done building netlist checker database: Time (s): cpu = 00:00:00 ; elapsed = 00:00:00.007 . Memory (MB): peak = 2293.473 ; gain = 0.000

Starting Netlist Obfuscation Task
Netlist sorting complete. Time (s): cpu = 00:00:00 ; elapsed = 00:00:00.011 . Memory (MB): peak = 2293.473 ; gain = 0.000
Ending Netlist Obfuscation Task | Checksum: be79329b

Time (s): cpu = 00:00:00 ; elapsed = 00:00:00.018 . Memory (MB): peak = 2293.473 ; gain = 0.000
INFO: [Common 17-83] Releasing license: Implementation
247 Infos, 214 Warnings, 0 Critical Warnings and 0 Errors encountered.
opt_design completed successfully
opt_design: Time (s): cpu = 00:00:10 ; elapsed = 00:00:09 . Memory (MB): peak = 2293.473 ; gain = 281.816
Command: place_design -directive Explore
Attempting to get a license for feature 'Implementation' and/or device 'xc7a100t'
INFO: [Common 17-349] Got license for feature 'Implementation' and/or device 'xc7a100t'
INFO: [Common 17-83] Releasing license: Implementation
INFO: [DRC 23-27] Running DRC with 2 threads
INFO: [Vivado_Tcl 4-198] DRC finished with 0 Errors
INFO: [Vivado_Tcl 4-199] Please refer to the DRC report (report_drc) for more information.
Running DRC as a precondition to command place_design
INFO: [DRC 23-27] Running DRC with 2 threads
INFO: [Vivado_Tcl 4-198] DRC finished with 0 Errors, 21 Warnings
INFO: [Vivado_Tcl 4-199] Please refer to the DRC report (report_drc) for more information.
INFO: [Place 46-5] The placer was invoked with the 'Explore' directive.
INFO: [Place 30-611] Multithreading enabled for place_design using a maximum of 2 CPUs

Starting Placer Task

Phase 1 Placer Initialization

Phase 1.1 Placer Initialization Netlist Sorting
Netlist sorting complete. Time (s): cpu = 00:00:00 ; elapsed = 00:00:00.009 . Memory (MB): peak = 2293.473 ; gain = 0.000
Phase 1.1 Placer Initialization Netlist Sorting | Checksum: 4cc4fea7

Time (s): cpu = 00:00:00 ; elapsed = 00:00:00.018 . Memory (MB): peak = 2293.473 ; gain = 0.000
Netlist sorting complete. Time (s): cpu = 00:00:00 ; elapsed = 00:00:00.006 . Memory (MB): peak = 2293.473 ; gain = 0.000

Phase 1.2 IO Placement/ Clock Placement/ Build Placer Device
INFO: [Timing 38-35] Done setting XDC timing constraints.
Phase 1.2 IO Placement/ Clock Placement/ Build Placer Device | Checksum: 4e9ba7ab

Time (s): cpu = 00:00:03 ; elapsed = 00:00:02 . Memory (MB): peak = 2293.473 ; gain = 0.000

Phase 1.3 Build Placer Netlist Model
Phase 1.3 Build Placer Netlist Model | Checksum: a59ff18d

Time (s): cpu = 00:00:10 ; elapsed = 00:00:06 . Memory (MB): peak = 2293.473 ; gain = 0.000

Phase 1.4 Constrain Clocks/Macros
Phase 1.4 Constrain Clocks/Macros | Checksum: a59ff18d

Time (s): cpu = 00:00:10 ; elapsed = 00:00:06 . Memory (MB): peak = 2293.473 ; gain = 0.000
Phase 1 Placer Initialization | Checksum: a59ff18d

Time (s): cpu = 00:00:10 ; elapsed = 00:00:07 . Memory (MB): peak = 2293.473 ; gain = 0.000

Phase 2 Global Placement

Phase 2.1 Floorplanning
Phase 2.1 Floorplanning | Checksum: c95e26b2

Time (s): cpu = 00:00:12 ; elapsed = 00:00:08 . Memory (MB): peak = 2293.473 ; gain = 0.000

Phase 2.2 Update Timing before SLR Path Opt
Phase 2.2 Update Timing before SLR Path Opt | Checksum: cd91c949

Time (s): cpu = 00:00:14 ; elapsed = 00:00:10 . Memory (MB): peak = 2293.473 ; gain = 0.000

Phase 2.3 Post-Processing in Floorplanning
Phase 2.3 Post-Processing in Floorplanning | Checksum: cd91c949

Time (s): cpu = 00:00:14 ; elapsed = 00:00:10 . Memory (MB): peak = 2293.473 ; gain = 0.000

Phase 2.4 Global Placement Core

Phase 2.4.1 UpdateTiming Before Physical Synthesis
Phase 2.4.1 UpdateTiming Before Physical Synthesis | Checksum: 151614f2e

Time (s): cpu = 00:00:38 ; elapsed = 00:00:26 . Memory (MB): peak = 2293.473 ; gain = 0.000

Phase 2.4.2 Physical Synthesis In Placer
INFO: [Physopt 32-1035] Found 117 LUTNM shape to break, 338 LUT instances to create LUTNM shape
INFO: [Physopt 32-1044] Break lutnm for timing: one critical 20, two critical 97, total 117, new lutff created 3
INFO: [Physopt 32-1138] End 1 Pass. Optimized 245 nets or LUTs. Breaked 117 LUTs, combined 128 existing LUTs and moved 0 existing LUT
INFO: [Physopt 32-65] No nets found for high-fanout optimization.
INFO: [Physopt 32-232] Optimized 0 net. Created 0 new instance.
INFO: [Physopt 32-775] End 1 Pass. Optimized 0 net or cell. Created 0 new cell, deleted 0 existing cell and moved 0 existing cell
INFO: [Physopt 32-456] No candidate cells for DSP register optimization found in the design.
INFO: [Physopt 32-775] End 2 Pass. Optimized 0 net or cell. Created 0 new cell, deleted 0 existing cell and moved 0 existing cell
INFO: [Physopt 32-1123] No candidate cells found for Shift Register to Pipeline optimization
INFO: [Physopt 32-775] End 2 Pass. Optimized 0 net or cell. Created 0 new cell, deleted 0 existing cell and moved 0 existing cell
INFO: [Physopt 32-1401] No candidate cells found for Shift Register optimization.
INFO: [Physopt 32-677] No candidate cells for Shift Register optimization found in the design
INFO: [Physopt 32-775] End 1 Pass. Optimized 0 net or cell. Created 0 new cell, deleted 0 existing cell and moved 0 existing cell
INFO: [Physopt 32-526] No candidate cells for BRAM register optimization found in the design
INFO: [Physopt 32-775] End 1 Pass. Optimized 0 net or cell. Created 0 new cell, deleted 0 existing cell and moved 0 existing cell
INFO: [Physopt 32-846] No candidate cells for URAM register optimization found in the design
INFO: [Physopt 32-775] End 1 Pass. Optimized 0 net or cell. Created 0 new cell, deleted 0 existing cell and moved 0 existing cell
INFO: [Physopt 32-846] No candidate cells for URAM register optimization found in the design
INFO: [Physopt 32-775] End 1 Pass. Optimized 0 net or cell. Created 0 new cell, deleted 0 existing cell and moved 0 existing cell
INFO: [Physopt 32-949] No candidate nets found for dynamic/static region interface net replication
INFO: [Physopt 32-775] End 1 Pass. Optimized 0 net or cell. Created 0 new cell, deleted 0 existing cell and moved 0 existing cell
Netlist sorting complete. Time (s): cpu = 00:00:00 ; elapsed = 00:00:00.012 . Memory (MB): peak = 2293.473 ; gain = 0.000

Summary of Physical Synthesis Optimizations
============================================


-----------------------------------------------------------------------------------------------------------------------------------------------------------
|  Optimization                                     |  Added Cells  |  Removed Cells  |  Optimized Cells/Nets  |  Dont Touch  |  Iterations  |  Elapsed   |
-----------------------------------------------------------------------------------------------------------------------------------------------------------
|  LUT Combining                                    |          117  |            128  |                   245  |           0  |           1  |  00:00:01  |
|  Retime                                           |            0  |              0  |                     0  |           0  |           1  |  00:00:00  |
|  Very High Fanout                                 |            0  |              0  |                     0  |           0  |           1  |  00:00:00  |
|  DSP Register                                     |            0  |              0  |                     0  |           0  |           1  |  00:00:00  |
|  Shift Register to Pipeline                       |            0  |              0  |                     0  |           0  |           1  |  00:00:00  |
|  Shift Register                                   |            0  |              0  |                     0  |           0  |           1  |  00:00:00  |
|  BRAM Register                                    |            0  |              0  |                     0  |           0  |           1  |  00:00:00  |
|  URAM Register                                    |            0  |              0  |                     0  |           0  |           1  |  00:00:00  |
|  Dynamic/Static Region Interface Net Replication  |            0  |              0  |                     0  |           0  |           1  |  00:00:00  |
|  Total                                            |          117  |            128  |                   245  |           0  |           9  |  00:00:01  |
-----------------------------------------------------------------------------------------------------------------------------------------------------------


Phase 2.4.2 Physical Synthesis In Placer | Checksum: 157baf5e4

Time (s): cpu = 00:00:42 ; elapsed = 00:00:28 . Memory (MB): peak = 2293.473 ; gain = 0.000
Phase 2.4 Global Placement Core | Checksum: 12351e3e0

Time (s): cpu = 00:00:43 ; elapsed = 00:00:29 . Memory (MB): peak = 2293.473 ; gain = 0.000
Phase 2 Global Placement | Checksum: 12351e3e0

Time (s): cpu = 00:00:43 ; elapsed = 00:00:29 . Memory (MB): peak = 2293.473 ; gain = 0.000

Phase 3 Detail Placement

Phase 3.1 Commit Multi Column Macros
Phase 3.1 Commit Multi Column Macros | Checksum: 199f6e9ff

Time (s): cpu = 00:00:45 ; elapsed = 00:00:31 . Memory (MB): peak = 2293.473 ; gain = 0.000

Phase 3.2 Commit Most Macros & LUTRAMs
Phase 3.2 Commit Most Macros & LUTRAMs | Checksum: 10391da0f

Time (s): cpu = 00:00:50 ; elapsed = 00:00:34 . Memory (MB): peak = 2293.473 ; gain = 0.000

Phase 3.3 Area Swap Optimization
Phase 3.3 Area Swap Optimization | Checksum: 164be4456

Time (s): cpu = 00:00:50 ; elapsed = 00:00:34 . Memory (MB): peak = 2293.473 ; gain = 0.000

Phase 3.4 Pipeline Register Optimization
Phase 3.4 Pipeline Register Optimization | Checksum: 18e829c4a

Time (s): cpu = 00:00:50 ; elapsed = 00:00:34 . Memory (MB): peak = 2293.473 ; gain = 0.000

Phase 3.5 Fast Optimization
Phase 3.5 Fast Optimization | Checksum: 18f7ea803

Time (s): cpu = 00:00:58 ; elapsed = 00:00:41 . Memory (MB): peak = 2293.473 ; gain = 0.000

Phase 3.6 Small Shape Detail Placement
Phase 3.6 Small Shape Detail Placement | Checksum: 1288478db

Time (s): cpu = 00:01:07 ; elapsed = 00:00:51 . Memory (MB): peak = 2293.473 ; gain = 0.000

Phase 3.7 Re-assign LUT pins
Phase 3.7 Re-assign LUT pins | Checksum: a8901be3

Time (s): cpu = 00:01:08 ; elapsed = 00:00:52 . Memory (MB): peak = 2293.473 ; gain = 0.000

Phase 3.8 Pipeline Register Optimization
Phase 3.8 Pipeline Register Optimization | Checksum: 11f4cdb18

Time (s): cpu = 00:01:08 ; elapsed = 00:00:52 . Memory (MB): peak = 2293.473 ; gain = 0.000
Phase 3 Detail Placement | Checksum: 11f4cdb18

Time (s): cpu = 00:01:08 ; elapsed = 00:00:52 . Memory (MB): peak = 2293.473 ; gain = 0.000

Phase 4 Post Placement Optimization and Clean-Up

Phase 4.1 Post Commit Optimization
INFO: [Timing 38-35] Done setting XDC timing constraints.

Phase 4.1.1 Post Placement Optimization
Post Placement Optimization Initialization | Checksum: 2907f6b35

Phase 4.1.1.1 BUFG Insertion

Starting Physical Synthesis Task

Phase 1 Physical Synthesis Initialization
INFO: [Physopt 32-721] Multithreading enabled for phys_opt_design using a maximum of 2 CPUs
INFO: [Physopt 32-619] Estimated Timing Summary | WNS=-1.648 | TNS=-133.396 |
Phase 1 Physical Synthesis Initialization | Checksum: 21fbff08b

Time (s): cpu = 00:00:02 ; elapsed = 00:00:01 . Memory (MB): peak = 2293.473 ; gain = 0.000
INFO: [Place 46-33] Processed net u_soc_top/gen_cv32e40p_core.u_core/core_i/id_stage_i/register_file_i/rst_sync_q_reg[1], BUFG insertion was skipped due to placement/routing conflicts.
INFO: [Place 46-56] BUFG insertion identified 1 candidate nets. Inserted BUFG: 0, Replicated BUFG Driver: 0, Skipped due to Placement/Routing Conflicts: 1, Skipped due to Timing Degradation: 0, Skipped due to netlist editing failed: 0.
Ending Physical Synthesis Task | Checksum: 21fbff08b

Time (s): cpu = 00:00:03 ; elapsed = 00:00:02 . Memory (MB): peak = 2293.473 ; gain = 0.000
Phase 4.1.1.1 BUFG Insertion | Checksum: 2907f6b35

Time (s): cpu = 00:01:19 ; elapsed = 00:00:59 . Memory (MB): peak = 2293.473 ; gain = 0.000

Phase 4.1.1.2 Post Placement Timing Optimization
INFO: [Place 30-746] Post Placement Timing Summary WNS=0.500. For the most accurate timing information please run report_timing.
Phase 4.1.1.2 Post Placement Timing Optimization | Checksum: 2198214ca

Time (s): cpu = 00:01:39 ; elapsed = 00:01:18 . Memory (MB): peak = 2293.473 ; gain = 0.000

Time (s): cpu = 00:01:39 ; elapsed = 00:01:18 . Memory (MB): peak = 2293.473 ; gain = 0.000
Phase 4.1 Post Commit Optimization | Checksum: 2198214ca

Time (s): cpu = 00:01:39 ; elapsed = 00:01:18 . Memory (MB): peak = 2293.473 ; gain = 0.000

Phase 4.2 Post Placement Cleanup
Phase 4.2 Post Placement Cleanup | Checksum: 2198214ca

Time (s): cpu = 00:01:40 ; elapsed = 00:01:18 . Memory (MB): peak = 2293.473 ; gain = 0.000

Phase 4.3 Placer Reporting

Phase 4.3.1 Print Estimated Congestion
INFO: [Place 30-612] Post-Placement Estimated Congestion 
 ____________________________________________________
|           | Global Congestion | Short Congestion  |
| Direction | Region Size       | Region Size       |
|___________|___________________|___________________|
|      North|                1x1|                8x8|
|___________|___________________|___________________|
|      South|                1x1|                2x2|
|___________|___________________|___________________|
|       East|                2x2|                4x4|
|___________|___________________|___________________|
|       West|                2x2|                4x4|
|___________|___________________|___________________|

Phase 4.3.1 Print Estimated Congestion | Checksum: 2198214ca

Time (s): cpu = 00:01:40 ; elapsed = 00:01:18 . Memory (MB): peak = 2293.473 ; gain = 0.000
Phase 4.3 Placer Reporting | Checksum: 2198214ca

Time (s): cpu = 00:01:40 ; elapsed = 00:01:18 . Memory (MB): peak = 2293.473 ; gain = 0.000

Phase 4.4 Final Placement Cleanup
Netlist sorting complete. Time (s): cpu = 00:00:00 ; elapsed = 00:00:00.015 . Memory (MB): peak = 2293.473 ; gain = 0.000

Time (s): cpu = 00:01:40 ; elapsed = 00:01:18 . Memory (MB): peak = 2293.473 ; gain = 0.000
Phase 4 Post Placement Optimization and Clean-Up | Checksum: 1570a0377

Time (s): cpu = 00:01:40 ; elapsed = 00:01:19 . Memory (MB): peak = 2293.473 ; gain = 0.000
Ending Placer Task | Checksum: 584967f4

Time (s): cpu = 00:01:40 ; elapsed = 00:01:19 . Memory (MB): peak = 2293.473 ; gain = 0.000
286 Infos, 214 Warnings, 0 Critical Warnings and 0 Errors encountered.
place_design completed successfully
place_design: Time (s): cpu = 00:01:43 ; elapsed = 00:01:21 . Memory (MB): peak = 2293.473 ; gain = 0.000
Command: phys_opt_design -directive Explore
Attempting to get a license for feature 'Implementation' and/or device 'xc7a100t'
INFO: [Common 17-349] Got license for feature 'Implementation' and/or device 'xc7a100t'
INFO: [Vivado_Tcl 4-137] Directive used for phys_opt_design is: Explore

Starting Initial Update Timing Task

Time (s): cpu = 00:00:07 ; elapsed = 00:00:04 . Memory (MB): peak = 2293.473 ; gain = 0.000
INFO: [Vivado_Tcl 4-383] Design worst setup slack (WNS) is greater than or equal to 0.000 ns. Skipping all physical synthesis optimizations.
INFO: [Vivado_Tcl 4-232] No setup violation found. The netlist was not modified.
INFO: [Common 17-83] Releasing license: Implementation
291 Infos, 214 Warnings, 0 Critical Warnings and 0 Errors encountered.
phys_opt_design completed successfully
=== [3/5] RUNNING ROUTE ===
Command: route_design -directive Explore
Attempting to get a license for feature 'Implementation' and/or device 'xc7a100t'
INFO: [Common 17-349] Got license for feature 'Implementation' and/or device 'xc7a100t'
Running DRC as a precondition to command route_design
INFO: [DRC 23-27] Running DRC with 2 threads
INFO: [Vivado_Tcl 4-198] DRC finished with 0 Errors
INFO: [Vivado_Tcl 4-199] Please refer to the DRC report (report_drc) for more information.


Starting Routing Task
INFO: [Route 35-270] Using Router directive 'Explore'.
INFO: [Route 35-254] Multithreading enabled for route_design using a maximum of 8 CPUs

Phase 1 Build RT Design
Checksum: PlaceDB: 2201b235 ConstDB: 0 ShapeSum: 3647b5bf RouteDB: 0
Post Restoration Checksum: NetGraph: 4a561946 | NumContArr: 95fcf037 | Constraints: c2a8fa9d | Timing: c2a8fa9d
Phase 1 Build RT Design | Checksum: 265a4feb7

Time (s): cpu = 00:00:47 ; elapsed = 00:00:39 . Memory (MB): peak = 2308.883 ; gain = 15.410

Phase 2 Router Initialization

Phase 2.1 Fix Topology Constraints
Phase 2.1 Fix Topology Constraints | Checksum: 265a4feb7

Time (s): cpu = 00:00:47 ; elapsed = 00:00:39 . Memory (MB): peak = 2308.930 ; gain = 15.457

Phase 2.2 Pre Route Cleanup
Phase 2.2 Pre Route Cleanup | Checksum: 265a4feb7

Time (s): cpu = 00:00:47 ; elapsed = 00:00:39 . Memory (MB): peak = 2308.930 ; gain = 15.457
 Number of Nodes with overlaps = 0

Phase 2.3 Update Timing
Phase 2.3 Update Timing | Checksum: 30996e5c5

Time (s): cpu = 00:00:58 ; elapsed = 00:00:46 . Memory (MB): peak = 2362.008 ; gain = 68.535
INFO: [Route 35-416] Intermediate Timing Summary | WNS=0.547  | TNS=0.000  | WHS=-0.123 | THS=-21.332|


Router Utilization Summary
  Global Vertical Routing Utilization    = 0 %
  Global Horizontal Routing Utilization  = 0 %
  Routable Net Status*
  *Does not include unroutable nets such as driverless and loadless.
  Run report_route_status for detailed report.
  Number of Failed Nets               = 17141
    (Failed Nets is the sum of unrouted and partially routed nets)
  Number of Unrouted Nets             = 17141
  Number of Partially Routed Nets     = 0
  Number of Node Overlaps             = 0

Phase 2 Router Initialization | Checksum: 333af960b

Time (s): cpu = 00:01:03 ; elapsed = 00:00:49 . Memory (MB): peak = 2381.406 ; gain = 87.934

Phase 3 Initial Routing

Phase 3.1 Global Routing
Phase 3.1 Global Routing | Checksum: 333af960b

Time (s): cpu = 00:01:03 ; elapsed = 00:00:49 . Memory (MB): peak = 2381.406 ; gain = 87.934

Phase 3.2 Initial Net Routing
Phase 3.2 Initial Net Routing | Checksum: 2d8e9e7b1

Time (s): cpu = 00:01:22 ; elapsed = 00:00:57 . Memory (MB): peak = 2431.805 ; gain = 138.332
Phase 3 Initial Routing | Checksum: 2d8e9e7b1

Time (s): cpu = 00:01:22 ; elapsed = 00:00:57 . Memory (MB): peak = 2431.805 ; gain = 138.332

Phase 4 Rip-up And Reroute

Phase 4.1 Global Iteration 0
 Number of Nodes with overlaps = 7296
 Number of Nodes with overlaps = 2430
 Number of Nodes with overlaps = 898
 Number of Nodes with overlaps = 432
 Number of Nodes with overlaps = 129
 Number of Nodes with overlaps = 79
 Number of Nodes with overlaps = 26
 Number of Nodes with overlaps = 13
 Number of Nodes with overlaps = 13
 Number of Nodes with overlaps = 11
 Number of Nodes with overlaps = 5
 Number of Nodes with overlaps = 4
 Number of Nodes with overlaps = 0
INFO: [Route 35-416] Intermediate Timing Summary | WNS=-0.974 | TNS=-34.757| WHS=N/A    | THS=N/A    |

Phase 4.1 Global Iteration 0 | Checksum: 1a8aaf803

Time (s): cpu = 00:03:12 ; elapsed = 00:01:49 . Memory (MB): peak = 2431.805 ; gain = 138.332

Phase 4.2 Global Iteration 1
 Number of Nodes with overlaps = 2253
 Number of Nodes with overlaps = 612
 Number of Nodes with overlaps = 195
 Number of Nodes with overlaps = 126
 Number of Nodes with overlaps = 55
 Number of Nodes with overlaps = 35
 Number of Nodes with overlaps = 20
 Number of Nodes with overlaps = 11
 Number of Nodes with overlaps = 2
 Number of Nodes with overlaps = 6
 Number of Nodes with overlaps = 5
 Number of Nodes with overlaps = 3
 Number of Nodes with overlaps = 1
 Number of Nodes with overlaps = 1
 Number of Nodes with overlaps = 0
INFO: [Route 35-416] Intermediate Timing Summary | WNS=-0.722 | TNS=-8.314 | WHS=N/A    | THS=N/A    |

Phase 4.2 Global Iteration 1 | Checksum: 34e92c09e

Time (s): cpu = 00:03:58 ; elapsed = 00:02:13 . Memory (MB): peak = 2431.805 ; gain = 138.332

Phase 4.3 Global Iteration 2
 Number of Nodes with overlaps = 2239
 Number of Nodes with overlaps = 599
 Number of Nodes with overlaps = 275
 Number of Nodes with overlaps = 180
 Number of Nodes with overlaps = 55
 Number of Nodes with overlaps = 17
 Number of Nodes with overlaps = 12
 Number of Nodes with overlaps = 3
 Number of Nodes with overlaps = 0
INFO: [Route 35-416] Intermediate Timing Summary | WNS=-0.729 | TNS=-17.703| WHS=N/A    | THS=N/A    |

Phase 4.3 Global Iteration 2 | Checksum: 230670f8f

Time (s): cpu = 00:04:44 ; elapsed = 00:02:32 . Memory (MB): peak = 2431.805 ; gain = 138.332
Phase 4 Rip-up And Reroute | Checksum: 230670f8f

Time (s): cpu = 00:04:44 ; elapsed = 00:02:32 . Memory (MB): peak = 2431.805 ; gain = 138.332

Phase 5 Delay and Skew Optimization

Phase 5.1 Delay CleanUp

Phase 5.1.1 Update Timing
Phase 5.1.1 Update Timing | Checksum: 1f64378d4

Time (s): cpu = 00:04:47 ; elapsed = 00:02:33 . Memory (MB): peak = 2431.805 ; gain = 138.332
INFO: [Route 35-416] Intermediate Timing Summary | WNS=-0.634 | TNS=-4.814 | WHS=N/A    | THS=N/A    |

 Number of Nodes with overlaps = 0
Phase 5.1 Delay CleanUp | Checksum: 222df9241

Time (s): cpu = 00:04:47 ; elapsed = 00:02:34 . Memory (MB): peak = 2431.805 ; gain = 138.332

Phase 5.2 Clock Skew Optimization
Phase 5.2 Clock Skew Optimization | Checksum: 222df9241

Time (s): cpu = 00:04:47 ; elapsed = 00:02:34 . Memory (MB): peak = 2431.805 ; gain = 138.332
Phase 5 Delay and Skew Optimization | Checksum: 222df9241

Time (s): cpu = 00:04:47 ; elapsed = 00:02:34 . Memory (MB): peak = 2431.805 ; gain = 138.332

Phase 6 Post Hold Fix

Phase 6.1 Hold Fix Iter

Phase 6.1.1 Update Timing
Phase 6.1.1 Update Timing | Checksum: 21a0939c0

Time (s): cpu = 00:04:50 ; elapsed = 00:02:35 . Memory (MB): peak = 2431.805 ; gain = 138.332
INFO: [Route 35-416] Intermediate Timing Summary | WNS=-0.621 | TNS=-4.607 | WHS=0.125  | THS=0.000  |

Phase 6.1 Hold Fix Iter | Checksum: 21a0939c0

Time (s): cpu = 00:04:50 ; elapsed = 00:02:35 . Memory (MB): peak = 2431.805 ; gain = 138.332
Phase 6 Post Hold Fix | Checksum: 21a0939c0

Time (s): cpu = 00:04:50 ; elapsed = 00:02:35 . Memory (MB): peak = 2431.805 ; gain = 138.332

Phase 7 Timing Verification

Phase 7.1 Update Timing
Phase 7.1 Update Timing | Checksum: 14ce26061

Time (s): cpu = 00:04:55 ; elapsed = 00:02:37 . Memory (MB): peak = 2431.805 ; gain = 138.332
INFO: [Route 35-416] Intermediate Timing Summary | WNS=-0.621 | TNS=-4.607 | WHS=N/A    | THS=N/A    |

Phase 7 Timing Verification | Checksum: 14ce26061

Time (s): cpu = 00:04:55 ; elapsed = 00:02:37 . Memory (MB): peak = 2431.805 ; gain = 138.332

Phase 8 Route finalize

Router Utilization Summary
  Global Vertical Routing Utilization    = 5.45994 %
  Global Horizontal Routing Utilization  = 7.0817 %
  Routable Net Status*
  *Does not include unroutable nets such as driverless and loadless.
  Run report_route_status for detailed report.
  Number of Failed Nets               = 0
    (Failed Nets is the sum of unrouted and partially routed nets)
  Number of Unrouted Nets             = 0
  Number of Partially Routed Nets     = 0
  Number of Node Overlaps             = 0


--GLOBAL Congestion:
Utilization threshold used for congestion level computation: 0.85
Congestion Report
North Dir 1x1 Area, Max Cong = 79.2793%, No Congested Regions.
South Dir 1x1 Area, Max Cong = 95.4955%, Congestion bounded by tiles (Lower Left Tile -> Upper Right Tile):
   INT_L_X20Y188 -> INT_L_X20Y188
   INT_L_X20Y179 -> INT_L_X20Y179
   INT_L_X20Y173 -> INT_L_X20Y173
East Dir 1x1 Area, Max Cong = 97.0588%, Congestion bounded by tiles (Lower Left Tile -> Upper Right Tile):
   INT_R_X21Y191 -> INT_R_X21Y191
   INT_L_X20Y188 -> INT_L_X20Y188
   INT_L_X26Y184 -> INT_L_X26Y184
   INT_L_X22Y183 -> INT_L_X22Y183
   INT_L_X24Y182 -> INT_L_X24Y182
West Dir 1x1 Area, Max Cong = 94.1176%, Congestion bounded by tiles (Lower Left Tile -> Upper Right Tile):
   INT_L_X22Y191 -> INT_L_X22Y191
   INT_R_X17Y190 -> INT_R_X17Y190
   INT_R_X23Y190 -> INT_R_X23Y190
   INT_L_X24Y190 -> INT_L_X24Y190
   INT_R_X25Y190 -> INT_R_X25Y190

------------------------------
Reporting congestion hotspots
------------------------------
Direction: North
----------------
Congested clusters found at Level 0
Effective congestion level: 0 Aspect Ratio: 1 Sparse Ratio: 0
Direction: South
----------------
Congested clusters found at Level 0
Effective congestion level: 0 Aspect Ratio: 1 Sparse Ratio: 1
Direction: East
----------------
Congested clusters found at Level 0
Effective congestion level: 1 Aspect Ratio: 1 Sparse Ratio: 0.75
Direction: West
----------------
Congested clusters found at Level 0
Effective congestion level: 2 Aspect Ratio: 0.8 Sparse Ratio: 0.75

Phase 8 Route finalize | Checksum: 14ce26061

Time (s): cpu = 00:04:55 ; elapsed = 00:02:37 . Memory (MB): peak = 2431.805 ; gain = 138.332

Phase 9 Verifying routed nets

 Verification completed successfully
Phase 9 Verifying routed nets | Checksum: 14ce26061

Time (s): cpu = 00:04:55 ; elapsed = 00:02:37 . Memory (MB): peak = 2431.805 ; gain = 138.332

Phase 10 Depositing Routes
Phase 10 Depositing Routes | Checksum: 19afc8ceb

Time (s): cpu = 00:04:57 ; elapsed = 00:02:38 . Memory (MB): peak = 2431.805 ; gain = 138.332

Phase 11 Incr Placement Change
Netlist sorting complete. Time (s): cpu = 00:00:00 ; elapsed = 00:00:00.008 . Memory (MB): peak = 2431.805 ; gain = 0.000
INFO: [Place 30-746] Post Placement Timing Summary WNS=0.502. For the most accurate timing information please run report_timing.
Ending IncrPlace Task | Checksum: 13713a4c5

Time (s): cpu = 00:00:20 ; elapsed = 00:00:17 . Memory (MB): peak = 2431.805 ; gain = 0.000
Phase 11 Incr Placement Change | Checksum: 13713a4c5

Time (s): cpu = 00:05:19 ; elapsed = 00:02:56 . Memory (MB): peak = 2431.805 ; gain = 138.332

Phase 12 Build RT Design
Checksum: PlaceDB: b19f5b0f ConstDB: 0 ShapeSum: 303933a6 RouteDB: 553b1610
Post Restoration Checksum: NetGraph: c11701e2 | NumContArr: aaf2a5c5 | Constraints: c2a8fa9d | Timing: c2a8fa9d
Phase 12 Build RT Design | Checksum: 2f15b9ce1

Time (s): cpu = 00:05:26 ; elapsed = 00:03:00 . Memory (MB): peak = 2431.805 ; gain = 138.332

Phase 13 Router Initialization

Phase 13.1 Fix Topology Constraints
Phase 13.1 Fix Topology Constraints | Checksum: 2f15b9ce1

Time (s): cpu = 00:05:27 ; elapsed = 00:03:00 . Memory (MB): peak = 2431.805 ; gain = 138.332

Phase 13.2 Pre Route Cleanup
Phase 13.2 Pre Route Cleanup | Checksum: 29ca50de3

Time (s): cpu = 00:05:27 ; elapsed = 00:03:01 . Memory (MB): peak = 2431.805 ; gain = 138.332
 Number of Nodes with overlaps = 0

Phase 13.3 Update Timing
Phase 13.3 Update Timing | Checksum: 2c270c30d

Time (s): cpu = 00:05:40 ; elapsed = 00:03:07 . Memory (MB): peak = 2431.805 ; gain = 138.332
INFO: [Route 35-416] Intermediate Timing Summary | WNS=0.534  | TNS=0.000  | WHS=-0.123 | THS=-21.232|


Router Utilization Summary
  Global Vertical Routing Utilization    = 5.40432 %
  Global Horizontal Routing Utilization  = 6.9973 %
  Routable Net Status*
  *Does not include unroutable nets such as driverless and loadless.
  Run report_route_status for detailed report.
  Number of Failed Nets               = 490
    (Failed Nets is the sum of unrouted and partially routed nets)
  Number of Unrouted Nets             = 151
  Number of Partially Routed Nets     = 339
  Number of Node Overlaps             = 0

Phase 13 Router Initialization | Checksum: 21dc6039e

Time (s): cpu = 00:05:46 ; elapsed = 00:03:10 . Memory (MB): peak = 2431.805 ; gain = 138.332

Phase 14 Initial Routing

Phase 14.1 Global Routing
Phase 14.1 Global Routing | Checksum: 21dc6039e

Time (s): cpu = 00:05:46 ; elapsed = 00:03:10 . Memory (MB): peak = 2431.805 ; gain = 138.332

Phase 14.2 Initial Net Routing
Phase 14.2 Initial Net Routing | Checksum: 238d97e3e

Time (s): cpu = 00:05:47 ; elapsed = 00:03:11 . Memory (MB): peak = 2431.805 ; gain = 138.332
Phase 14 Initial Routing | Checksum: 238d97e3e

Time (s): cpu = 00:05:47 ; elapsed = 00:03:11 . Memory (MB): peak = 2431.805 ; gain = 138.332

Phase 15 Rip-up And Reroute

Phase 15.1 Global Iteration 0
 Number of Nodes with overlaps = 2128
 Number of Nodes with overlaps = 1301
 Number of Nodes with overlaps = 703
 Number of Nodes with overlaps = 413
 Number of Nodes with overlaps = 161
 Number of Nodes with overlaps = 55
 Number of Nodes with overlaps = 44
 Number of Nodes with overlaps = 18
 Number of Nodes with overlaps = 3
 Number of Nodes with overlaps = 0
INFO: [Route 35-416] Intermediate Timing Summary | WNS=-0.698 | TNS=-16.114| WHS=N/A    | THS=N/A    |

Phase 15.1 Global Iteration 0 | Checksum: 1f9411879

Time (s): cpu = 00:06:38 ; elapsed = 00:03:32 . Memory (MB): peak = 2431.805 ; gain = 138.332

Phase 15.2 Global Iteration 1
 Number of Nodes with overlaps = 2448
 Number of Nodes with overlaps = 850
 Number of Nodes with overlaps = 294
 Number of Nodes with overlaps = 124
 Number of Nodes with overlaps = 87
 Number of Nodes with overlaps = 20
 Number of Nodes with overlaps = 8
 Number of Nodes with overlaps = 4
 Number of Nodes with overlaps = 5
 Number of Nodes with overlaps = 0
INFO: [Route 35-416] Intermediate Timing Summary | WNS=-0.581 | TNS=-7.445 | WHS=N/A    | THS=N/A    |

Phase 15.2 Global Iteration 1 | Checksum: 2696a544c

Time (s): cpu = 00:07:23 ; elapsed = 00:03:54 . Memory (MB): peak = 2431.805 ; gain = 138.332

Phase 15.3 Global Iteration 2
 Number of Nodes with overlaps = 2230
 Number of Nodes with overlaps = 700
 Number of Nodes with overlaps = 230
 Number of Nodes with overlaps = 103
 Number of Nodes with overlaps = 50
 Number of Nodes with overlaps = 35
 Number of Nodes with overlaps = 17
 Number of Nodes with overlaps = 6
 Number of Nodes with overlaps = 4
 Number of Nodes with overlaps = 0
INFO: [Route 35-416] Intermediate Timing Summary | WNS=-0.549 | TNS=-13.742| WHS=N/A    | THS=N/A    |

Phase 15.3 Global Iteration 2 | Checksum: 293eb573c

Time (s): cpu = 00:08:09 ; elapsed = 00:04:21 . Memory (MB): peak = 2431.805 ; gain = 138.332

Phase 15.4 Global Iteration 3
 Number of Nodes with overlaps = 1901
 Number of Nodes with overlaps = 476
 Number of Nodes with overlaps = 209
 Number of Nodes with overlaps = 146
 Number of Nodes with overlaps = 77
 Number of Nodes with overlaps = 28
 Number of Nodes with overlaps = 23
 Number of Nodes with overlaps = 12
 Number of Nodes with overlaps = 8
 Number of Nodes with overlaps = 0
INFO: [Route 35-416] Intermediate Timing Summary | WNS=-0.185 | TNS=-1.137 | WHS=N/A    | THS=N/A    |

Phase 15.4 Global Iteration 3 | Checksum: 196ff3e1f

Time (s): cpu = 00:08:53 ; elapsed = 00:04:42 . Memory (MB): peak = 2431.805 ; gain = 138.332

Phase 15.5 Global Iteration 4
 Number of Nodes with overlaps = 1656
 Number of Nodes with overlaps = 319
 Number of Nodes with overlaps = 118
 Number of Nodes with overlaps = 61
 Number of Nodes with overlaps = 33
 Number of Nodes with overlaps = 21
 Number of Nodes with overlaps = 11
 Number of Nodes with overlaps = 1
 Number of Nodes with overlaps = 0
INFO: [Route 35-416] Intermediate Timing Summary | WNS=-0.610 | TNS=-25.853| WHS=N/A    | THS=N/A    |

Phase 15.5 Global Iteration 4 | Checksum: 1caf7c35f

Time (s): cpu = 00:09:24 ; elapsed = 00:04:58 . Memory (MB): peak = 2431.805 ; gain = 138.332
Phase 15 Rip-up And Reroute | Checksum: 1caf7c35f

Time (s): cpu = 00:09:24 ; elapsed = 00:04:58 . Memory (MB): peak = 2431.805 ; gain = 138.332

Phase 16 Delay and Skew Optimization

Phase 16.1 Delay CleanUp

Phase 16.1.1 Update Timing
Phase 16.1.1 Update Timing | Checksum: 21f16d912

Time (s): cpu = 00:09:26 ; elapsed = 00:04:59 . Memory (MB): peak = 2431.805 ; gain = 138.332
INFO: [Route 35-416] Intermediate Timing Summary | WNS=-0.097 | TNS=-0.338 | WHS=N/A    | THS=N/A    |

 Number of Nodes with overlaps = 0
Phase 16.1 Delay CleanUp | Checksum: 106eb6c64

Time (s): cpu = 00:09:27 ; elapsed = 00:05:00 . Memory (MB): peak = 2431.805 ; gain = 138.332

Phase 16.2 Clock Skew Optimization
Phase 16.2 Clock Skew Optimization | Checksum: 106eb6c64

Time (s): cpu = 00:09:27 ; elapsed = 00:05:00 . Memory (MB): peak = 2431.805 ; gain = 138.332
Phase 16 Delay and Skew Optimization | Checksum: 106eb6c64

Time (s): cpu = 00:09:27 ; elapsed = 00:05:00 . Memory (MB): peak = 2431.805 ; gain = 138.332

Phase 17 Post Hold Fix

Phase 17.1 Hold Fix Iter

Phase 17.1.1 Update Timing
Phase 17.1.1 Update Timing | Checksum: 170dd5f1a

Time (s): cpu = 00:09:29 ; elapsed = 00:05:01 . Memory (MB): peak = 2431.805 ; gain = 138.332
INFO: [Route 35-416] Intermediate Timing Summary | WNS=-0.094 | TNS=-0.329 | WHS=0.125  | THS=0.000  |

Phase 17.1 Hold Fix Iter | Checksum: 170dd5f1a

Time (s): cpu = 00:09:29 ; elapsed = 00:05:01 . Memory (MB): peak = 2431.805 ; gain = 138.332
Phase 17 Post Hold Fix | Checksum: 170dd5f1a

Time (s): cpu = 00:09:30 ; elapsed = 00:05:01 . Memory (MB): peak = 2431.805 ; gain = 138.332

Phase 18 Timing Verification

Phase 18.1 Update Timing
Phase 18.1 Update Timing | Checksum: 1bc22cc1b

Time (s): cpu = 00:09:34 ; elapsed = 00:05:03 . Memory (MB): peak = 2431.805 ; gain = 138.332
INFO: [Route 35-416] Intermediate Timing Summary | WNS=-0.094 | TNS=-0.329 | WHS=N/A    | THS=N/A    |

Phase 18 Timing Verification | Checksum: 1bc22cc1b

Time (s): cpu = 00:09:34 ; elapsed = 00:05:03 . Memory (MB): peak = 2431.805 ; gain = 138.332

Phase 19 Route finalize

Router Utilization Summary
  Global Vertical Routing Utilization    = 5.57188 %
  Global Horizontal Routing Utilization  = 7.12809 %
  Routable Net Status*
  *Does not include unroutable nets such as driverless and loadless.
  Run report_route_status for detailed report.
  Number of Failed Nets               = 0
    (Failed Nets is the sum of unrouted and partially routed nets)
  Number of Unrouted Nets             = 0
  Number of Partially Routed Nets     = 0
  Number of Node Overlaps             = 0


--GLOBAL Congestion:
Utilization threshold used for congestion level computation: 0.85
Congestion Report
North Dir 1x1 Area, Max Cong = 91.8919%, Congestion bounded by tiles (Lower Left Tile -> Upper Right Tile):
   INT_L_X26Y185 -> INT_L_X26Y185
South Dir 1x1 Area, Max Cong = 94.5946%, Congestion bounded by tiles (Lower Left Tile -> Upper Right Tile):
   INT_L_X26Y178 -> INT_L_X26Y178
   INT_R_X25Y174 -> INT_R_X25Y174
   INT_L_X20Y173 -> INT_L_X20Y173
East Dir 1x1 Area, Max Cong = 97.0588%, Congestion bounded by tiles (Lower Left Tile -> Upper Right Tile):
   INT_L_X30Y186 -> INT_L_X30Y186
   INT_L_X26Y185 -> INT_L_X26Y185
   INT_R_X23Y184 -> INT_R_X23Y184
   INT_L_X26Y183 -> INT_L_X26Y183
   INT_L_X24Y182 -> INT_L_X24Y182
West Dir 2x2 Area, Max Cong = 87.8677%, Congestion bounded by tiles (Lower Left Tile -> Upper Right Tile):
   INT_L_X20Y184 -> INT_R_X21Y185
   INT_L_X22Y184 -> INT_R_X23Y185

------------------------------
Reporting congestion hotspots
------------------------------
Direction: North
----------------
Congested clusters found at Level 0
Effective congestion level: 0 Aspect Ratio: 1 Sparse Ratio: 1
Direction: South
----------------
Congested clusters found at Level 0
Effective congestion level: 1 Aspect Ratio: 0.5 Sparse Ratio: 0.5
Direction: East
----------------
Congested clusters found at Level 0
Effective congestion level: 2 Aspect Ratio: 0.6 Sparse Ratio: 0.5
Direction: West
----------------
Congested clusters found at Level 0
Effective congestion level: 2 Aspect Ratio: 1 Sparse Ratio: 1.25

Phase 19 Route finalize | Checksum: 1bc22cc1b

Time (s): cpu = 00:09:34 ; elapsed = 00:05:03 . Memory (MB): peak = 2431.805 ; gain = 138.332

Phase 20 Verifying routed nets

 Verification completed successfully
Phase 20 Verifying routed nets | Checksum: 1bc22cc1b

Time (s): cpu = 00:09:34 ; elapsed = 00:05:03 . Memory (MB): peak = 2431.805 ; gain = 138.332

Phase 21 Depositing Routes
Phase 21 Depositing Routes | Checksum: 20837f2fa

Time (s): cpu = 00:09:37 ; elapsed = 00:05:04 . Memory (MB): peak = 2431.805 ; gain = 138.332

Phase 22 Post Router Timing
INFO: [Route 35-20] Post Routing Timing Summary | WNS=-0.093 | TNS=-0.328 | WHS=0.125  | THS=0.000  |

Phase 22 Post Router Timing | Checksum: 1f30f579f

Time (s): cpu = 00:09:46 ; elapsed = 00:05:09 . Memory (MB): peak = 2439.445 ; gain = 145.973
CRITICAL WARNING: [Route 35-39] The design did not meet timing requirements. Please run report_timing_summary for detailed reports.
Resolution: Verify that the timing was met or had small violations at all previous steps (synthesis, placement, power_opt, and phys_opt). Run report_timing_summary and analyze individual timing paths.
INFO: [Route 35-253] TNS is the sum of the worst slack violation on every endpoint in the design. Review the paths with the biggest WNS violations in the timing reports and modify your constraints or your design to improve both WNS and TNS.
INFO: [Route 35-16] Router Completed Successfully

Phase 23 Post-Route Event Processing
Phase 23 Post-Route Event Processing | Checksum: edd8c627

Time (s): cpu = 00:09:47 ; elapsed = 00:05:10 . Memory (MB): peak = 2439.445 ; gain = 145.973
Ending Routing Task | Checksum: edd8c627

Time (s): cpu = 00:09:48 ; elapsed = 00:05:11 . Memory (MB): peak = 2439.445 ; gain = 145.973

Routing Is Done.
INFO: [Common 17-83] Releasing license: Implementation
318 Infos, 214 Warnings, 1 Critical Warnings and 0 Errors encountered.
route_design completed successfully
route_design: Time (s): cpu = 00:09:52 ; elapsed = 00:05:13 . Memory (MB): peak = 2439.445 ; gain = 145.973
Command: phys_opt_design -directive Explore
Attempting to get a license for feature 'Implementation' and/or device 'xc7a100t'
INFO: [Common 17-349] Got license for feature 'Implementation' and/or device 'xc7a100t'
INFO: [Vivado_Tcl 4-241] Physical synthesis in post route mode 
INFO: [Vivado_Tcl 4-137] Directive used for phys_opt_design is: Explore

Starting Initial Update Timing Task

Time (s): cpu = 00:00:08 ; elapsed = 00:00:04 . Memory (MB): peak = 2439.445 ; gain = 0.000
INFO: [Vivado_Tcl 4-1435] PhysOpt_Tcl_Interface Runtime Before Starting Physical Synthesis Task | CPU: 11.00s |  WALL: 7.40s
Netlist sorting complete. Time (s): cpu = 00:00:00 ; elapsed = 00:00:00.009 . Memory (MB): peak = 2439.445 ; gain = 0.000

Starting Physical Synthesis Task

Phase 1 Physical Synthesis Initialization
INFO: [Physopt 32-721] Multithreading enabled for phys_opt_design using a maximum of 2 CPUs
INFO: [Physopt 32-668] Current Timing Summary | WNS=-0.093 | TNS=-0.328 | WHS=0.125 | THS=0.000 |
Phase 1 Physical Synthesis Initialization | Checksum: 155374c84

Time (s): cpu = 00:00:05 ; elapsed = 00:00:03 . Memory (MB): peak = 2439.445 ; gain = 0.000

Phase 2 Critical Path Optimization
INFO: [Physopt 32-668] Current Timing Summary | WNS=-0.093 | TNS=-0.328 | WHS=0.125 | THS=0.000 |
INFO: [Physopt 32-953] Path group WNS did not improve. Path group: clk_50m_unbuf. Processed net: u_soc_top/gen_cv32e40p_core.u_core/core_i/id_stage_i/mult_dot_op_b_ex[12].
INFO: [Physopt 32-953] Path group WNS did not improve. Path group: clk_50m_unbuf. Processed net: clk_50m_unbuf.
INFO: [Physopt 32-953] Path group WNS did not improve. Path group: clk_50m_unbuf. Processed net: u_soc_top/gen_cv32e40p_core.u_core/core_i/if_stage_i/operand_b[4].
INFO: [Physopt 32-953] Path group WNS did not improve. Path group: clk_50m_unbuf. Processed net: u_soc_top/gen_cv32e40p_core.u_core/core_i/id_stage_i/register_file_i/csr_access_ex_o_reg_1.
INFO: [Physopt 32-710] Processed net u_soc_top/gen_cv32e40p_core.u_core/core_i/id_stage_i/register_file_i/csr_access_ex_o_reg_1. Critical path length was reduced through logic transformation on cell u_soc_top/gen_cv32e40p_core.u_core/core_i/id_stage_i/register_file_i/mult_operand_b_ex_o[4]_i_2_comp.
INFO: [Physopt 32-952] Improved path group WNS = -0.062. Path group: clk_50m_unbuf. Processed net: u_soc_top/gen_cv32e40p_core.u_core/core_i/id_stage_i/gen_hwloop_regs.hwloop_regs_i/csr_access_ex_o_reg_2.
INFO: [Physopt 32-953] Path group WNS did not improve. Path group: clk_50m_unbuf. Processed net: u_soc_top/gen_cv32e40p_core.u_core/core_i/id_stage_i/mult_dot_op_b_ex[31].
INFO: [Physopt 32-953] Path group WNS did not improve. Path group: clk_50m_unbuf. Processed net: u_soc_top/gen_cv32e40p_core.u_core/i___56_n_0.
INFO: [Physopt 32-710] Processed net u_soc_top/gen_cv32e40p_core.u_core/i___56_n_0. Critical path length was reduced through logic transformation on cell u_soc_top/gen_cv32e40p_core.u_core/i___56_comp.
INFO: [Physopt 32-952] Improved path group WNS = -0.036. Path group: clk_50m_unbuf. Processed net: u_soc_top/gen_cv32e40p_core.u_core/core_i/id_stage_i/register_file_i/instr_rdata_id_o_reg[19]_39.
INFO: [Physopt 32-710] Processed net u_soc_top/gen_cv32e40p_core.u_core/i___56_n_0. Critical path length was reduced through logic transformation on cell u_soc_top/gen_cv32e40p_core.u_core/i___56_comp_1.
INFO: [Physopt 32-952] Improved path group WNS = -0.025. Path group: clk_50m_unbuf. Processed net: u_soc_top/gen_cv32e40p_core.u_core/i___91_n_0.
INFO: [Physopt 32-953] Path group WNS did not improve. Path group: clk_50m_unbuf. Processed net: u_soc_top/gen_cv32e40p_core.u_core/core_i/id_stage_i/mult_dot_op_a_ex_o_reg[31]_0[26].
INFO: [Physopt 32-953] Path group WNS did not improve. Path group: clk_50m_unbuf. Processed net: u_soc_top/gen_cv32e40p_core.u_core/core_i/if_stage_i/alu_operand_a_ex_o[26]_i_2_n_0.
INFO: [Physopt 32-710] Processed net u_soc_top/gen_cv32e40p_core.u_core/core_i/if_stage_i/alu_operand_a_ex_o[26]_i_2_n_0. Critical path length was reduced through logic transformation on cell u_soc_top/gen_cv32e40p_core.u_core/core_i/if_stage_i/alu_operand_a_ex_o[26]_i_2_comp.
INFO: [Physopt 32-735] Processed net u_soc_top/gen_cv32e40p_core.u_core/core_i/id_stage_i/register_file_i/instr_rdata_id_o_reg[19]_29. Optimization improves timing on the net.
INFO: [Physopt 32-668] Current Timing Summary | WNS=0.008 | TNS=0.000 | WHS=0.125 | THS=0.000 |
INFO: [Physopt 32-668] Current Timing Summary | WNS=0.008 | TNS=0.000 | WHS=0.125 | THS=0.000 |
Netlist sorting complete. Time (s): cpu = 00:00:00 ; elapsed = 00:00:00.015 . Memory (MB): peak = 2447.859 ; gain = 0.000
Phase 2 Critical Path Optimization | Checksum: 155374c84

Time (s): cpu = 00:01:32 ; elapsed = 00:01:13 . Memory (MB): peak = 2447.859 ; gain = 8.414
Netlist sorting complete. Time (s): cpu = 00:00:00 ; elapsed = 00:00:00.008 . Memory (MB): peak = 2447.859 ; gain = 0.000
INFO: [Physopt 32-669] Post Physical Optimization Timing Summary | WNS=0.008 | TNS=0.000 | WHS=0.125 | THS=0.000 |

Summary of Physical Synthesis Optimizations
============================================


-------------------------------------------------------------------------------------------------------------------------------------------------------------
|  Optimization   |  WNS Gain (ns)  |  TNS Gain (ns)  |  Added Cells  |  Removed Cells  |  Optimized Cells/Nets  |  Dont Touch  |  Iterations  |  Elapsed   |
-------------------------------------------------------------------------------------------------------------------------------------------------------------
|  Critical Path  |          0.102  |          0.328  |            0  |              0  |                     4  |           0  |           1  |  00:01:11  |
-------------------------------------------------------------------------------------------------------------------------------------------------------------


Netlist sorting complete. Time (s): cpu = 00:00:00 ; elapsed = 00:00:00.007 . Memory (MB): peak = 2447.859 ; gain = 0.000
Ending Physical Synthesis Task | Checksum: 271d99bb5

Time (s): cpu = 00:01:33 ; elapsed = 00:01:14 . Memory (MB): peak = 2447.859 ; gain = 8.414
INFO: [Common 17-83] Releasing license: Implementation
345 Infos, 214 Warnings, 1 Critical Warnings and 0 Errors encountered.
phys_opt_design completed successfully
phys_opt_design: Time (s): cpu = 00:01:44 ; elapsed = 00:01:22 . Memory (MB): peak = 2447.859 ; gain = 8.414
=== [4/5] GENERATING TIMING & DRC REPORTS ===
INFO: [Timing 38-91] UpdateTimingParams: Speed grade: -1, Delay Type: min_max.
INFO: [Timing 38-191] Multithreading enabled for timing update using a maximum of 2 CPUs
INFO: [Timing 38-91] UpdateTimingParams: Speed grade: -1, Delay Type: max.
INFO: [Timing 38-191] Multithreading enabled for timing update using a maximum of 2 CPUs
INFO: [Timing 38-78] ReportTimingParams: -max_paths 20 -nworst 1 -delay_type max -sort_by slack.
INFO: [Timing 38-91] UpdateTimingParams: Speed grade: -1, Delay Type: min.
INFO: [Timing 38-191] Multithreading enabled for timing update using a maximum of 2 CPUs
INFO: [Timing 38-78] ReportTimingParams: -max_paths 20 -nworst 1 -delay_type min -sort_by slack.
INFO: [Timing 38-91] UpdateTimingParams: Speed grade: -1, Delay Type: min_max.
INFO: [Timing 38-191] Multithreading enabled for timing update using a maximum of 2 CPUs
INFO: [Timing 38-78] ReportTimingParams: -max_paths 20 -nworst 1 -delay_type min_max -sort_by slack.
Command: report_drc -file E:/ResearchOnWork/RISC_V_CORE/Synthesis/fpga/ecg_artix7/reports/drc_routed.rpt
INFO: [IP_Flow 19-234] Refreshing IP repositories
INFO: [IP_Flow 19-1704] No user IP repositories specified
INFO: [IP_Flow 19-2313] Loaded Vivado IP repository 'E:/Vivado/2023.2/data/ip'.
INFO: [DRC 23-27] Running DRC with 2 threads
INFO: [Vivado_Tcl 2-168] The results of DRC are in file E:/ResearchOnWork/RISC_V_CORE/Synthesis/fpga/ecg_artix7/reports/drc_routed.rpt.
report_drc completed successfully
Command: report_power -file E:/ResearchOnWork/RISC_V_CORE/Synthesis/fpga/ecg_artix7/reports/power_routed.rpt
Running Vector-less Activity Propagation...

Finished Running Vector-less Activity Propagation
361 Infos, 214 Warnings, 1 Critical Warnings and 0 Errors encountered.
report_power completed successfully
report_power: Time (s): cpu = 00:00:07 ; elapsed = 00:00:05 . Memory (MB): peak = 2447.859 ; gain = 0.000
INFO: [Timing 38-480] Writing timing data to binary archive.
Write ShapeDB Complete: Time (s): cpu = 00:00:00 ; elapsed = 00:00:00.046 . Memory (MB): peak = 2447.859 ; gain = 0.000
Wrote PlaceDB: Time (s): cpu = 00:00:03 ; elapsed = 00:00:02 . Memory (MB): peak = 2447.859 ; gain = 0.000
Wrote PulsedLatchDB: Time (s): cpu = 00:00:00 ; elapsed = 00:00:00 . Memory (MB): peak = 2447.859 ; gain = 0.000
Writing XDEF routing.
Writing XDEF routing logical nets.
Writing XDEF routing special nets.
Wrote RouteStorage: Time (s): cpu = 00:00:01 ; elapsed = 00:00:00.348 . Memory (MB): peak = 2447.859 ; gain = 0.000
Wrote Netlist Cache: Time (s): cpu = 00:00:00 ; elapsed = 00:00:00.031 . Memory (MB): peak = 2447.859 ; gain = 0.000
Wrote Device Cache: Time (s): cpu = 00:00:00 ; elapsed = 00:00:00.007 . Memory (MB): peak = 2447.859 ; gain = 0.000
Write Physdb Complete: Time (s): cpu = 00:00:04 ; elapsed = 00:00:02 . Memory (MB): peak = 2447.859 ; gain = 0.000
INFO: [Common 17-1381] The checkpoint 'E:/ResearchOnWork/RISC_V_CORE/Synthesis/fpga/ecg_artix7/reports/routed.dcp' has been generated.
=== [5/5] GENERATING BITSTREAM ===
Command: write_bitstream -force E:/ResearchOnWork/RISC_V_CORE/Synthesis/fpga/ecg_artix7/reports/cv32e40p_ecg_soc.bit
Attempting to get a license for feature 'Implementation' and/or device 'xc7a100t'
INFO: [Common 17-349] Got license for feature 'Implementation' and/or device 'xc7a100t'
Running DRC as a precondition to command write_bitstream
INFO: [IP_Flow 19-1839] IP Catalog is up to date.
INFO: [DRC 23-27] Running DRC with 2 threads
WARNING: [DRC CHECK-3] Report rule limit reached: REQP-1839 rule limit reached: 20 violations have been found.
WARNING: [DRC DPIP-1] Input pipelining: DSP u_soc_top/gen_cv32e40p_core.u_core/core_i/ex_stage_i/mult_i/ input u_soc_top/gen_cv32e40p_core.u_core/core_i/ex_stage_i/mult_i//A[29:0] is not pipelined. Pipelining DSP48 input will improve performance.
WARNING: [DRC DPIP-1] Input pipelining: DSP u_soc_top/gen_cv32e40p_core.u_core/core_i/ex_stage_i/mult_i/ input u_soc_top/gen_cv32e40p_core.u_core/core_i/ex_stage_i/mult_i//B[17:0] is not pipelined. Pipelining DSP48 input will improve performance.
WARNING: [DRC DPIP-1] Input pipelining: DSP u_soc_top/gen_cv32e40p_core.u_core/core_i/ex_stage_i/mult_i/__0 input u_soc_top/gen_cv32e40p_core.u_core/core_i/ex_stage_i/mult_i/__0/A[29:0] is not pipelined. Pipelining DSP48 input will improve performance.
WARNING: [DRC DPIP-1] Input pipelining: DSP u_soc_top/gen_cv32e40p_core.u_core/core_i/ex_stage_i/mult_i/__0 input u_soc_top/gen_cv32e40p_core.u_core/core_i/ex_stage_i/mult_i/__0/B[17:0] is not pipelined. Pipelining DSP48 input will improve performance.
WARNING: [DRC DPIP-1] Input pipelining: DSP u_soc_top/gen_cv32e40p_core.u_core/core_i/ex_stage_i/mult_i/__1 input u_soc_top/gen_cv32e40p_core.u_core/core_i/ex_stage_i/mult_i/__1/B[17:0] is not pipelined. Pipelining DSP48 input will improve performance.
WARNING: [DRC DPIP-1] Input pipelining: DSP u_soc_top/gen_cv32e40p_core.u_core/core_i/ex_stage_i/mult_i/dot_short_mul[1] input u_soc_top/gen_cv32e40p_core.u_core/core_i/ex_stage_i/mult_i/dot_short_mul[1]/A[29:0] is not pipelined. Pipelining DSP48 input will improve performance.
WARNING: [DRC DPIP-1] Input pipelining: DSP u_soc_top/gen_cv32e40p_core.u_core/core_i/ex_stage_i/mult_i/dot_short_mul[1] input u_soc_top/gen_cv32e40p_core.u_core/core_i/ex_stage_i/mult_i/dot_short_mul[1]/B[17:0] is not pipelined. Pipelining DSP48 input will improve performance.
WARNING: [DRC DPIP-1] Input pipelining: DSP u_soc_top/gen_cv32e40p_core.u_core/core_i/ex_stage_i/mult_i/dot_short_result__0 input u_soc_top/gen_cv32e40p_core.u_core/core_i/ex_stage_i/mult_i/dot_short_result__0/A[29:0] is not pipelined. Pipelining DSP48 input will improve performance.
WARNING: [DRC DPIP-1] Input pipelining: DSP u_soc_top/gen_cv32e40p_core.u_core/core_i/ex_stage_i/mult_i/dot_short_result__0 input u_soc_top/gen_cv32e40p_core.u_core/core_i/ex_stage_i/mult_i/dot_short_result__0/B[17:0] is not pipelined. Pipelining DSP48 input will improve performance.
WARNING: [DRC DPIP-1] Input pipelining: DSP u_soc_top/gen_cv32e40p_core.u_core/core_i/ex_stage_i/mult_i/dot_short_result__0 input u_soc_top/gen_cv32e40p_core.u_core/core_i/ex_stage_i/mult_i/dot_short_result__0/C[47:0] is not pipelined. Pipelining DSP48 input will improve performance.
WARNING: [DRC DPIP-1] Input pipelining: DSP u_soc_top/gen_cv32e40p_core.u_core/core_i/ex_stage_i/mult_i/short_mac input u_soc_top/gen_cv32e40p_core.u_core/core_i/ex_stage_i/mult_i/short_mac/A[29:0] is not pipelined. Pipelining DSP48 input will improve performance.
WARNING: [DRC DPIP-1] Input pipelining: DSP u_soc_top/gen_cv32e40p_core.u_core/core_i/ex_stage_i/mult_i/short_mac input u_soc_top/gen_cv32e40p_core.u_core/core_i/ex_stage_i/mult_i/short_mac/B[17:0] is not pipelined. Pipelining DSP48 input will improve performance.
WARNING: [DRC DPIP-1] Input pipelining: DSP u_soc_top/gen_cv32e40p_core.u_core/core_i/ex_stage_i/mult_i/short_mac input u_soc_top/gen_cv32e40p_core.u_core/core_i/ex_stage_i/mult_i/short_mac/C[47:0] is not pipelined. Pipelining DSP48 input will improve performance.
WARNING: [DRC DPIP-1] Input pipelining: DSP u_soc_top/gen_cv32e40p_core.u_core/core_i/ex_stage_i/mult_i/short_mul input u_soc_top/gen_cv32e40p_core.u_core/core_i/ex_stage_i/mult_i/short_mul/A[29:0] is not pipelined. Pipelining DSP48 input will improve performance.
WARNING: [DRC DPIP-1] Input pipelining: DSP u_soc_top/gen_cv32e40p_core.u_core/core_i/ex_stage_i/mult_i/short_mul input u_soc_top/gen_cv32e40p_core.u_core/core_i/ex_stage_i/mult_i/short_mul/B[17:0] is not pipelined. Pipelining DSP48 input will improve performance.
WARNING: [DRC DPOP-1] PREG Output pipelining: DSP u_soc_top/gen_cv32e40p_core.u_core/core_i/ex_stage_i/mult_i/ output u_soc_top/gen_cv32e40p_core.u_core/core_i/ex_stage_i/mult_i//P[47:0] is not pipelined (PREG=0). Pipelining the DSP48 output will improve performance and often saves power so it is suggested whenever possible to fully pipeline this function.  If this DSP48 function was inferred, it is suggested to describe an additional register stage after this function.  If the DSP48 was instantiated in the design, it is suggested to set the PREG attribute to 1.
WARNING: [DRC DPOP-1] PREG Output pipelining: DSP u_soc_top/gen_cv32e40p_core.u_core/core_i/ex_stage_i/mult_i/__0 output u_soc_top/gen_cv32e40p_core.u_core/core_i/ex_stage_i/mult_i/__0/P[47:0] is not pipelined (PREG=0). Pipelining the DSP48 output will improve performance and often saves power so it is suggested whenever possible to fully pipeline this function.  If this DSP48 function was inferred, it is suggested to describe an additional register stage after this function.  If the DSP48 was instantiated in the design, it is suggested to set the PREG attribute to 1.
WARNING: [DRC DPOP-1] PREG Output pipelining: DSP u_soc_top/gen_cv32e40p_core.u_core/core_i/ex_stage_i/mult_i/__1 output u_soc_top/gen_cv32e40p_core.u_core/core_i/ex_stage_i/mult_i/__1/P[47:0] is not pipelined (PREG=0). Pipelining the DSP48 output will improve performance and often saves power so it is suggested whenever possible to fully pipeline this function.  If this DSP48 function was inferred, it is suggested to describe an additional register stage after this function.  If the DSP48 was instantiated in the design, it is suggested to set the PREG attribute to 1.
WARNING: [DRC DPOP-1] PREG Output pipelining: DSP u_soc_top/gen_cv32e40p_core.u_core/core_i/ex_stage_i/mult_i/dot_short_mul[1] output u_soc_top/gen_cv32e40p_core.u_core/core_i/ex_stage_i/mult_i/dot_short_mul[1]/P[47:0] is not pipelined (PREG=0). Pipelining the DSP48 output will improve performance and often saves power so it is suggested whenever possible to fully pipeline this function.  If this DSP48 function was inferred, it is suggested to describe an additional register stage after this function.  If the DSP48 was instantiated in the design, it is suggested to set the PREG attribute to 1.
WARNING: [DRC DPOP-1] PREG Output pipelining: DSP u_soc_top/gen_cv32e40p_core.u_core/core_i/ex_stage_i/mult_i/dot_short_result__0 output u_soc_top/gen_cv32e40p_core.u_core/core_i/ex_stage_i/mult_i/dot_short_result__0/P[47:0] is not pipelined (PREG=0). Pipelining the DSP48 output will improve performance and often saves power so it is suggested whenever possible to fully pipeline this function.  If this DSP48 function was inferred, it is suggested to describe an additional register stage after this function.  If the DSP48 was instantiated in the design, it is suggested to set the PREG attribute to 1.
WARNING: [DRC DPOP-1] PREG Output pipelining: DSP u_soc_top/gen_cv32e40p_core.u_core/core_i/ex_stage_i/mult_i/short_mac output u_soc_top/gen_cv32e40p_core.u_core/core_i/ex_stage_i/mult_i/short_mac/P[47:0] is not pipelined (PREG=0). Pipelining the DSP48 output will improve performance and often saves power so it is suggested whenever possible to fully pipeline this function.  If this DSP48 function was inferred, it is suggested to describe an additional register stage after this function.  If the DSP48 was instantiated in the design, it is suggested to set the PREG attribute to 1.
WARNING: [DRC DPOP-2] MREG Output pipelining: DSP u_soc_top/gen_cv32e40p_core.u_core/core_i/ex_stage_i/mult_i/ multiplier stage u_soc_top/gen_cv32e40p_core.u_core/core_i/ex_stage_i/mult_i//P[47:0] is not pipelined (MREG=0). Pipelining the multiplier function will improve performance and will save significant power so it is suggested whenever possible to fully pipeline this function.  If this multiplier was inferred, it is suggested to describe an additional register stage after this function.  If there is no registered adder/accumulator following the multiply function, two pipeline stages are suggested to allow both the MREG and PREG registers to be used.  If the DSP48 was instantiated in the design, it is suggested to set both the MREG and PREG attributes to 1 when performing multiply functions.
WARNING: [DRC DPOP-2] MREG Output pipelining: DSP u_soc_top/gen_cv32e40p_core.u_core/core_i/ex_stage_i/mult_i/__0 multiplier stage u_soc_top/gen_cv32e40p_core.u_core/core_i/ex_stage_i/mult_i/__0/P[47:0] is not pipelined (MREG=0). Pipelining the multiplier function will improve performance and will save significant power so it is suggested whenever possible to fully pipeline this function.  If this multiplier was inferred, it is suggested to describe an additional register stage after this function.  If there is no registered adder/accumulator following the multiply function, two pipeline stages are suggested to allow both the MREG and PREG registers to be used.  If the DSP48 was instantiated in the design, it is suggested to set both the MREG and PREG attributes to 1 when performing multiply functions.
WARNING: [DRC DPOP-2] MREG Output pipelining: DSP u_soc_top/gen_cv32e40p_core.u_core/core_i/ex_stage_i/mult_i/__1 multiplier stage u_soc_top/gen_cv32e40p_core.u_core/core_i/ex_stage_i/mult_i/__1/P[47:0] is not pipelined (MREG=0). Pipelining the multiplier function will improve performance and will save significant power so it is suggested whenever possible to fully pipeline this function.  If this multiplier was inferred, it is suggested to describe an additional register stage after this function.  If there is no registered adder/accumulator following the multiply function, two pipeline stages are suggested to allow both the MREG and PREG registers to be used.  If the DSP48 was instantiated in the design, it is suggested to set both the MREG and PREG attributes to 1 when performing multiply functions.
WARNING: [DRC DPOP-2] MREG Output pipelining: DSP u_soc_top/gen_cv32e40p_core.u_core/core_i/ex_stage_i/mult_i/dot_short_mul[1] multiplier stage u_soc_top/gen_cv32e40p_core.u_core/core_i/ex_stage_i/mult_i/dot_short_mul[1]/P[47:0] is not pipelined (MREG=0). Pipelining the multiplier function will improve performance and will save significant power so it is suggested whenever possible to fully pipeline this function.  If this multiplier was inferred, it is suggested to describe an additional register stage after this function.  If there is no registered adder/accumulator following the multiply function, two pipeline stages are suggested to allow both the MREG and PREG registers to be used.  If the DSP48 was instantiated in the design, it is suggested to set both the MREG and PREG attributes to 1 when performing multiply functions.
WARNING: [DRC DPOP-2] MREG Output pipelining: DSP u_soc_top/gen_cv32e40p_core.u_core/core_i/ex_stage_i/mult_i/dot_short_result__0 multiplier stage u_soc_top/gen_cv32e40p_core.u_core/core_i/ex_stage_i/mult_i/dot_short_result__0/P[47:0] is not pipelined (MREG=0). Pipelining the multiplier function will improve performance and will save significant power so it is suggested whenever possible to fully pipeline this function.  If this multiplier was inferred, it is suggested to describe an additional register stage after this function.  If there is no registered adder/accumulator following the multiply function, two pipeline stages are suggested to allow both the MREG and PREG registers to be used.  If the DSP48 was instantiated in the design, it is suggested to set both the MREG and PREG attributes to 1 when performing multiply functions.
WARNING: [DRC REQP-1839] RAMB36 async control check: The RAMB36E1 u_soc_top/u_d_tcm/mem_reg_0_0 has an input control pin u_soc_top/u_d_tcm/mem_reg_0_0/ADDRARDADDR[14] (net: u_soc_top/u_d_tcm/obi_addr_i[12]) which is driven by a register (u_soc_top/gen_cv32e40p_core.u_core/core_i/id_stage_i/alu_operand_a_ex_o_reg[10]) that has an active asychronous set or reset. This may cause corruption of the memory contents and/or read values when the set/reset is asserted and is not analyzed by the default static timing analysis. It is suggested to eliminate the use of a set/reset to registers driving this RAMB pin or else use a synchronous reset in which the assertion of the reset is timed by default.
WARNING: [DRC REQP-1839] RAMB36 async control check: The RAMB36E1 u_soc_top/u_d_tcm/mem_reg_0_0 has an input control pin u_soc_top/u_d_tcm/mem_reg_0_0/ADDRARDADDR[14] (net: u_soc_top/u_d_tcm/obi_addr_i[12]) which is driven by a register (u_soc_top/gen_cv32e40p_core.u_core/core_i/id_stage_i/alu_operand_a_ex_o_reg[11]) that has an active asychronous set or reset. This may cause corruption of the memory contents and/or read values when the set/reset is asserted and is not analyzed by the default static timing analysis. It is suggested to eliminate the use of a set/reset to registers driving this RAMB pin or else use a synchronous reset in which the assertion of the reset is timed by default.
WARNING: [DRC REQP-1839] RAMB36 async control check: The RAMB36E1 u_soc_top/u_d_tcm/mem_reg_0_0 has an input control pin u_soc_top/u_d_tcm/mem_reg_0_0/ADDRARDADDR[14] (net: u_soc_top/u_d_tcm/obi_addr_i[12]) which is driven by a register (u_soc_top/gen_cv32e40p_core.u_core/core_i/id_stage_i/alu_operand_a_ex_o_reg[12]) that has an active asychronous set or reset. This may cause corruption of the memory contents and/or read values when the set/reset is asserted and is not analyzed by the default static timing analysis. It is suggested to eliminate the use of a set/reset to registers driving this RAMB pin or else use a synchronous reset in which the assertion of the reset is timed by default.
WARNING: [DRC REQP-1839] RAMB36 async control check: The RAMB36E1 u_soc_top/u_d_tcm/mem_reg_0_0 has an input control pin u_soc_top/u_d_tcm/mem_reg_0_0/ADDRARDADDR[14] (net: u_soc_top/u_d_tcm/obi_addr_i[12]) which is driven by a register (u_soc_top/gen_cv32e40p_core.u_core/core_i/id_stage_i/alu_operand_a_ex_o_reg[13]) that has an active asychronous set or reset. This may cause corruption of the memory contents and/or read values when the set/reset is asserted and is not analyzed by the default static timing analysis. It is suggested to eliminate the use of a set/reset to registers driving this RAMB pin or else use a synchronous reset in which the assertion of the reset is timed by default.
WARNING: [DRC REQP-1839] RAMB36 async control check: The RAMB36E1 u_soc_top/u_d_tcm/mem_reg_0_0 has an input control pin u_soc_top/u_d_tcm/mem_reg_0_0/ADDRARDADDR[14] (net: u_soc_top/u_d_tcm/obi_addr_i[12]) which is driven by a register (u_soc_top/gen_cv32e40p_core.u_core/core_i/id_stage_i/alu_operand_a_ex_o_reg[14]) that has an active asychronous set or reset. This may cause corruption of the memory contents and/or read values when the set/reset is asserted and is not analyzed by the default static timing analysis. It is suggested to eliminate the use of a set/reset to registers driving this RAMB pin or else use a synchronous reset in which the assertion of the reset is timed by default.
WARNING: [DRC REQP-1839] RAMB36 async control check: The RAMB36E1 u_soc_top/u_d_tcm/mem_reg_0_0 has an input control pin u_soc_top/u_d_tcm/mem_reg_0_0/ADDRARDADDR[14] (net: u_soc_top/u_d_tcm/obi_addr_i[12]) which is driven by a register (u_soc_top/gen_cv32e40p_core.u_core/core_i/id_stage_i/alu_operand_a_ex_o_reg[15]) that has an active asychronous set or reset. This may cause corruption of the memory contents and/or read values when the set/reset is asserted and is not analyzed by the default static timing analysis. It is suggested to eliminate the use of a set/reset to registers driving this RAMB pin or else use a synchronous reset in which the assertion of the reset is timed by default.
WARNING: [DRC REQP-1839] RAMB36 async control check: The RAMB36E1 u_soc_top/u_d_tcm/mem_reg_0_0 has an input control pin u_soc_top/u_d_tcm/mem_reg_0_0/ADDRARDADDR[14] (net: u_soc_top/u_d_tcm/obi_addr_i[12]) which is driven by a register (u_soc_top/gen_cv32e40p_core.u_core/core_i/id_stage_i/alu_operand_a_ex_o_reg[1]) that has an active asychronous set or reset. This may cause corruption of the memory contents and/or read values when the set/reset is asserted and is not analyzed by the default static timing analysis. It is suggested to eliminate the use of a set/reset to registers driving this RAMB pin or else use a synchronous reset in which the assertion of the reset is timed by default.
WARNING: [DRC REQP-1839] RAMB36 async control check: The RAMB36E1 u_soc_top/u_d_tcm/mem_reg_0_0 has an input control pin u_soc_top/u_d_tcm/mem_reg_0_0/ADDRARDADDR[14] (net: u_soc_top/u_d_tcm/obi_addr_i[12]) which is driven by a register (u_soc_top/gen_cv32e40p_core.u_core/core_i/id_stage_i/alu_operand_a_ex_o_reg[4]) that has an active asychronous set or reset. This may cause corruption of the memory contents and/or read values when the set/reset is asserted and is not analyzed by the default static timing analysis. It is suggested to eliminate the use of a set/reset to registers driving this RAMB pin or else use a synchronous reset in which the assertion of the reset is timed by default.
WARNING: [DRC REQP-1839] RAMB36 async control check: The RAMB36E1 u_soc_top/u_d_tcm/mem_reg_0_0 has an input control pin u_soc_top/u_d_tcm/mem_reg_0_0/ADDRARDADDR[14] (net: u_soc_top/u_d_tcm/obi_addr_i[12]) which is driven by a register (u_soc_top/gen_cv32e40p_core.u_core/core_i/id_stage_i/alu_operand_a_ex_o_reg[6]) that has an active asychronous set or reset. This may cause corruption of the memory contents and/or read values when the set/reset is asserted and is not analyzed by the default static timing analysis. It is suggested to eliminate the use of a set/reset to registers driving this RAMB pin or else use a synchronous reset in which the assertion of the reset is timed by default.
WARNING: [DRC REQP-1839] RAMB36 async control check: The RAMB36E1 u_soc_top/u_d_tcm/mem_reg_0_0 has an input control pin u_soc_top/u_d_tcm/mem_reg_0_0/ADDRARDADDR[14] (net: u_soc_top/u_d_tcm/obi_addr_i[12]) which is driven by a register (u_soc_top/gen_cv32e40p_core.u_core/core_i/id_stage_i/alu_operand_a_ex_o_reg[9]) that has an active asychronous set or reset. This may cause corruption of the memory contents and/or read values when the set/reset is asserted and is not analyzed by the default static timing analysis. It is suggested to eliminate the use of a set/reset to registers driving this RAMB pin or else use a synchronous reset in which the assertion of the reset is timed by default.
WARNING: [DRC REQP-1839] RAMB36 async control check: The RAMB36E1 u_soc_top/u_d_tcm/mem_reg_0_0 has an input control pin u_soc_top/u_d_tcm/mem_reg_0_0/ADDRARDADDR[14] (net: u_soc_top/u_d_tcm/obi_addr_i[12]) which is driven by a register (u_soc_top/gen_cv32e40p_core.u_core/core_i/id_stage_i/alu_operand_b_ex_o_reg[11]) that has an active asychronous set or reset. This may cause corruption of the memory contents and/or read values when the set/reset is asserted and is not analyzed by the default static timing analysis. It is suggested to eliminate the use of a set/reset to registers driving this RAMB pin or else use a synchronous reset in which the assertion of the reset is timed by default.
WARNING: [DRC REQP-1839] RAMB36 async control check: The RAMB36E1 u_soc_top/u_d_tcm/mem_reg_0_0 has an input control pin u_soc_top/u_d_tcm/mem_reg_0_0/ADDRARDADDR[14] (net: u_soc_top/u_d_tcm/obi_addr_i[12]) which is driven by a register (u_soc_top/gen_cv32e40p_core.u_core/core_i/id_stage_i/alu_operand_b_ex_o_reg[1]) that has an active asychronous set or reset. This may cause corruption of the memory contents and/or read values when the set/reset is asserted and is not analyzed by the default static timing analysis. It is suggested to eliminate the use of a set/reset to registers driving this RAMB pin or else use a synchronous reset in which the assertion of the reset is timed by default.
WARNING: [DRC REQP-1839] RAMB36 async control check: The RAMB36E1 u_soc_top/u_d_tcm/mem_reg_0_0 has an input control pin u_soc_top/u_d_tcm/mem_reg_0_0/ADDRARDADDR[14] (net: u_soc_top/u_d_tcm/obi_addr_i[12]) which is driven by a register (u_soc_top/gen_cv32e40p_core.u_core/core_i/id_stage_i/alu_operand_b_ex_o_reg[2]) that has an active asychronous set or reset. This may cause corruption of the memory contents and/or read values when the set/reset is asserted and is not analyzed by the default static timing analysis. It is suggested to eliminate the use of a set/reset to registers driving this RAMB pin or else use a synchronous reset in which the assertion of the reset is timed by default.
WARNING: [DRC REQP-1839] RAMB36 async control check: The RAMB36E1 u_soc_top/u_d_tcm/mem_reg_0_0 has an input control pin u_soc_top/u_d_tcm/mem_reg_0_0/ADDRARDADDR[14] (net: u_soc_top/u_d_tcm/obi_addr_i[12]) which is driven by a register (u_soc_top/gen_cv32e40p_core.u_core/core_i/id_stage_i/alu_operand_b_ex_o_reg[3]) that has an active asychronous set or reset. This may cause corruption of the memory contents and/or read values when the set/reset is asserted and is not analyzed by the default static timing analysis. It is suggested to eliminate the use of a set/reset to registers driving this RAMB pin or else use a synchronous reset in which the assertion of the reset is timed by default.
WARNING: [DRC REQP-1839] RAMB36 async control check: The RAMB36E1 u_soc_top/u_d_tcm/mem_reg_0_0 has an input control pin u_soc_top/u_d_tcm/mem_reg_0_0/ADDRARDADDR[14] (net: u_soc_top/u_d_tcm/obi_addr_i[12]) which is driven by a register (u_soc_top/gen_cv32e40p_core.u_core/core_i/id_stage_i/alu_operand_b_ex_o_reg[4]) that has an active asychronous set or reset. This may cause corruption of the memory contents and/or read values when the set/reset is asserted and is not analyzed by the default static timing analysis. It is suggested to eliminate the use of a set/reset to registers driving this RAMB pin or else use a synchronous reset in which the assertion of the reset is timed by default.
WARNING: [DRC REQP-1839] RAMB36 async control check: The RAMB36E1 u_soc_top/u_d_tcm/mem_reg_0_0 has an input control pin u_soc_top/u_d_tcm/mem_reg_0_0/ADDRARDADDR[14] (net: u_soc_top/u_d_tcm/obi_addr_i[12]) which is driven by a register (u_soc_top/gen_cv32e40p_core.u_core/core_i/id_stage_i/alu_operand_b_ex_o_reg[5]) that has an active asychronous set or reset. This may cause corruption of the memory contents and/or read values when the set/reset is asserted and is not analyzed by the default static timing analysis. It is suggested to eliminate the use of a set/reset to registers driving this RAMB pin or else use a synchronous reset in which the assertion of the reset is timed by default.
WARNING: [DRC REQP-1839] RAMB36 async control check: The RAMB36E1 u_soc_top/u_d_tcm/mem_reg_0_0 has an input control pin u_soc_top/u_d_tcm/mem_reg_0_0/ADDRARDADDR[14] (net: u_soc_top/u_d_tcm/obi_addr_i[12]) which is driven by a register (u_soc_top/gen_cv32e40p_core.u_core/core_i/id_stage_i/alu_operand_b_ex_o_reg[6]) that has an active asychronous set or reset. This may cause corruption of the memory contents and/or read values when the set/reset is asserted and is not analyzed by the default static timing analysis. It is suggested to eliminate the use of a set/reset to registers driving this RAMB pin or else use a synchronous reset in which the assertion of the reset is timed by default.
WARNING: [DRC REQP-1839] RAMB36 async control check: The RAMB36E1 u_soc_top/u_d_tcm/mem_reg_0_0 has an input control pin u_soc_top/u_d_tcm/mem_reg_0_0/ADDRARDADDR[14] (net: u_soc_top/u_d_tcm/obi_addr_i[12]) which is driven by a register (u_soc_top/gen_cv32e40p_core.u_core/core_i/id_stage_i/alu_operand_b_ex_o_reg[7]) that has an active asychronous set or reset. This may cause corruption of the memory contents and/or read values when the set/reset is asserted and is not analyzed by the default static timing analysis. It is suggested to eliminate the use of a set/reset to registers driving this RAMB pin or else use a synchronous reset in which the assertion of the reset is timed by default.
WARNING: [DRC REQP-1839] RAMB36 async control check: The RAMB36E1 u_soc_top/u_d_tcm/mem_reg_0_0 has an input control pin u_soc_top/u_d_tcm/mem_reg_0_0/ADDRARDADDR[14] (net: u_soc_top/u_d_tcm/obi_addr_i[12]) which is driven by a register (u_soc_top/gen_cv32e40p_core.u_core/core_i/id_stage_i/alu_operand_b_ex_o_reg[8]) that has an active asychronous set or reset. This may cause corruption of the memory contents and/or read values when the set/reset is asserted and is not analyzed by the default static timing analysis. It is suggested to eliminate the use of a set/reset to registers driving this RAMB pin or else use a synchronous reset in which the assertion of the reset is timed by default.
WARNING: [DRC REQP-1839] RAMB36 async control check: The RAMB36E1 u_soc_top/u_d_tcm/mem_reg_0_0 has an input control pin u_soc_top/u_d_tcm/mem_reg_0_0/ADDRARDADDR[14] (net: u_soc_top/u_d_tcm/obi_addr_i[12]) which is driven by a register (u_soc_top/gen_cv32e40p_core.u_core/core_i/id_stage_i/prepost_useincr_ex_o_reg) that has an active asychronous set or reset. This may cause corruption of the memory contents and/or read values when the set/reset is asserted and is not analyzed by the default static timing analysis. It is suggested to eliminate the use of a set/reset to registers driving this RAMB pin or else use a synchronous reset in which the assertion of the reset is timed by default.
INFO: [Vivado 12-3199] DRC finished with 0 Errors, 47 Warnings
INFO: [Vivado 12-3200] Please refer to the DRC report (report_drc) for more information.
INFO: [Designutils 20-2272] Running write_bitstream with 2 threads.
Loading data files...
Loading site data...
Loading route data...
Processing options...
Creating bitmap...
Creating bitstream...
Writing bitstream E:/ResearchOnWork/RISC_V_CORE/Synthesis/fpga/ecg_artix7/reports/cv32e40p_ecg_soc.bit...
INFO: [Vivado 12-1842] Bitgen Completed Successfully.
INFO: [Project 1-1876] WebTalk data collection is mandatory when using a ULT device. To see the specific WebTalk data collected for your design, open the usage_statistics_webtalk.html or usage_statistics_webtalk.xml file in the implementation directory.
INFO: [Common 17-83] Releasing license: Implementation
372 Infos, 261 Warnings, 1 Critical Warnings and 0 Errors encountered.
write_bitstream completed successfully
write_bitstream: Time (s): cpu = 00:00:30 ; elapsed = 00:00:23 . Memory (MB): peak = 2695.113 ; gain = 247.254
=== BUILD COMPLETE! Bitstream and reports generated in E:/ResearchOnWork/RISC_V_CORE/Synthesis/fpga/ecg_artix7/reports ===
INFO: [Common 17-206] Exiting Vivado at Tue Oct  6 14:26:07 2026...
