Copyright 1986-2022 Xilinx, Inc. All Rights Reserved. Copyright 2022-2023 Advanced Micro Devices, Inc. All Rights Reserved.
------------------------------------------------------------------------------------------------------------------------------------------------------------------------------
| Tool Version : Vivado v.2023.2 (win64) Build 4029153 Fri Oct 13 20:14:34 MDT 2023
| Date         : Tue Oct  6 18:28:45 2026
| Host         : DESKTOP-5BKHJFE running 64-bit major release  (build 9200)
| Command      : report_timing -delay_type min_max -max_paths 20 -file E:/ResearchOnWork/RISC_V_CORE/Synthesis/fpga/ecg_artix7/reports/run_20261006_110810/timing_min_max.rpt
| Design       : ecg_arty_top
| Device       : 7a100t-csg324
| Speed File   : -1  PRODUCTION 1.23 2018-06-13
| Design State : Routed
------------------------------------------------------------------------------------------------------------------------------------------------------------------------------

Timing Report

Slack (MET) :             0.001ns  (required time - arrival time)
  Source:                 u_soc_top/gen_cv32e40p_core.u_core/core_i/id_stage_i/alu_operator_ex_o_reg[5]/C
                            (rising edge-triggered cell FDCE clocked by clk_50m_unbuf  {rise@0.000ns fall@10.000ns period=20.000ns})
  Destination:            u_soc_top/gen_cv32e40p_core.u_core/core_i/id_stage_i/mult_dot_op_b_ex_o_reg[24]/D
                            (rising edge-triggered cell FDCE clocked by clk_50m_unbuf  {rise@0.000ns fall@10.000ns period=20.000ns})
  Path Group:             clk_50m_unbuf
  Path Type:              Setup (Max at Slow Process Corner)
  Requirement:            20.000ns  (clk_50m_unbuf rise@20.000ns - clk_50m_unbuf rise@0.000ns)
  Data Path Delay:        19.735ns  (logic 6.284ns (31.841%)  route 13.451ns (68.159%))
  Logic Levels:           30  (CARRY4=9 LUT3=3 LUT5=2 LUT6=14 MUXF7=2)
  Clock Path Skew:        -0.117ns (DCD - SCD + CPR)
    Destination Clock Delay (DCD):    -1.360ns = ( 18.640 - 20.000 ) 
    Source Clock Delay      (SCD):    -0.746ns
    Clock Pessimism Removal (CPR):    0.497ns
  Clock Uncertainty:      0.089ns  ((TSJ^2 + DJ^2)^1/2) / 2 + PE
    Total System Jitter     (TSJ):    0.071ns
    Discrete Jitter          (DJ):    0.163ns
    Phase Error              (PE):    0.000ns

    Location             Delay type                Incr(ns)  Path(ns)    Netlist Resource(s)
  -------------------------------------------------------------------    -------------------
                         (clock clk_50m_unbuf rise edge)
                                                      0.000     0.000 r  
    E3                                                0.000     0.000 r  clk_100m_i (IN)
                         net (fo=0)                   0.000     0.000    clk_100m_i
    E3                   IBUF (Prop_ibuf_I_O)         1.482     1.482 r  clk_100m_i_IBUF_inst/O
                         net (fo=1, routed)           1.233     2.715    clk_100m_i_IBUF
    MMCME2_ADV_X1Y2      MMCME2_ADV (Prop_mmcme2_adv_CLKIN1_CLKOUT0)
                                                     -7.070    -4.355 r  u_mmcm/CLKOUT0
                         net (fo=1, routed)           1.719    -2.636    clk_50m_unbuf
    BUFGCTRL_X0Y16       BUFG (Prop_bufg_I_O)         0.096    -2.540 r  u_bufg_clk50/O
                         net (fo=7022, routed)        1.794    -0.746    u_soc_top/gen_cv32e40p_core.u_core/core_i/id_stage_i/clk_50m
    SLICE_X50Y185        FDCE                                         r  u_soc_top/gen_cv32e40p_core.u_core/core_i/id_stage_i/alu_operator_ex_o_reg[5]/C
  -------------------------------------------------------------------    -------------------
    SLICE_X50Y185        FDCE (Prop_fdce_C_Q)         0.518    -0.228 r  u_soc_top/gen_cv32e40p_core.u_core/core_i/id_stage_i/alu_operator_ex_o_reg[5]/Q
                         net (fo=59, routed)          0.503     0.275    u_soc_top/gen_cv32e40p_core.u_core/core_i/id_stage_i/register_file_i/i___147_i_34_0[5]
    SLICE_X51Y185        LUT3 (Prop_lut3_I0_O)        0.124     0.399 r  u_soc_top/gen_cv32e40p_core.u_core/core_i/id_stage_i/register_file_i/i___160_i_5/O
                         net (fo=96, routed)          0.905     1.304    u_soc_top/gen_cv32e40p_core.u_core/core_i/id_stage_i/register_file_i/i___160_i_5_n_0
    SLICE_X50Y184        LUT6 (Prop_lut6_I0_O)        0.124     1.428 r  u_soc_top/gen_cv32e40p_core.u_core/core_i/id_stage_i/register_file_i/BReg_DP[31]_i_128/O
                         net (fo=1, routed)           0.819     2.247    u_soc_top/gen_cv32e40p_core.u_core/core_i/id_stage_i/register_file_i/BReg_DP[31]_i_128_n_0
    SLICE_X49Y184        LUT6 (Prop_lut6_I5_O)        0.124     2.371 r  u_soc_top/gen_cv32e40p_core.u_core/core_i/id_stage_i/register_file_i/BReg_DP[31]_i_111/O
                         net (fo=2, routed)           0.465     2.836    u_soc_top/gen_cv32e40p_core.u_core/core_i/id_stage_i/register_file_i/ex_stage_i/alu_i/adder_op_a[0]
    SLICE_X48Y184        LUT5 (Prop_lut5_I0_O)        0.124     2.960 r  u_soc_top/gen_cv32e40p_core.u_core/core_i/id_stage_i/register_file_i/BReg_DP[31]_i_115/O
                         net (fo=1, routed)           0.000     2.960    u_soc_top/gen_cv32e40p_core.u_core/core_i/id_stage_i/register_file_i/BReg_DP[31]_i_115_n_0
    SLICE_X48Y184        CARRY4 (Prop_carry4_S[0]_CO[3])
                                                      0.532     3.492 r  u_soc_top/gen_cv32e40p_core.u_core/core_i/id_stage_i/register_file_i/BReg_DP_reg[31]_i_89/CO[3]
                         net (fo=1, routed)           0.000     3.492    u_soc_top/gen_cv32e40p_core.u_core/core_i/id_stage_i/register_file_i/BReg_DP_reg[31]_i_89_n_0
    SLICE_X48Y185        CARRY4 (Prop_carry4_CI_CO[3])
                                                      0.114     3.606 r  u_soc_top/gen_cv32e40p_core.u_core/core_i/id_stage_i/register_file_i/BReg_DP_reg[24]_i_12/CO[3]
                         net (fo=1, routed)           0.000     3.606    u_soc_top/gen_cv32e40p_core.u_core/core_i/id_stage_i/register_file_i/BReg_DP_reg[24]_i_12_n_0
    SLICE_X48Y186        CARRY4 (Prop_carry4_CI_O[1])
                                                      0.334     3.940 r  u_soc_top/gen_cv32e40p_core.u_core/core_i/id_stage_i/register_file_i/BReg_DP_reg[31]_i_98/O[1]
                         net (fo=3, routed)           0.950     4.890    u_soc_top/gen_cv32e40p_core.u_core/core_i/id_stage_i/register_file_i/ex_stage_i/alu_i/data0[8]
    SLICE_X49Y187        CARRY4 (Prop_carry4_DI[0]_CO[3])
                                                      0.705     5.595 r  u_soc_top/gen_cv32e40p_core.u_core/core_i/id_stage_i/register_file_i/BReg_DP_reg[31]_i_83/CO[3]
                         net (fo=1, routed)           0.000     5.595    u_soc_top/gen_cv32e40p_core.u_core/core_i/id_stage_i/register_file_i/BReg_DP_reg[31]_i_83_n_0
    SLICE_X49Y188        CARRY4 (Prop_carry4_CI_CO[3])
                                                      0.114     5.709 r  u_soc_top/gen_cv32e40p_core.u_core/core_i/id_stage_i/register_file_i/BReg_DP_reg[16]_i_11/CO[3]
                         net (fo=1, routed)           0.000     5.709    u_soc_top/gen_cv32e40p_core.u_core/core_i/id_stage_i/register_file_i/BReg_DP_reg[16]_i_11_n_0
    SLICE_X49Y189        CARRY4 (Prop_carry4_CI_CO[3])
                                                      0.114     5.823 r  u_soc_top/gen_cv32e40p_core.u_core/core_i/id_stage_i/register_file_i/BReg_DP_reg[31]_i_84/CO[3]
                         net (fo=1, routed)           0.000     5.823    u_soc_top/gen_cv32e40p_core.u_core/core_i/id_stage_i/register_file_i/BReg_DP_reg[31]_i_84_n_0
    SLICE_X49Y190        CARRY4 (Prop_carry4_CI_CO[3])
                                                      0.114     5.937 r  u_soc_top/gen_cv32e40p_core.u_core/core_i/id_stage_i/register_file_i/BReg_DP_reg[8]_i_8/CO[3]
                         net (fo=1, routed)           0.000     5.937    u_soc_top/gen_cv32e40p_core.u_core/core_i/id_stage_i/register_file_i/BReg_DP_reg[8]_i_8_n_0
    SLICE_X49Y191        CARRY4 (Prop_carry4_CI_CO[3])
                                                      0.114     6.051 r  u_soc_top/gen_cv32e40p_core.u_core/core_i/id_stage_i/register_file_i/BReg_DP_reg[31]_i_82/CO[3]
                         net (fo=1, routed)           0.000     6.051    u_soc_top/gen_cv32e40p_core.u_core/core_i/id_stage_i/register_file_i/BReg_DP_reg[31]_i_82_n_0
    SLICE_X49Y192        CARRY4 (Prop_carry4_CI_O[3])
                                                      0.313     6.364 r  u_soc_top/gen_cv32e40p_core.u_core/core_i/id_stage_i/register_file_i/BReg_DP_reg[0]_i_8/O[3]
                         net (fo=2, routed)           0.303     6.667    u_soc_top/gen_cv32e40p_core.u_core/core_i/id_stage_i/register_file_i/ex_stage_i/alu_i/adder_round_result[31]
    SLICE_X47Y192        LUT6 (Prop_lut6_I2_O)        0.306     6.973 r  u_soc_top/gen_cv32e40p_core.u_core/core_i/id_stage_i/register_file_i/BReg_DP[0]_i_6/O
                         net (fo=61, routed)          0.620     7.593    u_soc_top/gen_cv32e40p_core.u_core/core_i/id_stage_i/register_file_i/shift_right_result126_out
    SLICE_X46Y193        LUT3 (Prop_lut3_I2_O)        0.124     7.717 r  u_soc_top/gen_cv32e40p_core.u_core/core_i/id_stage_i/register_file_i/BReg_DP[19]_i_9/O
                         net (fo=3, routed)           0.836     8.553    u_soc_top/gen_cv32e40p_core.u_core/core_i/id_stage_i/register_file_i/ex_stage_i/alu_i/shift_op_a_32[43]
    SLICE_X47Y193        LUT6 (Prop_lut6_I0_O)        0.124     8.677 r  u_soc_top/gen_cv32e40p_core.u_core/core_i/id_stage_i/register_file_i/BReg_DP[19]_i_7/O
                         net (fo=4, routed)           1.007     9.683    u_soc_top/gen_cv32e40p_core.u_core/core_i/id_stage_i/register_file_i/BReg_DP[19]_i_7_n_0
    SLICE_X48Y195        LUT6 (Prop_lut6_I1_O)        0.124     9.807 r  u_soc_top/gen_cv32e40p_core.u_core/core_i/id_stage_i/register_file_i/BReg_DP[15]_i_4/O
                         net (fo=4, routed)           0.608    10.416    u_soc_top/gen_cv32e40p_core.u_core/core_i/id_stage_i/register_file_i/alu_clpx_shift_ex_o_reg[1]_11
    SLICE_X47Y195        LUT3 (Prop_lut3_I0_O)        0.124    10.540 r  u_soc_top/gen_cv32e40p_core.u_core/core_i/id_stage_i/register_file_i/i___91__15_i_38/O
                         net (fo=2, routed)           0.588    11.127    u_soc_top/gen_cv32e40p_core.u_core/core_i/id_stage_i/register_file_i/i___91__15_i_38_n_0
    SLICE_X49Y194        LUT5 (Prop_lut5_I4_O)        0.124    11.251 r  u_soc_top/gen_cv32e40p_core.u_core/core_i/id_stage_i/register_file_i/i___91__15_i_30/O
                         net (fo=6, routed)           0.612    11.864    u_soc_top/gen_cv32e40p_core.u_core/core_i/id_stage_i/register_file_i/ex_stage_i/alu_i/radix_2_rev[15]
    SLICE_X49Y195        LUT6 (Prop_lut6_I5_O)        0.124    11.988 r  u_soc_top/gen_cv32e40p_core.u_core/core_i/id_stage_i/register_file_i/i___28_i_99/O
                         net (fo=1, routed)           0.000    11.988    u_soc_top/gen_cv32e40p_core.u_core/core_i/id_stage_i/register_file_i/i___28_i_99_n_0
    SLICE_X49Y195        MUXF7 (Prop_muxf7_I0_O)      0.212    12.200 r  u_soc_top/gen_cv32e40p_core.u_core/core_i/id_stage_i/register_file_i/i___28_i_93/O
                         net (fo=1, routed)           0.576    12.775    u_soc_top/gen_cv32e40p_core.u_core/core_i/id_stage_i/register_file_i/i___28_i_93_n_0
    SLICE_X50Y193        LUT6 (Prop_lut6_I2_O)        0.299    13.074 r  u_soc_top/gen_cv32e40p_core.u_core/core_i/id_stage_i/register_file_i/i___28_i_86/O
                         net (fo=60, routed)          1.065    14.139    u_soc_top/gen_cv32e40p_core.u_core/core_i/id_stage_i/register_file_i/ex_stage_i/alu_i/extract_sign
    SLICE_X55Y186        LUT6 (Prop_lut6_I4_O)        0.124    14.263 r  u_soc_top/gen_cv32e40p_core.u_core/core_i/id_stage_i/register_file_i/i___28_i_75_comp/O
                         net (fo=1, routed)           0.470    14.733    u_soc_top/gen_cv32e40p_core.u_core/core_i/id_stage_i/register_file_i/ex_stage_i/alu_i/bextins_result[0]
    SLICE_X59Y185        LUT6 (Prop_lut6_I5_O)        0.124    14.857 r  u_soc_top/gen_cv32e40p_core.u_core/core_i/id_stage_i/register_file_i/i___28_i_56/O
                         net (fo=1, routed)           0.442    15.299    u_soc_top/gen_cv32e40p_core.u_core/core_i/id_stage_i/register_file_i/i___28_i_56_n_0
    SLICE_X59Y183        LUT6 (Prop_lut6_I3_O)        0.124    15.423 r  u_soc_top/gen_cv32e40p_core.u_core/core_i/id_stage_i/register_file_i/i___28_i_28/O
                         net (fo=1, routed)           0.000    15.423    u_soc_top/gen_cv32e40p_core.u_core/core_i/id_stage_i/register_file_i/i___28_i_28_n_0
    SLICE_X59Y183        MUXF7 (Prop_muxf7_I0_O)      0.212    15.635 r  u_soc_top/gen_cv32e40p_core.u_core/core_i/id_stage_i/register_file_i/i___28_i_11/O
                         net (fo=1, routed)           0.296    15.931    u_soc_top/gen_cv32e40p_core.u_core/core_i/id_stage_i/gen_hwloop_regs.hwloop_regs_i/alu_result[0]
    SLICE_X59Y182        LUT6 (Prop_lut6_I3_O)        0.299    16.230 r  u_soc_top/gen_cv32e40p_core.u_core/core_i/id_stage_i/gen_hwloop_regs.hwloop_regs_i/i___28_i_3/O
                         net (fo=36, routed)          0.362    16.592    u_soc_top/gen_cv32e40p_core.u_core/core_i/id_stage_i/register_file_i/alu_operand_a_ex_o_reg[0]_4
    SLICE_X59Y183        LUT6 (Prop_lut6_I4_O)        0.124    16.716 r  u_soc_top/gen_cv32e40p_core.u_core/core_i/id_stage_i/register_file_i/alu_operand_c_ex_o[0]_i_2/O
                         net (fo=5, routed)           0.696    17.412    u_soc_top/gen_cv32e40p_core.u_core/core_i/if_stage_i/mult_dot_op_b_ex_o_reg[0]_1
    SLICE_X58Y183        LUT6 (Prop_lut6_I4_O)        0.124    17.536 r  u_soc_top/gen_cv32e40p_core.u_core/core_i/if_stage_i/mult_operand_b_ex_o[0]_i_1/O
                         net (fo=9, routed)           0.708    18.244    u_soc_top/gen_cv32e40p_core.u_core/core_i/if_stage_i/operand_b[0]
    SLICE_X58Y183        LUT6 (Prop_lut6_I2_O)        0.124    18.368 r  u_soc_top/gen_cv32e40p_core.u_core/core_i/if_stage_i/mult_operand_b_ex_o[24]_i_1/O
                         net (fo=2, routed)           0.622    18.990    u_soc_top/gen_cv32e40p_core.u_core/core_i/id_stage_i/mult_operand_b_ex_o_reg[31]_1[16]
    SLICE_X59Y183        FDCE                                         r  u_soc_top/gen_cv32e40p_core.u_core/core_i/id_stage_i/mult_dot_op_b_ex_o_reg[24]/D
  -------------------------------------------------------------------    -------------------

                         (clock clk_50m_unbuf rise edge)
                                                     20.000    20.000 r  
    E3                                                0.000    20.000 r  clk_100m_i (IN)
                         net (fo=0)                   0.000    20.000    clk_100m_i
    E3                   IBUF (Prop_ibuf_I_O)         1.411    21.411 r  clk_100m_i_IBUF_inst/O
                         net (fo=1, routed)           1.162    22.573    clk_100m_i_IBUF
    MMCME2_ADV_X1Y2      MMCME2_ADV (Prop_mmcme2_adv_CLKIN1_CLKOUT0)
                                                     -7.324    15.249 r  u_mmcm/CLKOUT0
                         net (fo=1, routed)           1.639    16.888    clk_50m_unbuf
    BUFGCTRL_X0Y16       BUFG (Prop_bufg_I_O)         0.091    16.979 r  u_bufg_clk50/O
                         net (fo=7022, routed)        1.660    18.640    u_soc_top/gen_cv32e40p_core.u_core/core_i/id_stage_i/clk_50m
    SLICE_X59Y183        FDCE                                         r  u_soc_top/gen_cv32e40p_core.u_core/core_i/id_stage_i/mult_dot_op_b_ex_o_reg[24]/C
                         clock pessimism              0.497    19.137    
                         clock uncertainty           -0.089    19.048    
    SLICE_X59Y183        FDCE (Setup_fdce_C_D)       -0.058    18.990    u_soc_top/gen_cv32e40p_core.u_core/core_i/id_stage_i/mult_dot_op_b_ex_o_reg[24]
  -------------------------------------------------------------------
                         required time                         18.990    
                         arrival time                         -18.990    
  -------------------------------------------------------------------
                         slack                                  0.001    

Slack (MET) :             0.006ns  (required time - arrival time)
  Source:                 u_soc_top/gen_cv32e40p_core.u_core/core_i/id_stage_i/alu_operator_ex_o_reg[5]/C
                            (rising edge-triggered cell FDCE clocked by clk_50m_unbuf  {rise@0.000ns fall@10.000ns period=20.000ns})
  Destination:            u_soc_top/gen_cv32e40p_core.u_core/core_i/id_stage_i/mult_dot_op_b_ex_o_reg[29]/D
                            (rising edge-triggered cell FDCE clocked by clk_50m_unbuf  {rise@0.000ns fall@10.000ns period=20.000ns})
  Path Group:             clk_50m_unbuf
  Path Type:              Setup (Max at Slow Process Corner)
  Requirement:            20.000ns  (clk_50m_unbuf rise@20.000ns - clk_50m_unbuf rise@0.000ns)
  Data Path Delay:        19.800ns  (logic 6.413ns (32.388%)  route 13.387ns (67.612%))
  Logic Levels:           31  (CARRY4=9 LUT3=3 LUT5=2 LUT6=15 MUXF7=2)
  Clock Path Skew:        -0.038ns (DCD - SCD + CPR)
    Destination Clock Delay (DCD):    -1.352ns = ( 18.648 - 20.000 ) 
    Source Clock Delay      (SCD):    -0.746ns
    Clock Pessimism Removal (CPR):    0.569ns
  Clock Uncertainty:      0.089ns  ((TSJ^2 + DJ^2)^1/2) / 2 + PE
    Total System Jitter     (TSJ):    0.071ns
    Discrete Jitter          (DJ):    0.163ns
    Phase Error              (PE):    0.000ns

    Location             Delay type                Incr(ns)  Path(ns)    Netlist Resource(s)
  -------------------------------------------------------------------    -------------------
                         (clock clk_50m_unbuf rise edge)
                                                      0.000     0.000 r  
    E3                                                0.000     0.000 r  clk_100m_i (IN)
                         net (fo=0)                   0.000     0.000    clk_100m_i
    E3                   IBUF (Prop_ibuf_I_O)         1.482     1.482 r  clk_100m_i_IBUF_inst/O
                         net (fo=1, routed)           1.233     2.715    clk_100m_i_IBUF
    MMCME2_ADV_X1Y2      MMCME2_ADV (Prop_mmcme2_adv_CLKIN1_CLKOUT0)
                                                     -7.070    -4.355 r  u_mmcm/CLKOUT0
                         net (fo=1, routed)           1.719    -2.636    clk_50m_unbuf
    BUFGCTRL_X0Y16       BUFG (Prop_bufg_I_O)         0.096    -2.540 r  u_bufg_clk50/O
                         net (fo=7022, routed)        1.794    -0.746    u_soc_top/gen_cv32e40p_core.u_core/core_i/id_stage_i/clk_50m
    SLICE_X50Y185        FDCE                                         r  u_soc_top/gen_cv32e40p_core.u_core/core_i/id_stage_i/alu_operator_ex_o_reg[5]/C
  -------------------------------------------------------------------    -------------------
    SLICE_X50Y185        FDCE (Prop_fdce_C_Q)         0.518    -0.228 r  u_soc_top/gen_cv32e40p_core.u_core/core_i/id_stage_i/alu_operator_ex_o_reg[5]/Q
                         net (fo=59, routed)          0.503     0.275    u_soc_top/gen_cv32e40p_core.u_core/core_i/id_stage_i/register_file_i/i___147_i_34_0[5]
    SLICE_X51Y185        LUT3 (Prop_lut3_I0_O)        0.124     0.399 r  u_soc_top/gen_cv32e40p_core.u_core/core_i/id_stage_i/register_file_i/i___160_i_5/O
                         net (fo=96, routed)          0.905     1.304    u_soc_top/gen_cv32e40p_core.u_core/core_i/id_stage_i/register_file_i/i___160_i_5_n_0
    SLICE_X50Y184        LUT6 (Prop_lut6_I0_O)        0.124     1.428 r  u_soc_top/gen_cv32e40p_core.u_core/core_i/id_stage_i/register_file_i/BReg_DP[31]_i_128/O
                         net (fo=1, routed)           0.819     2.247    u_soc_top/gen_cv32e40p_core.u_core/core_i/id_stage_i/register_file_i/BReg_DP[31]_i_128_n_0
    SLICE_X49Y184        LUT6 (Prop_lut6_I5_O)        0.124     2.371 r  u_soc_top/gen_cv32e40p_core.u_core/core_i/id_stage_i/register_file_i/BReg_DP[31]_i_111/O
                         net (fo=2, routed)           0.465     2.836    u_soc_top/gen_cv32e40p_core.u_core/core_i/id_stage_i/register_file_i/ex_stage_i/alu_i/adder_op_a[0]
    SLICE_X48Y184        LUT5 (Prop_lut5_I0_O)        0.124     2.960 r  u_soc_top/gen_cv32e40p_core.u_core/core_i/id_stage_i/register_file_i/BReg_DP[31]_i_115/O
                         net (fo=1, routed)           0.000     2.960    u_soc_top/gen_cv32e40p_core.u_core/core_i/id_stage_i/register_file_i/BReg_DP[31]_i_115_n_0
    SLICE_X48Y184        CARRY4 (Prop_carry4_S[0]_CO[3])
                                                      0.532     3.492 r  u_soc_top/gen_cv32e40p_core.u_core/core_i/id_stage_i/register_file_i/BReg_DP_reg[31]_i_89/CO[3]
                         net (fo=1, routed)           0.000     3.492    u_soc_top/gen_cv32e40p_core.u_core/core_i/id_stage_i/register_file_i/BReg_DP_reg[31]_i_89_n_0
    SLICE_X48Y185        CARRY4 (Prop_carry4_CI_CO[3])
                                                      0.114     3.606 r  u_soc_top/gen_cv32e40p_core.u_core/core_i/id_stage_i/register_file_i/BReg_DP_reg[24]_i_12/CO[3]
                         net (fo=1, routed)           0.000     3.606    u_soc_top/gen_cv32e40p_core.u_core/core_i/id_stage_i/register_file_i/BReg_DP_reg[24]_i_12_n_0
    SLICE_X48Y186        CARRY4 (Prop_carry4_CI_O[1])
                                                      0.334     3.940 r  u_soc_top/gen_cv32e40p_core.u_core/core_i/id_stage_i/register_file_i/BReg_DP_reg[31]_i_98/O[1]
                         net (fo=3, routed)           0.950     4.890    u_soc_top/gen_cv32e40p_core.u_core/core_i/id_stage_i/register_file_i/ex_stage_i/alu_i/data0[8]
    SLICE_X49Y187        CARRY4 (Prop_carry4_DI[0]_CO[3])
                                                      0.705     5.595 r  u_soc_top/gen_cv32e40p_core.u_core/core_i/id_stage_i/register_file_i/BReg_DP_reg[31]_i_83/CO[3]
                         net (fo=1, routed)           0.000     5.595    u_soc_top/gen_cv32e40p_core.u_core/core_i/id_stage_i/register_file_i/BReg_DP_reg[31]_i_83_n_0
    SLICE_X49Y188        CARRY4 (Prop_carry4_CI_CO[3])
                                                      0.114     5.709 r  u_soc_top/gen_cv32e40p_core.u_core/core_i/id_stage_i/register_file_i/BReg_DP_reg[16]_i_11/CO[3]
                         net (fo=1, routed)           0.000     5.709    u_soc_top/gen_cv32e40p_core.u_core/core_i/id_stage_i/register_file_i/BReg_DP_reg[16]_i_11_n_0
    SLICE_X49Y189        CARRY4 (Prop_carry4_CI_CO[3])
                                                      0.114     5.823 r  u_soc_top/gen_cv32e40p_core.u_core/core_i/id_stage_i/register_file_i/BReg_DP_reg[31]_i_84/CO[3]
                         net (fo=1, routed)           0.000     5.823    u_soc_top/gen_cv32e40p_core.u_core/core_i/id_stage_i/register_file_i/BReg_DP_reg[31]_i_84_n_0
    SLICE_X49Y190        CARRY4 (Prop_carry4_CI_CO[3])
                                                      0.114     5.937 r  u_soc_top/gen_cv32e40p_core.u_core/core_i/id_stage_i/register_file_i/BReg_DP_reg[8]_i_8/CO[3]
                         net (fo=1, routed)           0.000     5.937    u_soc_top/gen_cv32e40p_core.u_core/core_i/id_stage_i/register_file_i/BReg_DP_reg[8]_i_8_n_0
    SLICE_X49Y191        CARRY4 (Prop_carry4_CI_CO[3])
                                                      0.114     6.051 r  u_soc_top/gen_cv32e40p_core.u_core/core_i/id_stage_i/register_file_i/BReg_DP_reg[31]_i_82/CO[3]
                         net (fo=1, routed)           0.000     6.051    u_soc_top/gen_cv32e40p_core.u_core/core_i/id_stage_i/register_file_i/BReg_DP_reg[31]_i_82_n_0
    SLICE_X49Y192        CARRY4 (Prop_carry4_CI_O[3])
                                                      0.313     6.364 r  u_soc_top/gen_cv32e40p_core.u_core/core_i/id_stage_i/register_file_i/BReg_DP_reg[0]_i_8/O[3]
                         net (fo=2, routed)           0.303     6.667    u_soc_top/gen_cv32e40p_core.u_core/core_i/id_stage_i/register_file_i/ex_stage_i/alu_i/adder_round_result[31]
    SLICE_X47Y192        LUT6 (Prop_lut6_I2_O)        0.306     6.973 r  u_soc_top/gen_cv32e40p_core.u_core/core_i/id_stage_i/register_file_i/BReg_DP[0]_i_6/O
                         net (fo=61, routed)          0.620     7.593    u_soc_top/gen_cv32e40p_core.u_core/core_i/id_stage_i/register_file_i/shift_right_result126_out
    SLICE_X46Y193        LUT3 (Prop_lut3_I2_O)        0.124     7.717 r  u_soc_top/gen_cv32e40p_core.u_core/core_i/id_stage_i/register_file_i/BReg_DP[19]_i_9/O
                         net (fo=3, routed)           0.836     8.553    u_soc_top/gen_cv32e40p_core.u_core/core_i/id_stage_i/register_file_i/ex_stage_i/alu_i/shift_op_a_32[43]
    SLICE_X47Y193        LUT6 (Prop_lut6_I0_O)        0.124     8.677 r  u_soc_top/gen_cv32e40p_core.u_core/core_i/id_stage_i/register_file_i/BReg_DP[19]_i_7/O
                         net (fo=4, routed)           1.007     9.683    u_soc_top/gen_cv32e40p_core.u_core/core_i/id_stage_i/register_file_i/BReg_DP[19]_i_7_n_0
    SLICE_X48Y195        LUT6 (Prop_lut6_I1_O)        0.124     9.807 r  u_soc_top/gen_cv32e40p_core.u_core/core_i/id_stage_i/register_file_i/BReg_DP[15]_i_4/O
                         net (fo=4, routed)           0.608    10.416    u_soc_top/gen_cv32e40p_core.u_core/core_i/id_stage_i/register_file_i/alu_clpx_shift_ex_o_reg[1]_11
    SLICE_X47Y195        LUT3 (Prop_lut3_I0_O)        0.124    10.540 r  u_soc_top/gen_cv32e40p_core.u_core/core_i/id_stage_i/register_file_i/i___91__15_i_38/O
                         net (fo=2, routed)           0.588    11.127    u_soc_top/gen_cv32e40p_core.u_core/core_i/id_stage_i/register_file_i/i___91__15_i_38_n_0
    SLICE_X49Y194        LUT5 (Prop_lut5_I4_O)        0.124    11.251 r  u_soc_top/gen_cv32e40p_core.u_core/core_i/id_stage_i/register_file_i/i___91__15_i_30/O
                         net (fo=6, routed)           0.612    11.864    u_soc_top/gen_cv32e40p_core.u_core/core_i/id_stage_i/register_file_i/ex_stage_i/alu_i/radix_2_rev[15]
    SLICE_X49Y195        LUT6 (Prop_lut6_I5_O)        0.124    11.988 r  u_soc_top/gen_cv32e40p_core.u_core/core_i/id_stage_i/register_file_i/i___28_i_99/O
                         net (fo=1, routed)           0.000    11.988    u_soc_top/gen_cv32e40p_core.u_core/core_i/id_stage_i/register_file_i/i___28_i_99_n_0
    SLICE_X49Y195        MUXF7 (Prop_muxf7_I0_O)      0.212    12.200 r  u_soc_top/gen_cv32e40p_core.u_core/core_i/id_stage_i/register_file_i/i___28_i_93/O
                         net (fo=1, routed)           0.576    12.775    u_soc_top/gen_cv32e40p_core.u_core/core_i/id_stage_i/register_file_i/i___28_i_93_n_0
    SLICE_X50Y193        LUT6 (Prop_lut6_I2_O)        0.299    13.074 r  u_soc_top/gen_cv32e40p_core.u_core/core_i/id_stage_i/register_file_i/i___28_i_86/O
                         net (fo=60, routed)          0.769    13.843    u_soc_top/gen_cv32e40p_core.u_core/core_i/id_stage_i/register_file_i/ex_stage_i/alu_i/extract_sign
    SLICE_X52Y190        LUT6 (Prop_lut6_I5_O)        0.124    13.967 r  u_soc_top/gen_cv32e40p_core.u_core/core_i/id_stage_i/register_file_i/i___91__19_i_39/O
                         net (fo=1, routed)           0.280    14.246    u_soc_top/gen_cv32e40p_core.u_core/core_i/id_stage_i/register_file_i/i___91__19_i_39_n_0
    SLICE_X52Y190        LUT6 (Prop_lut6_I5_O)        0.124    14.370 r  u_soc_top/gen_cv32e40p_core.u_core/core_i/id_stage_i/register_file_i/i___91__19_i_33/O
                         net (fo=1, routed)           0.162    14.532    u_soc_top/gen_cv32e40p_core.u_core/core_i/id_stage_i/register_file_i/ex_stage_i/alu_i/bextins_result[13]
    SLICE_X52Y190        LUT6 (Prop_lut6_I5_O)        0.124    14.656 r  u_soc_top/gen_cv32e40p_core.u_core/core_i/id_stage_i/register_file_i/i___91__19_i_26/O
                         net (fo=1, routed)           0.000    14.656    u_soc_top/gen_cv32e40p_core.u_core/core_i/id_stage_i/register_file_i/i___91__19_i_26_n_0
    SLICE_X52Y190        MUXF7 (Prop_muxf7_I1_O)      0.217    14.873 r  u_soc_top/gen_cv32e40p_core.u_core/core_i/id_stage_i/register_file_i/i___91__19_i_20/O
                         net (fo=1, routed)           0.299    15.172    u_soc_top/gen_cv32e40p_core.u_core/core_i/id_stage_i/register_file_i/i___91__19_i_20_n_0
    SLICE_X53Y191        LUT6 (Prop_lut6_I5_O)        0.299    15.471 r  u_soc_top/gen_cv32e40p_core.u_core/core_i/id_stage_i/register_file_i/i___91__19_i_8/O
                         net (fo=1, routed)           0.427    15.898    u_soc_top/gen_cv32e40p_core.u_core/core_i/id_stage_i/gen_hwloop_regs.hwloop_regs_i/alu_result[13]
    SLICE_X55Y191        LUT6 (Prop_lut6_I3_O)        0.124    16.022 r  u_soc_top/gen_cv32e40p_core.u_core/core_i/id_stage_i/gen_hwloop_regs.hwloop_regs_i/i___91__19_i_3/O
                         net (fo=34, routed)          0.724    16.746    u_soc_top/gen_cv32e40p_core.u_core/regfile_alu_wdata_fw[13]
    SLICE_X47Y190        LUT6 (Prop_lut6_I5_O)        0.124    16.870 r  u_soc_top/gen_cv32e40p_core.u_core/i___91__19/O
                         net (fo=5, routed)           0.596    17.466    u_soc_top/gen_cv32e40p_core.u_core/i___91__19_n_0
    SLICE_X47Y189        LUT6 (Prop_lut6_I2_O)        0.124    17.590 r  u_soc_top/gen_cv32e40p_core.u_core/i___34/O
                         net (fo=4, routed)           0.715    18.306    u_soc_top/gen_cv32e40p_core.u_core/core_i/if_stage_i/mult_operand_b_ex_o_reg[29]
    SLICE_X43Y185        LUT6 (Prop_lut6_I0_O)        0.124    18.430 r  u_soc_top/gen_cv32e40p_core.u_core/core_i/if_stage_i/mult_operand_b_ex_o[29]_i_1_comp/O
                         net (fo=2, routed)           0.625    19.055    u_soc_top/gen_cv32e40p_core.u_core/core_i/id_stage_i/mult_operand_b_ex_o_reg[31]_1[21]
    SLICE_X43Y186        FDCE                                         r  u_soc_top/gen_cv32e40p_core.u_core/core_i/id_stage_i/mult_dot_op_b_ex_o_reg[29]/D
  -------------------------------------------------------------------    -------------------

                         (clock clk_50m_unbuf rise edge)
                                                     20.000    20.000 r  
    E3                                                0.000    20.000 r  clk_100m_i (IN)
                         net (fo=0)                   0.000    20.000    clk_100m_i
    E3                   IBUF (Prop_ibuf_I_O)         1.411    21.411 r  clk_100m_i_IBUF_inst/O
                         net (fo=1, routed)           1.162    22.573    clk_100m_i_IBUF
    MMCME2_ADV_X1Y2      MMCME2_ADV (Prop_mmcme2_adv_CLKIN1_CLKOUT0)
                                                     -7.324    15.249 r  u_mmcm/CLKOUT0
                         net (fo=1, routed)           1.639    16.888    clk_50m_unbuf
    BUFGCTRL_X0Y16       BUFG (Prop_bufg_I_O)         0.091    16.979 r  u_bufg_clk50/O
                         net (fo=7022, routed)        1.668    18.648    u_soc_top/gen_cv32e40p_core.u_core/core_i/id_stage_i/clk_50m
    SLICE_X43Y186        FDCE                                         r  u_soc_top/gen_cv32e40p_core.u_core/core_i/id_stage_i/mult_dot_op_b_ex_o_reg[29]/C
                         clock pessimism              0.569    19.216    
                         clock uncertainty           -0.089    19.128    
    SLICE_X43Y186        FDCE (Setup_fdce_C_D)       -0.067    19.061    u_soc_top/gen_cv32e40p_core.u_core/core_i/id_stage_i/mult_dot_op_b_ex_o_reg[29]
  -------------------------------------------------------------------
                         required time                         19.061    
                         arrival time                         -19.055    
  -------------------------------------------------------------------
                         slack                                  0.006    

Slack (MET) :             0.016ns  (required time - arrival time)
  Source:                 u_soc_top/gen_cv32e40p_core.u_core/core_i/id_stage_i/alu_operator_ex_o_reg[5]/C
                            (rising edge-triggered cell FDCE clocked by clk_50m_unbuf  {rise@0.000ns fall@10.000ns period=20.000ns})
  Destination:            u_soc_top/gen_cv32e40p_core.u_core/core_i/id_stage_i/mult_operand_b_ex_o_reg[13]/D
                            (rising edge-triggered cell FDCE clocked by clk_50m_unbuf  {rise@0.000ns fall@10.000ns period=20.000ns})
  Path Group:             clk_50m_unbuf
  Path Type:              Setup (Max at Slow Process Corner)
  Requirement:            20.000ns  (clk_50m_unbuf rise@20.000ns - clk_50m_unbuf rise@0.000ns)
  Data Path Delay:        19.833ns  (logic 6.413ns (32.336%)  route 13.420ns (67.664%))
  Logic Levels:           31  (CARRY4=9 LUT3=3 LUT5=2 LUT6=15 MUXF7=2)
  Clock Path Skew:        -0.039ns (DCD - SCD + CPR)
    Destination Clock Delay (DCD):    -1.353ns = ( 18.647 - 20.000 ) 
    Source Clock Delay      (SCD):    -0.746ns
    Clock Pessimism Removal (CPR):    0.569ns
  Clock Uncertainty:      0.089ns  ((TSJ^2 + DJ^2)^1/2) / 2 + PE
    Total System Jitter     (TSJ):    0.071ns
    Discrete Jitter          (DJ):    0.163ns
    Phase Error              (PE):    0.000ns

    Location             Delay type                Incr(ns)  Path(ns)    Netlist Resource(s)
  -------------------------------------------------------------------    -------------------
                         (clock clk_50m_unbuf rise edge)
                                                      0.000     0.000 r  
    E3                                                0.000     0.000 r  clk_100m_i (IN)
                         net (fo=0)                   0.000     0.000    clk_100m_i
    E3                   IBUF (Prop_ibuf_I_O)         1.482     1.482 r  clk_100m_i_IBUF_inst/O
                         net (fo=1, routed)           1.233     2.715    clk_100m_i_IBUF
    MMCME2_ADV_X1Y2      MMCME2_ADV (Prop_mmcme2_adv_CLKIN1_CLKOUT0)
                                                     -7.070    -4.355 r  u_mmcm/CLKOUT0
                         net (fo=1, routed)           1.719    -2.636    clk_50m_unbuf
    BUFGCTRL_X0Y16       BUFG (Prop_bufg_I_O)         0.096    -2.540 r  u_bufg_clk50/O
                         net (fo=7022, routed)        1.794    -0.746    u_soc_top/gen_cv32e40p_core.u_core/core_i/id_stage_i/clk_50m
    SLICE_X50Y185        FDCE                                         r  u_soc_top/gen_cv32e40p_core.u_core/core_i/id_stage_i/alu_operator_ex_o_reg[5]/C
  -------------------------------------------------------------------    -------------------
    SLICE_X50Y185        FDCE (Prop_fdce_C_Q)         0.518    -0.228 r  u_soc_top/gen_cv32e40p_core.u_core/core_i/id_stage_i/alu_operator_ex_o_reg[5]/Q
                         net (fo=59, routed)          0.503     0.275    u_soc_top/gen_cv32e40p_core.u_core/core_i/id_stage_i/register_file_i/i___147_i_34_0[5]
    SLICE_X51Y185        LUT3 (Prop_lut3_I0_O)        0.124     0.399 r  u_soc_top/gen_cv32e40p_core.u_core/core_i/id_stage_i/register_file_i/i___160_i_5/O
                         net (fo=96, routed)          0.905     1.304    u_soc_top/gen_cv32e40p_core.u_core/core_i/id_stage_i/register_file_i/i___160_i_5_n_0
    SLICE_X50Y184        LUT6 (Prop_lut6_I0_O)        0.124     1.428 r  u_soc_top/gen_cv32e40p_core.u_core/core_i/id_stage_i/register_file_i/BReg_DP[31]_i_128/O
                         net (fo=1, routed)           0.819     2.247    u_soc_top/gen_cv32e40p_core.u_core/core_i/id_stage_i/register_file_i/BReg_DP[31]_i_128_n_0
    SLICE_X49Y184        LUT6 (Prop_lut6_I5_O)        0.124     2.371 r  u_soc_top/gen_cv32e40p_core.u_core/core_i/id_stage_i/register_file_i/BReg_DP[31]_i_111/O
                         net (fo=2, routed)           0.465     2.836    u_soc_top/gen_cv32e40p_core.u_core/core_i/id_stage_i/register_file_i/ex_stage_i/alu_i/adder_op_a[0]
    SLICE_X48Y184        LUT5 (Prop_lut5_I0_O)        0.124     2.960 r  u_soc_top/gen_cv32e40p_core.u_core/core_i/id_stage_i/register_file_i/BReg_DP[31]_i_115/O
                         net (fo=1, routed)           0.000     2.960    u_soc_top/gen_cv32e40p_core.u_core/core_i/id_stage_i/register_file_i/BReg_DP[31]_i_115_n_0
    SLICE_X48Y184        CARRY4 (Prop_carry4_S[0]_CO[3])
                                                      0.532     3.492 r  u_soc_top/gen_cv32e40p_core.u_core/core_i/id_stage_i/register_file_i/BReg_DP_reg[31]_i_89/CO[3]
                         net (fo=1, routed)           0.000     3.492    u_soc_top/gen_cv32e40p_core.u_core/core_i/id_stage_i/register_file_i/BReg_DP_reg[31]_i_89_n_0
    SLICE_X48Y185        CARRY4 (Prop_carry4_CI_CO[3])
                                                      0.114     3.606 r  u_soc_top/gen_cv32e40p_core.u_core/core_i/id_stage_i/register_file_i/BReg_DP_reg[24]_i_12/CO[3]
                         net (fo=1, routed)           0.000     3.606    u_soc_top/gen_cv32e40p_core.u_core/core_i/id_stage_i/register_file_i/BReg_DP_reg[24]_i_12_n_0
    SLICE_X48Y186        CARRY4 (Prop_carry4_CI_O[1])
                                                      0.334     3.940 r  u_soc_top/gen_cv32e40p_core.u_core/core_i/id_stage_i/register_file_i/BReg_DP_reg[31]_i_98/O[1]
                         net (fo=3, routed)           0.950     4.890    u_soc_top/gen_cv32e40p_core.u_core/core_i/id_stage_i/register_file_i/ex_stage_i/alu_i/data0[8]
    SLICE_X49Y187        CARRY4 (Prop_carry4_DI[0]_CO[3])
                                                      0.705     5.595 r  u_soc_top/gen_cv32e40p_core.u_core/core_i/id_stage_i/register_file_i/BReg_DP_reg[31]_i_83/CO[3]
                         net (fo=1, routed)           0.000     5.595    u_soc_top/gen_cv32e40p_core.u_core/core_i/id_stage_i/register_file_i/BReg_DP_reg[31]_i_83_n_0
    SLICE_X49Y188        CARRY4 (Prop_carry4_CI_CO[3])
                                                      0.114     5.709 r  u_soc_top/gen_cv32e40p_core.u_core/core_i/id_stage_i/register_file_i/BReg_DP_reg[16]_i_11/CO[3]
                         net (fo=1, routed)           0.000     5.709    u_soc_top/gen_cv32e40p_core.u_core/core_i/id_stage_i/register_file_i/BReg_DP_reg[16]_i_11_n_0
    SLICE_X49Y189        CARRY4 (Prop_carry4_CI_CO[3])
                                                      0.114     5.823 r  u_soc_top/gen_cv32e40p_core.u_core/core_i/id_stage_i/register_file_i/BReg_DP_reg[31]_i_84/CO[3]
                         net (fo=1, routed)           0.000     5.823    u_soc_top/gen_cv32e40p_core.u_core/core_i/id_stage_i/register_file_i/BReg_DP_reg[31]_i_84_n_0
    SLICE_X49Y190        CARRY4 (Prop_carry4_CI_CO[3])
                                                      0.114     5.937 r  u_soc_top/gen_cv32e40p_core.u_core/core_i/id_stage_i/register_file_i/BReg_DP_reg[8]_i_8/CO[3]
                         net (fo=1, routed)           0.000     5.937    u_soc_top/gen_cv32e40p_core.u_core/core_i/id_stage_i/register_file_i/BReg_DP_reg[8]_i_8_n_0
    SLICE_X49Y191        CARRY4 (Prop_carry4_CI_CO[3])
                                                      0.114     6.051 r  u_soc_top/gen_cv32e40p_core.u_core/core_i/id_stage_i/register_file_i/BReg_DP_reg[31]_i_82/CO[3]
                         net (fo=1, routed)           0.000     6.051    u_soc_top/gen_cv32e40p_core.u_core/core_i/id_stage_i/register_file_i/BReg_DP_reg[31]_i_82_n_0
    SLICE_X49Y192        CARRY4 (Prop_carry4_CI_O[3])
                                                      0.313     6.364 r  u_soc_top/gen_cv32e40p_core.u_core/core_i/id_stage_i/register_file_i/BReg_DP_reg[0]_i_8/O[3]
                         net (fo=2, routed)           0.303     6.667    u_soc_top/gen_cv32e40p_core.u_core/core_i/id_stage_i/register_file_i/ex_stage_i/alu_i/adder_round_result[31]
    SLICE_X47Y192        LUT6 (Prop_lut6_I2_O)        0.306     6.973 r  u_soc_top/gen_cv32e40p_core.u_core/core_i/id_stage_i/register_file_i/BReg_DP[0]_i_6/O
                         net (fo=61, routed)          0.620     7.593    u_soc_top/gen_cv32e40p_core.u_core/core_i/id_stage_i/register_file_i/shift_right_result126_out
    SLICE_X46Y193        LUT3 (Prop_lut3_I2_O)        0.124     7.717 r  u_soc_top/gen_cv32e40p_core.u_core/core_i/id_stage_i/register_file_i/BReg_DP[19]_i_9/O
                         net (fo=3, routed)           0.836     8.553    u_soc_top/gen_cv32e40p_core.u_core/core_i/id_stage_i/register_file_i/ex_stage_i/alu_i/shift_op_a_32[43]
    SLICE_X47Y193        LUT6 (Prop_lut6_I0_O)        0.124     8.677 r  u_soc_top/gen_cv32e40p_core.u_core/core_i/id_stage_i/register_file_i/BReg_DP[19]_i_7/O
                         net (fo=4, routed)           1.007     9.683    u_soc_top/gen_cv32e40p_core.u_core/core_i/id_stage_i/register_file_i/BReg_DP[19]_i_7_n_0
    SLICE_X48Y195        LUT6 (Prop_lut6_I1_O)        0.124     9.807 r  u_soc_top/gen_cv32e40p_core.u_core/core_i/id_stage_i/register_file_i/BReg_DP[15]_i_4/O
                         net (fo=4, routed)           0.608    10.416    u_soc_top/gen_cv32e40p_core.u_core/core_i/id_stage_i/register_file_i/alu_clpx_shift_ex_o_reg[1]_11
    SLICE_X47Y195        LUT3 (Prop_lut3_I0_O)        0.124    10.540 r  u_soc_top/gen_cv32e40p_core.u_core/core_i/id_stage_i/register_file_i/i___91__15_i_38/O
                         net (fo=2, routed)           0.588    11.127    u_soc_top/gen_cv32e40p_core.u_core/core_i/id_stage_i/register_file_i/i___91__15_i_38_n_0
    SLICE_X49Y194        LUT5 (Prop_lut5_I4_O)        0.124    11.251 r  u_soc_top/gen_cv32e40p_core.u_core/core_i/id_stage_i/register_file_i/i___91__15_i_30/O
                         net (fo=6, routed)           0.612    11.864    u_soc_top/gen_cv32e40p_core.u_core/core_i/id_stage_i/register_file_i/ex_stage_i/alu_i/radix_2_rev[15]
    SLICE_X49Y195        LUT6 (Prop_lut6_I5_O)        0.124    11.988 r  u_soc_top/gen_cv32e40p_core.u_core/core_i/id_stage_i/register_file_i/i___28_i_99/O
                         net (fo=1, routed)           0.000    11.988    u_soc_top/gen_cv32e40p_core.u_core/core_i/id_stage_i/register_file_i/i___28_i_99_n_0
    SLICE_X49Y195        MUXF7 (Prop_muxf7_I0_O)      0.212    12.200 r  u_soc_top/gen_cv32e40p_core.u_core/core_i/id_stage_i/register_file_i/i___28_i_93/O
                         net (fo=1, routed)           0.576    12.775    u_soc_top/gen_cv32e40p_core.u_core/core_i/id_stage_i/register_file_i/i___28_i_93_n_0
    SLICE_X50Y193        LUT6 (Prop_lut6_I2_O)        0.299    13.074 r  u_soc_top/gen_cv32e40p_core.u_core/core_i/id_stage_i/register_file_i/i___28_i_86/O
                         net (fo=60, routed)          0.769    13.843    u_soc_top/gen_cv32e40p_core.u_core/core_i/id_stage_i/register_file_i/ex_stage_i/alu_i/extract_sign
    SLICE_X52Y190        LUT6 (Prop_lut6_I5_O)        0.124    13.967 r  u_soc_top/gen_cv32e40p_core.u_core/core_i/id_stage_i/register_file_i/i___91__19_i_39/O
                         net (fo=1, routed)           0.280    14.246    u_soc_top/gen_cv32e40p_core.u_core/core_i/id_stage_i/register_file_i/i___91__19_i_39_n_0
    SLICE_X52Y190        LUT6 (Prop_lut6_I5_O)        0.124    14.370 r  u_soc_top/gen_cv32e40p_core.u_core/core_i/id_stage_i/register_file_i/i___91__19_i_33/O
                         net (fo=1, routed)           0.162    14.532    u_soc_top/gen_cv32e40p_core.u_core/core_i/id_stage_i/register_file_i/ex_stage_i/alu_i/bextins_result[13]
    SLICE_X52Y190        LUT6 (Prop_lut6_I5_O)        0.124    14.656 r  u_soc_top/gen_cv32e40p_core.u_core/core_i/id_stage_i/register_file_i/i___91__19_i_26/O
                         net (fo=1, routed)           0.000    14.656    u_soc_top/gen_cv32e40p_core.u_core/core_i/id_stage_i/register_file_i/i___91__19_i_26_n_0
    SLICE_X52Y190        MUXF7 (Prop_muxf7_I1_O)      0.217    14.873 r  u_soc_top/gen_cv32e40p_core.u_core/core_i/id_stage_i/register_file_i/i___91__19_i_20/O
                         net (fo=1, routed)           0.299    15.172    u_soc_top/gen_cv32e40p_core.u_core/core_i/id_stage_i/register_file_i/i___91__19_i_20_n_0
    SLICE_X53Y191        LUT6 (Prop_lut6_I5_O)        0.299    15.471 r  u_soc_top/gen_cv32e40p_core.u_core/core_i/id_stage_i/register_file_i/i___91__19_i_8/O
                         net (fo=1, routed)           0.427    15.898    u_soc_top/gen_cv32e40p_core.u_core/core_i/id_stage_i/gen_hwloop_regs.hwloop_regs_i/alu_result[13]
    SLICE_X55Y191        LUT6 (Prop_lut6_I3_O)        0.124    16.022 r  u_soc_top/gen_cv32e40p_core.u_core/core_i/id_stage_i/gen_hwloop_regs.hwloop_regs_i/i___91__19_i_3/O
                         net (fo=34, routed)          0.724    16.746    u_soc_top/gen_cv32e40p_core.u_core/regfile_alu_wdata_fw[13]
    SLICE_X47Y190        LUT6 (Prop_lut6_I5_O)        0.124    16.870 r  u_soc_top/gen_cv32e40p_core.u_core/i___91__19/O
                         net (fo=5, routed)           0.596    17.466    u_soc_top/gen_cv32e40p_core.u_core/i___91__19_n_0
    SLICE_X47Y189        LUT6 (Prop_lut6_I2_O)        0.124    17.590 r  u_soc_top/gen_cv32e40p_core.u_core/i___34/O
                         net (fo=4, routed)           0.957    18.548    u_soc_top/gen_cv32e40p_core.u_core/core_i/if_stage_i/mult_operand_b_ex_o_reg[29]
    SLICE_X47Y186        LUT6 (Prop_lut6_I3_O)        0.124    18.672 r  u_soc_top/gen_cv32e40p_core.u_core/core_i/if_stage_i/mult_operand_b_ex_o[13]_i_1/O
                         net (fo=2, routed)           0.415    19.087    u_soc_top/gen_cv32e40p_core.u_core/core_i/id_stage_i/mult_operand_b_ex_o_reg[31]_1[5]
    SLICE_X46Y187        FDCE                                         r  u_soc_top/gen_cv32e40p_core.u_core/core_i/id_stage_i/mult_operand_b_ex_o_reg[13]/D
  -------------------------------------------------------------------    -------------------

                         (clock clk_50m_unbuf rise edge)
                                                     20.000    20.000 r  
    E3                                                0.000    20.000 r  clk_100m_i (IN)
                         net (fo=0)                   0.000    20.000    clk_100m_i
    E3                   IBUF (Prop_ibuf_I_O)         1.411    21.411 r  clk_100m_i_IBUF_inst/O
                         net (fo=1, routed)           1.162    22.573    clk_100m_i_IBUF
    MMCME2_ADV_X1Y2      MMCME2_ADV (Prop_mmcme2_adv_CLKIN1_CLKOUT0)
                                                     -7.324    15.249 r  u_mmcm/CLKOUT0
                         net (fo=1, routed)           1.639    16.888    clk_50m_unbuf
    BUFGCTRL_X0Y16       BUFG (Prop_bufg_I_O)         0.091    16.979 r  u_bufg_clk50/O
                         net (fo=7022, routed)        1.667    18.647    u_soc_top/gen_cv32e40p_core.u_core/core_i/id_stage_i/clk_50m
    SLICE_X46Y187        FDCE                                         r  u_soc_top/gen_cv32e40p_core.u_core/core_i/id_stage_i/mult_operand_b_ex_o_reg[13]/C
                         clock pessimism              0.569    19.215    
                         clock uncertainty           -0.089    19.127    
    SLICE_X46Y187        FDCE (Setup_fdce_C_D)       -0.024    19.103    u_soc_top/gen_cv32e40p_core.u_core/core_i/id_stage_i/mult_operand_b_ex_o_reg[13]
  -------------------------------------------------------------------
                         required time                         19.103    
                         arrival time                         -19.087    
  -------------------------------------------------------------------
                         slack                                  0.016    

Slack (MET) :             0.021ns  (required time - arrival time)
  Source:                 u_soc_top/gen_cv32e40p_core.u_core/core_i/id_stage_i/alu_operator_ex_o_reg[5]/C
                            (rising edge-triggered cell FDCE clocked by clk_50m_unbuf  {rise@0.000ns fall@10.000ns period=20.000ns})
  Destination:            u_soc_top/gen_cv32e40p_core.u_core/core_i/id_stage_i/mult_dot_op_b_ex_o_reg[26]/D
                            (rising edge-triggered cell FDCE clocked by clk_50m_unbuf  {rise@0.000ns fall@10.000ns period=20.000ns})
  Path Group:             clk_50m_unbuf
  Path Type:              Setup (Max at Slow Process Corner)
  Requirement:            20.000ns  (clk_50m_unbuf rise@20.000ns - clk_50m_unbuf rise@0.000ns)
  Data Path Delay:        19.748ns  (logic 6.442ns (32.621%)  route 13.306ns (67.379%))
  Logic Levels:           31  (CARRY4=9 LUT3=3 LUT5=2 LUT6=15 MUXF7=2)
  Clock Path Skew:        -0.111ns (DCD - SCD + CPR)
    Destination Clock Delay (DCD):    -1.354ns = ( 18.646 - 20.000 ) 
    Source Clock Delay      (SCD):    -0.746ns
    Clock Pessimism Removal (CPR):    0.497ns
  Clock Uncertainty:      0.089ns  ((TSJ^2 + DJ^2)^1/2) / 2 + PE
    Total System Jitter     (TSJ):    0.071ns
    Discrete Jitter          (DJ):    0.163ns
    Phase Error              (PE):    0.000ns

    Location             Delay type                Incr(ns)  Path(ns)    Netlist Resource(s)
  -------------------------------------------------------------------    -------------------
                         (clock clk_50m_unbuf rise edge)
                                                      0.000     0.000 r  
    E3                                                0.000     0.000 r  clk_100m_i (IN)
                         net (fo=0)                   0.000     0.000    clk_100m_i
    E3                   IBUF (Prop_ibuf_I_O)         1.482     1.482 r  clk_100m_i_IBUF_inst/O
                         net (fo=1, routed)           1.233     2.715    clk_100m_i_IBUF
    MMCME2_ADV_X1Y2      MMCME2_ADV (Prop_mmcme2_adv_CLKIN1_CLKOUT0)
                                                     -7.070    -4.355 r  u_mmcm/CLKOUT0
                         net (fo=1, routed)           1.719    -2.636    clk_50m_unbuf
    BUFGCTRL_X0Y16       BUFG (Prop_bufg_I_O)         0.096    -2.540 r  u_bufg_clk50/O
                         net (fo=7022, routed)        1.794    -0.746    u_soc_top/gen_cv32e40p_core.u_core/core_i/id_stage_i/clk_50m
    SLICE_X50Y185        FDCE                                         r  u_soc_top/gen_cv32e40p_core.u_core/core_i/id_stage_i/alu_operator_ex_o_reg[5]/C
  -------------------------------------------------------------------    -------------------
    SLICE_X50Y185        FDCE (Prop_fdce_C_Q)         0.518    -0.228 r  u_soc_top/gen_cv32e40p_core.u_core/core_i/id_stage_i/alu_operator_ex_o_reg[5]/Q
                         net (fo=59, routed)          0.503     0.275    u_soc_top/gen_cv32e40p_core.u_core/core_i/id_stage_i/register_file_i/i___147_i_34_0[5]
    SLICE_X51Y185        LUT3 (Prop_lut3_I0_O)        0.124     0.399 r  u_soc_top/gen_cv32e40p_core.u_core/core_i/id_stage_i/register_file_i/i___160_i_5/O
                         net (fo=96, routed)          0.905     1.304    u_soc_top/gen_cv32e40p_core.u_core/core_i/id_stage_i/register_file_i/i___160_i_5_n_0
    SLICE_X50Y184        LUT6 (Prop_lut6_I0_O)        0.124     1.428 r  u_soc_top/gen_cv32e40p_core.u_core/core_i/id_stage_i/register_file_i/BReg_DP[31]_i_128/O
                         net (fo=1, routed)           0.819     2.247    u_soc_top/gen_cv32e40p_core.u_core/core_i/id_stage_i/register_file_i/BReg_DP[31]_i_128_n_0
    SLICE_X49Y184        LUT6 (Prop_lut6_I5_O)        0.124     2.371 r  u_soc_top/gen_cv32e40p_core.u_core/core_i/id_stage_i/register_file_i/BReg_DP[31]_i_111/O
                         net (fo=2, routed)           0.465     2.836    u_soc_top/gen_cv32e40p_core.u_core/core_i/id_stage_i/register_file_i/ex_stage_i/alu_i/adder_op_a[0]
    SLICE_X48Y184        LUT5 (Prop_lut5_I0_O)        0.124     2.960 r  u_soc_top/gen_cv32e40p_core.u_core/core_i/id_stage_i/register_file_i/BReg_DP[31]_i_115/O
                         net (fo=1, routed)           0.000     2.960    u_soc_top/gen_cv32e40p_core.u_core/core_i/id_stage_i/register_file_i/BReg_DP[31]_i_115_n_0
    SLICE_X48Y184        CARRY4 (Prop_carry4_S[0]_CO[3])
                                                      0.532     3.492 r  u_soc_top/gen_cv32e40p_core.u_core/core_i/id_stage_i/register_file_i/BReg_DP_reg[31]_i_89/CO[3]
                         net (fo=1, routed)           0.000     3.492    u_soc_top/gen_cv32e40p_core.u_core/core_i/id_stage_i/register_file_i/BReg_DP_reg[31]_i_89_n_0
    SLICE_X48Y185        CARRY4 (Prop_carry4_CI_CO[3])
                                                      0.114     3.606 r  u_soc_top/gen_cv32e40p_core.u_core/core_i/id_stage_i/register_file_i/BReg_DP_reg[24]_i_12/CO[3]
                         net (fo=1, routed)           0.000     3.606    u_soc_top/gen_cv32e40p_core.u_core/core_i/id_stage_i/register_file_i/BReg_DP_reg[24]_i_12_n_0
    SLICE_X48Y186        CARRY4 (Prop_carry4_CI_O[1])
                                                      0.334     3.940 r  u_soc_top/gen_cv32e40p_core.u_core/core_i/id_stage_i/register_file_i/BReg_DP_reg[31]_i_98/O[1]
                         net (fo=3, routed)           0.950     4.890    u_soc_top/gen_cv32e40p_core.u_core/core_i/id_stage_i/register_file_i/ex_stage_i/alu_i/data0[8]
    SLICE_X49Y187        CARRY4 (Prop_carry4_DI[0]_CO[3])
                                                      0.705     5.595 r  u_soc_top/gen_cv32e40p_core.u_core/core_i/id_stage_i/register_file_i/BReg_DP_reg[31]_i_83/CO[3]
                         net (fo=1, routed)           0.000     5.595    u_soc_top/gen_cv32e40p_core.u_core/core_i/id_stage_i/register_file_i/BReg_DP_reg[31]_i_83_n_0
    SLICE_X49Y188        CARRY4 (Prop_carry4_CI_CO[3])
                                                      0.114     5.709 r  u_soc_top/gen_cv32e40p_core.u_core/core_i/id_stage_i/register_file_i/BReg_DP_reg[16]_i_11/CO[3]
                         net (fo=1, routed)           0.000     5.709    u_soc_top/gen_cv32e40p_core.u_core/core_i/id_stage_i/register_file_i/BReg_DP_reg[16]_i_11_n_0
    SLICE_X49Y189        CARRY4 (Prop_carry4_CI_CO[3])
                                                      0.114     5.823 r  u_soc_top/gen_cv32e40p_core.u_core/core_i/id_stage_i/register_file_i/BReg_DP_reg[31]_i_84/CO[3]
                         net (fo=1, routed)           0.000     5.823    u_soc_top/gen_cv32e40p_core.u_core/core_i/id_stage_i/register_file_i/BReg_DP_reg[31]_i_84_n_0
    SLICE_X49Y190        CARRY4 (Prop_carry4_CI_CO[3])
                                                      0.114     5.937 r  u_soc_top/gen_cv32e40p_core.u_core/core_i/id_stage_i/register_file_i/BReg_DP_reg[8]_i_8/CO[3]
                         net (fo=1, routed)           0.000     5.937    u_soc_top/gen_cv32e40p_core.u_core/core_i/id_stage_i/register_file_i/BReg_DP_reg[8]_i_8_n_0
    SLICE_X49Y191        CARRY4 (Prop_carry4_CI_CO[3])
                                                      0.114     6.051 r  u_soc_top/gen_cv32e40p_core.u_core/core_i/id_stage_i/register_file_i/BReg_DP_reg[31]_i_82/CO[3]
                         net (fo=1, routed)           0.000     6.051    u_soc_top/gen_cv32e40p_core.u_core/core_i/id_stage_i/register_file_i/BReg_DP_reg[31]_i_82_n_0
    SLICE_X49Y192        CARRY4 (Prop_carry4_CI_O[3])
                                                      0.313     6.364 r  u_soc_top/gen_cv32e40p_core.u_core/core_i/id_stage_i/register_file_i/BReg_DP_reg[0]_i_8/O[3]
                         net (fo=2, routed)           0.303     6.667    u_soc_top/gen_cv32e40p_core.u_core/core_i/id_stage_i/register_file_i/ex_stage_i/alu_i/adder_round_result[31]
    SLICE_X47Y192        LUT6 (Prop_lut6_I2_O)        0.306     6.973 r  u_soc_top/gen_cv32e40p_core.u_core/core_i/id_stage_i/register_file_i/BReg_DP[0]_i_6/O
                         net (fo=61, routed)          0.620     7.593    u_soc_top/gen_cv32e40p_core.u_core/core_i/id_stage_i/register_file_i/shift_right_result126_out
    SLICE_X46Y193        LUT3 (Prop_lut3_I2_O)        0.124     7.717 r  u_soc_top/gen_cv32e40p_core.u_core/core_i/id_stage_i/register_file_i/BReg_DP[19]_i_9/O
                         net (fo=3, routed)           0.836     8.553    u_soc_top/gen_cv32e40p_core.u_core/core_i/id_stage_i/register_file_i/ex_stage_i/alu_i/shift_op_a_32[43]
    SLICE_X47Y193        LUT6 (Prop_lut6_I0_O)        0.124     8.677 r  u_soc_top/gen_cv32e40p_core.u_core/core_i/id_stage_i/register_file_i/BReg_DP[19]_i_7/O
                         net (fo=4, routed)           1.007     9.683    u_soc_top/gen_cv32e40p_core.u_core/core_i/id_stage_i/register_file_i/BReg_DP[19]_i_7_n_0
    SLICE_X48Y195        LUT6 (Prop_lut6_I1_O)        0.124     9.807 r  u_soc_top/gen_cv32e40p_core.u_core/core_i/id_stage_i/register_file_i/BReg_DP[15]_i_4/O
                         net (fo=4, routed)           0.608    10.416    u_soc_top/gen_cv32e40p_core.u_core/core_i/id_stage_i/register_file_i/alu_clpx_shift_ex_o_reg[1]_11
    SLICE_X47Y195        LUT3 (Prop_lut3_I0_O)        0.124    10.540 r  u_soc_top/gen_cv32e40p_core.u_core/core_i/id_stage_i/register_file_i/i___91__15_i_38/O
                         net (fo=2, routed)           0.588    11.127    u_soc_top/gen_cv32e40p_core.u_core/core_i/id_stage_i/register_file_i/i___91__15_i_38_n_0
    SLICE_X49Y194        LUT5 (Prop_lut5_I4_O)        0.124    11.251 r  u_soc_top/gen_cv32e40p_core.u_core/core_i/id_stage_i/register_file_i/i___91__15_i_30/O
                         net (fo=6, routed)           0.612    11.864    u_soc_top/gen_cv32e40p_core.u_core/core_i/id_stage_i/register_file_i/ex_stage_i/alu_i/radix_2_rev[15]
    SLICE_X49Y195        LUT6 (Prop_lut6_I5_O)        0.124    11.988 r  u_soc_top/gen_cv32e40p_core.u_core/core_i/id_stage_i/register_file_i/i___28_i_99/O
                         net (fo=1, routed)           0.000    11.988    u_soc_top/gen_cv32e40p_core.u_core/core_i/id_stage_i/register_file_i/i___28_i_99_n_0
    SLICE_X49Y195        MUXF7 (Prop_muxf7_I0_O)      0.212    12.200 r  u_soc_top/gen_cv32e40p_core.u_core/core_i/id_stage_i/register_file_i/i___28_i_93/O
                         net (fo=1, routed)           0.576    12.775    u_soc_top/gen_cv32e40p_core.u_core/core_i/id_stage_i/register_file_i/i___28_i_93_n_0
    SLICE_X50Y193        LUT6 (Prop_lut6_I2_O)        0.299    13.074 r  u_soc_top/gen_cv32e40p_core.u_core/core_i/id_stage_i/register_file_i/i___28_i_86/O
                         net (fo=60, routed)          0.627    13.702    u_soc_top/gen_cv32e40p_core.u_core/core_i/id_stage_i/register_file_i/ex_stage_i/alu_i/extract_sign
    SLICE_X54Y192        LUT6 (Prop_lut6_I5_O)        0.124    13.826 r  u_soc_top/gen_cv32e40p_core.u_core/core_i/id_stage_i/register_file_i/i___91__5_i_40/O
                         net (fo=1, routed)           0.454    14.280    u_soc_top/gen_cv32e40p_core.u_core/core_i/id_stage_i/register_file_i/i___91__5_i_40_n_0
    SLICE_X57Y192        LUT6 (Prop_lut6_I5_O)        0.124    14.404 r  u_soc_top/gen_cv32e40p_core.u_core/core_i/id_stage_i/register_file_i/i___91__5_i_34/O
                         net (fo=1, routed)           0.442    14.846    u_soc_top/gen_cv32e40p_core.u_core/core_i/id_stage_i/register_file_i/ex_stage_i/alu_i/bextins_result[26]
    SLICE_X58Y192        LUT6 (Prop_lut6_I5_O)        0.124    14.970 r  u_soc_top/gen_cv32e40p_core.u_core/core_i/id_stage_i/register_file_i/i___91__5_i_27/O
                         net (fo=1, routed)           0.000    14.970    u_soc_top/gen_cv32e40p_core.u_core/core_i/id_stage_i/register_file_i/i___91__5_i_27_n_0
    SLICE_X58Y192        MUXF7 (Prop_muxf7_I1_O)      0.247    15.217 r  u_soc_top/gen_cv32e40p_core.u_core/core_i/id_stage_i/register_file_i/i___91__5_i_20/O
                         net (fo=1, routed)           0.410    15.627    u_soc_top/gen_cv32e40p_core.u_core/core_i/id_stage_i/register_file_i/i___91__5_i_20_n_0
    SLICE_X59Y191        LUT6 (Prop_lut6_I5_O)        0.298    15.925 r  u_soc_top/gen_cv32e40p_core.u_core/core_i/id_stage_i/register_file_i/i___91__5_i_8/O
                         net (fo=1, routed)           0.433    16.358    u_soc_top/gen_cv32e40p_core.u_core/core_i/id_stage_i/gen_hwloop_regs.hwloop_regs_i/alu_result[21]
    SLICE_X59Y191        LUT6 (Prop_lut6_I3_O)        0.124    16.482 r  u_soc_top/gen_cv32e40p_core.u_core/core_i/id_stage_i/gen_hwloop_regs.hwloop_regs_i/i___91__5_i_3/O
                         net (fo=36, routed)          0.482    16.964    u_soc_top/gen_cv32e40p_core.u_core/core_i/id_stage_i/register_file_i/mult_operand_a_ex_o_reg[26]_0
    SLICE_X60Y190        LUT6 (Prop_lut6_I4_O)        0.124    17.088 r  u_soc_top/gen_cv32e40p_core.u_core/core_i/id_stage_i/register_file_i/i___49_i_1/O
                         net (fo=8, routed)           0.718    17.805    u_soc_top/gen_cv32e40p_core.u_core/core_i/if_stage_i/mult_operand_a_ex_o_reg[26]
    SLICE_X62Y188        LUT6 (Prop_lut6_I3_O)        0.124    17.929 r  u_soc_top/gen_cv32e40p_core.u_core/core_i/if_stage_i/mult_operand_b_ex_o[26]_i_3/O
                         net (fo=1, routed)           0.466    18.395    u_soc_top/gen_cv32e40p_core.u_core/core_i/if_stage_i/mult_operand_b_ex_o[26]_i_3_n_0
    SLICE_X62Y188        LUT6 (Prop_lut6_I5_O)        0.124    18.519 r  u_soc_top/gen_cv32e40p_core.u_core/core_i/if_stage_i/mult_operand_b_ex_o[26]_i_1/O
                         net (fo=2, routed)           0.483    19.002    u_soc_top/gen_cv32e40p_core.u_core/core_i/id_stage_i/mult_operand_b_ex_o_reg[31]_1[18]
    SLICE_X62Y188        FDCE                                         r  u_soc_top/gen_cv32e40p_core.u_core/core_i/id_stage_i/mult_dot_op_b_ex_o_reg[26]/D
  -------------------------------------------------------------------    -------------------

                         (clock clk_50m_unbuf rise edge)
                                                     20.000    20.000 r  
    E3                                                0.000    20.000 r  clk_100m_i (IN)
                         net (fo=0)                   0.000    20.000    clk_100m_i
    E3                   IBUF (Prop_ibuf_I_O)         1.411    21.411 r  clk_100m_i_IBUF_inst/O
                         net (fo=1, routed)           1.162    22.573    clk_100m_i_IBUF
    MMCME2_ADV_X1Y2      MMCME2_ADV (Prop_mmcme2_adv_CLKIN1_CLKOUT0)
                                                     -7.324    15.249 r  u_mmcm/CLKOUT0
                         net (fo=1, routed)           1.639    16.888    clk_50m_unbuf
    BUFGCTRL_X0Y16       BUFG (Prop_bufg_I_O)         0.091    16.979 r  u_bufg_clk50/O
                         net (fo=7022, routed)        1.666    18.646    u_soc_top/gen_cv32e40p_core.u_core/core_i/id_stage_i/clk_50m
    SLICE_X62Y188        FDCE                                         r  u_soc_top/gen_cv32e40p_core.u_core/core_i/id_stage_i/mult_dot_op_b_ex_o_reg[26]/C
                         clock pessimism              0.497    19.143    
                         clock uncertainty           -0.089    19.054    
    SLICE_X62Y188        FDCE (Setup_fdce_C_D)       -0.031    19.023    u_soc_top/gen_cv32e40p_core.u_core/core_i/id_stage_i/mult_dot_op_b_ex_o_reg[26]
  -------------------------------------------------------------------
                         required time                         19.023    
                         arrival time                         -19.002    
  -------------------------------------------------------------------
                         slack                                  0.021    

Slack (MET) :             0.031ns  (required time - arrival time)
  Source:                 u_soc_top/gen_cv32e40p_core.u_core/core_i/id_stage_i/alu_operator_ex_o_reg[5]/C
                            (rising edge-triggered cell FDCE clocked by clk_50m_unbuf  {rise@0.000ns fall@10.000ns period=20.000ns})
  Destination:            u_soc_top/gen_cv32e40p_core.u_core/core_i/id_stage_i/mult_operand_a_ex_o_reg[12]/D
                            (rising edge-triggered cell FDCE clocked by clk_50m_unbuf  {rise@0.000ns fall@10.000ns period=20.000ns})
  Path Group:             clk_50m_unbuf
  Path Type:              Setup (Max at Slow Process Corner)
  Requirement:            20.000ns  (clk_50m_unbuf rise@20.000ns - clk_50m_unbuf rise@0.000ns)
  Data Path Delay:        19.705ns  (logic 6.440ns (32.682%)  route 13.265ns (67.318%))
  Logic Levels:           31  (CARRY4=9 LUT3=3 LUT5=3 LUT6=14 MUXF7=2)
  Clock Path Skew:        -0.113ns (DCD - SCD + CPR)
    Destination Clock Delay (DCD):    -1.356ns = ( 18.644 - 20.000 ) 
    Source Clock Delay      (SCD):    -0.746ns
    Clock Pessimism Removal (CPR):    0.497ns
  Clock Uncertainty:      0.089ns  ((TSJ^2 + DJ^2)^1/2) / 2 + PE
    Total System Jitter     (TSJ):    0.071ns
    Discrete Jitter          (DJ):    0.163ns
    Phase Error              (PE):    0.000ns

    Location             Delay type                Incr(ns)  Path(ns)    Netlist Resource(s)
  -------------------------------------------------------------------    -------------------
                         (clock clk_50m_unbuf rise edge)
                                                      0.000     0.000 r  
    E3                                                0.000     0.000 r  clk_100m_i (IN)
                         net (fo=0)                   0.000     0.000    clk_100m_i
    E3                   IBUF (Prop_ibuf_I_O)         1.482     1.482 r  clk_100m_i_IBUF_inst/O
                         net (fo=1, routed)           1.233     2.715    clk_100m_i_IBUF
    MMCME2_ADV_X1Y2      MMCME2_ADV (Prop_mmcme2_adv_CLKIN1_CLKOUT0)
                                                     -7.070    -4.355 r  u_mmcm/CLKOUT0
                         net (fo=1, routed)           1.719    -2.636    clk_50m_unbuf
    BUFGCTRL_X0Y16       BUFG (Prop_bufg_I_O)         0.096    -2.540 r  u_bufg_clk50/O
                         net (fo=7022, routed)        1.794    -0.746    u_soc_top/gen_cv32e40p_core.u_core/core_i/id_stage_i/clk_50m
    SLICE_X50Y185        FDCE                                         r  u_soc_top/gen_cv32e40p_core.u_core/core_i/id_stage_i/alu_operator_ex_o_reg[5]/C
  -------------------------------------------------------------------    -------------------
    SLICE_X50Y185        FDCE (Prop_fdce_C_Q)         0.518    -0.228 r  u_soc_top/gen_cv32e40p_core.u_core/core_i/id_stage_i/alu_operator_ex_o_reg[5]/Q
                         net (fo=59, routed)          0.503     0.275    u_soc_top/gen_cv32e40p_core.u_core/core_i/id_stage_i/register_file_i/i___147_i_34_0[5]
    SLICE_X51Y185        LUT3 (Prop_lut3_I0_O)        0.124     0.399 r  u_soc_top/gen_cv32e40p_core.u_core/core_i/id_stage_i/register_file_i/i___160_i_5/O
                         net (fo=96, routed)          0.905     1.304    u_soc_top/gen_cv32e40p_core.u_core/core_i/id_stage_i/register_file_i/i___160_i_5_n_0
    SLICE_X50Y184        LUT6 (Prop_lut6_I0_O)        0.124     1.428 r  u_soc_top/gen_cv32e40p_core.u_core/core_i/id_stage_i/register_file_i/BReg_DP[31]_i_128/O
                         net (fo=1, routed)           0.819     2.247    u_soc_top/gen_cv32e40p_core.u_core/core_i/id_stage_i/register_file_i/BReg_DP[31]_i_128_n_0
    SLICE_X49Y184        LUT6 (Prop_lut6_I5_O)        0.124     2.371 r  u_soc_top/gen_cv32e40p_core.u_core/core_i/id_stage_i/register_file_i/BReg_DP[31]_i_111/O
                         net (fo=2, routed)           0.465     2.836    u_soc_top/gen_cv32e40p_core.u_core/core_i/id_stage_i/register_file_i/ex_stage_i/alu_i/adder_op_a[0]
    SLICE_X48Y184        LUT5 (Prop_lut5_I0_O)        0.124     2.960 r  u_soc_top/gen_cv32e40p_core.u_core/core_i/id_stage_i/register_file_i/BReg_DP[31]_i_115/O
                         net (fo=1, routed)           0.000     2.960    u_soc_top/gen_cv32e40p_core.u_core/core_i/id_stage_i/register_file_i/BReg_DP[31]_i_115_n_0
    SLICE_X48Y184        CARRY4 (Prop_carry4_S[0]_CO[3])
                                                      0.532     3.492 r  u_soc_top/gen_cv32e40p_core.u_core/core_i/id_stage_i/register_file_i/BReg_DP_reg[31]_i_89/CO[3]
                         net (fo=1, routed)           0.000     3.492    u_soc_top/gen_cv32e40p_core.u_core/core_i/id_stage_i/register_file_i/BReg_DP_reg[31]_i_89_n_0
    SLICE_X48Y185        CARRY4 (Prop_carry4_CI_CO[3])
                                                      0.114     3.606 r  u_soc_top/gen_cv32e40p_core.u_core/core_i/id_stage_i/register_file_i/BReg_DP_reg[24]_i_12/CO[3]
                         net (fo=1, routed)           0.000     3.606    u_soc_top/gen_cv32e40p_core.u_core/core_i/id_stage_i/register_file_i/BReg_DP_reg[24]_i_12_n_0
    SLICE_X48Y186        CARRY4 (Prop_carry4_CI_O[1])
                                                      0.334     3.940 r  u_soc_top/gen_cv32e40p_core.u_core/core_i/id_stage_i/register_file_i/BReg_DP_reg[31]_i_98/O[1]
                         net (fo=3, routed)           0.950     4.890    u_soc_top/gen_cv32e40p_core.u_core/core_i/id_stage_i/register_file_i/ex_stage_i/alu_i/data0[8]
    SLICE_X49Y187        CARRY4 (Prop_carry4_DI[0]_CO[3])
                                                      0.705     5.595 r  u_soc_top/gen_cv32e40p_core.u_core/core_i/id_stage_i/register_file_i/BReg_DP_reg[31]_i_83/CO[3]
                         net (fo=1, routed)           0.000     5.595    u_soc_top/gen_cv32e40p_core.u_core/core_i/id_stage_i/register_file_i/BReg_DP_reg[31]_i_83_n_0
    SLICE_X49Y188        CARRY4 (Prop_carry4_CI_CO[3])
                                                      0.114     5.709 r  u_soc_top/gen_cv32e40p_core.u_core/core_i/id_stage_i/register_file_i/BReg_DP_reg[16]_i_11/CO[3]
                         net (fo=1, routed)           0.000     5.709    u_soc_top/gen_cv32e40p_core.u_core/core_i/id_stage_i/register_file_i/BReg_DP_reg[16]_i_11_n_0
    SLICE_X49Y189        CARRY4 (Prop_carry4_CI_CO[3])
                                                      0.114     5.823 r  u_soc_top/gen_cv32e40p_core.u_core/core_i/id_stage_i/register_file_i/BReg_DP_reg[31]_i_84/CO[3]
                         net (fo=1, routed)           0.000     5.823    u_soc_top/gen_cv32e40p_core.u_core/core_i/id_stage_i/register_file_i/BReg_DP_reg[31]_i_84_n_0
    SLICE_X49Y190        CARRY4 (Prop_carry4_CI_CO[3])
                                                      0.114     5.937 r  u_soc_top/gen_cv32e40p_core.u_core/core_i/id_stage_i/register_file_i/BReg_DP_reg[8]_i_8/CO[3]
                         net (fo=1, routed)           0.000     5.937    u_soc_top/gen_cv32e40p_core.u_core/core_i/id_stage_i/register_file_i/BReg_DP_reg[8]_i_8_n_0
    SLICE_X49Y191        CARRY4 (Prop_carry4_CI_CO[3])
                                                      0.114     6.051 r  u_soc_top/gen_cv32e40p_core.u_core/core_i/id_stage_i/register_file_i/BReg_DP_reg[31]_i_82/CO[3]
                         net (fo=1, routed)           0.000     6.051    u_soc_top/gen_cv32e40p_core.u_core/core_i/id_stage_i/register_file_i/BReg_DP_reg[31]_i_82_n_0
    SLICE_X49Y192        CARRY4 (Prop_carry4_CI_O[3])
                                                      0.313     6.364 r  u_soc_top/gen_cv32e40p_core.u_core/core_i/id_stage_i/register_file_i/BReg_DP_reg[0]_i_8/O[3]
                         net (fo=2, routed)           0.303     6.667    u_soc_top/gen_cv32e40p_core.u_core/core_i/id_stage_i/register_file_i/ex_stage_i/alu_i/adder_round_result[31]
    SLICE_X47Y192        LUT6 (Prop_lut6_I2_O)        0.306     6.973 r  u_soc_top/gen_cv32e40p_core.u_core/core_i/id_stage_i/register_file_i/BReg_DP[0]_i_6/O
                         net (fo=61, routed)          0.620     7.593    u_soc_top/gen_cv32e40p_core.u_core/core_i/id_stage_i/register_file_i/shift_right_result126_out
    SLICE_X46Y193        LUT3 (Prop_lut3_I2_O)        0.124     7.717 r  u_soc_top/gen_cv32e40p_core.u_core/core_i/id_stage_i/register_file_i/BReg_DP[19]_i_9/O
                         net (fo=3, routed)           0.836     8.553    u_soc_top/gen_cv32e40p_core.u_core/core_i/id_stage_i/register_file_i/ex_stage_i/alu_i/shift_op_a_32[43]
    SLICE_X47Y193        LUT6 (Prop_lut6_I0_O)        0.124     8.677 r  u_soc_top/gen_cv32e40p_core.u_core/core_i/id_stage_i/register_file_i/BReg_DP[19]_i_7/O
                         net (fo=4, routed)           1.007     9.683    u_soc_top/gen_cv32e40p_core.u_core/core_i/id_stage_i/register_file_i/BReg_DP[19]_i_7_n_0
    SLICE_X48Y195        LUT6 (Prop_lut6_I1_O)        0.124     9.807 r  u_soc_top/gen_cv32e40p_core.u_core/core_i/id_stage_i/register_file_i/BReg_DP[15]_i_4/O
                         net (fo=4, routed)           0.608    10.416    u_soc_top/gen_cv32e40p_core.u_core/core_i/id_stage_i/register_file_i/alu_clpx_shift_ex_o_reg[1]_11
    SLICE_X47Y195        LUT3 (Prop_lut3_I0_O)        0.124    10.540 r  u_soc_top/gen_cv32e40p_core.u_core/core_i/id_stage_i/register_file_i/i___91__15_i_38/O
                         net (fo=2, routed)           0.588    11.127    u_soc_top/gen_cv32e40p_core.u_core/core_i/id_stage_i/register_file_i/i___91__15_i_38_n_0
    SLICE_X49Y194        LUT5 (Prop_lut5_I4_O)        0.124    11.251 r  u_soc_top/gen_cv32e40p_core.u_core/core_i/id_stage_i/register_file_i/i___91__15_i_30/O
                         net (fo=6, routed)           0.612    11.864    u_soc_top/gen_cv32e40p_core.u_core/core_i/id_stage_i/register_file_i/ex_stage_i/alu_i/radix_2_rev[15]
    SLICE_X49Y195        LUT6 (Prop_lut6_I5_O)        0.124    11.988 r  u_soc_top/gen_cv32e40p_core.u_core/core_i/id_stage_i/register_file_i/i___28_i_99/O
                         net (fo=1, routed)           0.000    11.988    u_soc_top/gen_cv32e40p_core.u_core/core_i/id_stage_i/register_file_i/i___28_i_99_n_0
    SLICE_X49Y195        MUXF7 (Prop_muxf7_I0_O)      0.212    12.200 r  u_soc_top/gen_cv32e40p_core.u_core/core_i/id_stage_i/register_file_i/i___28_i_93/O
                         net (fo=1, routed)           0.576    12.775    u_soc_top/gen_cv32e40p_core.u_core/core_i/id_stage_i/register_file_i/i___28_i_93_n_0
    SLICE_X50Y193        LUT6 (Prop_lut6_I2_O)        0.299    13.074 r  u_soc_top/gen_cv32e40p_core.u_core/core_i/id_stage_i/register_file_i/i___28_i_86/O
                         net (fo=60, routed)          0.851    13.925    u_soc_top/gen_cv32e40p_core.u_core/core_i/id_stage_i/register_file_i/ex_stage_i/alu_i/extract_sign
    SLICE_X59Y188        LUT6 (Prop_lut6_I5_O)        0.124    14.049 r  u_soc_top/gen_cv32e40p_core.u_core/core_i/id_stage_i/register_file_i/i___91__20_i_39/O
                         net (fo=1, routed)           0.149    14.198    u_soc_top/gen_cv32e40p_core.u_core/core_i/id_stage_i/register_file_i/i___91__20_i_39_n_0
    SLICE_X59Y188        LUT6 (Prop_lut6_I5_O)        0.124    14.322 r  u_soc_top/gen_cv32e40p_core.u_core/core_i/id_stage_i/register_file_i/i___91__20_i_33/O
                         net (fo=1, routed)           0.645    14.967    u_soc_top/gen_cv32e40p_core.u_core/core_i/id_stage_i/register_file_i/ex_stage_i/alu_i/bextins_result[12]
    SLICE_X63Y189        LUT6 (Prop_lut6_I5_O)        0.124    15.091 r  u_soc_top/gen_cv32e40p_core.u_core/core_i/id_stage_i/register_file_i/i___91__20_i_26/O
                         net (fo=1, routed)           0.000    15.091    u_soc_top/gen_cv32e40p_core.u_core/core_i/id_stage_i/register_file_i/i___91__20_i_26_n_0
    SLICE_X63Y189        MUXF7 (Prop_muxf7_I1_O)      0.245    15.336 r  u_soc_top/gen_cv32e40p_core.u_core/core_i/id_stage_i/register_file_i/i___91__20_i_20/O
                         net (fo=1, routed)           0.268    15.604    u_soc_top/gen_cv32e40p_core.u_core/core_i/id_stage_i/register_file_i/i___91__20_i_20_n_0
    SLICE_X63Y189        LUT6 (Prop_lut6_I5_O)        0.298    15.902 r  u_soc_top/gen_cv32e40p_core.u_core/core_i/id_stage_i/register_file_i/i___91__20_i_8/O
                         net (fo=1, routed)           0.437    16.339    u_soc_top/gen_cv32e40p_core.u_core/core_i/id_stage_i/gen_hwloop_regs.hwloop_regs_i/alu_result[12]
    SLICE_X63Y185        LUT6 (Prop_lut6_I3_O)        0.124    16.463 r  u_soc_top/gen_cv32e40p_core.u_core/core_i/id_stage_i/gen_hwloop_regs.hwloop_regs_i/i___91__20_i_3/O
                         net (fo=37, routed)          0.575    17.039    u_soc_top/gen_cv32e40p_core.u_core/core_i/id_stage_i/register_file_i/hwlp_counter_q_reg[0][12]_0
    SLICE_X63Y184        LUT6 (Prop_lut6_I4_O)        0.124    17.163 r  u_soc_top/gen_cv32e40p_core.u_core/core_i/id_stage_i/register_file_i/alu_operand_c_ex_o[12]_i_2/O
                         net (fo=3, routed)           0.445    17.607    u_soc_top/gen_cv32e40p_core.u_core/core_i/if_stage_i/mult_operand_b_ex_o_reg[12]
    SLICE_X62Y184        LUT6 (Prop_lut6_I3_O)        0.124    17.731 r  u_soc_top/gen_cv32e40p_core.u_core/core_i/if_stage_i/alu_operand_a_ex_o[12]_i_2_comp/O
                         net (fo=2, routed)           0.478    18.209    u_soc_top/gen_cv32e40p_core.u_core/core_i/if_stage_i/alu_operand_a_ex_o[12]_i_2_n_0
    SLICE_X62Y184        LUT5 (Prop_lut5_I4_O)        0.124    18.333 r  u_soc_top/gen_cv32e40p_core.u_core/core_i/if_stage_i/mult_operand_a_ex_o[12]_i_1/O
                         net (fo=2, routed)           0.626    18.959    u_soc_top/gen_cv32e40p_core.u_core/core_i/id_stage_i/mult_operand_a_ex_o_reg[31]_0[12]
    SLICE_X63Y186        FDCE                                         r  u_soc_top/gen_cv32e40p_core.u_core/core_i/id_stage_i/mult_operand_a_ex_o_reg[12]/D
  -------------------------------------------------------------------    -------------------

                         (clock clk_50m_unbuf rise edge)
                                                     20.000    20.000 r  
    E3                                                0.000    20.000 r  clk_100m_i (IN)
                         net (fo=0)                   0.000    20.000    clk_100m_i
    E3                   IBUF (Prop_ibuf_I_O)         1.411    21.411 r  clk_100m_i_IBUF_inst/O
                         net (fo=1, routed)           1.162    22.573    clk_100m_i_IBUF
    MMCME2_ADV_X1Y2      MMCME2_ADV (Prop_mmcme2_adv_CLKIN1_CLKOUT0)
                                                     -7.324    15.249 r  u_mmcm/CLKOUT0
                         net (fo=1, routed)           1.639    16.888    clk_50m_unbuf
    BUFGCTRL_X0Y16       BUFG (Prop_bufg_I_O)         0.091    16.979 r  u_bufg_clk50/O
                         net (fo=7022, routed)        1.664    18.644    u_soc_top/gen_cv32e40p_core.u_core/core_i/id_stage_i/clk_50m
    SLICE_X63Y186        FDCE                                         r  u_soc_top/gen_cv32e40p_core.u_core/core_i/id_stage_i/mult_operand_a_ex_o_reg[12]/C
                         clock pessimism              0.497    19.141    
                         clock uncertainty           -0.089    19.052    
    SLICE_X63Y186        FDCE (Setup_fdce_C_D)       -0.062    18.990    u_soc_top/gen_cv32e40p_core.u_core/core_i/id_stage_i/mult_operand_a_ex_o_reg[12]
  -------------------------------------------------------------------
                         required time                         18.990    
                         arrival time                         -18.959    
  -------------------------------------------------------------------
                         slack                                  0.031    

Slack (MET) :             0.036ns  (required time - arrival time)
  Source:                 u_soc_top/gen_cv32e40p_core.u_core/core_i/id_stage_i/alu_operator_ex_o_reg[5]/C
                            (rising edge-triggered cell FDCE clocked by clk_50m_unbuf  {rise@0.000ns fall@10.000ns period=20.000ns})
  Destination:            u_soc_top/gen_cv32e40p_core.u_core/core_i/id_stage_i/mult_operand_b_ex_o_reg[22]/D
                            (rising edge-triggered cell FDCE clocked by clk_50m_unbuf  {rise@0.000ns fall@10.000ns period=20.000ns})
  Path Group:             clk_50m_unbuf
  Path Type:              Setup (Max at Slow Process Corner)
  Requirement:            20.000ns  (clk_50m_unbuf rise@20.000ns - clk_50m_unbuf rise@0.000ns)
  Data Path Delay:        19.794ns  (logic 6.165ns (31.146%)  route 13.629ns (68.854%))
  Logic Levels:           29  (CARRY4=9 LUT3=3 LUT5=3 LUT6=12 MUXF7=2)
  Clock Path Skew:        -0.036ns (DCD - SCD + CPR)
    Destination Clock Delay (DCD):    -1.350ns = ( 18.650 - 20.000 ) 
    Source Clock Delay      (SCD):    -0.746ns
    Clock Pessimism Removal (CPR):    0.569ns
  Clock Uncertainty:      0.089ns  ((TSJ^2 + DJ^2)^1/2) / 2 + PE
    Total System Jitter     (TSJ):    0.071ns
    Discrete Jitter          (DJ):    0.163ns
    Phase Error              (PE):    0.000ns

    Location             Delay type                Incr(ns)  Path(ns)    Netlist Resource(s)
  -------------------------------------------------------------------    -------------------
                         (clock clk_50m_unbuf rise edge)
                                                      0.000     0.000 r  
    E3                                                0.000     0.000 r  clk_100m_i (IN)
                         net (fo=0)                   0.000     0.000    clk_100m_i
    E3                   IBUF (Prop_ibuf_I_O)         1.482     1.482 r  clk_100m_i_IBUF_inst/O
                         net (fo=1, routed)           1.233     2.715    clk_100m_i_IBUF
    MMCME2_ADV_X1Y2      MMCME2_ADV (Prop_mmcme2_adv_CLKIN1_CLKOUT0)
                                                     -7.070    -4.355 r  u_mmcm/CLKOUT0
                         net (fo=1, routed)           1.719    -2.636    clk_50m_unbuf
    BUFGCTRL_X0Y16       BUFG (Prop_bufg_I_O)         0.096    -2.540 r  u_bufg_clk50/O
                         net (fo=7022, routed)        1.794    -0.746    u_soc_top/gen_cv32e40p_core.u_core/core_i/id_stage_i/clk_50m
    SLICE_X50Y185        FDCE                                         r  u_soc_top/gen_cv32e40p_core.u_core/core_i/id_stage_i/alu_operator_ex_o_reg[5]/C
  -------------------------------------------------------------------    -------------------
    SLICE_X50Y185        FDCE (Prop_fdce_C_Q)         0.518    -0.228 r  u_soc_top/gen_cv32e40p_core.u_core/core_i/id_stage_i/alu_operator_ex_o_reg[5]/Q
                         net (fo=59, routed)          0.503     0.275    u_soc_top/gen_cv32e40p_core.u_core/core_i/id_stage_i/register_file_i/i___147_i_34_0[5]
    SLICE_X51Y185        LUT3 (Prop_lut3_I0_O)        0.124     0.399 r  u_soc_top/gen_cv32e40p_core.u_core/core_i/id_stage_i/register_file_i/i___160_i_5/O
                         net (fo=96, routed)          0.905     1.304    u_soc_top/gen_cv32e40p_core.u_core/core_i/id_stage_i/register_file_i/i___160_i_5_n_0
    SLICE_X50Y184        LUT6 (Prop_lut6_I0_O)        0.124     1.428 r  u_soc_top/gen_cv32e40p_core.u_core/core_i/id_stage_i/register_file_i/BReg_DP[31]_i_128/O
                         net (fo=1, routed)           0.819     2.247    u_soc_top/gen_cv32e40p_core.u_core/core_i/id_stage_i/register_file_i/BReg_DP[31]_i_128_n_0
    SLICE_X49Y184        LUT6 (Prop_lut6_I5_O)        0.124     2.371 r  u_soc_top/gen_cv32e40p_core.u_core/core_i/id_stage_i/register_file_i/BReg_DP[31]_i_111/O
                         net (fo=2, routed)           0.465     2.836    u_soc_top/gen_cv32e40p_core.u_core/core_i/id_stage_i/register_file_i/ex_stage_i/alu_i/adder_op_a[0]
    SLICE_X48Y184        LUT5 (Prop_lut5_I0_O)        0.124     2.960 r  u_soc_top/gen_cv32e40p_core.u_core/core_i/id_stage_i/register_file_i/BReg_DP[31]_i_115/O
                         net (fo=1, routed)           0.000     2.960    u_soc_top/gen_cv32e40p_core.u_core/core_i/id_stage_i/register_file_i/BReg_DP[31]_i_115_n_0
    SLICE_X48Y184        CARRY4 (Prop_carry4_S[0]_CO[3])
                                                      0.532     3.492 r  u_soc_top/gen_cv32e40p_core.u_core/core_i/id_stage_i/register_file_i/BReg_DP_reg[31]_i_89/CO[3]
                         net (fo=1, routed)           0.000     3.492    u_soc_top/gen_cv32e40p_core.u_core/core_i/id_stage_i/register_file_i/BReg_DP_reg[31]_i_89_n_0
    SLICE_X48Y185        CARRY4 (Prop_carry4_CI_CO[3])
                                                      0.114     3.606 r  u_soc_top/gen_cv32e40p_core.u_core/core_i/id_stage_i/register_file_i/BReg_DP_reg[24]_i_12/CO[3]
                         net (fo=1, routed)           0.000     3.606    u_soc_top/gen_cv32e40p_core.u_core/core_i/id_stage_i/register_file_i/BReg_DP_reg[24]_i_12_n_0
    SLICE_X48Y186        CARRY4 (Prop_carry4_CI_O[1])
                                                      0.334     3.940 r  u_soc_top/gen_cv32e40p_core.u_core/core_i/id_stage_i/register_file_i/BReg_DP_reg[31]_i_98/O[1]
                         net (fo=3, routed)           0.950     4.890    u_soc_top/gen_cv32e40p_core.u_core/core_i/id_stage_i/register_file_i/ex_stage_i/alu_i/data0[8]
    SLICE_X49Y187        CARRY4 (Prop_carry4_DI[0]_CO[3])
                                                      0.705     5.595 r  u_soc_top/gen_cv32e40p_core.u_core/core_i/id_stage_i/register_file_i/BReg_DP_reg[31]_i_83/CO[3]
                         net (fo=1, routed)           0.000     5.595    u_soc_top/gen_cv32e40p_core.u_core/core_i/id_stage_i/register_file_i/BReg_DP_reg[31]_i_83_n_0
    SLICE_X49Y188        CARRY4 (Prop_carry4_CI_CO[3])
                                                      0.114     5.709 r  u_soc_top/gen_cv32e40p_core.u_core/core_i/id_stage_i/register_file_i/BReg_DP_reg[16]_i_11/CO[3]
                         net (fo=1, routed)           0.000     5.709    u_soc_top/gen_cv32e40p_core.u_core/core_i/id_stage_i/register_file_i/BReg_DP_reg[16]_i_11_n_0
    SLICE_X49Y189        CARRY4 (Prop_carry4_CI_CO[3])
                                                      0.114     5.823 r  u_soc_top/gen_cv32e40p_core.u_core/core_i/id_stage_i/register_file_i/BReg_DP_reg[31]_i_84/CO[3]
                         net (fo=1, routed)           0.000     5.823    u_soc_top/gen_cv32e40p_core.u_core/core_i/id_stage_i/register_file_i/BReg_DP_reg[31]_i_84_n_0
    SLICE_X49Y190        CARRY4 (Prop_carry4_CI_CO[3])
                                                      0.114     5.937 r  u_soc_top/gen_cv32e40p_core.u_core/core_i/id_stage_i/register_file_i/BReg_DP_reg[8]_i_8/CO[3]
                         net (fo=1, routed)           0.000     5.937    u_soc_top/gen_cv32e40p_core.u_core/core_i/id_stage_i/register_file_i/BReg_DP_reg[8]_i_8_n_0
    SLICE_X49Y191        CARRY4 (Prop_carry4_CI_CO[3])
                                                      0.114     6.051 r  u_soc_top/gen_cv32e40p_core.u_core/core_i/id_stage_i/register_file_i/BReg_DP_reg[31]_i_82/CO[3]
                         net (fo=1, routed)           0.000     6.051    u_soc_top/gen_cv32e40p_core.u_core/core_i/id_stage_i/register_file_i/BReg_DP_reg[31]_i_82_n_0
    SLICE_X49Y192        CARRY4 (Prop_carry4_CI_O[3])
                                                      0.313     6.364 r  u_soc_top/gen_cv32e40p_core.u_core/core_i/id_stage_i/register_file_i/BReg_DP_reg[0]_i_8/O[3]
                         net (fo=2, routed)           0.303     6.667    u_soc_top/gen_cv32e40p_core.u_core/core_i/id_stage_i/register_file_i/ex_stage_i/alu_i/adder_round_result[31]
    SLICE_X47Y192        LUT6 (Prop_lut6_I2_O)        0.306     6.973 r  u_soc_top/gen_cv32e40p_core.u_core/core_i/id_stage_i/register_file_i/BReg_DP[0]_i_6/O
                         net (fo=61, routed)          0.620     7.593    u_soc_top/gen_cv32e40p_core.u_core/core_i/id_stage_i/register_file_i/shift_right_result126_out
    SLICE_X46Y193        LUT3 (Prop_lut3_I2_O)        0.124     7.717 r  u_soc_top/gen_cv32e40p_core.u_core/core_i/id_stage_i/register_file_i/BReg_DP[19]_i_9/O
                         net (fo=3, routed)           0.836     8.553    u_soc_top/gen_cv32e40p_core.u_core/core_i/id_stage_i/register_file_i/ex_stage_i/alu_i/shift_op_a_32[43]
    SLICE_X47Y193        LUT6 (Prop_lut6_I0_O)        0.124     8.677 r  u_soc_top/gen_cv32e40p_core.u_core/core_i/id_stage_i/register_file_i/BReg_DP[19]_i_7/O
                         net (fo=4, routed)           1.007     9.683    u_soc_top/gen_cv32e40p_core.u_core/core_i/id_stage_i/register_file_i/BReg_DP[19]_i_7_n_0
    SLICE_X48Y195        LUT6 (Prop_lut6_I1_O)        0.124     9.807 r  u_soc_top/gen_cv32e40p_core.u_core/core_i/id_stage_i/register_file_i/BReg_DP[15]_i_4/O
                         net (fo=4, routed)           0.608    10.416    u_soc_top/gen_cv32e40p_core.u_core/core_i/id_stage_i/register_file_i/alu_clpx_shift_ex_o_reg[1]_11
    SLICE_X47Y195        LUT3 (Prop_lut3_I0_O)        0.124    10.540 r  u_soc_top/gen_cv32e40p_core.u_core/core_i/id_stage_i/register_file_i/i___91__15_i_38/O
                         net (fo=2, routed)           0.588    11.127    u_soc_top/gen_cv32e40p_core.u_core/core_i/id_stage_i/register_file_i/i___91__15_i_38_n_0
    SLICE_X49Y194        LUT5 (Prop_lut5_I4_O)        0.124    11.251 r  u_soc_top/gen_cv32e40p_core.u_core/core_i/id_stage_i/register_file_i/i___91__15_i_30/O
                         net (fo=6, routed)           0.612    11.864    u_soc_top/gen_cv32e40p_core.u_core/core_i/id_stage_i/register_file_i/ex_stage_i/alu_i/radix_2_rev[15]
    SLICE_X49Y195        LUT6 (Prop_lut6_I5_O)        0.124    11.988 r  u_soc_top/gen_cv32e40p_core.u_core/core_i/id_stage_i/register_file_i/i___28_i_99/O
                         net (fo=1, routed)           0.000    11.988    u_soc_top/gen_cv32e40p_core.u_core/core_i/id_stage_i/register_file_i/i___28_i_99_n_0
    SLICE_X49Y195        MUXF7 (Prop_muxf7_I0_O)      0.212    12.200 r  u_soc_top/gen_cv32e40p_core.u_core/core_i/id_stage_i/register_file_i/i___28_i_93/O
                         net (fo=1, routed)           0.576    12.775    u_soc_top/gen_cv32e40p_core.u_core/core_i/id_stage_i/register_file_i/i___28_i_93_n_0
    SLICE_X50Y193        LUT6 (Prop_lut6_I2_O)        0.299    13.074 r  u_soc_top/gen_cv32e40p_core.u_core/core_i/id_stage_i/register_file_i/i___28_i_86/O
                         net (fo=60, routed)          1.105    14.179    u_soc_top/gen_cv32e40p_core.u_core/core_i/id_stage_i/register_file_i/ex_stage_i/alu_i/extract_sign
    SLICE_X43Y189        LUT6 (Prop_lut6_I3_O)        0.124    14.303 r  u_soc_top/gen_cv32e40p_core.u_core/core_i/id_stage_i/register_file_i/i___91__27_i_33/O
                         net (fo=1, routed)           0.459    14.762    u_soc_top/gen_cv32e40p_core.u_core/core_i/id_stage_i/register_file_i/ex_stage_i/alu_i/bextins_result[6]
    SLICE_X43Y188        LUT6 (Prop_lut6_I5_O)        0.124    14.886 r  u_soc_top/gen_cv32e40p_core.u_core/core_i/id_stage_i/register_file_i/i___91__27_i_26/O
                         net (fo=1, routed)           0.000    14.886    u_soc_top/gen_cv32e40p_core.u_core/core_i/id_stage_i/register_file_i/i___91__27_i_26_n_0
    SLICE_X43Y188        MUXF7 (Prop_muxf7_I1_O)      0.217    15.103 r  u_soc_top/gen_cv32e40p_core.u_core/core_i/id_stage_i/register_file_i/i___91__27_i_20/O
                         net (fo=1, routed)           0.296    15.399    u_soc_top/gen_cv32e40p_core.u_core/core_i/id_stage_i/register_file_i/i___91__27_i_20_n_0
    SLICE_X43Y186        LUT6 (Prop_lut6_I5_O)        0.299    15.698 r  u_soc_top/gen_cv32e40p_core.u_core/core_i/id_stage_i/register_file_i/i___91__27_i_8/O
                         net (fo=1, routed)           0.459    16.157    u_soc_top/gen_cv32e40p_core.u_core/core_i/id_stage_i/gen_hwloop_regs.hwloop_regs_i/alu_result[6]
    SLICE_X38Y185        LUT6 (Prop_lut6_I3_O)        0.124    16.281 r  u_soc_top/gen_cv32e40p_core.u_core/core_i/id_stage_i/gen_hwloop_regs.hwloop_regs_i/i___91__27_i_3/O
                         net (fo=39, routed)          1.168    17.449    u_soc_top/gen_cv32e40p_core.u_core/core_i/if_stage_i/csr_access_ex_o_reg_7_alias
    SLICE_X40Y184        LUT6 (Prop_lut6_I3_O)        0.124    17.573 r  u_soc_top/gen_cv32e40p_core.u_core/core_i/if_stage_i/mult_operand_b_ex_o[6]_i_1_comp/O
                         net (fo=8, routed)           1.007    18.580    u_soc_top/gen_cv32e40p_core.u_core/core_i/if_stage_i/operand_b[6]
    SLICE_X43Y188        LUT5 (Prop_lut5_I0_O)        0.124    18.704 r  u_soc_top/gen_cv32e40p_core.u_core/core_i/if_stage_i/mult_operand_b_ex_o[22]_i_1/O
                         net (fo=2, routed)           0.344    19.048    u_soc_top/gen_cv32e40p_core.u_core/core_i/id_stage_i/mult_operand_b_ex_o_reg[31]_1[14]
    SLICE_X42Y188        FDCE                                         r  u_soc_top/gen_cv32e40p_core.u_core/core_i/id_stage_i/mult_operand_b_ex_o_reg[22]/D
  -------------------------------------------------------------------    -------------------

                         (clock clk_50m_unbuf rise edge)
                                                     20.000    20.000 r  
    E3                                                0.000    20.000 r  clk_100m_i (IN)
                         net (fo=0)                   0.000    20.000    clk_100m_i
    E3                   IBUF (Prop_ibuf_I_O)         1.411    21.411 r  clk_100m_i_IBUF_inst/O
                         net (fo=1, routed)           1.162    22.573    clk_100m_i_IBUF
    MMCME2_ADV_X1Y2      MMCME2_ADV (Prop_mmcme2_adv_CLKIN1_CLKOUT0)
                                                     -7.324    15.249 r  u_mmcm/CLKOUT0
                         net (fo=1, routed)           1.639    16.888    clk_50m_unbuf
    BUFGCTRL_X0Y16       BUFG (Prop_bufg_I_O)         0.091    16.979 r  u_bufg_clk50/O
                         net (fo=7022, routed)        1.670    18.650    u_soc_top/gen_cv32e40p_core.u_core/core_i/id_stage_i/clk_50m
    SLICE_X42Y188        FDCE                                         r  u_soc_top/gen_cv32e40p_core.u_core/core_i/id_stage_i/mult_operand_b_ex_o_reg[22]/C
                         clock pessimism              0.569    19.218    
                         clock uncertainty           -0.089    19.130    
    SLICE_X42Y188        FDCE (Setup_fdce_C_D)       -0.045    19.085    u_soc_top/gen_cv32e40p_core.u_core/core_i/id_stage_i/mult_operand_b_ex_o_reg[22]
  -------------------------------------------------------------------
                         required time                         19.085    
                         arrival time                         -19.048    
  -------------------------------------------------------------------
                         slack                                  0.036    

Slack (MET) :             0.040ns  (required time - arrival time)
  Source:                 u_soc_top/gen_cv32e40p_core.u_core/core_i/id_stage_i/alu_operator_ex_o_reg[5]/C
                            (rising edge-triggered cell FDCE clocked by clk_50m_unbuf  {rise@0.000ns fall@10.000ns period=20.000ns})
  Destination:            u_soc_top/gen_cv32e40p_core.u_core/core_i/id_stage_i/mult_dot_op_b_ex_o_reg[22]/D
                            (rising edge-triggered cell FDCE clocked by clk_50m_unbuf  {rise@0.000ns fall@10.000ns period=20.000ns})
  Path Group:             clk_50m_unbuf
  Path Type:              Setup (Max at Slow Process Corner)
  Requirement:            20.000ns  (clk_50m_unbuf rise@20.000ns - clk_50m_unbuf rise@0.000ns)
  Data Path Delay:        19.793ns  (logic 6.165ns (31.147%)  route 13.628ns (68.853%))
  Logic Levels:           29  (CARRY4=9 LUT3=3 LUT5=3 LUT6=12 MUXF7=2)
  Clock Path Skew:        -0.038ns (DCD - SCD + CPR)
    Destination Clock Delay (DCD):    -1.352ns = ( 18.648 - 20.000 ) 
    Source Clock Delay      (SCD):    -0.746ns
    Clock Pessimism Removal (CPR):    0.569ns
  Clock Uncertainty:      0.089ns  ((TSJ^2 + DJ^2)^1/2) / 2 + PE
    Total System Jitter     (TSJ):    0.071ns
    Discrete Jitter          (DJ):    0.163ns
    Phase Error              (PE):    0.000ns

    Location             Delay type                Incr(ns)  Path(ns)    Netlist Resource(s)
  -------------------------------------------------------------------    -------------------
                         (clock clk_50m_unbuf rise edge)
                                                      0.000     0.000 r  
    E3                                                0.000     0.000 r  clk_100m_i (IN)
                         net (fo=0)                   0.000     0.000    clk_100m_i
    E3                   IBUF (Prop_ibuf_I_O)         1.482     1.482 r  clk_100m_i_IBUF_inst/O
                         net (fo=1, routed)           1.233     2.715    clk_100m_i_IBUF
    MMCME2_ADV_X1Y2      MMCME2_ADV (Prop_mmcme2_adv_CLKIN1_CLKOUT0)
                                                     -7.070    -4.355 r  u_mmcm/CLKOUT0
                         net (fo=1, routed)           1.719    -2.636    clk_50m_unbuf
    BUFGCTRL_X0Y16       BUFG (Prop_bufg_I_O)         0.096    -2.540 r  u_bufg_clk50/O
                         net (fo=7022, routed)        1.794    -0.746    u_soc_top/gen_cv32e40p_core.u_core/core_i/id_stage_i/clk_50m
    SLICE_X50Y185        FDCE                                         r  u_soc_top/gen_cv32e40p_core.u_core/core_i/id_stage_i/alu_operator_ex_o_reg[5]/C
  -------------------------------------------------------------------    -------------------
    SLICE_X50Y185        FDCE (Prop_fdce_C_Q)         0.518    -0.228 r  u_soc_top/gen_cv32e40p_core.u_core/core_i/id_stage_i/alu_operator_ex_o_reg[5]/Q
                         net (fo=59, routed)          0.503     0.275    u_soc_top/gen_cv32e40p_core.u_core/core_i/id_stage_i/register_file_i/i___147_i_34_0[5]
    SLICE_X51Y185        LUT3 (Prop_lut3_I0_O)        0.124     0.399 r  u_soc_top/gen_cv32e40p_core.u_core/core_i/id_stage_i/register_file_i/i___160_i_5/O
                         net (fo=96, routed)          0.905     1.304    u_soc_top/gen_cv32e40p_core.u_core/core_i/id_stage_i/register_file_i/i___160_i_5_n_0
    SLICE_X50Y184        LUT6 (Prop_lut6_I0_O)        0.124     1.428 r  u_soc_top/gen_cv32e40p_core.u_core/core_i/id_stage_i/register_file_i/BReg_DP[31]_i_128/O
                         net (fo=1, routed)           0.819     2.247    u_soc_top/gen_cv32e40p_core.u_core/core_i/id_stage_i/register_file_i/BReg_DP[31]_i_128_n_0
    SLICE_X49Y184        LUT6 (Prop_lut6_I5_O)        0.124     2.371 r  u_soc_top/gen_cv32e40p_core.u_core/core_i/id_stage_i/register_file_i/BReg_DP[31]_i_111/O
                         net (fo=2, routed)           0.465     2.836    u_soc_top/gen_cv32e40p_core.u_core/core_i/id_stage_i/register_file_i/ex_stage_i/alu_i/adder_op_a[0]
    SLICE_X48Y184        LUT5 (Prop_lut5_I0_O)        0.124     2.960 r  u_soc_top/gen_cv32e40p_core.u_core/core_i/id_stage_i/register_file_i/BReg_DP[31]_i_115/O
                         net (fo=1, routed)           0.000     2.960    u_soc_top/gen_cv32e40p_core.u_core/core_i/id_stage_i/register_file_i/BReg_DP[31]_i_115_n_0
    SLICE_X48Y184        CARRY4 (Prop_carry4_S[0]_CO[3])
                                                      0.532     3.492 r  u_soc_top/gen_cv32e40p_core.u_core/core_i/id_stage_i/register_file_i/BReg_DP_reg[31]_i_89/CO[3]
                         net (fo=1, routed)           0.000     3.492    u_soc_top/gen_cv32e40p_core.u_core/core_i/id_stage_i/register_file_i/BReg_DP_reg[31]_i_89_n_0
    SLICE_X48Y185        CARRY4 (Prop_carry4_CI_CO[3])
                                                      0.114     3.606 r  u_soc_top/gen_cv32e40p_core.u_core/core_i/id_stage_i/register_file_i/BReg_DP_reg[24]_i_12/CO[3]
                         net (fo=1, routed)           0.000     3.606    u_soc_top/gen_cv32e40p_core.u_core/core_i/id_stage_i/register_file_i/BReg_DP_reg[24]_i_12_n_0
    SLICE_X48Y186        CARRY4 (Prop_carry4_CI_O[1])
                                                      0.334     3.940 r  u_soc_top/gen_cv32e40p_core.u_core/core_i/id_stage_i/register_file_i/BReg_DP_reg[31]_i_98/O[1]
                         net (fo=3, routed)           0.950     4.890    u_soc_top/gen_cv32e40p_core.u_core/core_i/id_stage_i/register_file_i/ex_stage_i/alu_i/data0[8]
    SLICE_X49Y187        CARRY4 (Prop_carry4_DI[0]_CO[3])
                                                      0.705     5.595 r  u_soc_top/gen_cv32e40p_core.u_core/core_i/id_stage_i/register_file_i/BReg_DP_reg[31]_i_83/CO[3]
                         net (fo=1, routed)           0.000     5.595    u_soc_top/gen_cv32e40p_core.u_core/core_i/id_stage_i/register_file_i/BReg_DP_reg[31]_i_83_n_0
    SLICE_X49Y188        CARRY4 (Prop_carry4_CI_CO[3])
                                                      0.114     5.709 r  u_soc_top/gen_cv32e40p_core.u_core/core_i/id_stage_i/register_file_i/BReg_DP_reg[16]_i_11/CO[3]
                         net (fo=1, routed)           0.000     5.709    u_soc_top/gen_cv32e40p_core.u_core/core_i/id_stage_i/register_file_i/BReg_DP_reg[16]_i_11_n_0
    SLICE_X49Y189        CARRY4 (Prop_carry4_CI_CO[3])
                                                      0.114     5.823 r  u_soc_top/gen_cv32e40p_core.u_core/core_i/id_stage_i/register_file_i/BReg_DP_reg[31]_i_84/CO[3]
                         net (fo=1, routed)           0.000     5.823    u_soc_top/gen_cv32e40p_core.u_core/core_i/id_stage_i/register_file_i/BReg_DP_reg[31]_i_84_n_0
    SLICE_X49Y190        CARRY4 (Prop_carry4_CI_CO[3])
                                                      0.114     5.937 r  u_soc_top/gen_cv32e40p_core.u_core/core_i/id_stage_i/register_file_i/BReg_DP_reg[8]_i_8/CO[3]
                         net (fo=1, routed)           0.000     5.937    u_soc_top/gen_cv32e40p_core.u_core/core_i/id_stage_i/register_file_i/BReg_DP_reg[8]_i_8_n_0
    SLICE_X49Y191        CARRY4 (Prop_carry4_CI_CO[3])
                                                      0.114     6.051 r  u_soc_top/gen_cv32e40p_core.u_core/core_i/id_stage_i/register_file_i/BReg_DP_reg[31]_i_82/CO[3]
                         net (fo=1, routed)           0.000     6.051    u_soc_top/gen_cv32e40p_core.u_core/core_i/id_stage_i/register_file_i/BReg_DP_reg[31]_i_82_n_0
    SLICE_X49Y192        CARRY4 (Prop_carry4_CI_O[3])
                                                      0.313     6.364 r  u_soc_top/gen_cv32e40p_core.u_core/core_i/id_stage_i/register_file_i/BReg_DP_reg[0]_i_8/O[3]
                         net (fo=2, routed)           0.303     6.667    u_soc_top/gen_cv32e40p_core.u_core/core_i/id_stage_i/register_file_i/ex_stage_i/alu_i/adder_round_result[31]
    SLICE_X47Y192        LUT6 (Prop_lut6_I2_O)        0.306     6.973 r  u_soc_top/gen_cv32e40p_core.u_core/core_i/id_stage_i/register_file_i/BReg_DP[0]_i_6/O
                         net (fo=61, routed)          0.620     7.593    u_soc_top/gen_cv32e40p_core.u_core/core_i/id_stage_i/register_file_i/shift_right_result126_out
    SLICE_X46Y193        LUT3 (Prop_lut3_I2_O)        0.124     7.717 r  u_soc_top/gen_cv32e40p_core.u_core/core_i/id_stage_i/register_file_i/BReg_DP[19]_i_9/O
                         net (fo=3, routed)           0.836     8.553    u_soc_top/gen_cv32e40p_core.u_core/core_i/id_stage_i/register_file_i/ex_stage_i/alu_i/shift_op_a_32[43]
    SLICE_X47Y193        LUT6 (Prop_lut6_I0_O)        0.124     8.677 r  u_soc_top/gen_cv32e40p_core.u_core/core_i/id_stage_i/register_file_i/BReg_DP[19]_i_7/O
                         net (fo=4, routed)           1.007     9.683    u_soc_top/gen_cv32e40p_core.u_core/core_i/id_stage_i/register_file_i/BReg_DP[19]_i_7_n_0
    SLICE_X48Y195        LUT6 (Prop_lut6_I1_O)        0.124     9.807 r  u_soc_top/gen_cv32e40p_core.u_core/core_i/id_stage_i/register_file_i/BReg_DP[15]_i_4/O
                         net (fo=4, routed)           0.608    10.416    u_soc_top/gen_cv32e40p_core.u_core/core_i/id_stage_i/register_file_i/alu_clpx_shift_ex_o_reg[1]_11
    SLICE_X47Y195        LUT3 (Prop_lut3_I0_O)        0.124    10.540 r  u_soc_top/gen_cv32e40p_core.u_core/core_i/id_stage_i/register_file_i/i___91__15_i_38/O
                         net (fo=2, routed)           0.588    11.127    u_soc_top/gen_cv32e40p_core.u_core/core_i/id_stage_i/register_file_i/i___91__15_i_38_n_0
    SLICE_X49Y194        LUT5 (Prop_lut5_I4_O)        0.124    11.251 r  u_soc_top/gen_cv32e40p_core.u_core/core_i/id_stage_i/register_file_i/i___91__15_i_30/O
                         net (fo=6, routed)           0.612    11.864    u_soc_top/gen_cv32e40p_core.u_core/core_i/id_stage_i/register_file_i/ex_stage_i/alu_i/radix_2_rev[15]
    SLICE_X49Y195        LUT6 (Prop_lut6_I5_O)        0.124    11.988 r  u_soc_top/gen_cv32e40p_core.u_core/core_i/id_stage_i/register_file_i/i___28_i_99/O
                         net (fo=1, routed)           0.000    11.988    u_soc_top/gen_cv32e40p_core.u_core/core_i/id_stage_i/register_file_i/i___28_i_99_n_0
    SLICE_X49Y195        MUXF7 (Prop_muxf7_I0_O)      0.212    12.200 r  u_soc_top/gen_cv32e40p_core.u_core/core_i/id_stage_i/register_file_i/i___28_i_93/O
                         net (fo=1, routed)           0.576    12.775    u_soc_top/gen_cv32e40p_core.u_core/core_i/id_stage_i/register_file_i/i___28_i_93_n_0
    SLICE_X50Y193        LUT6 (Prop_lut6_I2_O)        0.299    13.074 r  u_soc_top/gen_cv32e40p_core.u_core/core_i/id_stage_i/register_file_i/i___28_i_86/O
                         net (fo=60, routed)          1.105    14.179    u_soc_top/gen_cv32e40p_core.u_core/core_i/id_stage_i/register_file_i/ex_stage_i/alu_i/extract_sign
    SLICE_X43Y189        LUT6 (Prop_lut6_I3_O)        0.124    14.303 r  u_soc_top/gen_cv32e40p_core.u_core/core_i/id_stage_i/register_file_i/i___91__27_i_33/O
                         net (fo=1, routed)           0.459    14.762    u_soc_top/gen_cv32e40p_core.u_core/core_i/id_stage_i/register_file_i/ex_stage_i/alu_i/bextins_result[6]
    SLICE_X43Y188        LUT6 (Prop_lut6_I5_O)        0.124    14.886 r  u_soc_top/gen_cv32e40p_core.u_core/core_i/id_stage_i/register_file_i/i___91__27_i_26/O
                         net (fo=1, routed)           0.000    14.886    u_soc_top/gen_cv32e40p_core.u_core/core_i/id_stage_i/register_file_i/i___91__27_i_26_n_0
    SLICE_X43Y188        MUXF7 (Prop_muxf7_I1_O)      0.217    15.103 r  u_soc_top/gen_cv32e40p_core.u_core/core_i/id_stage_i/register_file_i/i___91__27_i_20/O
                         net (fo=1, routed)           0.296    15.399    u_soc_top/gen_cv32e40p_core.u_core/core_i/id_stage_i/register_file_i/i___91__27_i_20_n_0
    SLICE_X43Y186        LUT6 (Prop_lut6_I5_O)        0.299    15.698 r  u_soc_top/gen_cv32e40p_core.u_core/core_i/id_stage_i/register_file_i/i___91__27_i_8/O
                         net (fo=1, routed)           0.459    16.157    u_soc_top/gen_cv32e40p_core.u_core/core_i/id_stage_i/gen_hwloop_regs.hwloop_regs_i/alu_result[6]
    SLICE_X38Y185        LUT6 (Prop_lut6_I3_O)        0.124    16.281 r  u_soc_top/gen_cv32e40p_core.u_core/core_i/id_stage_i/gen_hwloop_regs.hwloop_regs_i/i___91__27_i_3/O
                         net (fo=39, routed)          1.168    17.449    u_soc_top/gen_cv32e40p_core.u_core/core_i/if_stage_i/csr_access_ex_o_reg_7_alias
    SLICE_X40Y184        LUT6 (Prop_lut6_I3_O)        0.124    17.573 r  u_soc_top/gen_cv32e40p_core.u_core/core_i/if_stage_i/mult_operand_b_ex_o[6]_i_1_comp/O
                         net (fo=8, routed)           1.007    18.580    u_soc_top/gen_cv32e40p_core.u_core/core_i/if_stage_i/operand_b[6]
    SLICE_X43Y188        LUT5 (Prop_lut5_I0_O)        0.124    18.704 r  u_soc_top/gen_cv32e40p_core.u_core/core_i/if_stage_i/mult_operand_b_ex_o[22]_i_1/O
                         net (fo=2, routed)           0.343    19.047    u_soc_top/gen_cv32e40p_core.u_core/core_i/id_stage_i/mult_operand_b_ex_o_reg[31]_1[14]
    SLICE_X43Y186        FDCE                                         r  u_soc_top/gen_cv32e40p_core.u_core/core_i/id_stage_i/mult_dot_op_b_ex_o_reg[22]/D
  -------------------------------------------------------------------    -------------------

                         (clock clk_50m_unbuf rise edge)
                                                     20.000    20.000 r  
    E3                                                0.000    20.000 r  clk_100m_i (IN)
                         net (fo=0)                   0.000    20.000    clk_100m_i
    E3                   IBUF (Prop_ibuf_I_O)         1.411    21.411 r  clk_100m_i_IBUF_inst/O
                         net (fo=1, routed)           1.162    22.573    clk_100m_i_IBUF
    MMCME2_ADV_X1Y2      MMCME2_ADV (Prop_mmcme2_adv_CLKIN1_CLKOUT0)
                                                     -7.324    15.249 r  u_mmcm/CLKOUT0
                         net (fo=1, routed)           1.639    16.888    clk_50m_unbuf
    BUFGCTRL_X0Y16       BUFG (Prop_bufg_I_O)         0.091    16.979 r  u_bufg_clk50/O
                         net (fo=7022, routed)        1.668    18.648    u_soc_top/gen_cv32e40p_core.u_core/core_i/id_stage_i/clk_50m
    SLICE_X43Y186        FDCE                                         r  u_soc_top/gen_cv32e40p_core.u_core/core_i/id_stage_i/mult_dot_op_b_ex_o_reg[22]/C
                         clock pessimism              0.569    19.216    
                         clock uncertainty           -0.089    19.128    
    SLICE_X43Y186        FDCE (Setup_fdce_C_D)       -0.040    19.088    u_soc_top/gen_cv32e40p_core.u_core/core_i/id_stage_i/mult_dot_op_b_ex_o_reg[22]
  -------------------------------------------------------------------
                         required time                         19.088    
                         arrival time                         -19.047    
  -------------------------------------------------------------------
                         slack                                  0.040    

Slack (MET) :             0.041ns  (required time - arrival time)
  Source:                 u_soc_top/gen_cv32e40p_core.u_core/core_i/id_stage_i/alu_operator_ex_o_reg[5]/C
                            (rising edge-triggered cell FDCE clocked by clk_50m_unbuf  {rise@0.000ns fall@10.000ns period=20.000ns})
  Destination:            u_soc_top/gen_cv32e40p_core.u_core/core_i/id_stage_i/mult_operand_b_ex_o_reg[28]/D
                            (rising edge-triggered cell FDCE clocked by clk_50m_unbuf  {rise@0.000ns fall@10.000ns period=20.000ns})
  Path Group:             clk_50m_unbuf
  Path Type:              Setup (Max at Slow Process Corner)
  Requirement:            20.000ns  (clk_50m_unbuf rise@20.000ns - clk_50m_unbuf rise@0.000ns)
  Data Path Delay:        19.709ns  (logic 6.440ns (32.675%)  route 13.269ns (67.325%))
  Logic Levels:           31  (CARRY4=9 LUT3=3 LUT5=2 LUT6=15 MUXF7=2)
  Clock Path Skew:        -0.121ns (DCD - SCD + CPR)
    Destination Clock Delay (DCD):    -1.364ns = ( 18.636 - 20.000 ) 
    Source Clock Delay      (SCD):    -0.746ns
    Clock Pessimism Removal (CPR):    0.497ns
  Clock Uncertainty:      0.089ns  ((TSJ^2 + DJ^2)^1/2) / 2 + PE
    Total System Jitter     (TSJ):    0.071ns
    Discrete Jitter          (DJ):    0.163ns
    Phase Error              (PE):    0.000ns

    Location             Delay type                Incr(ns)  Path(ns)    Netlist Resource(s)
  -------------------------------------------------------------------    -------------------
                         (clock clk_50m_unbuf rise edge)
                                                      0.000     0.000 r  
    E3                                                0.000     0.000 r  clk_100m_i (IN)
                         net (fo=0)                   0.000     0.000    clk_100m_i
    E3                   IBUF (Prop_ibuf_I_O)         1.482     1.482 r  clk_100m_i_IBUF_inst/O
                         net (fo=1, routed)           1.233     2.715    clk_100m_i_IBUF
    MMCME2_ADV_X1Y2      MMCME2_ADV (Prop_mmcme2_adv_CLKIN1_CLKOUT0)
                                                     -7.070    -4.355 r  u_mmcm/CLKOUT0
                         net (fo=1, routed)           1.719    -2.636    clk_50m_unbuf
    BUFGCTRL_X0Y16       BUFG (Prop_bufg_I_O)         0.096    -2.540 r  u_bufg_clk50/O
                         net (fo=7022, routed)        1.794    -0.746    u_soc_top/gen_cv32e40p_core.u_core/core_i/id_stage_i/clk_50m
    SLICE_X50Y185        FDCE                                         r  u_soc_top/gen_cv32e40p_core.u_core/core_i/id_stage_i/alu_operator_ex_o_reg[5]/C
  -------------------------------------------------------------------    -------------------
    SLICE_X50Y185        FDCE (Prop_fdce_C_Q)         0.518    -0.228 r  u_soc_top/gen_cv32e40p_core.u_core/core_i/id_stage_i/alu_operator_ex_o_reg[5]/Q
                         net (fo=59, routed)          0.503     0.275    u_soc_top/gen_cv32e40p_core.u_core/core_i/id_stage_i/register_file_i/i___147_i_34_0[5]
    SLICE_X51Y185        LUT3 (Prop_lut3_I0_O)        0.124     0.399 r  u_soc_top/gen_cv32e40p_core.u_core/core_i/id_stage_i/register_file_i/i___160_i_5/O
                         net (fo=96, routed)          0.905     1.304    u_soc_top/gen_cv32e40p_core.u_core/core_i/id_stage_i/register_file_i/i___160_i_5_n_0
    SLICE_X50Y184        LUT6 (Prop_lut6_I0_O)        0.124     1.428 r  u_soc_top/gen_cv32e40p_core.u_core/core_i/id_stage_i/register_file_i/BReg_DP[31]_i_128/O
                         net (fo=1, routed)           0.819     2.247    u_soc_top/gen_cv32e40p_core.u_core/core_i/id_stage_i/register_file_i/BReg_DP[31]_i_128_n_0
    SLICE_X49Y184        LUT6 (Prop_lut6_I5_O)        0.124     2.371 r  u_soc_top/gen_cv32e40p_core.u_core/core_i/id_stage_i/register_file_i/BReg_DP[31]_i_111/O
                         net (fo=2, routed)           0.465     2.836    u_soc_top/gen_cv32e40p_core.u_core/core_i/id_stage_i/register_file_i/ex_stage_i/alu_i/adder_op_a[0]
    SLICE_X48Y184        LUT5 (Prop_lut5_I0_O)        0.124     2.960 r  u_soc_top/gen_cv32e40p_core.u_core/core_i/id_stage_i/register_file_i/BReg_DP[31]_i_115/O
                         net (fo=1, routed)           0.000     2.960    u_soc_top/gen_cv32e40p_core.u_core/core_i/id_stage_i/register_file_i/BReg_DP[31]_i_115_n_0
    SLICE_X48Y184        CARRY4 (Prop_carry4_S[0]_CO[3])
                                                      0.532     3.492 r  u_soc_top/gen_cv32e40p_core.u_core/core_i/id_stage_i/register_file_i/BReg_DP_reg[31]_i_89/CO[3]
                         net (fo=1, routed)           0.000     3.492    u_soc_top/gen_cv32e40p_core.u_core/core_i/id_stage_i/register_file_i/BReg_DP_reg[31]_i_89_n_0
    SLICE_X48Y185        CARRY4 (Prop_carry4_CI_CO[3])
                                                      0.114     3.606 r  u_soc_top/gen_cv32e40p_core.u_core/core_i/id_stage_i/register_file_i/BReg_DP_reg[24]_i_12/CO[3]
                         net (fo=1, routed)           0.000     3.606    u_soc_top/gen_cv32e40p_core.u_core/core_i/id_stage_i/register_file_i/BReg_DP_reg[24]_i_12_n_0
    SLICE_X48Y186        CARRY4 (Prop_carry4_CI_O[1])
                                                      0.334     3.940 r  u_soc_top/gen_cv32e40p_core.u_core/core_i/id_stage_i/register_file_i/BReg_DP_reg[31]_i_98/O[1]
                         net (fo=3, routed)           0.950     4.890    u_soc_top/gen_cv32e40p_core.u_core/core_i/id_stage_i/register_file_i/ex_stage_i/alu_i/data0[8]
    SLICE_X49Y187        CARRY4 (Prop_carry4_DI[0]_CO[3])
                                                      0.705     5.595 r  u_soc_top/gen_cv32e40p_core.u_core/core_i/id_stage_i/register_file_i/BReg_DP_reg[31]_i_83/CO[3]
                         net (fo=1, routed)           0.000     5.595    u_soc_top/gen_cv32e40p_core.u_core/core_i/id_stage_i/register_file_i/BReg_DP_reg[31]_i_83_n_0
    SLICE_X49Y188        CARRY4 (Prop_carry4_CI_CO[3])
                                                      0.114     5.709 r  u_soc_top/gen_cv32e40p_core.u_core/core_i/id_stage_i/register_file_i/BReg_DP_reg[16]_i_11/CO[3]
                         net (fo=1, routed)           0.000     5.709    u_soc_top/gen_cv32e40p_core.u_core/core_i/id_stage_i/register_file_i/BReg_DP_reg[16]_i_11_n_0
    SLICE_X49Y189        CARRY4 (Prop_carry4_CI_CO[3])
                                                      0.114     5.823 r  u_soc_top/gen_cv32e40p_core.u_core/core_i/id_stage_i/register_file_i/BReg_DP_reg[31]_i_84/CO[3]
                         net (fo=1, routed)           0.000     5.823    u_soc_top/gen_cv32e40p_core.u_core/core_i/id_stage_i/register_file_i/BReg_DP_reg[31]_i_84_n_0
    SLICE_X49Y190        CARRY4 (Prop_carry4_CI_CO[3])
                                                      0.114     5.937 r  u_soc_top/gen_cv32e40p_core.u_core/core_i/id_stage_i/register_file_i/BReg_DP_reg[8]_i_8/CO[3]
                         net (fo=1, routed)           0.000     5.937    u_soc_top/gen_cv32e40p_core.u_core/core_i/id_stage_i/register_file_i/BReg_DP_reg[8]_i_8_n_0
    SLICE_X49Y191        CARRY4 (Prop_carry4_CI_CO[3])
                                                      0.114     6.051 r  u_soc_top/gen_cv32e40p_core.u_core/core_i/id_stage_i/register_file_i/BReg_DP_reg[31]_i_82/CO[3]
                         net (fo=1, routed)           0.000     6.051    u_soc_top/gen_cv32e40p_core.u_core/core_i/id_stage_i/register_file_i/BReg_DP_reg[31]_i_82_n_0
    SLICE_X49Y192        CARRY4 (Prop_carry4_CI_O[3])
                                                      0.313     6.364 r  u_soc_top/gen_cv32e40p_core.u_core/core_i/id_stage_i/register_file_i/BReg_DP_reg[0]_i_8/O[3]
                         net (fo=2, routed)           0.303     6.667    u_soc_top/gen_cv32e40p_core.u_core/core_i/id_stage_i/register_file_i/ex_stage_i/alu_i/adder_round_result[31]
    SLICE_X47Y192        LUT6 (Prop_lut6_I2_O)        0.306     6.973 r  u_soc_top/gen_cv32e40p_core.u_core/core_i/id_stage_i/register_file_i/BReg_DP[0]_i_6/O
                         net (fo=61, routed)          0.620     7.593    u_soc_top/gen_cv32e40p_core.u_core/core_i/id_stage_i/register_file_i/shift_right_result126_out
    SLICE_X46Y193        LUT3 (Prop_lut3_I2_O)        0.124     7.717 r  u_soc_top/gen_cv32e40p_core.u_core/core_i/id_stage_i/register_file_i/BReg_DP[19]_i_9/O
                         net (fo=3, routed)           0.836     8.553    u_soc_top/gen_cv32e40p_core.u_core/core_i/id_stage_i/register_file_i/ex_stage_i/alu_i/shift_op_a_32[43]
    SLICE_X47Y193        LUT6 (Prop_lut6_I0_O)        0.124     8.677 r  u_soc_top/gen_cv32e40p_core.u_core/core_i/id_stage_i/register_file_i/BReg_DP[19]_i_7/O
                         net (fo=4, routed)           1.007     9.683    u_soc_top/gen_cv32e40p_core.u_core/core_i/id_stage_i/register_file_i/BReg_DP[19]_i_7_n_0
    SLICE_X48Y195        LUT6 (Prop_lut6_I1_O)        0.124     9.807 r  u_soc_top/gen_cv32e40p_core.u_core/core_i/id_stage_i/register_file_i/BReg_DP[15]_i_4/O
                         net (fo=4, routed)           0.608    10.416    u_soc_top/gen_cv32e40p_core.u_core/core_i/id_stage_i/register_file_i/alu_clpx_shift_ex_o_reg[1]_11
    SLICE_X47Y195        LUT3 (Prop_lut3_I0_O)        0.124    10.540 r  u_soc_top/gen_cv32e40p_core.u_core/core_i/id_stage_i/register_file_i/i___91__15_i_38/O
                         net (fo=2, routed)           0.588    11.127    u_soc_top/gen_cv32e40p_core.u_core/core_i/id_stage_i/register_file_i/i___91__15_i_38_n_0
    SLICE_X49Y194        LUT5 (Prop_lut5_I4_O)        0.124    11.251 r  u_soc_top/gen_cv32e40p_core.u_core/core_i/id_stage_i/register_file_i/i___91__15_i_30/O
                         net (fo=6, routed)           0.612    11.864    u_soc_top/gen_cv32e40p_core.u_core/core_i/id_stage_i/register_file_i/ex_stage_i/alu_i/radix_2_rev[15]
    SLICE_X49Y195        LUT6 (Prop_lut6_I5_O)        0.124    11.988 r  u_soc_top/gen_cv32e40p_core.u_core/core_i/id_stage_i/register_file_i/i___28_i_99/O
                         net (fo=1, routed)           0.000    11.988    u_soc_top/gen_cv32e40p_core.u_core/core_i/id_stage_i/register_file_i/i___28_i_99_n_0
    SLICE_X49Y195        MUXF7 (Prop_muxf7_I0_O)      0.212    12.200 r  u_soc_top/gen_cv32e40p_core.u_core/core_i/id_stage_i/register_file_i/i___28_i_93/O
                         net (fo=1, routed)           0.576    12.775    u_soc_top/gen_cv32e40p_core.u_core/core_i/id_stage_i/register_file_i/i___28_i_93_n_0
    SLICE_X50Y193        LUT6 (Prop_lut6_I2_O)        0.299    13.074 r  u_soc_top/gen_cv32e40p_core.u_core/core_i/id_stage_i/register_file_i/i___28_i_86/O
                         net (fo=60, routed)          0.851    13.925    u_soc_top/gen_cv32e40p_core.u_core/core_i/id_stage_i/register_file_i/ex_stage_i/alu_i/extract_sign
    SLICE_X59Y188        LUT6 (Prop_lut6_I5_O)        0.124    14.049 r  u_soc_top/gen_cv32e40p_core.u_core/core_i/id_stage_i/register_file_i/i___91__20_i_39/O
                         net (fo=1, routed)           0.149    14.198    u_soc_top/gen_cv32e40p_core.u_core/core_i/id_stage_i/register_file_i/i___91__20_i_39_n_0
    SLICE_X59Y188        LUT6 (Prop_lut6_I5_O)        0.124    14.322 r  u_soc_top/gen_cv32e40p_core.u_core/core_i/id_stage_i/register_file_i/i___91__20_i_33/O
                         net (fo=1, routed)           0.645    14.967    u_soc_top/gen_cv32e40p_core.u_core/core_i/id_stage_i/register_file_i/ex_stage_i/alu_i/bextins_result[12]
    SLICE_X63Y189        LUT6 (Prop_lut6_I5_O)        0.124    15.091 r  u_soc_top/gen_cv32e40p_core.u_core/core_i/id_stage_i/register_file_i/i___91__20_i_26/O
                         net (fo=1, routed)           0.000    15.091    u_soc_top/gen_cv32e40p_core.u_core/core_i/id_stage_i/register_file_i/i___91__20_i_26_n_0
    SLICE_X63Y189        MUXF7 (Prop_muxf7_I1_O)      0.245    15.336 r  u_soc_top/gen_cv32e40p_core.u_core/core_i/id_stage_i/register_file_i/i___91__20_i_20/O
                         net (fo=1, routed)           0.268    15.604    u_soc_top/gen_cv32e40p_core.u_core/core_i/id_stage_i/register_file_i/i___91__20_i_20_n_0
    SLICE_X63Y189        LUT6 (Prop_lut6_I5_O)        0.298    15.902 r  u_soc_top/gen_cv32e40p_core.u_core/core_i/id_stage_i/register_file_i/i___91__20_i_8/O
                         net (fo=1, routed)           0.437    16.339    u_soc_top/gen_cv32e40p_core.u_core/core_i/id_stage_i/gen_hwloop_regs.hwloop_regs_i/alu_result[12]
    SLICE_X63Y185        LUT6 (Prop_lut6_I3_O)        0.124    16.463 r  u_soc_top/gen_cv32e40p_core.u_core/core_i/id_stage_i/gen_hwloop_regs.hwloop_regs_i/i___91__20_i_3/O
                         net (fo=37, routed)          0.465    16.928    u_soc_top/gen_cv32e40p_core.u_core/regfile_alu_wdata_fw[12]
    SLICE_X62Y185        LUT6 (Prop_lut6_I5_O)        0.124    17.052 r  u_soc_top/gen_cv32e40p_core.u_core/i___91__20/O
                         net (fo=6, routed)           0.709    17.761    u_soc_top/gen_cv32e40p_core.u_core/core_i/if_stage_i/mult_dot_op_c_ex_o_reg[12]
    SLICE_X61Y185        LUT6 (Prop_lut6_I3_O)        0.124    17.885 r  u_soc_top/gen_cv32e40p_core.u_core/core_i/if_stage_i/alu_operand_b_ex_o[28]_i_3/O
                         net (fo=3, routed)           0.604    18.488    u_soc_top/gen_cv32e40p_core.u_core/core_i/if_stage_i/alu_operand_b_ex_o[28]_i_3_n_0
    SLICE_X57Y184        LUT6 (Prop_lut6_I2_O)        0.124    18.612 r  u_soc_top/gen_cv32e40p_core.u_core/core_i/if_stage_i/mult_operand_b_ex_o[28]_i_1/O
                         net (fo=2, routed)           0.351    18.964    u_soc_top/gen_cv32e40p_core.u_core/core_i/id_stage_i/mult_operand_b_ex_o_reg[31]_1[20]
    SLICE_X55Y184        FDCE                                         r  u_soc_top/gen_cv32e40p_core.u_core/core_i/id_stage_i/mult_operand_b_ex_o_reg[28]/D
  -------------------------------------------------------------------    -------------------

                         (clock clk_50m_unbuf rise edge)
                                                     20.000    20.000 r  
    E3                                                0.000    20.000 r  clk_100m_i (IN)
                         net (fo=0)                   0.000    20.000    clk_100m_i
    E3                   IBUF (Prop_ibuf_I_O)         1.411    21.411 r  clk_100m_i_IBUF_inst/O
                         net (fo=1, routed)           1.162    22.573    clk_100m_i_IBUF
    MMCME2_ADV_X1Y2      MMCME2_ADV (Prop_mmcme2_adv_CLKIN1_CLKOUT0)
                                                     -7.324    15.249 r  u_mmcm/CLKOUT0
                         net (fo=1, routed)           1.639    16.888    clk_50m_unbuf
    BUFGCTRL_X0Y16       BUFG (Prop_bufg_I_O)         0.091    16.979 r  u_bufg_clk50/O
                         net (fo=7022, routed)        1.656    18.636    u_soc_top/gen_cv32e40p_core.u_core/core_i/id_stage_i/clk_50m
    SLICE_X55Y184        FDCE                                         r  u_soc_top/gen_cv32e40p_core.u_core/core_i/id_stage_i/mult_operand_b_ex_o_reg[28]/C
                         clock pessimism              0.497    19.133    
                         clock uncertainty           -0.089    19.044    
    SLICE_X55Y184        FDCE (Setup_fdce_C_D)       -0.040    19.004    u_soc_top/gen_cv32e40p_core.u_core/core_i/id_stage_i/mult_operand_b_ex_o_reg[28]
  -------------------------------------------------------------------
                         required time                         19.004    
                         arrival time                         -18.964    
  -------------------------------------------------------------------
                         slack                                  0.041    

Slack (MET) :             0.042ns  (required time - arrival time)
  Source:                 u_soc_top/gen_cv32e40p_core.u_core/core_i/id_stage_i/alu_operator_ex_o_reg[5]/C
                            (rising edge-triggered cell FDCE clocked by clk_50m_unbuf  {rise@0.000ns fall@10.000ns period=20.000ns})
  Destination:            u_soc_top/gen_cv32e40p_core.u_core/core_i/id_stage_i/alu_operand_b_ex_o_reg[12]/D
                            (rising edge-triggered cell FDCE clocked by clk_50m_unbuf  {rise@0.000ns fall@10.000ns period=20.000ns})
  Path Group:             clk_50m_unbuf
  Path Type:              Setup (Max at Slow Process Corner)
  Requirement:            20.000ns  (clk_50m_unbuf rise@20.000ns - clk_50m_unbuf rise@0.000ns)
  Data Path Delay:        19.780ns  (logic 6.440ns (32.558%)  route 13.340ns (67.442%))
  Logic Levels:           31  (CARRY4=9 LUT3=3 LUT5=3 LUT6=14 MUXF7=2)
  Clock Path Skew:        -0.120ns (DCD - SCD + CPR)
    Destination Clock Delay (DCD):    -1.363ns = ( 18.637 - 20.000 ) 
    Source Clock Delay      (SCD):    -0.746ns
    Clock Pessimism Removal (CPR):    0.497ns
  Clock Uncertainty:      0.089ns  ((TSJ^2 + DJ^2)^1/2) / 2 + PE
    Total System Jitter     (TSJ):    0.071ns
    Discrete Jitter          (DJ):    0.163ns
    Phase Error              (PE):    0.000ns

    Location             Delay type                Incr(ns)  Path(ns)    Netlist Resource(s)
  -------------------------------------------------------------------    -------------------
                         (clock clk_50m_unbuf rise edge)
                                                      0.000     0.000 r  
    E3                                                0.000     0.000 r  clk_100m_i (IN)
                         net (fo=0)                   0.000     0.000    clk_100m_i
    E3                   IBUF (Prop_ibuf_I_O)         1.482     1.482 r  clk_100m_i_IBUF_inst/O
                         net (fo=1, routed)           1.233     2.715    clk_100m_i_IBUF
    MMCME2_ADV_X1Y2      MMCME2_ADV (Prop_mmcme2_adv_CLKIN1_CLKOUT0)
                                                     -7.070    -4.355 r  u_mmcm/CLKOUT0
                         net (fo=1, routed)           1.719    -2.636    clk_50m_unbuf
    BUFGCTRL_X0Y16       BUFG (Prop_bufg_I_O)         0.096    -2.540 r  u_bufg_clk50/O
                         net (fo=7022, routed)        1.794    -0.746    u_soc_top/gen_cv32e40p_core.u_core/core_i/id_stage_i/clk_50m
    SLICE_X50Y185        FDCE                                         r  u_soc_top/gen_cv32e40p_core.u_core/core_i/id_stage_i/alu_operator_ex_o_reg[5]/C
  -------------------------------------------------------------------    -------------------
    SLICE_X50Y185        FDCE (Prop_fdce_C_Q)         0.518    -0.228 r  u_soc_top/gen_cv32e40p_core.u_core/core_i/id_stage_i/alu_operator_ex_o_reg[5]/Q
                         net (fo=59, routed)          0.503     0.275    u_soc_top/gen_cv32e40p_core.u_core/core_i/id_stage_i/register_file_i/i___147_i_34_0[5]
    SLICE_X51Y185        LUT3 (Prop_lut3_I0_O)        0.124     0.399 r  u_soc_top/gen_cv32e40p_core.u_core/core_i/id_stage_i/register_file_i/i___160_i_5/O
                         net (fo=96, routed)          0.905     1.304    u_soc_top/gen_cv32e40p_core.u_core/core_i/id_stage_i/register_file_i/i___160_i_5_n_0
    SLICE_X50Y184        LUT6 (Prop_lut6_I0_O)        0.124     1.428 r  u_soc_top/gen_cv32e40p_core.u_core/core_i/id_stage_i/register_file_i/BReg_DP[31]_i_128/O
                         net (fo=1, routed)           0.819     2.247    u_soc_top/gen_cv32e40p_core.u_core/core_i/id_stage_i/register_file_i/BReg_DP[31]_i_128_n_0
    SLICE_X49Y184        LUT6 (Prop_lut6_I5_O)        0.124     2.371 r  u_soc_top/gen_cv32e40p_core.u_core/core_i/id_stage_i/register_file_i/BReg_DP[31]_i_111/O
                         net (fo=2, routed)           0.465     2.836    u_soc_top/gen_cv32e40p_core.u_core/core_i/id_stage_i/register_file_i/ex_stage_i/alu_i/adder_op_a[0]
    SLICE_X48Y184        LUT5 (Prop_lut5_I0_O)        0.124     2.960 r  u_soc_top/gen_cv32e40p_core.u_core/core_i/id_stage_i/register_file_i/BReg_DP[31]_i_115/O
                         net (fo=1, routed)           0.000     2.960    u_soc_top/gen_cv32e40p_core.u_core/core_i/id_stage_i/register_file_i/BReg_DP[31]_i_115_n_0
    SLICE_X48Y184        CARRY4 (Prop_carry4_S[0]_CO[3])
                                                      0.532     3.492 r  u_soc_top/gen_cv32e40p_core.u_core/core_i/id_stage_i/register_file_i/BReg_DP_reg[31]_i_89/CO[3]
                         net (fo=1, routed)           0.000     3.492    u_soc_top/gen_cv32e40p_core.u_core/core_i/id_stage_i/register_file_i/BReg_DP_reg[31]_i_89_n_0
    SLICE_X48Y185        CARRY4 (Prop_carry4_CI_CO[3])
                                                      0.114     3.606 r  u_soc_top/gen_cv32e40p_core.u_core/core_i/id_stage_i/register_file_i/BReg_DP_reg[24]_i_12/CO[3]
                         net (fo=1, routed)           0.000     3.606    u_soc_top/gen_cv32e40p_core.u_core/core_i/id_stage_i/register_file_i/BReg_DP_reg[24]_i_12_n_0
    SLICE_X48Y186        CARRY4 (Prop_carry4_CI_O[1])
                                                      0.334     3.940 r  u_soc_top/gen_cv32e40p_core.u_core/core_i/id_stage_i/register_file_i/BReg_DP_reg[31]_i_98/O[1]
                         net (fo=3, routed)           0.950     4.890    u_soc_top/gen_cv32e40p_core.u_core/core_i/id_stage_i/register_file_i/ex_stage_i/alu_i/data0[8]
    SLICE_X49Y187        CARRY4 (Prop_carry4_DI[0]_CO[3])
                                                      0.705     5.595 r  u_soc_top/gen_cv32e40p_core.u_core/core_i/id_stage_i/register_file_i/BReg_DP_reg[31]_i_83/CO[3]
                         net (fo=1, routed)           0.000     5.595    u_soc_top/gen_cv32e40p_core.u_core/core_i/id_stage_i/register_file_i/BReg_DP_reg[31]_i_83_n_0
    SLICE_X49Y188        CARRY4 (Prop_carry4_CI_CO[3])
                                                      0.114     5.709 r  u_soc_top/gen_cv32e40p_core.u_core/core_i/id_stage_i/register_file_i/BReg_DP_reg[16]_i_11/CO[3]
                         net (fo=1, routed)           0.000     5.709    u_soc_top/gen_cv32e40p_core.u_core/core_i/id_stage_i/register_file_i/BReg_DP_reg[16]_i_11_n_0
    SLICE_X49Y189        CARRY4 (Prop_carry4_CI_CO[3])
                                                      0.114     5.823 r  u_soc_top/gen_cv32e40p_core.u_core/core_i/id_stage_i/register_file_i/BReg_DP_reg[31]_i_84/CO[3]
                         net (fo=1, routed)           0.000     5.823    u_soc_top/gen_cv32e40p_core.u_core/core_i/id_stage_i/register_file_i/BReg_DP_reg[31]_i_84_n_0
    SLICE_X49Y190        CARRY4 (Prop_carry4_CI_CO[3])
                                                      0.114     5.937 r  u_soc_top/gen_cv32e40p_core.u_core/core_i/id_stage_i/register_file_i/BReg_DP_reg[8]_i_8/CO[3]
                         net (fo=1, routed)           0.000     5.937    u_soc_top/gen_cv32e40p_core.u_core/core_i/id_stage_i/register_file_i/BReg_DP_reg[8]_i_8_n_0
    SLICE_X49Y191        CARRY4 (Prop_carry4_CI_CO[3])
                                                      0.114     6.051 r  u_soc_top/gen_cv32e40p_core.u_core/core_i/id_stage_i/register_file_i/BReg_DP_reg[31]_i_82/CO[3]
                         net (fo=1, routed)           0.000     6.051    u_soc_top/gen_cv32e40p_core.u_core/core_i/id_stage_i/register_file_i/BReg_DP_reg[31]_i_82_n_0
    SLICE_X49Y192        CARRY4 (Prop_carry4_CI_O[3])
                                                      0.313     6.364 r  u_soc_top/gen_cv32e40p_core.u_core/core_i/id_stage_i/register_file_i/BReg_DP_reg[0]_i_8/O[3]
                         net (fo=2, routed)           0.303     6.667    u_soc_top/gen_cv32e40p_core.u_core/core_i/id_stage_i/register_file_i/ex_stage_i/alu_i/adder_round_result[31]
    SLICE_X47Y192        LUT6 (Prop_lut6_I2_O)        0.306     6.973 r  u_soc_top/gen_cv32e40p_core.u_core/core_i/id_stage_i/register_file_i/BReg_DP[0]_i_6/O
                         net (fo=61, routed)          0.620     7.593    u_soc_top/gen_cv32e40p_core.u_core/core_i/id_stage_i/register_file_i/shift_right_result126_out
    SLICE_X46Y193        LUT3 (Prop_lut3_I2_O)        0.124     7.717 r  u_soc_top/gen_cv32e40p_core.u_core/core_i/id_stage_i/register_file_i/BReg_DP[19]_i_9/O
                         net (fo=3, routed)           0.836     8.553    u_soc_top/gen_cv32e40p_core.u_core/core_i/id_stage_i/register_file_i/ex_stage_i/alu_i/shift_op_a_32[43]
    SLICE_X47Y193        LUT6 (Prop_lut6_I0_O)        0.124     8.677 r  u_soc_top/gen_cv32e40p_core.u_core/core_i/id_stage_i/register_file_i/BReg_DP[19]_i_7/O
                         net (fo=4, routed)           1.007     9.683    u_soc_top/gen_cv32e40p_core.u_core/core_i/id_stage_i/register_file_i/BReg_DP[19]_i_7_n_0
    SLICE_X48Y195        LUT6 (Prop_lut6_I1_O)        0.124     9.807 r  u_soc_top/gen_cv32e40p_core.u_core/core_i/id_stage_i/register_file_i/BReg_DP[15]_i_4/O
                         net (fo=4, routed)           0.608    10.416    u_soc_top/gen_cv32e40p_core.u_core/core_i/id_stage_i/register_file_i/alu_clpx_shift_ex_o_reg[1]_11
    SLICE_X47Y195        LUT3 (Prop_lut3_I0_O)        0.124    10.540 r  u_soc_top/gen_cv32e40p_core.u_core/core_i/id_stage_i/register_file_i/i___91__15_i_38/O
                         net (fo=2, routed)           0.588    11.127    u_soc_top/gen_cv32e40p_core.u_core/core_i/id_stage_i/register_file_i/i___91__15_i_38_n_0
    SLICE_X49Y194        LUT5 (Prop_lut5_I4_O)        0.124    11.251 r  u_soc_top/gen_cv32e40p_core.u_core/core_i/id_stage_i/register_file_i/i___91__15_i_30/O
                         net (fo=6, routed)           0.612    11.864    u_soc_top/gen_cv32e40p_core.u_core/core_i/id_stage_i/register_file_i/ex_stage_i/alu_i/radix_2_rev[15]
    SLICE_X49Y195        LUT6 (Prop_lut6_I5_O)        0.124    11.988 r  u_soc_top/gen_cv32e40p_core.u_core/core_i/id_stage_i/register_file_i/i___28_i_99/O
                         net (fo=1, routed)           0.000    11.988    u_soc_top/gen_cv32e40p_core.u_core/core_i/id_stage_i/register_file_i/i___28_i_99_n_0
    SLICE_X49Y195        MUXF7 (Prop_muxf7_I0_O)      0.212    12.200 r  u_soc_top/gen_cv32e40p_core.u_core/core_i/id_stage_i/register_file_i/i___28_i_93/O
                         net (fo=1, routed)           0.576    12.775    u_soc_top/gen_cv32e40p_core.u_core/core_i/id_stage_i/register_file_i/i___28_i_93_n_0
    SLICE_X50Y193        LUT6 (Prop_lut6_I2_O)        0.299    13.074 r  u_soc_top/gen_cv32e40p_core.u_core/core_i/id_stage_i/register_file_i/i___28_i_86/O
                         net (fo=60, routed)          0.851    13.925    u_soc_top/gen_cv32e40p_core.u_core/core_i/id_stage_i/register_file_i/ex_stage_i/alu_i/extract_sign
    SLICE_X59Y188        LUT6 (Prop_lut6_I5_O)        0.124    14.049 r  u_soc_top/gen_cv32e40p_core.u_core/core_i/id_stage_i/register_file_i/i___91__20_i_39/O
                         net (fo=1, routed)           0.149    14.198    u_soc_top/gen_cv32e40p_core.u_core/core_i/id_stage_i/register_file_i/i___91__20_i_39_n_0
    SLICE_X59Y188        LUT6 (Prop_lut6_I5_O)        0.124    14.322 r  u_soc_top/gen_cv32e40p_core.u_core/core_i/id_stage_i/register_file_i/i___91__20_i_33/O
                         net (fo=1, routed)           0.645    14.967    u_soc_top/gen_cv32e40p_core.u_core/core_i/id_stage_i/register_file_i/ex_stage_i/alu_i/bextins_result[12]
    SLICE_X63Y189        LUT6 (Prop_lut6_I5_O)        0.124    15.091 r  u_soc_top/gen_cv32e40p_core.u_core/core_i/id_stage_i/register_file_i/i___91__20_i_26/O
                         net (fo=1, routed)           0.000    15.091    u_soc_top/gen_cv32e40p_core.u_core/core_i/id_stage_i/register_file_i/i___91__20_i_26_n_0
    SLICE_X63Y189        MUXF7 (Prop_muxf7_I1_O)      0.245    15.336 r  u_soc_top/gen_cv32e40p_core.u_core/core_i/id_stage_i/register_file_i/i___91__20_i_20/O
                         net (fo=1, routed)           0.268    15.604    u_soc_top/gen_cv32e40p_core.u_core/core_i/id_stage_i/register_file_i/i___91__20_i_20_n_0
    SLICE_X63Y189        LUT6 (Prop_lut6_I5_O)        0.298    15.902 r  u_soc_top/gen_cv32e40p_core.u_core/core_i/id_stage_i/register_file_i/i___91__20_i_8/O
                         net (fo=1, routed)           0.437    16.339    u_soc_top/gen_cv32e40p_core.u_core/core_i/id_stage_i/gen_hwloop_regs.hwloop_regs_i/alu_result[12]
    SLICE_X63Y185        LUT6 (Prop_lut6_I3_O)        0.124    16.463 r  u_soc_top/gen_cv32e40p_core.u_core/core_i/id_stage_i/gen_hwloop_regs.hwloop_regs_i/i___91__20_i_3/O
                         net (fo=37, routed)          0.465    16.928    u_soc_top/gen_cv32e40p_core.u_core/regfile_alu_wdata_fw[12]
    SLICE_X62Y185        LUT6 (Prop_lut6_I5_O)        0.124    17.052 r  u_soc_top/gen_cv32e40p_core.u_core/i___91__20/O
                         net (fo=6, routed)           0.709    17.761    u_soc_top/gen_cv32e40p_core.u_core/core_i/if_stage_i/mult_dot_op_c_ex_o_reg[12]
    SLICE_X61Y185        LUT6 (Prop_lut6_I3_O)        0.124    17.885 r  u_soc_top/gen_cv32e40p_core.u_core/core_i/if_stage_i/alu_operand_b_ex_o[28]_i_3/O
                         net (fo=3, routed)           1.026    18.911    u_soc_top/gen_cv32e40p_core.u_core/core_i/if_stage_i/alu_operand_b_ex_o[28]_i_3_n_0
    SLICE_X53Y186        LUT5 (Prop_lut5_I0_O)        0.124    19.035 r  u_soc_top/gen_cv32e40p_core.u_core/core_i/if_stage_i/alu_operand_b_ex_o[12]_i_1/O
                         net (fo=1, routed)           0.000    19.035    u_soc_top/gen_cv32e40p_core.u_core/core_i/id_stage_i/alu_operand_b_ex_o_reg[31]_2[11]
    SLICE_X53Y186        FDCE                                         r  u_soc_top/gen_cv32e40p_core.u_core/core_i/id_stage_i/alu_operand_b_ex_o_reg[12]/D
  -------------------------------------------------------------------    -------------------

                         (clock clk_50m_unbuf rise edge)
                                                     20.000    20.000 r  
    E3                                                0.000    20.000 r  clk_100m_i (IN)
                         net (fo=0)                   0.000    20.000    clk_100m_i
    E3                   IBUF (Prop_ibuf_I_O)         1.411    21.411 r  clk_100m_i_IBUF_inst/O
                         net (fo=1, routed)           1.162    22.573    clk_100m_i_IBUF
    MMCME2_ADV_X1Y2      MMCME2_ADV (Prop_mmcme2_adv_CLKIN1_CLKOUT0)
                                                     -7.324    15.249 r  u_mmcm/CLKOUT0
                         net (fo=1, routed)           1.639    16.888    clk_50m_unbuf
    BUFGCTRL_X0Y16       BUFG (Prop_bufg_I_O)         0.091    16.979 r  u_bufg_clk50/O
                         net (fo=7022, routed)        1.657    18.637    u_soc_top/gen_cv32e40p_core.u_core/core_i/id_stage_i/clk_50m
    SLICE_X53Y186        FDCE                                         r  u_soc_top/gen_cv32e40p_core.u_core/core_i/id_stage_i/alu_operand_b_ex_o_reg[12]/C
                         clock pessimism              0.497    19.134    
                         clock uncertainty           -0.089    19.045    
    SLICE_X53Y186        FDCE (Setup_fdce_C_D)        0.031    19.076    u_soc_top/gen_cv32e40p_core.u_core/core_i/id_stage_i/alu_operand_b_ex_o_reg[12]
  -------------------------------------------------------------------
                         required time                         19.076    
                         arrival time                         -19.035    
  -------------------------------------------------------------------
                         slack                                  0.042    

Slack (MET) :             0.044ns  (required time - arrival time)
  Source:                 u_soc_top/gen_cv32e40p_core.u_core/core_i/id_stage_i/alu_operator_ex_o_reg[5]/C
                            (rising edge-triggered cell FDCE clocked by clk_50m_unbuf  {rise@0.000ns fall@10.000ns period=20.000ns})
  Destination:            u_soc_top/gen_cv32e40p_core.u_core/core_i/id_stage_i/mult_dot_op_b_ex_o_reg[28]/D
                            (rising edge-triggered cell FDCE clocked by clk_50m_unbuf  {rise@0.000ns fall@10.000ns period=20.000ns})
  Path Group:             clk_50m_unbuf
  Path Type:              Setup (Max at Slow Process Corner)
  Requirement:            20.000ns  (clk_50m_unbuf rise@20.000ns - clk_50m_unbuf rise@0.000ns)
  Data Path Delay:        19.702ns  (logic 6.440ns (32.687%)  route 13.262ns (67.313%))
  Logic Levels:           31  (CARRY4=9 LUT3=3 LUT5=2 LUT6=15 MUXF7=2)
  Clock Path Skew:        -0.120ns (DCD - SCD + CPR)
    Destination Clock Delay (DCD):    -1.363ns = ( 18.637 - 20.000 ) 
    Source Clock Delay      (SCD):    -0.746ns
    Clock Pessimism Removal (CPR):    0.497ns
  Clock Uncertainty:      0.089ns  ((TSJ^2 + DJ^2)^1/2) / 2 + PE
    Total System Jitter     (TSJ):    0.071ns
    Discrete Jitter          (DJ):    0.163ns
    Phase Error              (PE):    0.000ns

    Location             Delay type                Incr(ns)  Path(ns)    Netlist Resource(s)
  -------------------------------------------------------------------    -------------------
                         (clock clk_50m_unbuf rise edge)
                                                      0.000     0.000 r  
    E3                                                0.000     0.000 r  clk_100m_i (IN)
                         net (fo=0)                   0.000     0.000    clk_100m_i
    E3                   IBUF (Prop_ibuf_I_O)         1.482     1.482 r  clk_100m_i_IBUF_inst/O
                         net (fo=1, routed)           1.233     2.715    clk_100m_i_IBUF
    MMCME2_ADV_X1Y2      MMCME2_ADV (Prop_mmcme2_adv_CLKIN1_CLKOUT0)
                                                     -7.070    -4.355 r  u_mmcm/CLKOUT0
                         net (fo=1, routed)           1.719    -2.636    clk_50m_unbuf
    BUFGCTRL_X0Y16       BUFG (Prop_bufg_I_O)         0.096    -2.540 r  u_bufg_clk50/O
                         net (fo=7022, routed)        1.794    -0.746    u_soc_top/gen_cv32e40p_core.u_core/core_i/id_stage_i/clk_50m
    SLICE_X50Y185        FDCE                                         r  u_soc_top/gen_cv32e40p_core.u_core/core_i/id_stage_i/alu_operator_ex_o_reg[5]/C
  -------------------------------------------------------------------    -------------------
    SLICE_X50Y185        FDCE (Prop_fdce_C_Q)         0.518    -0.228 r  u_soc_top/gen_cv32e40p_core.u_core/core_i/id_stage_i/alu_operator_ex_o_reg[5]/Q
                         net (fo=59, routed)          0.503     0.275    u_soc_top/gen_cv32e40p_core.u_core/core_i/id_stage_i/register_file_i/i___147_i_34_0[5]
    SLICE_X51Y185        LUT3 (Prop_lut3_I0_O)        0.124     0.399 r  u_soc_top/gen_cv32e40p_core.u_core/core_i/id_stage_i/register_file_i/i___160_i_5/O
                         net (fo=96, routed)          0.905     1.304    u_soc_top/gen_cv32e40p_core.u_core/core_i/id_stage_i/register_file_i/i___160_i_5_n_0
    SLICE_X50Y184        LUT6 (Prop_lut6_I0_O)        0.124     1.428 r  u_soc_top/gen_cv32e40p_core.u_core/core_i/id_stage_i/register_file_i/BReg_DP[31]_i_128/O
                         net (fo=1, routed)           0.819     2.247    u_soc_top/gen_cv32e40p_core.u_core/core_i/id_stage_i/register_file_i/BReg_DP[31]_i_128_n_0
    SLICE_X49Y184        LUT6 (Prop_lut6_I5_O)        0.124     2.371 r  u_soc_top/gen_cv32e40p_core.u_core/core_i/id_stage_i/register_file_i/BReg_DP[31]_i_111/O
                         net (fo=2, routed)           0.465     2.836    u_soc_top/gen_cv32e40p_core.u_core/core_i/id_stage_i/register_file_i/ex_stage_i/alu_i/adder_op_a[0]
    SLICE_X48Y184        LUT5 (Prop_lut5_I0_O)        0.124     2.960 r  u_soc_top/gen_cv32e40p_core.u_core/core_i/id_stage_i/register_file_i/BReg_DP[31]_i_115/O
                         net (fo=1, routed)           0.000     2.960    u_soc_top/gen_cv32e40p_core.u_core/core_i/id_stage_i/register_file_i/BReg_DP[31]_i_115_n_0
    SLICE_X48Y184        CARRY4 (Prop_carry4_S[0]_CO[3])
                                                      0.532     3.492 r  u_soc_top/gen_cv32e40p_core.u_core/core_i/id_stage_i/register_file_i/BReg_DP_reg[31]_i_89/CO[3]
                         net (fo=1, routed)           0.000     3.492    u_soc_top/gen_cv32e40p_core.u_core/core_i/id_stage_i/register_file_i/BReg_DP_reg[31]_i_89_n_0
    SLICE_X48Y185        CARRY4 (Prop_carry4_CI_CO[3])
                                                      0.114     3.606 r  u_soc_top/gen_cv32e40p_core.u_core/core_i/id_stage_i/register_file_i/BReg_DP_reg[24]_i_12/CO[3]
                         net (fo=1, routed)           0.000     3.606    u_soc_top/gen_cv32e40p_core.u_core/core_i/id_stage_i/register_file_i/BReg_DP_reg[24]_i_12_n_0
    SLICE_X48Y186        CARRY4 (Prop_carry4_CI_O[1])
                                                      0.334     3.940 r  u_soc_top/gen_cv32e40p_core.u_core/core_i/id_stage_i/register_file_i/BReg_DP_reg[31]_i_98/O[1]
                         net (fo=3, routed)           0.950     4.890    u_soc_top/gen_cv32e40p_core.u_core/core_i/id_stage_i/register_file_i/ex_stage_i/alu_i/data0[8]
    SLICE_X49Y187        CARRY4 (Prop_carry4_DI[0]_CO[3])
                                                      0.705     5.595 r  u_soc_top/gen_cv32e40p_core.u_core/core_i/id_stage_i/register_file_i/BReg_DP_reg[31]_i_83/CO[3]
                         net (fo=1, routed)           0.000     5.595    u_soc_top/gen_cv32e40p_core.u_core/core_i/id_stage_i/register_file_i/BReg_DP_reg[31]_i_83_n_0
    SLICE_X49Y188        CARRY4 (Prop_carry4_CI_CO[3])
                                                      0.114     5.709 r  u_soc_top/gen_cv32e40p_core.u_core/core_i/id_stage_i/register_file_i/BReg_DP_reg[16]_i_11/CO[3]
                         net (fo=1, routed)           0.000     5.709    u_soc_top/gen_cv32e40p_core.u_core/core_i/id_stage_i/register_file_i/BReg_DP_reg[16]_i_11_n_0
    SLICE_X49Y189        CARRY4 (Prop_carry4_CI_CO[3])
                                                      0.114     5.823 r  u_soc_top/gen_cv32e40p_core.u_core/core_i/id_stage_i/register_file_i/BReg_DP_reg[31]_i_84/CO[3]
                         net (fo=1, routed)           0.000     5.823    u_soc_top/gen_cv32e40p_core.u_core/core_i/id_stage_i/register_file_i/BReg_DP_reg[31]_i_84_n_0
    SLICE_X49Y190        CARRY4 (Prop_carry4_CI_CO[3])
                                                      0.114     5.937 r  u_soc_top/gen_cv32e40p_core.u_core/core_i/id_stage_i/register_file_i/BReg_DP_reg[8]_i_8/CO[3]
                         net (fo=1, routed)           0.000     5.937    u_soc_top/gen_cv32e40p_core.u_core/core_i/id_stage_i/register_file_i/BReg_DP_reg[8]_i_8_n_0
    SLICE_X49Y191        CARRY4 (Prop_carry4_CI_CO[3])
                                                      0.114     6.051 r  u_soc_top/gen_cv32e40p_core.u_core/core_i/id_stage_i/register_file_i/BReg_DP_reg[31]_i_82/CO[3]
                         net (fo=1, routed)           0.000     6.051    u_soc_top/gen_cv32e40p_core.u_core/core_i/id_stage_i/register_file_i/BReg_DP_reg[31]_i_82_n_0
    SLICE_X49Y192        CARRY4 (Prop_carry4_CI_O[3])
                                                      0.313     6.364 r  u_soc_top/gen_cv32e40p_core.u_core/core_i/id_stage_i/register_file_i/BReg_DP_reg[0]_i_8/O[3]
                         net (fo=2, routed)           0.303     6.667    u_soc_top/gen_cv32e40p_core.u_core/core_i/id_stage_i/register_file_i/ex_stage_i/alu_i/adder_round_result[31]
    SLICE_X47Y192        LUT6 (Prop_lut6_I2_O)        0.306     6.973 r  u_soc_top/gen_cv32e40p_core.u_core/core_i/id_stage_i/register_file_i/BReg_DP[0]_i_6/O
                         net (fo=61, routed)          0.620     7.593    u_soc_top/gen_cv32e40p_core.u_core/core_i/id_stage_i/register_file_i/shift_right_result126_out
    SLICE_X46Y193        LUT3 (Prop_lut3_I2_O)        0.124     7.717 r  u_soc_top/gen_cv32e40p_core.u_core/core_i/id_stage_i/register_file_i/BReg_DP[19]_i_9/O
                         net (fo=3, routed)           0.836     8.553    u_soc_top/gen_cv32e40p_core.u_core/core_i/id_stage_i/register_file_i/ex_stage_i/alu_i/shift_op_a_32[43]
    SLICE_X47Y193        LUT6 (Prop_lut6_I0_O)        0.124     8.677 r  u_soc_top/gen_cv32e40p_core.u_core/core_i/id_stage_i/register_file_i/BReg_DP[19]_i_7/O
                         net (fo=4, routed)           1.007     9.683    u_soc_top/gen_cv32e40p_core.u_core/core_i/id_stage_i/register_file_i/BReg_DP[19]_i_7_n_0
    SLICE_X48Y195        LUT6 (Prop_lut6_I1_O)        0.124     9.807 r  u_soc_top/gen_cv32e40p_core.u_core/core_i/id_stage_i/register_file_i/BReg_DP[15]_i_4/O
                         net (fo=4, routed)           0.608    10.416    u_soc_top/gen_cv32e40p_core.u_core/core_i/id_stage_i/register_file_i/alu_clpx_shift_ex_o_reg[1]_11
    SLICE_X47Y195        LUT3 (Prop_lut3_I0_O)        0.124    10.540 r  u_soc_top/gen_cv32e40p_core.u_core/core_i/id_stage_i/register_file_i/i___91__15_i_38/O
                         net (fo=2, routed)           0.588    11.127    u_soc_top/gen_cv32e40p_core.u_core/core_i/id_stage_i/register_file_i/i___91__15_i_38_n_0
    SLICE_X49Y194        LUT5 (Prop_lut5_I4_O)        0.124    11.251 r  u_soc_top/gen_cv32e40p_core.u_core/core_i/id_stage_i/register_file_i/i___91__15_i_30/O
                         net (fo=6, routed)           0.612    11.864    u_soc_top/gen_cv32e40p_core.u_core/core_i/id_stage_i/register_file_i/ex_stage_i/alu_i/radix_2_rev[15]
    SLICE_X49Y195        LUT6 (Prop_lut6_I5_O)        0.124    11.988 r  u_soc_top/gen_cv32e40p_core.u_core/core_i/id_stage_i/register_file_i/i___28_i_99/O
                         net (fo=1, routed)           0.000    11.988    u_soc_top/gen_cv32e40p_core.u_core/core_i/id_stage_i/register_file_i/i___28_i_99_n_0
    SLICE_X49Y195        MUXF7 (Prop_muxf7_I0_O)      0.212    12.200 r  u_soc_top/gen_cv32e40p_core.u_core/core_i/id_stage_i/register_file_i/i___28_i_93/O
                         net (fo=1, routed)           0.576    12.775    u_soc_top/gen_cv32e40p_core.u_core/core_i/id_stage_i/register_file_i/i___28_i_93_n_0
    SLICE_X50Y193        LUT6 (Prop_lut6_I2_O)        0.299    13.074 r  u_soc_top/gen_cv32e40p_core.u_core/core_i/id_stage_i/register_file_i/i___28_i_86/O
                         net (fo=60, routed)          0.851    13.925    u_soc_top/gen_cv32e40p_core.u_core/core_i/id_stage_i/register_file_i/ex_stage_i/alu_i/extract_sign
    SLICE_X59Y188        LUT6 (Prop_lut6_I5_O)        0.124    14.049 r  u_soc_top/gen_cv32e40p_core.u_core/core_i/id_stage_i/register_file_i/i___91__20_i_39/O
                         net (fo=1, routed)           0.149    14.198    u_soc_top/gen_cv32e40p_core.u_core/core_i/id_stage_i/register_file_i/i___91__20_i_39_n_0
    SLICE_X59Y188        LUT6 (Prop_lut6_I5_O)        0.124    14.322 r  u_soc_top/gen_cv32e40p_core.u_core/core_i/id_stage_i/register_file_i/i___91__20_i_33/O
                         net (fo=1, routed)           0.645    14.967    u_soc_top/gen_cv32e40p_core.u_core/core_i/id_stage_i/register_file_i/ex_stage_i/alu_i/bextins_result[12]
    SLICE_X63Y189        LUT6 (Prop_lut6_I5_O)        0.124    15.091 r  u_soc_top/gen_cv32e40p_core.u_core/core_i/id_stage_i/register_file_i/i___91__20_i_26/O
                         net (fo=1, routed)           0.000    15.091    u_soc_top/gen_cv32e40p_core.u_core/core_i/id_stage_i/register_file_i/i___91__20_i_26_n_0
    SLICE_X63Y189        MUXF7 (Prop_muxf7_I1_O)      0.245    15.336 r  u_soc_top/gen_cv32e40p_core.u_core/core_i/id_stage_i/register_file_i/i___91__20_i_20/O
                         net (fo=1, routed)           0.268    15.604    u_soc_top/gen_cv32e40p_core.u_core/core_i/id_stage_i/register_file_i/i___91__20_i_20_n_0
    SLICE_X63Y189        LUT6 (Prop_lut6_I5_O)        0.298    15.902 r  u_soc_top/gen_cv32e40p_core.u_core/core_i/id_stage_i/register_file_i/i___91__20_i_8/O
                         net (fo=1, routed)           0.437    16.339    u_soc_top/gen_cv32e40p_core.u_core/core_i/id_stage_i/gen_hwloop_regs.hwloop_regs_i/alu_result[12]
    SLICE_X63Y185        LUT6 (Prop_lut6_I3_O)        0.124    16.463 r  u_soc_top/gen_cv32e40p_core.u_core/core_i/id_stage_i/gen_hwloop_regs.hwloop_regs_i/i___91__20_i_3/O
                         net (fo=37, routed)          0.465    16.928    u_soc_top/gen_cv32e40p_core.u_core/regfile_alu_wdata_fw[12]
    SLICE_X62Y185        LUT6 (Prop_lut6_I5_O)        0.124    17.052 r  u_soc_top/gen_cv32e40p_core.u_core/i___91__20/O
                         net (fo=6, routed)           0.709    17.761    u_soc_top/gen_cv32e40p_core.u_core/core_i/if_stage_i/mult_dot_op_c_ex_o_reg[12]
    SLICE_X61Y185        LUT6 (Prop_lut6_I3_O)        0.124    17.885 r  u_soc_top/gen_cv32e40p_core.u_core/core_i/if_stage_i/alu_operand_b_ex_o[28]_i_3/O
                         net (fo=3, routed)           0.604    18.488    u_soc_top/gen_cv32e40p_core.u_core/core_i/if_stage_i/alu_operand_b_ex_o[28]_i_3_n_0
    SLICE_X57Y184        LUT6 (Prop_lut6_I2_O)        0.124    18.612 r  u_soc_top/gen_cv32e40p_core.u_core/core_i/if_stage_i/mult_operand_b_ex_o[28]_i_1/O
                         net (fo=2, routed)           0.344    18.956    u_soc_top/gen_cv32e40p_core.u_core/core_i/id_stage_i/mult_operand_b_ex_o_reg[31]_1[20]
    SLICE_X56Y184        FDCE                                         r  u_soc_top/gen_cv32e40p_core.u_core/core_i/id_stage_i/mult_dot_op_b_ex_o_reg[28]/D
  -------------------------------------------------------------------    -------------------

                         (clock clk_50m_unbuf rise edge)
                                                     20.000    20.000 r  
    E3                                                0.000    20.000 r  clk_100m_i (IN)
                         net (fo=0)                   0.000    20.000    clk_100m_i
    E3                   IBUF (Prop_ibuf_I_O)         1.411    21.411 r  clk_100m_i_IBUF_inst/O
                         net (fo=1, routed)           1.162    22.573    clk_100m_i_IBUF
    MMCME2_ADV_X1Y2      MMCME2_ADV (Prop_mmcme2_adv_CLKIN1_CLKOUT0)
                                                     -7.324    15.249 r  u_mmcm/CLKOUT0
                         net (fo=1, routed)           1.639    16.888    clk_50m_unbuf
    BUFGCTRL_X0Y16       BUFG (Prop_bufg_I_O)         0.091    16.979 r  u_bufg_clk50/O
                         net (fo=7022, routed)        1.657    18.637    u_soc_top/gen_cv32e40p_core.u_core/core_i/id_stage_i/clk_50m
    SLICE_X56Y184        FDCE                                         r  u_soc_top/gen_cv32e40p_core.u_core/core_i/id_stage_i/mult_dot_op_b_ex_o_reg[28]/C
                         clock pessimism              0.497    19.134    
                         clock uncertainty           -0.089    19.045    
    SLICE_X56Y184        FDCE (Setup_fdce_C_D)       -0.045    19.000    u_soc_top/gen_cv32e40p_core.u_core/core_i/id_stage_i/mult_dot_op_b_ex_o_reg[28]
  -------------------------------------------------------------------
                         required time                         19.000    
                         arrival time                         -18.956    
  -------------------------------------------------------------------
                         slack                                  0.044    

Slack (MET) :             0.050ns  (required time - arrival time)
  Source:                 u_soc_top/gen_cv32e40p_core.u_core/core_i/id_stage_i/alu_operator_ex_o_reg[5]/C
                            (rising edge-triggered cell FDCE clocked by clk_50m_unbuf  {rise@0.000ns fall@10.000ns period=20.000ns})
  Destination:            u_soc_top/gen_cv32e40p_core.u_core/core_i/id_stage_i/mult_operand_b_ex_o_reg[27]/D
                            (rising edge-triggered cell FDCE clocked by clk_50m_unbuf  {rise@0.000ns fall@10.000ns period=20.000ns})
  Path Group:             clk_50m_unbuf
  Path Type:              Setup (Max at Slow Process Corner)
  Requirement:            20.000ns  (clk_50m_unbuf rise@20.000ns - clk_50m_unbuf rise@0.000ns)
  Data Path Delay:        19.691ns  (logic 6.408ns (32.543%)  route 13.283ns (67.457%))
  Logic Levels:           31  (CARRY4=9 LUT3=3 LUT5=2 LUT6=15 MUXF7=2)
  Clock Path Skew:        -0.127ns (DCD - SCD + CPR)
    Destination Clock Delay (DCD):    -1.370ns = ( 18.630 - 20.000 ) 
    Source Clock Delay      (SCD):    -0.746ns
    Clock Pessimism Removal (CPR):    0.497ns
  Clock Uncertainty:      0.089ns  ((TSJ^2 + DJ^2)^1/2) / 2 + PE
    Total System Jitter     (TSJ):    0.071ns
    Discrete Jitter          (DJ):    0.163ns
    Phase Error              (PE):    0.000ns

    Location             Delay type                Incr(ns)  Path(ns)    Netlist Resource(s)
  -------------------------------------------------------------------    -------------------
                         (clock clk_50m_unbuf rise edge)
                                                      0.000     0.000 r  
    E3                                                0.000     0.000 r  clk_100m_i (IN)
                         net (fo=0)                   0.000     0.000    clk_100m_i
    E3                   IBUF (Prop_ibuf_I_O)         1.482     1.482 r  clk_100m_i_IBUF_inst/O
                         net (fo=1, routed)           1.233     2.715    clk_100m_i_IBUF
    MMCME2_ADV_X1Y2      MMCME2_ADV (Prop_mmcme2_adv_CLKIN1_CLKOUT0)
                                                     -7.070    -4.355 r  u_mmcm/CLKOUT0
                         net (fo=1, routed)           1.719    -2.636    clk_50m_unbuf
    BUFGCTRL_X0Y16       BUFG (Prop_bufg_I_O)         0.096    -2.540 r  u_bufg_clk50/O
                         net (fo=7022, routed)        1.794    -0.746    u_soc_top/gen_cv32e40p_core.u_core/core_i/id_stage_i/clk_50m
    SLICE_X50Y185        FDCE                                         r  u_soc_top/gen_cv32e40p_core.u_core/core_i/id_stage_i/alu_operator_ex_o_reg[5]/C
  -------------------------------------------------------------------    -------------------
    SLICE_X50Y185        FDCE (Prop_fdce_C_Q)         0.518    -0.228 r  u_soc_top/gen_cv32e40p_core.u_core/core_i/id_stage_i/alu_operator_ex_o_reg[5]/Q
                         net (fo=59, routed)          0.503     0.275    u_soc_top/gen_cv32e40p_core.u_core/core_i/id_stage_i/register_file_i/i___147_i_34_0[5]
    SLICE_X51Y185        LUT3 (Prop_lut3_I0_O)        0.124     0.399 r  u_soc_top/gen_cv32e40p_core.u_core/core_i/id_stage_i/register_file_i/i___160_i_5/O
                         net (fo=96, routed)          0.905     1.304    u_soc_top/gen_cv32e40p_core.u_core/core_i/id_stage_i/register_file_i/i___160_i_5_n_0
    SLICE_X50Y184        LUT6 (Prop_lut6_I0_O)        0.124     1.428 r  u_soc_top/gen_cv32e40p_core.u_core/core_i/id_stage_i/register_file_i/BReg_DP[31]_i_128/O
                         net (fo=1, routed)           0.819     2.247    u_soc_top/gen_cv32e40p_core.u_core/core_i/id_stage_i/register_file_i/BReg_DP[31]_i_128_n_0
    SLICE_X49Y184        LUT6 (Prop_lut6_I5_O)        0.124     2.371 r  u_soc_top/gen_cv32e40p_core.u_core/core_i/id_stage_i/register_file_i/BReg_DP[31]_i_111/O
                         net (fo=2, routed)           0.465     2.836    u_soc_top/gen_cv32e40p_core.u_core/core_i/id_stage_i/register_file_i/ex_stage_i/alu_i/adder_op_a[0]
    SLICE_X48Y184        LUT5 (Prop_lut5_I0_O)        0.124     2.960 r  u_soc_top/gen_cv32e40p_core.u_core/core_i/id_stage_i/register_file_i/BReg_DP[31]_i_115/O
                         net (fo=1, routed)           0.000     2.960    u_soc_top/gen_cv32e40p_core.u_core/core_i/id_stage_i/register_file_i/BReg_DP[31]_i_115_n_0
    SLICE_X48Y184        CARRY4 (Prop_carry4_S[0]_CO[3])
                                                      0.532     3.492 r  u_soc_top/gen_cv32e40p_core.u_core/core_i/id_stage_i/register_file_i/BReg_DP_reg[31]_i_89/CO[3]
                         net (fo=1, routed)           0.000     3.492    u_soc_top/gen_cv32e40p_core.u_core/core_i/id_stage_i/register_file_i/BReg_DP_reg[31]_i_89_n_0
    SLICE_X48Y185        CARRY4 (Prop_carry4_CI_CO[3])
                                                      0.114     3.606 r  u_soc_top/gen_cv32e40p_core.u_core/core_i/id_stage_i/register_file_i/BReg_DP_reg[24]_i_12/CO[3]
                         net (fo=1, routed)           0.000     3.606    u_soc_top/gen_cv32e40p_core.u_core/core_i/id_stage_i/register_file_i/BReg_DP_reg[24]_i_12_n_0
    SLICE_X48Y186        CARRY4 (Prop_carry4_CI_O[1])
                                                      0.334     3.940 r  u_soc_top/gen_cv32e40p_core.u_core/core_i/id_stage_i/register_file_i/BReg_DP_reg[31]_i_98/O[1]
                         net (fo=3, routed)           0.950     4.890    u_soc_top/gen_cv32e40p_core.u_core/core_i/id_stage_i/register_file_i/ex_stage_i/alu_i/data0[8]
    SLICE_X49Y187        CARRY4 (Prop_carry4_DI[0]_CO[3])
                                                      0.705     5.595 r  u_soc_top/gen_cv32e40p_core.u_core/core_i/id_stage_i/register_file_i/BReg_DP_reg[31]_i_83/CO[3]
                         net (fo=1, routed)           0.000     5.595    u_soc_top/gen_cv32e40p_core.u_core/core_i/id_stage_i/register_file_i/BReg_DP_reg[31]_i_83_n_0
    SLICE_X49Y188        CARRY4 (Prop_carry4_CI_CO[3])
                                                      0.114     5.709 r  u_soc_top/gen_cv32e40p_core.u_core/core_i/id_stage_i/register_file_i/BReg_DP_reg[16]_i_11/CO[3]
                         net (fo=1, routed)           0.000     5.709    u_soc_top/gen_cv32e40p_core.u_core/core_i/id_stage_i/register_file_i/BReg_DP_reg[16]_i_11_n_0
    SLICE_X49Y189        CARRY4 (Prop_carry4_CI_CO[3])
                                                      0.114     5.823 r  u_soc_top/gen_cv32e40p_core.u_core/core_i/id_stage_i/register_file_i/BReg_DP_reg[31]_i_84/CO[3]
                         net (fo=1, routed)           0.000     5.823    u_soc_top/gen_cv32e40p_core.u_core/core_i/id_stage_i/register_file_i/BReg_DP_reg[31]_i_84_n_0
    SLICE_X49Y190        CARRY4 (Prop_carry4_CI_CO[3])
                                                      0.114     5.937 r  u_soc_top/gen_cv32e40p_core.u_core/core_i/id_stage_i/register_file_i/BReg_DP_reg[8]_i_8/CO[3]
                         net (fo=1, routed)           0.000     5.937    u_soc_top/gen_cv32e40p_core.u_core/core_i/id_stage_i/register_file_i/BReg_DP_reg[8]_i_8_n_0
    SLICE_X49Y191        CARRY4 (Prop_carry4_CI_CO[3])
                                                      0.114     6.051 r  u_soc_top/gen_cv32e40p_core.u_core/core_i/id_stage_i/register_file_i/BReg_DP_reg[31]_i_82/CO[3]
                         net (fo=1, routed)           0.000     6.051    u_soc_top/gen_cv32e40p_core.u_core/core_i/id_stage_i/register_file_i/BReg_DP_reg[31]_i_82_n_0
    SLICE_X49Y192        CARRY4 (Prop_carry4_CI_O[3])
                                                      0.313     6.364 r  u_soc_top/gen_cv32e40p_core.u_core/core_i/id_stage_i/register_file_i/BReg_DP_reg[0]_i_8/O[3]
                         net (fo=2, routed)           0.303     6.667    u_soc_top/gen_cv32e40p_core.u_core/core_i/id_stage_i/register_file_i/ex_stage_i/alu_i/adder_round_result[31]
    SLICE_X47Y192        LUT6 (Prop_lut6_I2_O)        0.306     6.973 r  u_soc_top/gen_cv32e40p_core.u_core/core_i/id_stage_i/register_file_i/BReg_DP[0]_i_6/O
                         net (fo=61, routed)          0.620     7.593    u_soc_top/gen_cv32e40p_core.u_core/core_i/id_stage_i/register_file_i/shift_right_result126_out
    SLICE_X46Y193        LUT3 (Prop_lut3_I2_O)        0.124     7.717 r  u_soc_top/gen_cv32e40p_core.u_core/core_i/id_stage_i/register_file_i/BReg_DP[19]_i_9/O
                         net (fo=3, routed)           0.836     8.553    u_soc_top/gen_cv32e40p_core.u_core/core_i/id_stage_i/register_file_i/ex_stage_i/alu_i/shift_op_a_32[43]
    SLICE_X47Y193        LUT6 (Prop_lut6_I0_O)        0.124     8.677 r  u_soc_top/gen_cv32e40p_core.u_core/core_i/id_stage_i/register_file_i/BReg_DP[19]_i_7/O
                         net (fo=4, routed)           1.007     9.683    u_soc_top/gen_cv32e40p_core.u_core/core_i/id_stage_i/register_file_i/BReg_DP[19]_i_7_n_0
    SLICE_X48Y195        LUT6 (Prop_lut6_I1_O)        0.124     9.807 r  u_soc_top/gen_cv32e40p_core.u_core/core_i/id_stage_i/register_file_i/BReg_DP[15]_i_4/O
                         net (fo=4, routed)           0.608    10.416    u_soc_top/gen_cv32e40p_core.u_core/core_i/id_stage_i/register_file_i/alu_clpx_shift_ex_o_reg[1]_11
    SLICE_X47Y195        LUT3 (Prop_lut3_I0_O)        0.124    10.540 r  u_soc_top/gen_cv32e40p_core.u_core/core_i/id_stage_i/register_file_i/i___91__15_i_38/O
                         net (fo=2, routed)           0.588    11.127    u_soc_top/gen_cv32e40p_core.u_core/core_i/id_stage_i/register_file_i/i___91__15_i_38_n_0
    SLICE_X49Y194        LUT5 (Prop_lut5_I4_O)        0.124    11.251 r  u_soc_top/gen_cv32e40p_core.u_core/core_i/id_stage_i/register_file_i/i___91__15_i_30/O
                         net (fo=6, routed)           0.612    11.864    u_soc_top/gen_cv32e40p_core.u_core/core_i/id_stage_i/register_file_i/ex_stage_i/alu_i/radix_2_rev[15]
    SLICE_X49Y195        LUT6 (Prop_lut6_I5_O)        0.124    11.988 r  u_soc_top/gen_cv32e40p_core.u_core/core_i/id_stage_i/register_file_i/i___28_i_99/O
                         net (fo=1, routed)           0.000    11.988    u_soc_top/gen_cv32e40p_core.u_core/core_i/id_stage_i/register_file_i/i___28_i_99_n_0
    SLICE_X49Y195        MUXF7 (Prop_muxf7_I0_O)      0.212    12.200 r  u_soc_top/gen_cv32e40p_core.u_core/core_i/id_stage_i/register_file_i/i___28_i_93/O
                         net (fo=1, routed)           0.576    12.775    u_soc_top/gen_cv32e40p_core.u_core/core_i/id_stage_i/register_file_i/i___28_i_93_n_0
    SLICE_X50Y193        LUT6 (Prop_lut6_I2_O)        0.299    13.074 r  u_soc_top/gen_cv32e40p_core.u_core/core_i/id_stage_i/register_file_i/i___28_i_86/O
                         net (fo=60, routed)          0.813    13.887    u_soc_top/gen_cv32e40p_core.u_core/core_i/id_stage_i/register_file_i/ex_stage_i/alu_i/extract_sign
    SLICE_X52Y187        LUT6 (Prop_lut6_I5_O)        0.124    14.011 r  u_soc_top/gen_cv32e40p_core.u_core/core_i/id_stage_i/register_file_i/i___91__21_i_39/O
                         net (fo=1, routed)           0.492    14.504    u_soc_top/gen_cv32e40p_core.u_core/core_i/id_stage_i/register_file_i/i___91__21_i_39_n_0
    SLICE_X52Y186        LUT6 (Prop_lut6_I5_O)        0.124    14.628 r  u_soc_top/gen_cv32e40p_core.u_core/core_i/id_stage_i/register_file_i/i___91__21_i_33/O
                         net (fo=1, routed)           0.298    14.926    u_soc_top/gen_cv32e40p_core.u_core/core_i/id_stage_i/register_file_i/ex_stage_i/alu_i/bextins_result[11]
    SLICE_X54Y186        LUT6 (Prop_lut6_I5_O)        0.124    15.050 r  u_soc_top/gen_cv32e40p_core.u_core/core_i/id_stage_i/register_file_i/i___91__21_i_26/O
                         net (fo=1, routed)           0.000    15.050    u_soc_top/gen_cv32e40p_core.u_core/core_i/id_stage_i/register_file_i/i___91__21_i_26_n_0
    SLICE_X54Y186        MUXF7 (Prop_muxf7_I1_O)      0.214    15.264 r  u_soc_top/gen_cv32e40p_core.u_core/core_i/id_stage_i/register_file_i/i___91__21_i_20/O
                         net (fo=1, routed)           0.296    15.559    u_soc_top/gen_cv32e40p_core.u_core/core_i/id_stage_i/register_file_i/i___91__21_i_20_n_0
    SLICE_X55Y184        LUT6 (Prop_lut6_I5_O)        0.297    15.856 r  u_soc_top/gen_cv32e40p_core.u_core/core_i/id_stage_i/register_file_i/i___91__21_i_8/O
                         net (fo=1, routed)           0.306    16.163    u_soc_top/gen_cv32e40p_core.u_core/core_i/id_stage_i/gen_hwloop_regs.hwloop_regs_i/alu_result[11]
    SLICE_X54Y182        LUT6 (Prop_lut6_I3_O)        0.124    16.287 r  u_soc_top/gen_cv32e40p_core.u_core/core_i/id_stage_i/gen_hwloop_regs.hwloop_regs_i/i___91__21_i_3/O
                         net (fo=36, routed)          0.690    16.977    u_soc_top/gen_cv32e40p_core.u_core/core_i/id_stage_i/gen_hwloop_regs.hwloop_regs_i/csr_access_ex_o_reg_22
    SLICE_X56Y178        LUT6 (Prop_lut6_I1_O)        0.124    17.101 r  u_soc_top/gen_cv32e40p_core.u_core/core_i/id_stage_i/gen_hwloop_regs.hwloop_regs_i/alu_operand_b_ex_o[27]_i_7/O
                         net (fo=1, routed)           0.793    17.893    u_soc_top/gen_cv32e40p_core.u_core/core_i/if_stage_i/mult_operand_b_ex_o_reg[27]_1
    SLICE_X53Y178        LUT6 (Prop_lut6_I2_O)        0.124    18.017 r  u_soc_top/gen_cv32e40p_core.u_core/core_i/if_stage_i/alu_operand_b_ex_o[27]_i_3/O
                         net (fo=3, routed)           0.461    18.478    u_soc_top/gen_cv32e40p_core.u_core/core_i/if_stage_i/alu_operand_b_ex_o[27]_i_3_n_0
    SLICE_X53Y179        LUT6 (Prop_lut6_I2_O)        0.124    18.602 r  u_soc_top/gen_cv32e40p_core.u_core/core_i/if_stage_i/mult_operand_b_ex_o[27]_i_1/O
                         net (fo=2, routed)           0.342    18.945    u_soc_top/gen_cv32e40p_core.u_core/core_i/id_stage_i/mult_operand_b_ex_o_reg[31]_1[19]
    SLICE_X53Y178        FDCE                                         r  u_soc_top/gen_cv32e40p_core.u_core/core_i/id_stage_i/mult_operand_b_ex_o_reg[27]/D
  -------------------------------------------------------------------    -------------------

                         (clock clk_50m_unbuf rise edge)
                                                     20.000    20.000 r  
    E3                                                0.000    20.000 r  clk_100m_i (IN)
                         net (fo=0)                   0.000    20.000    clk_100m_i
    E3                   IBUF (Prop_ibuf_I_O)         1.411    21.411 r  clk_100m_i_IBUF_inst/O
                         net (fo=1, routed)           1.162    22.573    clk_100m_i_IBUF
    MMCME2_ADV_X1Y2      MMCME2_ADV (Prop_mmcme2_adv_CLKIN1_CLKOUT0)
                                                     -7.324    15.249 r  u_mmcm/CLKOUT0
                         net (fo=1, routed)           1.639    16.888    clk_50m_unbuf
    BUFGCTRL_X0Y16       BUFG (Prop_bufg_I_O)         0.091    16.979 r  u_bufg_clk50/O
                         net (fo=7022, routed)        1.650    18.630    u_soc_top/gen_cv32e40p_core.u_core/core_i/id_stage_i/clk_50m
    SLICE_X53Y178        FDCE                                         r  u_soc_top/gen_cv32e40p_core.u_core/core_i/id_stage_i/mult_operand_b_ex_o_reg[27]/C
                         clock pessimism              0.497    19.127    
                         clock uncertainty           -0.089    19.038    
    SLICE_X53Y178        FDCE (Setup_fdce_C_D)       -0.043    18.995    u_soc_top/gen_cv32e40p_core.u_core/core_i/id_stage_i/mult_operand_b_ex_o_reg[27]
  -------------------------------------------------------------------
                         required time                         18.995    
                         arrival time                         -18.945    
  -------------------------------------------------------------------
                         slack                                  0.050    

Slack (MET) :             0.053ns  (required time - arrival time)
  Source:                 u_soc_top/gen_cv32e40p_core.u_core/core_i/id_stage_i/alu_operator_ex_o_reg[5]/C
                            (rising edge-triggered cell FDCE clocked by clk_50m_unbuf  {rise@0.000ns fall@10.000ns period=20.000ns})
  Destination:            u_soc_top/gen_cv32e40p_core.u_core/core_i/id_stage_i/mult_operand_b_ex_o_reg[12]/D
                            (rising edge-triggered cell FDCE clocked by clk_50m_unbuf  {rise@0.000ns fall@10.000ns period=20.000ns})
  Path Group:             clk_50m_unbuf
  Path Type:              Setup (Max at Slow Process Corner)
  Requirement:            20.000ns  (clk_50m_unbuf rise@20.000ns - clk_50m_unbuf rise@0.000ns)
  Data Path Delay:        19.728ns  (logic 6.408ns (32.482%)  route 13.320ns (67.518%))
  Logic Levels:           31  (CARRY4=9 LUT3=3 LUT5=2 LUT6=15 MUXF7=2)
  Clock Path Skew:        -0.117ns (DCD - SCD + CPR)
    Destination Clock Delay (DCD):    -1.360ns = ( 18.640 - 20.000 ) 
    Source Clock Delay      (SCD):    -0.746ns
    Clock Pessimism Removal (CPR):    0.497ns
  Clock Uncertainty:      0.089ns  ((TSJ^2 + DJ^2)^1/2) / 2 + PE
    Total System Jitter     (TSJ):    0.071ns
    Discrete Jitter          (DJ):    0.163ns
    Phase Error              (PE):    0.000ns

    Location             Delay type                Incr(ns)  Path(ns)    Netlist Resource(s)
  -------------------------------------------------------------------    -------------------
                         (clock clk_50m_unbuf rise edge)
                                                      0.000     0.000 r  
    E3                                                0.000     0.000 r  clk_100m_i (IN)
                         net (fo=0)                   0.000     0.000    clk_100m_i
    E3                   IBUF (Prop_ibuf_I_O)         1.482     1.482 r  clk_100m_i_IBUF_inst/O
                         net (fo=1, routed)           1.233     2.715    clk_100m_i_IBUF
    MMCME2_ADV_X1Y2      MMCME2_ADV (Prop_mmcme2_adv_CLKIN1_CLKOUT0)
                                                     -7.070    -4.355 r  u_mmcm/CLKOUT0
                         net (fo=1, routed)           1.719    -2.636    clk_50m_unbuf
    BUFGCTRL_X0Y16       BUFG (Prop_bufg_I_O)         0.096    -2.540 r  u_bufg_clk50/O
                         net (fo=7022, routed)        1.794    -0.746    u_soc_top/gen_cv32e40p_core.u_core/core_i/id_stage_i/clk_50m
    SLICE_X50Y185        FDCE                                         r  u_soc_top/gen_cv32e40p_core.u_core/core_i/id_stage_i/alu_operator_ex_o_reg[5]/C
  -------------------------------------------------------------------    -------------------
    SLICE_X50Y185        FDCE (Prop_fdce_C_Q)         0.518    -0.228 r  u_soc_top/gen_cv32e40p_core.u_core/core_i/id_stage_i/alu_operator_ex_o_reg[5]/Q
                         net (fo=59, routed)          0.503     0.275    u_soc_top/gen_cv32e40p_core.u_core/core_i/id_stage_i/register_file_i/i___147_i_34_0[5]
    SLICE_X51Y185        LUT3 (Prop_lut3_I0_O)        0.124     0.399 r  u_soc_top/gen_cv32e40p_core.u_core/core_i/id_stage_i/register_file_i/i___160_i_5/O
                         net (fo=96, routed)          0.905     1.304    u_soc_top/gen_cv32e40p_core.u_core/core_i/id_stage_i/register_file_i/i___160_i_5_n_0
    SLICE_X50Y184        LUT6 (Prop_lut6_I0_O)        0.124     1.428 r  u_soc_top/gen_cv32e40p_core.u_core/core_i/id_stage_i/register_file_i/BReg_DP[31]_i_128/O
                         net (fo=1, routed)           0.819     2.247    u_soc_top/gen_cv32e40p_core.u_core/core_i/id_stage_i/register_file_i/BReg_DP[31]_i_128_n_0
    SLICE_X49Y184        LUT6 (Prop_lut6_I5_O)        0.124     2.371 r  u_soc_top/gen_cv32e40p_core.u_core/core_i/id_stage_i/register_file_i/BReg_DP[31]_i_111/O
                         net (fo=2, routed)           0.465     2.836    u_soc_top/gen_cv32e40p_core.u_core/core_i/id_stage_i/register_file_i/ex_stage_i/alu_i/adder_op_a[0]
    SLICE_X48Y184        LUT5 (Prop_lut5_I0_O)        0.124     2.960 r  u_soc_top/gen_cv32e40p_core.u_core/core_i/id_stage_i/register_file_i/BReg_DP[31]_i_115/O
                         net (fo=1, routed)           0.000     2.960    u_soc_top/gen_cv32e40p_core.u_core/core_i/id_stage_i/register_file_i/BReg_DP[31]_i_115_n_0
    SLICE_X48Y184        CARRY4 (Prop_carry4_S[0]_CO[3])
                                                      0.532     3.492 r  u_soc_top/gen_cv32e40p_core.u_core/core_i/id_stage_i/register_file_i/BReg_DP_reg[31]_i_89/CO[3]
                         net (fo=1, routed)           0.000     3.492    u_soc_top/gen_cv32e40p_core.u_core/core_i/id_stage_i/register_file_i/BReg_DP_reg[31]_i_89_n_0
    SLICE_X48Y185        CARRY4 (Prop_carry4_CI_CO[3])
                                                      0.114     3.606 r  u_soc_top/gen_cv32e40p_core.u_core/core_i/id_stage_i/register_file_i/BReg_DP_reg[24]_i_12/CO[3]
                         net (fo=1, routed)           0.000     3.606    u_soc_top/gen_cv32e40p_core.u_core/core_i/id_stage_i/register_file_i/BReg_DP_reg[24]_i_12_n_0
    SLICE_X48Y186        CARRY4 (Prop_carry4_CI_O[1])
                                                      0.334     3.940 r  u_soc_top/gen_cv32e40p_core.u_core/core_i/id_stage_i/register_file_i/BReg_DP_reg[31]_i_98/O[1]
                         net (fo=3, routed)           0.950     4.890    u_soc_top/gen_cv32e40p_core.u_core/core_i/id_stage_i/register_file_i/ex_stage_i/alu_i/data0[8]
    SLICE_X49Y187        CARRY4 (Prop_carry4_DI[0]_CO[3])
                                                      0.705     5.595 r  u_soc_top/gen_cv32e40p_core.u_core/core_i/id_stage_i/register_file_i/BReg_DP_reg[31]_i_83/CO[3]
                         net (fo=1, routed)           0.000     5.595    u_soc_top/gen_cv32e40p_core.u_core/core_i/id_stage_i/register_file_i/BReg_DP_reg[31]_i_83_n_0
    SLICE_X49Y188        CARRY4 (Prop_carry4_CI_CO[3])
                                                      0.114     5.709 r  u_soc_top/gen_cv32e40p_core.u_core/core_i/id_stage_i/register_file_i/BReg_DP_reg[16]_i_11/CO[3]
                         net (fo=1, routed)           0.000     5.709    u_soc_top/gen_cv32e40p_core.u_core/core_i/id_stage_i/register_file_i/BReg_DP_reg[16]_i_11_n_0
    SLICE_X49Y189        CARRY4 (Prop_carry4_CI_CO[3])
                                                      0.114     5.823 r  u_soc_top/gen_cv32e40p_core.u_core/core_i/id_stage_i/register_file_i/BReg_DP_reg[31]_i_84/CO[3]
                         net (fo=1, routed)           0.000     5.823    u_soc_top/gen_cv32e40p_core.u_core/core_i/id_stage_i/register_file_i/BReg_DP_reg[31]_i_84_n_0
    SLICE_X49Y190        CARRY4 (Prop_carry4_CI_CO[3])
                                                      0.114     5.937 r  u_soc_top/gen_cv32e40p_core.u_core/core_i/id_stage_i/register_file_i/BReg_DP_reg[8]_i_8/CO[3]
                         net (fo=1, routed)           0.000     5.937    u_soc_top/gen_cv32e40p_core.u_core/core_i/id_stage_i/register_file_i/BReg_DP_reg[8]_i_8_n_0
    SLICE_X49Y191        CARRY4 (Prop_carry4_CI_CO[3])
                                                      0.114     6.051 r  u_soc_top/gen_cv32e40p_core.u_core/core_i/id_stage_i/register_file_i/BReg_DP_reg[31]_i_82/CO[3]
                         net (fo=1, routed)           0.000     6.051    u_soc_top/gen_cv32e40p_core.u_core/core_i/id_stage_i/register_file_i/BReg_DP_reg[31]_i_82_n_0
    SLICE_X49Y192        CARRY4 (Prop_carry4_CI_O[3])
                                                      0.313     6.364 r  u_soc_top/gen_cv32e40p_core.u_core/core_i/id_stage_i/register_file_i/BReg_DP_reg[0]_i_8/O[3]
                         net (fo=2, routed)           0.303     6.667    u_soc_top/gen_cv32e40p_core.u_core/core_i/id_stage_i/register_file_i/ex_stage_i/alu_i/adder_round_result[31]
    SLICE_X47Y192        LUT6 (Prop_lut6_I2_O)        0.306     6.973 r  u_soc_top/gen_cv32e40p_core.u_core/core_i/id_stage_i/register_file_i/BReg_DP[0]_i_6/O
                         net (fo=61, routed)          0.620     7.593    u_soc_top/gen_cv32e40p_core.u_core/core_i/id_stage_i/register_file_i/shift_right_result126_out
    SLICE_X46Y193        LUT3 (Prop_lut3_I2_O)        0.124     7.717 r  u_soc_top/gen_cv32e40p_core.u_core/core_i/id_stage_i/register_file_i/BReg_DP[19]_i_9/O
                         net (fo=3, routed)           0.836     8.553    u_soc_top/gen_cv32e40p_core.u_core/core_i/id_stage_i/register_file_i/ex_stage_i/alu_i/shift_op_a_32[43]
    SLICE_X47Y193        LUT6 (Prop_lut6_I0_O)        0.124     8.677 r  u_soc_top/gen_cv32e40p_core.u_core/core_i/id_stage_i/register_file_i/BReg_DP[19]_i_7/O
                         net (fo=4, routed)           1.007     9.683    u_soc_top/gen_cv32e40p_core.u_core/core_i/id_stage_i/register_file_i/BReg_DP[19]_i_7_n_0
    SLICE_X48Y195        LUT6 (Prop_lut6_I1_O)        0.124     9.807 r  u_soc_top/gen_cv32e40p_core.u_core/core_i/id_stage_i/register_file_i/BReg_DP[15]_i_4/O
                         net (fo=4, routed)           0.608    10.416    u_soc_top/gen_cv32e40p_core.u_core/core_i/id_stage_i/register_file_i/alu_clpx_shift_ex_o_reg[1]_11
    SLICE_X47Y195        LUT3 (Prop_lut3_I0_O)        0.124    10.540 r  u_soc_top/gen_cv32e40p_core.u_core/core_i/id_stage_i/register_file_i/i___91__15_i_38/O
                         net (fo=2, routed)           0.588    11.127    u_soc_top/gen_cv32e40p_core.u_core/core_i/id_stage_i/register_file_i/i___91__15_i_38_n_0
    SLICE_X49Y194        LUT5 (Prop_lut5_I4_O)        0.124    11.251 r  u_soc_top/gen_cv32e40p_core.u_core/core_i/id_stage_i/register_file_i/i___91__15_i_30/O
                         net (fo=6, routed)           0.612    11.864    u_soc_top/gen_cv32e40p_core.u_core/core_i/id_stage_i/register_file_i/ex_stage_i/alu_i/radix_2_rev[15]
    SLICE_X49Y195        LUT6 (Prop_lut6_I5_O)        0.124    11.988 r  u_soc_top/gen_cv32e40p_core.u_core/core_i/id_stage_i/register_file_i/i___28_i_99/O
                         net (fo=1, routed)           0.000    11.988    u_soc_top/gen_cv32e40p_core.u_core/core_i/id_stage_i/register_file_i/i___28_i_99_n_0
    SLICE_X49Y195        MUXF7 (Prop_muxf7_I0_O)      0.212    12.200 r  u_soc_top/gen_cv32e40p_core.u_core/core_i/id_stage_i/register_file_i/i___28_i_93/O
                         net (fo=1, routed)           0.576    12.775    u_soc_top/gen_cv32e40p_core.u_core/core_i/id_stage_i/register_file_i/i___28_i_93_n_0
    SLICE_X50Y193        LUT6 (Prop_lut6_I2_O)        0.299    13.074 r  u_soc_top/gen_cv32e40p_core.u_core/core_i/id_stage_i/register_file_i/i___28_i_86/O
                         net (fo=60, routed)          0.459    13.533    u_soc_top/gen_cv32e40p_core.u_core/core_i/id_stage_i/register_file_i/ex_stage_i/alu_i/extract_sign
    SLICE_X51Y191        LUT6 (Prop_lut6_I5_O)        0.124    13.657 r  u_soc_top/gen_cv32e40p_core.u_core/core_i/id_stage_i/register_file_i/i___91__30_i_36/O
                         net (fo=1, routed)           0.490    14.147    u_soc_top/gen_cv32e40p_core.u_core/core_i/id_stage_i/register_file_i/i___91__30_i_36_n_0
    SLICE_X54Y187        LUT6 (Prop_lut6_I5_O)        0.124    14.271 r  u_soc_top/gen_cv32e40p_core.u_core/core_i/id_stage_i/register_file_i/i___91__30_i_32/O
                         net (fo=1, routed)           0.165    14.436    u_soc_top/gen_cv32e40p_core.u_core/core_i/id_stage_i/register_file_i/ex_stage_i/alu_i/bextins_result[4]
    SLICE_X54Y187        LUT6 (Prop_lut6_I5_O)        0.124    14.560 r  u_soc_top/gen_cv32e40p_core.u_core/core_i/id_stage_i/register_file_i/i___91__30_i_25/O
                         net (fo=1, routed)           0.000    14.560    u_soc_top/gen_cv32e40p_core.u_core/core_i/id_stage_i/register_file_i/i___91__30_i_25_n_0
    SLICE_X54Y187        MUXF7 (Prop_muxf7_I1_O)      0.214    14.774 r  u_soc_top/gen_cv32e40p_core.u_core/core_i/id_stage_i/register_file_i/i___91__30_i_12/O
                         net (fo=1, routed)           0.299    15.072    u_soc_top/gen_cv32e40p_core.u_core/core_i/id_stage_i/register_file_i/i___91__30_i_12_n_0
    SLICE_X55Y185        LUT6 (Prop_lut6_I5_O)        0.297    15.369 r  u_soc_top/gen_cv32e40p_core.u_core/core_i/id_stage_i/register_file_i/i___91__30_i_4/O
                         net (fo=1, routed)           0.549    15.919    u_soc_top/gen_cv32e40p_core.u_core/core_i/id_stage_i/gen_hwloop_regs.hwloop_regs_i/alu_result[4]
    SLICE_X55Y182        LUT6 (Prop_lut6_I3_O)        0.124    16.043 r  u_soc_top/gen_cv32e40p_core.u_core/core_i/id_stage_i/gen_hwloop_regs.hwloop_regs_i/i___91__30_i_2/O
                         net (fo=37, routed)          0.398    16.441    u_soc_top/gen_cv32e40p_core.u_core/core_i/id_stage_i/gen_hwloop_regs.hwloop_regs_i/csr_access_ex_o_reg_2
    SLICE_X55Y181        LUT6 (Prop_lut6_I2_O)        0.124    16.565 r  u_soc_top/gen_cv32e40p_core.u_core/core_i/id_stage_i/gen_hwloop_regs.hwloop_regs_i/i___60_i_1/O
                         net (fo=4, routed)           0.892    17.457    u_soc_top/gen_cv32e40p_core.u_core/core_i/if_stage_i/mult_dot_op_c_ex_o_reg[4]_0
    SLICE_X57Y183        LUT6 (Prop_lut6_I3_O)        0.124    17.581 r  u_soc_top/gen_cv32e40p_core.u_core/core_i/if_stage_i/mult_operand_b_ex_o[4]_i_1/O
                         net (fo=9, routed)           0.945    18.527    u_soc_top/gen_cv32e40p_core.u_core/core_i/if_stage_i/operand_b[4]
    SLICE_X59Y182        LUT6 (Prop_lut6_I0_O)        0.124    18.651 r  u_soc_top/gen_cv32e40p_core.u_core/core_i/if_stage_i/mult_operand_b_ex_o[12]_i_1/O
                         net (fo=2, routed)           0.331    18.982    u_soc_top/gen_cv32e40p_core.u_core/core_i/id_stage_i/mult_operand_b_ex_o_reg[31]_1[4]
    SLICE_X58Y183        FDCE                                         r  u_soc_top/gen_cv32e40p_core.u_core/core_i/id_stage_i/mult_operand_b_ex_o_reg[12]/D
  -------------------------------------------------------------------    -------------------

                         (clock clk_50m_unbuf rise edge)
                                                     20.000    20.000 r  
    E3                                                0.000    20.000 r  clk_100m_i (IN)
                         net (fo=0)                   0.000    20.000    clk_100m_i
    E3                   IBUF (Prop_ibuf_I_O)         1.411    21.411 r  clk_100m_i_IBUF_inst/O
                         net (fo=1, routed)           1.162    22.573    clk_100m_i_IBUF
    MMCME2_ADV_X1Y2      MMCME2_ADV (Prop_mmcme2_adv_CLKIN1_CLKOUT0)
                                                     -7.324    15.249 r  u_mmcm/CLKOUT0
                         net (fo=1, routed)           1.639    16.888    clk_50m_unbuf
    BUFGCTRL_X0Y16       BUFG (Prop_bufg_I_O)         0.091    16.979 r  u_bufg_clk50/O
                         net (fo=7022, routed)        1.660    18.640    u_soc_top/gen_cv32e40p_core.u_core/core_i/id_stage_i/clk_50m
    SLICE_X58Y183        FDCE                                         r  u_soc_top/gen_cv32e40p_core.u_core/core_i/id_stage_i/mult_operand_b_ex_o_reg[12]/C
                         clock pessimism              0.497    19.137    
                         clock uncertainty           -0.089    19.048    
    SLICE_X58Y183        FDCE (Setup_fdce_C_D)       -0.013    19.035    u_soc_top/gen_cv32e40p_core.u_core/core_i/id_stage_i/mult_operand_b_ex_o_reg[12]
  -------------------------------------------------------------------
                         required time                         19.035    
                         arrival time                         -18.982    
  -------------------------------------------------------------------
                         slack                                  0.053    

Slack (MET) :             0.069ns  (required time - arrival time)
  Source:                 u_soc_top/gen_cv32e40p_core.u_core/core_i/id_stage_i/alu_operator_ex_o_reg[5]/C
                            (rising edge-triggered cell FDCE clocked by clk_50m_unbuf  {rise@0.000ns fall@10.000ns period=20.000ns})
  Destination:            u_soc_top/gen_cv32e40p_core.u_core/core_i/id_stage_i/mult_operand_b_ex_o_reg[25]/D
                            (rising edge-triggered cell FDCE clocked by clk_50m_unbuf  {rise@0.000ns fall@10.000ns period=20.000ns})
  Path Group:             clk_50m_unbuf
  Path Type:              Setup (Max at Slow Process Corner)
  Requirement:            20.000ns  (clk_50m_unbuf rise@20.000ns - clk_50m_unbuf rise@0.000ns)
  Data Path Delay:        19.640ns  (logic 6.408ns (32.626%)  route 13.232ns (67.373%))
  Logic Levels:           31  (CARRY4=9 LUT3=3 LUT5=2 LUT6=15 MUXF7=2)
  Clock Path Skew:        -0.121ns (DCD - SCD + CPR)
    Destination Clock Delay (DCD):    -1.364ns = ( 18.636 - 20.000 ) 
    Source Clock Delay      (SCD):    -0.746ns
    Clock Pessimism Removal (CPR):    0.497ns
  Clock Uncertainty:      0.089ns  ((TSJ^2 + DJ^2)^1/2) / 2 + PE
    Total System Jitter     (TSJ):    0.071ns
    Discrete Jitter          (DJ):    0.163ns
    Phase Error              (PE):    0.000ns

    Location             Delay type                Incr(ns)  Path(ns)    Netlist Resource(s)
  -------------------------------------------------------------------    -------------------
                         (clock clk_50m_unbuf rise edge)
                                                      0.000     0.000 r  
    E3                                                0.000     0.000 r  clk_100m_i (IN)
                         net (fo=0)                   0.000     0.000    clk_100m_i
    E3                   IBUF (Prop_ibuf_I_O)         1.482     1.482 r  clk_100m_i_IBUF_inst/O
                         net (fo=1, routed)           1.233     2.715    clk_100m_i_IBUF
    MMCME2_ADV_X1Y2      MMCME2_ADV (Prop_mmcme2_adv_CLKIN1_CLKOUT0)
                                                     -7.070    -4.355 r  u_mmcm/CLKOUT0
                         net (fo=1, routed)           1.719    -2.636    clk_50m_unbuf
    BUFGCTRL_X0Y16       BUFG (Prop_bufg_I_O)         0.096    -2.540 r  u_bufg_clk50/O
                         net (fo=7022, routed)        1.794    -0.746    u_soc_top/gen_cv32e40p_core.u_core/core_i/id_stage_i/clk_50m
    SLICE_X50Y185        FDCE                                         r  u_soc_top/gen_cv32e40p_core.u_core/core_i/id_stage_i/alu_operator_ex_o_reg[5]/C
  -------------------------------------------------------------------    -------------------
    SLICE_X50Y185        FDCE (Prop_fdce_C_Q)         0.518    -0.228 r  u_soc_top/gen_cv32e40p_core.u_core/core_i/id_stage_i/alu_operator_ex_o_reg[5]/Q
                         net (fo=59, routed)          0.503     0.275    u_soc_top/gen_cv32e40p_core.u_core/core_i/id_stage_i/register_file_i/i___147_i_34_0[5]
    SLICE_X51Y185        LUT3 (Prop_lut3_I0_O)        0.124     0.399 r  u_soc_top/gen_cv32e40p_core.u_core/core_i/id_stage_i/register_file_i/i___160_i_5/O
                         net (fo=96, routed)          0.905     1.304    u_soc_top/gen_cv32e40p_core.u_core/core_i/id_stage_i/register_file_i/i___160_i_5_n_0
    SLICE_X50Y184        LUT6 (Prop_lut6_I0_O)        0.124     1.428 r  u_soc_top/gen_cv32e40p_core.u_core/core_i/id_stage_i/register_file_i/BReg_DP[31]_i_128/O
                         net (fo=1, routed)           0.819     2.247    u_soc_top/gen_cv32e40p_core.u_core/core_i/id_stage_i/register_file_i/BReg_DP[31]_i_128_n_0
    SLICE_X49Y184        LUT6 (Prop_lut6_I5_O)        0.124     2.371 r  u_soc_top/gen_cv32e40p_core.u_core/core_i/id_stage_i/register_file_i/BReg_DP[31]_i_111/O
                         net (fo=2, routed)           0.465     2.836    u_soc_top/gen_cv32e40p_core.u_core/core_i/id_stage_i/register_file_i/ex_stage_i/alu_i/adder_op_a[0]
    SLICE_X48Y184        LUT5 (Prop_lut5_I0_O)        0.124     2.960 r  u_soc_top/gen_cv32e40p_core.u_core/core_i/id_stage_i/register_file_i/BReg_DP[31]_i_115/O
                         net (fo=1, routed)           0.000     2.960    u_soc_top/gen_cv32e40p_core.u_core/core_i/id_stage_i/register_file_i/BReg_DP[31]_i_115_n_0
    SLICE_X48Y184        CARRY4 (Prop_carry4_S[0]_CO[3])
                                                      0.532     3.492 r  u_soc_top/gen_cv32e40p_core.u_core/core_i/id_stage_i/register_file_i/BReg_DP_reg[31]_i_89/CO[3]
                         net (fo=1, routed)           0.000     3.492    u_soc_top/gen_cv32e40p_core.u_core/core_i/id_stage_i/register_file_i/BReg_DP_reg[31]_i_89_n_0
    SLICE_X48Y185        CARRY4 (Prop_carry4_CI_CO[3])
                                                      0.114     3.606 r  u_soc_top/gen_cv32e40p_core.u_core/core_i/id_stage_i/register_file_i/BReg_DP_reg[24]_i_12/CO[3]
                         net (fo=1, routed)           0.000     3.606    u_soc_top/gen_cv32e40p_core.u_core/core_i/id_stage_i/register_file_i/BReg_DP_reg[24]_i_12_n_0
    SLICE_X48Y186        CARRY4 (Prop_carry4_CI_O[1])
                                                      0.334     3.940 r  u_soc_top/gen_cv32e40p_core.u_core/core_i/id_stage_i/register_file_i/BReg_DP_reg[31]_i_98/O[1]
                         net (fo=3, routed)           0.950     4.890    u_soc_top/gen_cv32e40p_core.u_core/core_i/id_stage_i/register_file_i/ex_stage_i/alu_i/data0[8]
    SLICE_X49Y187        CARRY4 (Prop_carry4_DI[0]_CO[3])
                                                      0.705     5.595 r  u_soc_top/gen_cv32e40p_core.u_core/core_i/id_stage_i/register_file_i/BReg_DP_reg[31]_i_83/CO[3]
                         net (fo=1, routed)           0.000     5.595    u_soc_top/gen_cv32e40p_core.u_core/core_i/id_stage_i/register_file_i/BReg_DP_reg[31]_i_83_n_0
    SLICE_X49Y188        CARRY4 (Prop_carry4_CI_CO[3])
                                                      0.114     5.709 r  u_soc_top/gen_cv32e40p_core.u_core/core_i/id_stage_i/register_file_i/BReg_DP_reg[16]_i_11/CO[3]
                         net (fo=1, routed)           0.000     5.709    u_soc_top/gen_cv32e40p_core.u_core/core_i/id_stage_i/register_file_i/BReg_DP_reg[16]_i_11_n_0
    SLICE_X49Y189        CARRY4 (Prop_carry4_CI_CO[3])
                                                      0.114     5.823 r  u_soc_top/gen_cv32e40p_core.u_core/core_i/id_stage_i/register_file_i/BReg_DP_reg[31]_i_84/CO[3]
                         net (fo=1, routed)           0.000     5.823    u_soc_top/gen_cv32e40p_core.u_core/core_i/id_stage_i/register_file_i/BReg_DP_reg[31]_i_84_n_0
    SLICE_X49Y190        CARRY4 (Prop_carry4_CI_CO[3])
                                                      0.114     5.937 r  u_soc_top/gen_cv32e40p_core.u_core/core_i/id_stage_i/register_file_i/BReg_DP_reg[8]_i_8/CO[3]
                         net (fo=1, routed)           0.000     5.937    u_soc_top/gen_cv32e40p_core.u_core/core_i/id_stage_i/register_file_i/BReg_DP_reg[8]_i_8_n_0
    SLICE_X49Y191        CARRY4 (Prop_carry4_CI_CO[3])
                                                      0.114     6.051 r  u_soc_top/gen_cv32e40p_core.u_core/core_i/id_stage_i/register_file_i/BReg_DP_reg[31]_i_82/CO[3]
                         net (fo=1, routed)           0.000     6.051    u_soc_top/gen_cv32e40p_core.u_core/core_i/id_stage_i/register_file_i/BReg_DP_reg[31]_i_82_n_0
    SLICE_X49Y192        CARRY4 (Prop_carry4_CI_O[3])
                                                      0.313     6.364 r  u_soc_top/gen_cv32e40p_core.u_core/core_i/id_stage_i/register_file_i/BReg_DP_reg[0]_i_8/O[3]
                         net (fo=2, routed)           0.303     6.667    u_soc_top/gen_cv32e40p_core.u_core/core_i/id_stage_i/register_file_i/ex_stage_i/alu_i/adder_round_result[31]
    SLICE_X47Y192        LUT6 (Prop_lut6_I2_O)        0.306     6.973 r  u_soc_top/gen_cv32e40p_core.u_core/core_i/id_stage_i/register_file_i/BReg_DP[0]_i_6/O
                         net (fo=61, routed)          0.620     7.593    u_soc_top/gen_cv32e40p_core.u_core/core_i/id_stage_i/register_file_i/shift_right_result126_out
    SLICE_X46Y193        LUT3 (Prop_lut3_I2_O)        0.124     7.717 r  u_soc_top/gen_cv32e40p_core.u_core/core_i/id_stage_i/register_file_i/BReg_DP[19]_i_9/O
                         net (fo=3, routed)           0.836     8.553    u_soc_top/gen_cv32e40p_core.u_core/core_i/id_stage_i/register_file_i/ex_stage_i/alu_i/shift_op_a_32[43]
    SLICE_X47Y193        LUT6 (Prop_lut6_I0_O)        0.124     8.677 r  u_soc_top/gen_cv32e40p_core.u_core/core_i/id_stage_i/register_file_i/BReg_DP[19]_i_7/O
                         net (fo=4, routed)           1.007     9.683    u_soc_top/gen_cv32e40p_core.u_core/core_i/id_stage_i/register_file_i/BReg_DP[19]_i_7_n_0
    SLICE_X48Y195        LUT6 (Prop_lut6_I1_O)        0.124     9.807 r  u_soc_top/gen_cv32e40p_core.u_core/core_i/id_stage_i/register_file_i/BReg_DP[15]_i_4/O
                         net (fo=4, routed)           0.608    10.416    u_soc_top/gen_cv32e40p_core.u_core/core_i/id_stage_i/register_file_i/alu_clpx_shift_ex_o_reg[1]_11
    SLICE_X47Y195        LUT3 (Prop_lut3_I0_O)        0.124    10.540 r  u_soc_top/gen_cv32e40p_core.u_core/core_i/id_stage_i/register_file_i/i___91__15_i_38/O
                         net (fo=2, routed)           0.588    11.127    u_soc_top/gen_cv32e40p_core.u_core/core_i/id_stage_i/register_file_i/i___91__15_i_38_n_0
    SLICE_X49Y194        LUT5 (Prop_lut5_I4_O)        0.124    11.251 r  u_soc_top/gen_cv32e40p_core.u_core/core_i/id_stage_i/register_file_i/i___91__15_i_30/O
                         net (fo=6, routed)           0.612    11.864    u_soc_top/gen_cv32e40p_core.u_core/core_i/id_stage_i/register_file_i/ex_stage_i/alu_i/radix_2_rev[15]
    SLICE_X49Y195        LUT6 (Prop_lut6_I5_O)        0.124    11.988 r  u_soc_top/gen_cv32e40p_core.u_core/core_i/id_stage_i/register_file_i/i___28_i_99/O
                         net (fo=1, routed)           0.000    11.988    u_soc_top/gen_cv32e40p_core.u_core/core_i/id_stage_i/register_file_i/i___28_i_99_n_0
    SLICE_X49Y195        MUXF7 (Prop_muxf7_I0_O)      0.212    12.200 r  u_soc_top/gen_cv32e40p_core.u_core/core_i/id_stage_i/register_file_i/i___28_i_93/O
                         net (fo=1, routed)           0.576    12.775    u_soc_top/gen_cv32e40p_core.u_core/core_i/id_stage_i/register_file_i/i___28_i_93_n_0
    SLICE_X50Y193        LUT6 (Prop_lut6_I2_O)        0.299    13.074 r  u_soc_top/gen_cv32e40p_core.u_core/core_i/id_stage_i/register_file_i/i___28_i_86/O
                         net (fo=60, routed)          0.690    13.764    u_soc_top/gen_cv32e40p_core.u_core/core_i/id_stage_i/register_file_i/ex_stage_i/alu_i/extract_sign
    SLICE_X52Y187        LUT6 (Prop_lut6_I5_O)        0.124    13.888 r  u_soc_top/gen_cv32e40p_core.u_core/core_i/id_stage_i/register_file_i/i___29_i_56/O
                         net (fo=1, routed)           0.300    14.188    u_soc_top/gen_cv32e40p_core.u_core/core_i/id_stage_i/register_file_i/i___29_i_56_n_0
    SLICE_X52Y186        LUT6 (Prop_lut6_I5_O)        0.124    14.312 r  u_soc_top/gen_cv32e40p_core.u_core/core_i/id_stage_i/register_file_i/i___29_i_39/O
                         net (fo=1, routed)           0.438    14.750    u_soc_top/gen_cv32e40p_core.u_core/core_i/id_stage_i/register_file_i/ex_stage_i/alu_i/bextins_result[1]
    SLICE_X54Y185        LUT6 (Prop_lut6_I5_O)        0.124    14.874 r  u_soc_top/gen_cv32e40p_core.u_core/core_i/id_stage_i/register_file_i/i___29_i_20/O
                         net (fo=1, routed)           0.000    14.874    u_soc_top/gen_cv32e40p_core.u_core/core_i/id_stage_i/register_file_i/i___29_i_20_n_0
    SLICE_X54Y185        MUXF7 (Prop_muxf7_I1_O)      0.214    15.088 r  u_soc_top/gen_cv32e40p_core.u_core/core_i/id_stage_i/register_file_i/i___29_i_9/O
                         net (fo=1, routed)           0.310    15.398    u_soc_top/gen_cv32e40p_core.u_core/core_i/id_stage_i/register_file_i/i___29_i_9_n_0
    SLICE_X54Y184        LUT6 (Prop_lut6_I5_O)        0.297    15.694 r  u_soc_top/gen_cv32e40p_core.u_core/core_i/id_stage_i/register_file_i/i___29_i_4/O
                         net (fo=1, routed)           0.303    15.998    u_soc_top/gen_cv32e40p_core.u_core/core_i/id_stage_i/gen_hwloop_regs.hwloop_regs_i/alu_result[1]
    SLICE_X54Y183        LUT6 (Prop_lut6_I3_O)        0.124    16.122 r  u_soc_top/gen_cv32e40p_core.u_core/core_i/id_stage_i/gen_hwloop_regs.hwloop_regs_i/i___29_i_2/O
                         net (fo=37, routed)          0.631    16.753    u_soc_top/gen_cv32e40p_core.u_core/regfile_alu_wdata_fw[1]
    SLICE_X56Y182        LUT6 (Prop_lut6_I1_O)        0.124    16.877 f  u_soc_top/gen_cv32e40p_core.u_core/i___29/O
                         net (fo=1, routed)           0.571    17.448    u_soc_top/gen_cv32e40p_core.u_core/core_i/if_stage_i/mult_dot_op_b_ex_o_reg[1]
    SLICE_X57Y183        LUT6 (Prop_lut6_I2_O)        0.124    17.572 r  u_soc_top/gen_cv32e40p_core.u_core/core_i/if_stage_i/mult_operand_b_ex_o[1]_i_1/O
                         net (fo=9, routed)           0.855    18.427    u_soc_top/gen_cv32e40p_core.u_core/core_i/if_stage_i/operand_b[1]
    SLICE_X56Y182        LUT6 (Prop_lut6_I2_O)        0.124    18.551 r  u_soc_top/gen_cv32e40p_core.u_core/core_i/if_stage_i/mult_operand_b_ex_o[25]_i_1/O
                         net (fo=2, routed)           0.344    18.895    u_soc_top/gen_cv32e40p_core.u_core/core_i/id_stage_i/mult_operand_b_ex_o_reg[31]_1[17]
    SLICE_X57Y183        FDCE                                         r  u_soc_top/gen_cv32e40p_core.u_core/core_i/id_stage_i/mult_operand_b_ex_o_reg[25]/D
  -------------------------------------------------------------------    -------------------

                         (clock clk_50m_unbuf rise edge)
                                                     20.000    20.000 r  
    E3                                                0.000    20.000 r  clk_100m_i (IN)
                         net (fo=0)                   0.000    20.000    clk_100m_i
    E3                   IBUF (Prop_ibuf_I_O)         1.411    21.411 r  clk_100m_i_IBUF_inst/O
                         net (fo=1, routed)           1.162    22.573    clk_100m_i_IBUF
    MMCME2_ADV_X1Y2      MMCME2_ADV (Prop_mmcme2_adv_CLKIN1_CLKOUT0)
                                                     -7.324    15.249 r  u_mmcm/CLKOUT0
                         net (fo=1, routed)           1.639    16.888    clk_50m_unbuf
    BUFGCTRL_X0Y16       BUFG (Prop_bufg_I_O)         0.091    16.979 r  u_bufg_clk50/O
                         net (fo=7022, routed)        1.656    18.636    u_soc_top/gen_cv32e40p_core.u_core/core_i/id_stage_i/clk_50m
    SLICE_X57Y183        FDCE                                         r  u_soc_top/gen_cv32e40p_core.u_core/core_i/id_stage_i/mult_operand_b_ex_o_reg[25]/C
                         clock pessimism              0.497    19.133    
                         clock uncertainty           -0.089    19.044    
    SLICE_X57Y183        FDCE (Setup_fdce_C_D)       -0.081    18.963    u_soc_top/gen_cv32e40p_core.u_core/core_i/id_stage_i/mult_operand_b_ex_o_reg[25]
  -------------------------------------------------------------------
                         required time                         18.963    
                         arrival time                         -18.895    
  -------------------------------------------------------------------
                         slack                                  0.069    

Slack (MET) :             0.072ns  (required time - arrival time)
  Source:                 u_soc_top/gen_cv32e40p_core.u_core/core_i/id_stage_i/alu_operator_ex_o_reg[5]/C
                            (rising edge-triggered cell FDCE clocked by clk_50m_unbuf  {rise@0.000ns fall@10.000ns period=20.000ns})
  Destination:            u_soc_top/gen_cv32e40p_core.u_core/core_i/id_stage_i/alu_operand_b_ex_o_reg[10]/D
                            (rising edge-triggered cell FDCE clocked by clk_50m_unbuf  {rise@0.000ns fall@10.000ns period=20.000ns})
  Path Group:             clk_50m_unbuf
  Path Type:              Setup (Max at Slow Process Corner)
  Requirement:            20.000ns  (clk_50m_unbuf rise@20.000ns - clk_50m_unbuf rise@0.000ns)
  Data Path Delay:        19.658ns  (logic 6.408ns (32.598%)  route 13.250ns (67.402%))
  Logic Levels:           31  (CARRY4=9 LUT3=3 LUT5=3 LUT6=14 MUXF7=2)
  Clock Path Skew:        -0.120ns (DCD - SCD + CPR)
    Destination Clock Delay (DCD):    -1.363ns = ( 18.637 - 20.000 ) 
    Source Clock Delay      (SCD):    -0.746ns
    Clock Pessimism Removal (CPR):    0.497ns
  Clock Uncertainty:      0.089ns  ((TSJ^2 + DJ^2)^1/2) / 2 + PE
    Total System Jitter     (TSJ):    0.071ns
    Discrete Jitter          (DJ):    0.163ns
    Phase Error              (PE):    0.000ns

    Location             Delay type                Incr(ns)  Path(ns)    Netlist Resource(s)
  -------------------------------------------------------------------    -------------------
                         (clock clk_50m_unbuf rise edge)
                                                      0.000     0.000 r  
    E3                                                0.000     0.000 r  clk_100m_i (IN)
                         net (fo=0)                   0.000     0.000    clk_100m_i
    E3                   IBUF (Prop_ibuf_I_O)         1.482     1.482 r  clk_100m_i_IBUF_inst/O
                         net (fo=1, routed)           1.233     2.715    clk_100m_i_IBUF
    MMCME2_ADV_X1Y2      MMCME2_ADV (Prop_mmcme2_adv_CLKIN1_CLKOUT0)
                                                     -7.070    -4.355 r  u_mmcm/CLKOUT0
                         net (fo=1, routed)           1.719    -2.636    clk_50m_unbuf
    BUFGCTRL_X0Y16       BUFG (Prop_bufg_I_O)         0.096    -2.540 r  u_bufg_clk50/O
                         net (fo=7022, routed)        1.794    -0.746    u_soc_top/gen_cv32e40p_core.u_core/core_i/id_stage_i/clk_50m
    SLICE_X50Y185        FDCE                                         r  u_soc_top/gen_cv32e40p_core.u_core/core_i/id_stage_i/alu_operator_ex_o_reg[5]/C
  -------------------------------------------------------------------    -------------------
    SLICE_X50Y185        FDCE (Prop_fdce_C_Q)         0.518    -0.228 r  u_soc_top/gen_cv32e40p_core.u_core/core_i/id_stage_i/alu_operator_ex_o_reg[5]/Q
                         net (fo=59, routed)          0.503     0.275    u_soc_top/gen_cv32e40p_core.u_core/core_i/id_stage_i/register_file_i/i___147_i_34_0[5]
    SLICE_X51Y185        LUT3 (Prop_lut3_I0_O)        0.124     0.399 r  u_soc_top/gen_cv32e40p_core.u_core/core_i/id_stage_i/register_file_i/i___160_i_5/O
                         net (fo=96, routed)          0.905     1.304    u_soc_top/gen_cv32e40p_core.u_core/core_i/id_stage_i/register_file_i/i___160_i_5_n_0
    SLICE_X50Y184        LUT6 (Prop_lut6_I0_O)        0.124     1.428 r  u_soc_top/gen_cv32e40p_core.u_core/core_i/id_stage_i/register_file_i/BReg_DP[31]_i_128/O
                         net (fo=1, routed)           0.819     2.247    u_soc_top/gen_cv32e40p_core.u_core/core_i/id_stage_i/register_file_i/BReg_DP[31]_i_128_n_0
    SLICE_X49Y184        LUT6 (Prop_lut6_I5_O)        0.124     2.371 r  u_soc_top/gen_cv32e40p_core.u_core/core_i/id_stage_i/register_file_i/BReg_DP[31]_i_111/O
                         net (fo=2, routed)           0.465     2.836    u_soc_top/gen_cv32e40p_core.u_core/core_i/id_stage_i/register_file_i/ex_stage_i/alu_i/adder_op_a[0]
    SLICE_X48Y184        LUT5 (Prop_lut5_I0_O)        0.124     2.960 r  u_soc_top/gen_cv32e40p_core.u_core/core_i/id_stage_i/register_file_i/BReg_DP[31]_i_115/O
                         net (fo=1, routed)           0.000     2.960    u_soc_top/gen_cv32e40p_core.u_core/core_i/id_stage_i/register_file_i/BReg_DP[31]_i_115_n_0
    SLICE_X48Y184        CARRY4 (Prop_carry4_S[0]_CO[3])
                                                      0.532     3.492 r  u_soc_top/gen_cv32e40p_core.u_core/core_i/id_stage_i/register_file_i/BReg_DP_reg[31]_i_89/CO[3]
                         net (fo=1, routed)           0.000     3.492    u_soc_top/gen_cv32e40p_core.u_core/core_i/id_stage_i/register_file_i/BReg_DP_reg[31]_i_89_n_0
    SLICE_X48Y185        CARRY4 (Prop_carry4_CI_CO[3])
                                                      0.114     3.606 r  u_soc_top/gen_cv32e40p_core.u_core/core_i/id_stage_i/register_file_i/BReg_DP_reg[24]_i_12/CO[3]
                         net (fo=1, routed)           0.000     3.606    u_soc_top/gen_cv32e40p_core.u_core/core_i/id_stage_i/register_file_i/BReg_DP_reg[24]_i_12_n_0
    SLICE_X48Y186        CARRY4 (Prop_carry4_CI_O[1])
                                                      0.334     3.940 r  u_soc_top/gen_cv32e40p_core.u_core/core_i/id_stage_i/register_file_i/BReg_DP_reg[31]_i_98/O[1]
                         net (fo=3, routed)           0.950     4.890    u_soc_top/gen_cv32e40p_core.u_core/core_i/id_stage_i/register_file_i/ex_stage_i/alu_i/data0[8]
    SLICE_X49Y187        CARRY4 (Prop_carry4_DI[0]_CO[3])
                                                      0.705     5.595 r  u_soc_top/gen_cv32e40p_core.u_core/core_i/id_stage_i/register_file_i/BReg_DP_reg[31]_i_83/CO[3]
                         net (fo=1, routed)           0.000     5.595    u_soc_top/gen_cv32e40p_core.u_core/core_i/id_stage_i/register_file_i/BReg_DP_reg[31]_i_83_n_0
    SLICE_X49Y188        CARRY4 (Prop_carry4_CI_CO[3])
                                                      0.114     5.709 r  u_soc_top/gen_cv32e40p_core.u_core/core_i/id_stage_i/register_file_i/BReg_DP_reg[16]_i_11/CO[3]
                         net (fo=1, routed)           0.000     5.709    u_soc_top/gen_cv32e40p_core.u_core/core_i/id_stage_i/register_file_i/BReg_DP_reg[16]_i_11_n_0
    SLICE_X49Y189        CARRY4 (Prop_carry4_CI_CO[3])
                                                      0.114     5.823 r  u_soc_top/gen_cv32e40p_core.u_core/core_i/id_stage_i/register_file_i/BReg_DP_reg[31]_i_84/CO[3]
                         net (fo=1, routed)           0.000     5.823    u_soc_top/gen_cv32e40p_core.u_core/core_i/id_stage_i/register_file_i/BReg_DP_reg[31]_i_84_n_0
    SLICE_X49Y190        CARRY4 (Prop_carry4_CI_CO[3])
                                                      0.114     5.937 r  u_soc_top/gen_cv32e40p_core.u_core/core_i/id_stage_i/register_file_i/BReg_DP_reg[8]_i_8/CO[3]
                         net (fo=1, routed)           0.000     5.937    u_soc_top/gen_cv32e40p_core.u_core/core_i/id_stage_i/register_file_i/BReg_DP_reg[8]_i_8_n_0
    SLICE_X49Y191        CARRY4 (Prop_carry4_CI_CO[3])
                                                      0.114     6.051 r  u_soc_top/gen_cv32e40p_core.u_core/core_i/id_stage_i/register_file_i/BReg_DP_reg[31]_i_82/CO[3]
                         net (fo=1, routed)           0.000     6.051    u_soc_top/gen_cv32e40p_core.u_core/core_i/id_stage_i/register_file_i/BReg_DP_reg[31]_i_82_n_0
    SLICE_X49Y192        CARRY4 (Prop_carry4_CI_O[3])
                                                      0.313     6.364 r  u_soc_top/gen_cv32e40p_core.u_core/core_i/id_stage_i/register_file_i/BReg_DP_reg[0]_i_8/O[3]
                         net (fo=2, routed)           0.303     6.667    u_soc_top/gen_cv32e40p_core.u_core/core_i/id_stage_i/register_file_i/ex_stage_i/alu_i/adder_round_result[31]
    SLICE_X47Y192        LUT6 (Prop_lut6_I2_O)        0.306     6.973 r  u_soc_top/gen_cv32e40p_core.u_core/core_i/id_stage_i/register_file_i/BReg_DP[0]_i_6/O
                         net (fo=61, routed)          0.620     7.593    u_soc_top/gen_cv32e40p_core.u_core/core_i/id_stage_i/register_file_i/shift_right_result126_out
    SLICE_X46Y193        LUT3 (Prop_lut3_I2_O)        0.124     7.717 r  u_soc_top/gen_cv32e40p_core.u_core/core_i/id_stage_i/register_file_i/BReg_DP[19]_i_9/O
                         net (fo=3, routed)           0.836     8.553    u_soc_top/gen_cv32e40p_core.u_core/core_i/id_stage_i/register_file_i/ex_stage_i/alu_i/shift_op_a_32[43]
    SLICE_X47Y193        LUT6 (Prop_lut6_I0_O)        0.124     8.677 r  u_soc_top/gen_cv32e40p_core.u_core/core_i/id_stage_i/register_file_i/BReg_DP[19]_i_7/O
                         net (fo=4, routed)           1.007     9.683    u_soc_top/gen_cv32e40p_core.u_core/core_i/id_stage_i/register_file_i/BReg_DP[19]_i_7_n_0
    SLICE_X48Y195        LUT6 (Prop_lut6_I1_O)        0.124     9.807 r  u_soc_top/gen_cv32e40p_core.u_core/core_i/id_stage_i/register_file_i/BReg_DP[15]_i_4/O
                         net (fo=4, routed)           0.608    10.416    u_soc_top/gen_cv32e40p_core.u_core/core_i/id_stage_i/register_file_i/alu_clpx_shift_ex_o_reg[1]_11
    SLICE_X47Y195        LUT3 (Prop_lut3_I0_O)        0.124    10.540 r  u_soc_top/gen_cv32e40p_core.u_core/core_i/id_stage_i/register_file_i/i___91__15_i_38/O
                         net (fo=2, routed)           0.588    11.127    u_soc_top/gen_cv32e40p_core.u_core/core_i/id_stage_i/register_file_i/i___91__15_i_38_n_0
    SLICE_X49Y194        LUT5 (Prop_lut5_I4_O)        0.124    11.251 r  u_soc_top/gen_cv32e40p_core.u_core/core_i/id_stage_i/register_file_i/i___91__15_i_30/O
                         net (fo=6, routed)           0.612    11.864    u_soc_top/gen_cv32e40p_core.u_core/core_i/id_stage_i/register_file_i/ex_stage_i/alu_i/radix_2_rev[15]
    SLICE_X49Y195        LUT6 (Prop_lut6_I5_O)        0.124    11.988 r  u_soc_top/gen_cv32e40p_core.u_core/core_i/id_stage_i/register_file_i/i___28_i_99/O
                         net (fo=1, routed)           0.000    11.988    u_soc_top/gen_cv32e40p_core.u_core/core_i/id_stage_i/register_file_i/i___28_i_99_n_0
    SLICE_X49Y195        MUXF7 (Prop_muxf7_I0_O)      0.212    12.200 r  u_soc_top/gen_cv32e40p_core.u_core/core_i/id_stage_i/register_file_i/i___28_i_93/O
                         net (fo=1, routed)           0.576    12.775    u_soc_top/gen_cv32e40p_core.u_core/core_i/id_stage_i/register_file_i/i___28_i_93_n_0
    SLICE_X50Y193        LUT6 (Prop_lut6_I2_O)        0.299    13.074 r  u_soc_top/gen_cv32e40p_core.u_core/core_i/id_stage_i/register_file_i/i___28_i_86/O
                         net (fo=60, routed)          0.671    13.746    u_soc_top/gen_cv32e40p_core.u_core/core_i/id_stage_i/register_file_i/ex_stage_i/alu_i/extract_sign
    SLICE_X55Y189        LUT6 (Prop_lut6_I5_O)        0.124    13.870 r  u_soc_top/gen_cv32e40p_core.u_core/core_i/id_stage_i/register_file_i/i___91__34_i_34/O
                         net (fo=1, routed)           0.295    14.165    u_soc_top/gen_cv32e40p_core.u_core/core_i/id_stage_i/register_file_i/i___91__34_i_34_n_0
    SLICE_X57Y189        LUT6 (Prop_lut6_I5_O)        0.124    14.289 r  u_soc_top/gen_cv32e40p_core.u_core/core_i/id_stage_i/register_file_i/i___91__34_i_31/O
                         net (fo=1, routed)           0.466    14.756    u_soc_top/gen_cv32e40p_core.u_core/core_i/id_stage_i/register_file_i/ex_stage_i/alu_i/bextins_result[2]
    SLICE_X58Y187        LUT6 (Prop_lut6_I5_O)        0.124    14.880 r  u_soc_top/gen_cv32e40p_core.u_core/core_i/id_stage_i/register_file_i/i___91__34_i_24/O
                         net (fo=1, routed)           0.000    14.880    u_soc_top/gen_cv32e40p_core.u_core/core_i/id_stage_i/register_file_i/i___91__34_i_24_n_0
    SLICE_X58Y187        MUXF7 (Prop_muxf7_I1_O)      0.214    15.094 r  u_soc_top/gen_cv32e40p_core.u_core/core_i/id_stage_i/register_file_i/i___91__34_i_20/O
                         net (fo=1, routed)           0.298    15.391    u_soc_top/gen_cv32e40p_core.u_core/core_i/id_stage_i/register_file_i/i___91__34_i_20_n_0
    SLICE_X59Y188        LUT6 (Prop_lut6_I5_O)        0.297    15.688 r  u_soc_top/gen_cv32e40p_core.u_core/core_i/id_stage_i/register_file_i/i___91__34_i_8/O
                         net (fo=1, routed)           0.423    16.111    u_soc_top/gen_cv32e40p_core.u_core/core_i/id_stage_i/gen_hwloop_regs.hwloop_regs_i/alu_result[2]
    SLICE_X58Y186        LUT6 (Prop_lut6_I3_O)        0.124    16.235 r  u_soc_top/gen_cv32e40p_core.u_core/core_i/id_stage_i/gen_hwloop_regs.hwloop_regs_i/i___91__34_i_3/O
                         net (fo=37, routed)          0.594    16.829    u_soc_top/gen_cv32e40p_core.u_core/core_i/id_stage_i/gen_hwloop_regs.hwloop_regs_i/csr_access_ex_o_reg_0
    SLICE_X60Y186        LUT6 (Prop_lut6_I2_O)        0.124    16.953 r  u_soc_top/gen_cv32e40p_core.u_core/core_i/id_stage_i/gen_hwloop_regs.hwloop_regs_i/i___58_i_1/O
                         net (fo=4, routed)           0.671    17.624    u_soc_top/gen_cv32e40p_core.u_core/core_i/if_stage_i/mult_dot_op_c_ex_o_reg[2]_0
    SLICE_X60Y186        LUT6 (Prop_lut6_I3_O)        0.124    17.748 r  u_soc_top/gen_cv32e40p_core.u_core/core_i/if_stage_i/mult_operand_b_ex_o[2]_i_1/O
                         net (fo=9, routed)           0.661    18.409    u_soc_top/gen_cv32e40p_core.u_core/core_i/if_stage_i/operand_b[2]
    SLICE_X53Y186        LUT5 (Prop_lut5_I2_O)        0.124    18.533 r  u_soc_top/gen_cv32e40p_core.u_core/core_i/if_stage_i/alu_operand_b_ex_o[10]_i_1/O
                         net (fo=1, routed)           0.379    18.912    u_soc_top/gen_cv32e40p_core.u_core/core_i/id_stage_i/alu_operand_b_ex_o_reg[31]_2[9]
    SLICE_X53Y186        FDCE                                         r  u_soc_top/gen_cv32e40p_core.u_core/core_i/id_stage_i/alu_operand_b_ex_o_reg[10]/D
  -------------------------------------------------------------------    -------------------

                         (clock clk_50m_unbuf rise edge)
                                                     20.000    20.000 r  
    E3                                                0.000    20.000 r  clk_100m_i (IN)
                         net (fo=0)                   0.000    20.000    clk_100m_i
    E3                   IBUF (Prop_ibuf_I_O)         1.411    21.411 r  clk_100m_i_IBUF_inst/O
                         net (fo=1, routed)           1.162    22.573    clk_100m_i_IBUF
    MMCME2_ADV_X1Y2      MMCME2_ADV (Prop_mmcme2_adv_CLKIN1_CLKOUT0)
                                                     -7.324    15.249 r  u_mmcm/CLKOUT0
                         net (fo=1, routed)           1.639    16.888    clk_50m_unbuf
    BUFGCTRL_X0Y16       BUFG (Prop_bufg_I_O)         0.091    16.979 r  u_bufg_clk50/O
                         net (fo=7022, routed)        1.657    18.637    u_soc_top/gen_cv32e40p_core.u_core/core_i/id_stage_i/clk_50m
    SLICE_X53Y186        FDCE                                         r  u_soc_top/gen_cv32e40p_core.u_core/core_i/id_stage_i/alu_operand_b_ex_o_reg[10]/C
                         clock pessimism              0.497    19.134    
                         clock uncertainty           -0.089    19.045    
    SLICE_X53Y186        FDCE (Setup_fdce_C_D)       -0.061    18.984    u_soc_top/gen_cv32e40p_core.u_core/core_i/id_stage_i/alu_operand_b_ex_o_reg[10]
  -------------------------------------------------------------------
                         required time                         18.984    
                         arrival time                         -18.912    
  -------------------------------------------------------------------
                         slack                                  0.072    

Slack (MET) :             0.073ns  (required time - arrival time)
  Source:                 u_soc_top/gen_cv32e40p_core.u_core/core_i/id_stage_i/alu_operator_ex_o_reg[5]/C
                            (rising edge-triggered cell FDCE clocked by clk_50m_unbuf  {rise@0.000ns fall@10.000ns period=20.000ns})
  Destination:            u_soc_top/gen_cv32e40p_core.u_core/core_i/id_stage_i/mult_operand_a_ex_o_reg[18]/D
                            (rising edge-triggered cell FDCE clocked by clk_50m_unbuf  {rise@0.000ns fall@10.000ns period=20.000ns})
  Path Group:             clk_50m_unbuf
  Path Type:              Setup (Max at Slow Process Corner)
  Requirement:            20.000ns  (clk_50m_unbuf rise@20.000ns - clk_50m_unbuf rise@0.000ns)
  Data Path Delay:        19.679ns  (logic 6.408ns (32.562%)  route 13.271ns (67.438%))
  Logic Levels:           31  (CARRY4=9 LUT3=3 LUT5=4 LUT6=13 MUXF7=2)
  Clock Path Skew:        -0.114ns (DCD - SCD + CPR)
    Destination Clock Delay (DCD):    -1.357ns = ( 18.643 - 20.000 ) 
    Source Clock Delay      (SCD):    -0.746ns
    Clock Pessimism Removal (CPR):    0.497ns
  Clock Uncertainty:      0.089ns  ((TSJ^2 + DJ^2)^1/2) / 2 + PE
    Total System Jitter     (TSJ):    0.071ns
    Discrete Jitter          (DJ):    0.163ns
    Phase Error              (PE):    0.000ns

    Location             Delay type                Incr(ns)  Path(ns)    Netlist Resource(s)
  -------------------------------------------------------------------    -------------------
                         (clock clk_50m_unbuf rise edge)
                                                      0.000     0.000 r  
    E3                                                0.000     0.000 r  clk_100m_i (IN)
                         net (fo=0)                   0.000     0.000    clk_100m_i
    E3                   IBUF (Prop_ibuf_I_O)         1.482     1.482 r  clk_100m_i_IBUF_inst/O
                         net (fo=1, routed)           1.233     2.715    clk_100m_i_IBUF
    MMCME2_ADV_X1Y2      MMCME2_ADV (Prop_mmcme2_adv_CLKIN1_CLKOUT0)
                                                     -7.070    -4.355 r  u_mmcm/CLKOUT0
                         net (fo=1, routed)           1.719    -2.636    clk_50m_unbuf
    BUFGCTRL_X0Y16       BUFG (Prop_bufg_I_O)         0.096    -2.540 r  u_bufg_clk50/O
                         net (fo=7022, routed)        1.794    -0.746    u_soc_top/gen_cv32e40p_core.u_core/core_i/id_stage_i/clk_50m
    SLICE_X50Y185        FDCE                                         r  u_soc_top/gen_cv32e40p_core.u_core/core_i/id_stage_i/alu_operator_ex_o_reg[5]/C
  -------------------------------------------------------------------    -------------------
    SLICE_X50Y185        FDCE (Prop_fdce_C_Q)         0.518    -0.228 r  u_soc_top/gen_cv32e40p_core.u_core/core_i/id_stage_i/alu_operator_ex_o_reg[5]/Q
                         net (fo=59, routed)          0.503     0.275    u_soc_top/gen_cv32e40p_core.u_core/core_i/id_stage_i/register_file_i/i___147_i_34_0[5]
    SLICE_X51Y185        LUT3 (Prop_lut3_I0_O)        0.124     0.399 r  u_soc_top/gen_cv32e40p_core.u_core/core_i/id_stage_i/register_file_i/i___160_i_5/O
                         net (fo=96, routed)          0.905     1.304    u_soc_top/gen_cv32e40p_core.u_core/core_i/id_stage_i/register_file_i/i___160_i_5_n_0
    SLICE_X50Y184        LUT6 (Prop_lut6_I0_O)        0.124     1.428 r  u_soc_top/gen_cv32e40p_core.u_core/core_i/id_stage_i/register_file_i/BReg_DP[31]_i_128/O
                         net (fo=1, routed)           0.819     2.247    u_soc_top/gen_cv32e40p_core.u_core/core_i/id_stage_i/register_file_i/BReg_DP[31]_i_128_n_0
    SLICE_X49Y184        LUT6 (Prop_lut6_I5_O)        0.124     2.371 r  u_soc_top/gen_cv32e40p_core.u_core/core_i/id_stage_i/register_file_i/BReg_DP[31]_i_111/O
                         net (fo=2, routed)           0.465     2.836    u_soc_top/gen_cv32e40p_core.u_core/core_i/id_stage_i/register_file_i/ex_stage_i/alu_i/adder_op_a[0]
    SLICE_X48Y184        LUT5 (Prop_lut5_I0_O)        0.124     2.960 r  u_soc_top/gen_cv32e40p_core.u_core/core_i/id_stage_i/register_file_i/BReg_DP[31]_i_115/O
                         net (fo=1, routed)           0.000     2.960    u_soc_top/gen_cv32e40p_core.u_core/core_i/id_stage_i/register_file_i/BReg_DP[31]_i_115_n_0
    SLICE_X48Y184        CARRY4 (Prop_carry4_S[0]_CO[3])
                                                      0.532     3.492 r  u_soc_top/gen_cv32e40p_core.u_core/core_i/id_stage_i/register_file_i/BReg_DP_reg[31]_i_89/CO[3]
                         net (fo=1, routed)           0.000     3.492    u_soc_top/gen_cv32e40p_core.u_core/core_i/id_stage_i/register_file_i/BReg_DP_reg[31]_i_89_n_0
    SLICE_X48Y185        CARRY4 (Prop_carry4_CI_CO[3])
                                                      0.114     3.606 r  u_soc_top/gen_cv32e40p_core.u_core/core_i/id_stage_i/register_file_i/BReg_DP_reg[24]_i_12/CO[3]
                         net (fo=1, routed)           0.000     3.606    u_soc_top/gen_cv32e40p_core.u_core/core_i/id_stage_i/register_file_i/BReg_DP_reg[24]_i_12_n_0
    SLICE_X48Y186        CARRY4 (Prop_carry4_CI_O[1])
                                                      0.334     3.940 r  u_soc_top/gen_cv32e40p_core.u_core/core_i/id_stage_i/register_file_i/BReg_DP_reg[31]_i_98/O[1]
                         net (fo=3, routed)           0.950     4.890    u_soc_top/gen_cv32e40p_core.u_core/core_i/id_stage_i/register_file_i/ex_stage_i/alu_i/data0[8]
    SLICE_X49Y187        CARRY4 (Prop_carry4_DI[0]_CO[3])
                                                      0.705     5.595 r  u_soc_top/gen_cv32e40p_core.u_core/core_i/id_stage_i/register_file_i/BReg_DP_reg[31]_i_83/CO[3]
                         net (fo=1, routed)           0.000     5.595    u_soc_top/gen_cv32e40p_core.u_core/core_i/id_stage_i/register_file_i/BReg_DP_reg[31]_i_83_n_0
    SLICE_X49Y188        CARRY4 (Prop_carry4_CI_CO[3])
                                                      0.114     5.709 r  u_soc_top/gen_cv32e40p_core.u_core/core_i/id_stage_i/register_file_i/BReg_DP_reg[16]_i_11/CO[3]
                         net (fo=1, routed)           0.000     5.709    u_soc_top/gen_cv32e40p_core.u_core/core_i/id_stage_i/register_file_i/BReg_DP_reg[16]_i_11_n_0
    SLICE_X49Y189        CARRY4 (Prop_carry4_CI_CO[3])
                                                      0.114     5.823 r  u_soc_top/gen_cv32e40p_core.u_core/core_i/id_stage_i/register_file_i/BReg_DP_reg[31]_i_84/CO[3]
                         net (fo=1, routed)           0.000     5.823    u_soc_top/gen_cv32e40p_core.u_core/core_i/id_stage_i/register_file_i/BReg_DP_reg[31]_i_84_n_0
    SLICE_X49Y190        CARRY4 (Prop_carry4_CI_CO[3])
                                                      0.114     5.937 r  u_soc_top/gen_cv32e40p_core.u_core/core_i/id_stage_i/register_file_i/BReg_DP_reg[8]_i_8/CO[3]
                         net (fo=1, routed)           0.000     5.937    u_soc_top/gen_cv32e40p_core.u_core/core_i/id_stage_i/register_file_i/BReg_DP_reg[8]_i_8_n_0
    SLICE_X49Y191        CARRY4 (Prop_carry4_CI_CO[3])
                                                      0.114     6.051 r  u_soc_top/gen_cv32e40p_core.u_core/core_i/id_stage_i/register_file_i/BReg_DP_reg[31]_i_82/CO[3]
                         net (fo=1, routed)           0.000     6.051    u_soc_top/gen_cv32e40p_core.u_core/core_i/id_stage_i/register_file_i/BReg_DP_reg[31]_i_82_n_0
    SLICE_X49Y192        CARRY4 (Prop_carry4_CI_O[3])
                                                      0.313     6.364 r  u_soc_top/gen_cv32e40p_core.u_core/core_i/id_stage_i/register_file_i/BReg_DP_reg[0]_i_8/O[3]
                         net (fo=2, routed)           0.303     6.667    u_soc_top/gen_cv32e40p_core.u_core/core_i/id_stage_i/register_file_i/ex_stage_i/alu_i/adder_round_result[31]
    SLICE_X47Y192        LUT6 (Prop_lut6_I2_O)        0.306     6.973 r  u_soc_top/gen_cv32e40p_core.u_core/core_i/id_stage_i/register_file_i/BReg_DP[0]_i_6/O
                         net (fo=61, routed)          0.620     7.593    u_soc_top/gen_cv32e40p_core.u_core/core_i/id_stage_i/register_file_i/shift_right_result126_out
    SLICE_X46Y193        LUT3 (Prop_lut3_I2_O)        0.124     7.717 r  u_soc_top/gen_cv32e40p_core.u_core/core_i/id_stage_i/register_file_i/BReg_DP[19]_i_9/O
                         net (fo=3, routed)           0.836     8.553    u_soc_top/gen_cv32e40p_core.u_core/core_i/id_stage_i/register_file_i/ex_stage_i/alu_i/shift_op_a_32[43]
    SLICE_X47Y193        LUT6 (Prop_lut6_I0_O)        0.124     8.677 r  u_soc_top/gen_cv32e40p_core.u_core/core_i/id_stage_i/register_file_i/BReg_DP[19]_i_7/O
                         net (fo=4, routed)           1.007     9.683    u_soc_top/gen_cv32e40p_core.u_core/core_i/id_stage_i/register_file_i/BReg_DP[19]_i_7_n_0
    SLICE_X48Y195        LUT6 (Prop_lut6_I1_O)        0.124     9.807 r  u_soc_top/gen_cv32e40p_core.u_core/core_i/id_stage_i/register_file_i/BReg_DP[15]_i_4/O
                         net (fo=4, routed)           0.608    10.416    u_soc_top/gen_cv32e40p_core.u_core/core_i/id_stage_i/register_file_i/alu_clpx_shift_ex_o_reg[1]_11
    SLICE_X47Y195        LUT3 (Prop_lut3_I0_O)        0.124    10.540 r  u_soc_top/gen_cv32e40p_core.u_core/core_i/id_stage_i/register_file_i/i___91__15_i_38/O
                         net (fo=2, routed)           0.588    11.127    u_soc_top/gen_cv32e40p_core.u_core/core_i/id_stage_i/register_file_i/i___91__15_i_38_n_0
    SLICE_X49Y194        LUT5 (Prop_lut5_I4_O)        0.124    11.251 r  u_soc_top/gen_cv32e40p_core.u_core/core_i/id_stage_i/register_file_i/i___91__15_i_30/O
                         net (fo=6, routed)           0.612    11.864    u_soc_top/gen_cv32e40p_core.u_core/core_i/id_stage_i/register_file_i/ex_stage_i/alu_i/radix_2_rev[15]
    SLICE_X49Y195        LUT6 (Prop_lut6_I5_O)        0.124    11.988 r  u_soc_top/gen_cv32e40p_core.u_core/core_i/id_stage_i/register_file_i/i___28_i_99/O
                         net (fo=1, routed)           0.000    11.988    u_soc_top/gen_cv32e40p_core.u_core/core_i/id_stage_i/register_file_i/i___28_i_99_n_0
    SLICE_X49Y195        MUXF7 (Prop_muxf7_I0_O)      0.212    12.200 r  u_soc_top/gen_cv32e40p_core.u_core/core_i/id_stage_i/register_file_i/i___28_i_93/O
                         net (fo=1, routed)           0.576    12.775    u_soc_top/gen_cv32e40p_core.u_core/core_i/id_stage_i/register_file_i/i___28_i_93_n_0
    SLICE_X50Y193        LUT6 (Prop_lut6_I2_O)        0.299    13.074 r  u_soc_top/gen_cv32e40p_core.u_core/core_i/id_stage_i/register_file_i/i___28_i_86/O
                         net (fo=60, routed)          0.794    13.868    u_soc_top/gen_cv32e40p_core.u_core/core_i/id_stage_i/register_file_i/ex_stage_i/alu_i/extract_sign
    SLICE_X58Y193        LUT6 (Prop_lut6_I5_O)        0.124    13.992 r  u_soc_top/gen_cv32e40p_core.u_core/core_i/id_stage_i/register_file_i/i___91__13_i_41/O
                         net (fo=1, routed)           0.162    14.154    u_soc_top/gen_cv32e40p_core.u_core/core_i/id_stage_i/register_file_i/i___91__13_i_41_n_0
    SLICE_X58Y193        LUT6 (Prop_lut6_I5_O)        0.124    14.278 r  u_soc_top/gen_cv32e40p_core.u_core/core_i/id_stage_i/register_file_i/i___91__13_i_34/O
                         net (fo=1, routed)           0.504    14.783    u_soc_top/gen_cv32e40p_core.u_core/core_i/id_stage_i/register_file_i/ex_stage_i/alu_i/bextins_result[18]
    SLICE_X58Y192        LUT6 (Prop_lut6_I5_O)        0.124    14.907 r  u_soc_top/gen_cv32e40p_core.u_core/core_i/id_stage_i/register_file_i/i___91__13_i_27/O
                         net (fo=1, routed)           0.000    14.907    u_soc_top/gen_cv32e40p_core.u_core/core_i/id_stage_i/register_file_i/i___91__13_i_27_n_0
    SLICE_X58Y192        MUXF7 (Prop_muxf7_I1_O)      0.214    15.121 r  u_soc_top/gen_cv32e40p_core.u_core/core_i/id_stage_i/register_file_i/i___91__13_i_20/O
                         net (fo=1, routed)           0.454    15.575    u_soc_top/gen_cv32e40p_core.u_core/core_i/id_stage_i/register_file_i/i___91__13_i_20_n_0
    SLICE_X59Y192        LUT6 (Prop_lut6_I5_O)        0.297    15.872 r  u_soc_top/gen_cv32e40p_core.u_core/core_i/id_stage_i/register_file_i/i___91__13_i_8/O
                         net (fo=1, routed)           0.287    16.159    u_soc_top/gen_cv32e40p_core.u_core/core_i/id_stage_i/int_controller_i/alu_result[2]
    SLICE_X61Y192        LUT6 (Prop_lut6_I3_O)        0.124    16.283 r  u_soc_top/gen_cv32e40p_core.u_core/core_i/id_stage_i/int_controller_i/i___91__13_i_3/O
                         net (fo=34, routed)          0.511    16.794    u_soc_top/gen_cv32e40p_core.u_core/core_i/id_stage_i/register_file_i/hwlp_start_q_reg[0][18]_0
    SLICE_X61Y190        LUT6 (Prop_lut6_I4_O)        0.124    16.918 r  u_soc_top/gen_cv32e40p_core.u_core/core_i/id_stage_i/register_file_i/alu_operand_b_ex_o[18]_i_3/O
                         net (fo=4, routed)           0.791    17.709    u_soc_top/gen_cv32e40p_core.u_core/core_i/if_stage_i/alu_operand_b_ex_o_reg[18]
    SLICE_X60Y187        LUT5 (Prop_lut5_I0_O)        0.124    17.833 r  u_soc_top/gen_cv32e40p_core.u_core/core_i/if_stage_i/alu_operand_a_ex_o[18]_i_2/O
                         net (fo=2, routed)           0.438    18.271    u_soc_top/gen_cv32e40p_core.u_core/core_i/if_stage_i/alu_operand_a_ex_o[18]_i_2_n_0
    SLICE_X59Y187        LUT5 (Prop_lut5_I4_O)        0.124    18.395 r  u_soc_top/gen_cv32e40p_core.u_core/core_i/if_stage_i/mult_operand_a_ex_o[18]_i_1/O
                         net (fo=2, routed)           0.538    18.933    u_soc_top/gen_cv32e40p_core.u_core/core_i/id_stage_i/mult_operand_a_ex_o_reg[31]_0[18]
    SLICE_X58Y187        FDCE                                         r  u_soc_top/gen_cv32e40p_core.u_core/core_i/id_stage_i/mult_operand_a_ex_o_reg[18]/D
  -------------------------------------------------------------------    -------------------

                         (clock clk_50m_unbuf rise edge)
                                                     20.000    20.000 r  
    E3                                                0.000    20.000 r  clk_100m_i (IN)
                         net (fo=0)                   0.000    20.000    clk_100m_i
    E3                   IBUF (Prop_ibuf_I_O)         1.411    21.411 r  clk_100m_i_IBUF_inst/O
                         net (fo=1, routed)           1.162    22.573    clk_100m_i_IBUF
    MMCME2_ADV_X1Y2      MMCME2_ADV (Prop_mmcme2_adv_CLKIN1_CLKOUT0)
                                                     -7.324    15.249 r  u_mmcm/CLKOUT0
                         net (fo=1, routed)           1.639    16.888    clk_50m_unbuf
    BUFGCTRL_X0Y16       BUFG (Prop_bufg_I_O)         0.091    16.979 r  u_bufg_clk50/O
                         net (fo=7022, routed)        1.663    18.643    u_soc_top/gen_cv32e40p_core.u_core/core_i/id_stage_i/clk_50m
    SLICE_X58Y187        FDCE                                         r  u_soc_top/gen_cv32e40p_core.u_core/core_i/id_stage_i/mult_operand_a_ex_o_reg[18]/C
                         clock pessimism              0.497    19.140    
                         clock uncertainty           -0.089    19.051    
    SLICE_X58Y187        FDCE (Setup_fdce_C_D)       -0.045    19.006    u_soc_top/gen_cv32e40p_core.u_core/core_i/id_stage_i/mult_operand_a_ex_o_reg[18]
  -------------------------------------------------------------------
                         required time                         19.006    
                         arrival time                         -18.933    
  -------------------------------------------------------------------
                         slack                                  0.073    

Slack (MET) :             0.092ns  (required time - arrival time)
  Source:                 u_soc_top/gen_cv32e40p_core.u_core/core_i/id_stage_i/alu_operator_ex_o_reg[5]/C
                            (rising edge-triggered cell FDCE clocked by clk_50m_unbuf  {rise@0.000ns fall@10.000ns period=20.000ns})
  Destination:            u_soc_top/gen_cv32e40p_core.u_core/core_i/id_stage_i/mult_operand_a_ex_o_reg[28]/D
                            (rising edge-triggered cell FDCE clocked by clk_50m_unbuf  {rise@0.000ns fall@10.000ns period=20.000ns})
  Path Group:             clk_50m_unbuf
  Path Type:              Setup (Max at Slow Process Corner)
  Requirement:            20.000ns  (clk_50m_unbuf rise@20.000ns - clk_50m_unbuf rise@0.000ns)
  Data Path Delay:        19.636ns  (logic 6.442ns (32.806%)  route 13.194ns (67.194%))
  Logic Levels:           31  (CARRY4=9 LUT3=3 LUT5=4 LUT6=13 MUXF7=2)
  Clock Path Skew:        -0.116ns (DCD - SCD + CPR)
    Destination Clock Delay (DCD):    -1.359ns = ( 18.641 - 20.000 ) 
    Source Clock Delay      (SCD):    -0.746ns
    Clock Pessimism Removal (CPR):    0.497ns
  Clock Uncertainty:      0.089ns  ((TSJ^2 + DJ^2)^1/2) / 2 + PE
    Total System Jitter     (TSJ):    0.071ns
    Discrete Jitter          (DJ):    0.163ns
    Phase Error              (PE):    0.000ns

    Location             Delay type                Incr(ns)  Path(ns)    Netlist Resource(s)
  -------------------------------------------------------------------    -------------------
                         (clock clk_50m_unbuf rise edge)
                                                      0.000     0.000 r  
    E3                                                0.000     0.000 r  clk_100m_i (IN)
                         net (fo=0)                   0.000     0.000    clk_100m_i
    E3                   IBUF (Prop_ibuf_I_O)         1.482     1.482 r  clk_100m_i_IBUF_inst/O
                         net (fo=1, routed)           1.233     2.715    clk_100m_i_IBUF
    MMCME2_ADV_X1Y2      MMCME2_ADV (Prop_mmcme2_adv_CLKIN1_CLKOUT0)
                                                     -7.070    -4.355 r  u_mmcm/CLKOUT0
                         net (fo=1, routed)           1.719    -2.636    clk_50m_unbuf
    BUFGCTRL_X0Y16       BUFG (Prop_bufg_I_O)         0.096    -2.540 r  u_bufg_clk50/O
                         net (fo=7022, routed)        1.794    -0.746    u_soc_top/gen_cv32e40p_core.u_core/core_i/id_stage_i/clk_50m
    SLICE_X50Y185        FDCE                                         r  u_soc_top/gen_cv32e40p_core.u_core/core_i/id_stage_i/alu_operator_ex_o_reg[5]/C
  -------------------------------------------------------------------    -------------------
    SLICE_X50Y185        FDCE (Prop_fdce_C_Q)         0.518    -0.228 r  u_soc_top/gen_cv32e40p_core.u_core/core_i/id_stage_i/alu_operator_ex_o_reg[5]/Q
                         net (fo=59, routed)          0.503     0.275    u_soc_top/gen_cv32e40p_core.u_core/core_i/id_stage_i/register_file_i/i___147_i_34_0[5]
    SLICE_X51Y185        LUT3 (Prop_lut3_I0_O)        0.124     0.399 r  u_soc_top/gen_cv32e40p_core.u_core/core_i/id_stage_i/register_file_i/i___160_i_5/O
                         net (fo=96, routed)          0.905     1.304    u_soc_top/gen_cv32e40p_core.u_core/core_i/id_stage_i/register_file_i/i___160_i_5_n_0
    SLICE_X50Y184        LUT6 (Prop_lut6_I0_O)        0.124     1.428 r  u_soc_top/gen_cv32e40p_core.u_core/core_i/id_stage_i/register_file_i/BReg_DP[31]_i_128/O
                         net (fo=1, routed)           0.819     2.247    u_soc_top/gen_cv32e40p_core.u_core/core_i/id_stage_i/register_file_i/BReg_DP[31]_i_128_n_0
    SLICE_X49Y184        LUT6 (Prop_lut6_I5_O)        0.124     2.371 r  u_soc_top/gen_cv32e40p_core.u_core/core_i/id_stage_i/register_file_i/BReg_DP[31]_i_111/O
                         net (fo=2, routed)           0.465     2.836    u_soc_top/gen_cv32e40p_core.u_core/core_i/id_stage_i/register_file_i/ex_stage_i/alu_i/adder_op_a[0]
    SLICE_X48Y184        LUT5 (Prop_lut5_I0_O)        0.124     2.960 r  u_soc_top/gen_cv32e40p_core.u_core/core_i/id_stage_i/register_file_i/BReg_DP[31]_i_115/O
                         net (fo=1, routed)           0.000     2.960    u_soc_top/gen_cv32e40p_core.u_core/core_i/id_stage_i/register_file_i/BReg_DP[31]_i_115_n_0
    SLICE_X48Y184        CARRY4 (Prop_carry4_S[0]_CO[3])
                                                      0.532     3.492 r  u_soc_top/gen_cv32e40p_core.u_core/core_i/id_stage_i/register_file_i/BReg_DP_reg[31]_i_89/CO[3]
                         net (fo=1, routed)           0.000     3.492    u_soc_top/gen_cv32e40p_core.u_core/core_i/id_stage_i/register_file_i/BReg_DP_reg[31]_i_89_n_0
    SLICE_X48Y185        CARRY4 (Prop_carry4_CI_CO[3])
                                                      0.114     3.606 r  u_soc_top/gen_cv32e40p_core.u_core/core_i/id_stage_i/register_file_i/BReg_DP_reg[24]_i_12/CO[3]
                         net (fo=1, routed)           0.000     3.606    u_soc_top/gen_cv32e40p_core.u_core/core_i/id_stage_i/register_file_i/BReg_DP_reg[24]_i_12_n_0
    SLICE_X48Y186        CARRY4 (Prop_carry4_CI_O[1])
                                                      0.334     3.940 r  u_soc_top/gen_cv32e40p_core.u_core/core_i/id_stage_i/register_file_i/BReg_DP_reg[31]_i_98/O[1]
                         net (fo=3, routed)           0.950     4.890    u_soc_top/gen_cv32e40p_core.u_core/core_i/id_stage_i/register_file_i/ex_stage_i/alu_i/data0[8]
    SLICE_X49Y187        CARRY4 (Prop_carry4_DI[0]_CO[3])
                                                      0.705     5.595 r  u_soc_top/gen_cv32e40p_core.u_core/core_i/id_stage_i/register_file_i/BReg_DP_reg[31]_i_83/CO[3]
                         net (fo=1, routed)           0.000     5.595    u_soc_top/gen_cv32e40p_core.u_core/core_i/id_stage_i/register_file_i/BReg_DP_reg[31]_i_83_n_0
    SLICE_X49Y188        CARRY4 (Prop_carry4_CI_CO[3])
                                                      0.114     5.709 r  u_soc_top/gen_cv32e40p_core.u_core/core_i/id_stage_i/register_file_i/BReg_DP_reg[16]_i_11/CO[3]
                         net (fo=1, routed)           0.000     5.709    u_soc_top/gen_cv32e40p_core.u_core/core_i/id_stage_i/register_file_i/BReg_DP_reg[16]_i_11_n_0
    SLICE_X49Y189        CARRY4 (Prop_carry4_CI_CO[3])
                                                      0.114     5.823 r  u_soc_top/gen_cv32e40p_core.u_core/core_i/id_stage_i/register_file_i/BReg_DP_reg[31]_i_84/CO[3]
                         net (fo=1, routed)           0.000     5.823    u_soc_top/gen_cv32e40p_core.u_core/core_i/id_stage_i/register_file_i/BReg_DP_reg[31]_i_84_n_0
    SLICE_X49Y190        CARRY4 (Prop_carry4_CI_CO[3])
                                                      0.114     5.937 r  u_soc_top/gen_cv32e40p_core.u_core/core_i/id_stage_i/register_file_i/BReg_DP_reg[8]_i_8/CO[3]
                         net (fo=1, routed)           0.000     5.937    u_soc_top/gen_cv32e40p_core.u_core/core_i/id_stage_i/register_file_i/BReg_DP_reg[8]_i_8_n_0
    SLICE_X49Y191        CARRY4 (Prop_carry4_CI_CO[3])
                                                      0.114     6.051 r  u_soc_top/gen_cv32e40p_core.u_core/core_i/id_stage_i/register_file_i/BReg_DP_reg[31]_i_82/CO[3]
                         net (fo=1, routed)           0.000     6.051    u_soc_top/gen_cv32e40p_core.u_core/core_i/id_stage_i/register_file_i/BReg_DP_reg[31]_i_82_n_0
    SLICE_X49Y192        CARRY4 (Prop_carry4_CI_O[3])
                                                      0.313     6.364 r  u_soc_top/gen_cv32e40p_core.u_core/core_i/id_stage_i/register_file_i/BReg_DP_reg[0]_i_8/O[3]
                         net (fo=2, routed)           0.303     6.667    u_soc_top/gen_cv32e40p_core.u_core/core_i/id_stage_i/register_file_i/ex_stage_i/alu_i/adder_round_result[31]
    SLICE_X47Y192        LUT6 (Prop_lut6_I2_O)        0.306     6.973 r  u_soc_top/gen_cv32e40p_core.u_core/core_i/id_stage_i/register_file_i/BReg_DP[0]_i_6/O
                         net (fo=61, routed)          0.620     7.593    u_soc_top/gen_cv32e40p_core.u_core/core_i/id_stage_i/register_file_i/shift_right_result126_out
    SLICE_X46Y193        LUT3 (Prop_lut3_I2_O)        0.124     7.717 r  u_soc_top/gen_cv32e40p_core.u_core/core_i/id_stage_i/register_file_i/BReg_DP[19]_i_9/O
                         net (fo=3, routed)           0.836     8.553    u_soc_top/gen_cv32e40p_core.u_core/core_i/id_stage_i/register_file_i/ex_stage_i/alu_i/shift_op_a_32[43]
    SLICE_X47Y193        LUT6 (Prop_lut6_I0_O)        0.124     8.677 r  u_soc_top/gen_cv32e40p_core.u_core/core_i/id_stage_i/register_file_i/BReg_DP[19]_i_7/O
                         net (fo=4, routed)           1.007     9.683    u_soc_top/gen_cv32e40p_core.u_core/core_i/id_stage_i/register_file_i/BReg_DP[19]_i_7_n_0
    SLICE_X48Y195        LUT6 (Prop_lut6_I1_O)        0.124     9.807 r  u_soc_top/gen_cv32e40p_core.u_core/core_i/id_stage_i/register_file_i/BReg_DP[15]_i_4/O
                         net (fo=4, routed)           0.608    10.416    u_soc_top/gen_cv32e40p_core.u_core/core_i/id_stage_i/register_file_i/alu_clpx_shift_ex_o_reg[1]_11
    SLICE_X47Y195        LUT3 (Prop_lut3_I0_O)        0.124    10.540 r  u_soc_top/gen_cv32e40p_core.u_core/core_i/id_stage_i/register_file_i/i___91__15_i_38/O
                         net (fo=2, routed)           0.588    11.127    u_soc_top/gen_cv32e40p_core.u_core/core_i/id_stage_i/register_file_i/i___91__15_i_38_n_0
    SLICE_X49Y194        LUT5 (Prop_lut5_I4_O)        0.124    11.251 r  u_soc_top/gen_cv32e40p_core.u_core/core_i/id_stage_i/register_file_i/i___91__15_i_30/O
                         net (fo=6, routed)           0.612    11.864    u_soc_top/gen_cv32e40p_core.u_core/core_i/id_stage_i/register_file_i/ex_stage_i/alu_i/radix_2_rev[15]
    SLICE_X49Y195        LUT6 (Prop_lut6_I5_O)        0.124    11.988 r  u_soc_top/gen_cv32e40p_core.u_core/core_i/id_stage_i/register_file_i/i___28_i_99/O
                         net (fo=1, routed)           0.000    11.988    u_soc_top/gen_cv32e40p_core.u_core/core_i/id_stage_i/register_file_i/i___28_i_99_n_0
    SLICE_X49Y195        MUXF7 (Prop_muxf7_I0_O)      0.212    12.200 r  u_soc_top/gen_cv32e40p_core.u_core/core_i/id_stage_i/register_file_i/i___28_i_93/O
                         net (fo=1, routed)           0.576    12.775    u_soc_top/gen_cv32e40p_core.u_core/core_i/id_stage_i/register_file_i/i___28_i_93_n_0
    SLICE_X50Y193        LUT6 (Prop_lut6_I2_O)        0.299    13.074 r  u_soc_top/gen_cv32e40p_core.u_core/core_i/id_stage_i/register_file_i/i___28_i_86/O
                         net (fo=60, routed)          0.669    13.743    u_soc_top/gen_cv32e40p_core.u_core/core_i/id_stage_i/register_file_i/ex_stage_i/alu_i/extract_sign
    SLICE_X52Y193        LUT6 (Prop_lut6_I5_O)        0.124    13.867 r  u_soc_top/gen_cv32e40p_core.u_core/core_i/id_stage_i/register_file_i/i___91__3_i_50/O
                         net (fo=1, routed)           0.420    14.287    u_soc_top/gen_cv32e40p_core.u_core/core_i/id_stage_i/register_file_i/i___91__3_i_50_n_0
    SLICE_X54Y194        LUT6 (Prop_lut6_I5_O)        0.124    14.411 r  u_soc_top/gen_cv32e40p_core.u_core/core_i/id_stage_i/register_file_i/i___91__3_i_36/O
                         net (fo=1, routed)           0.161    14.572    u_soc_top/gen_cv32e40p_core.u_core/core_i/id_stage_i/register_file_i/ex_stage_i/alu_i/bextins_result[28]
    SLICE_X54Y194        LUT6 (Prop_lut6_I5_O)        0.124    14.696 r  u_soc_top/gen_cv32e40p_core.u_core/core_i/id_stage_i/register_file_i/i___91__3_i_27/O
                         net (fo=1, routed)           0.000    14.696    u_soc_top/gen_cv32e40p_core.u_core/core_i/id_stage_i/register_file_i/i___91__3_i_27_n_0
    SLICE_X54Y194        MUXF7 (Prop_muxf7_I1_O)      0.247    14.943 r  u_soc_top/gen_cv32e40p_core.u_core/core_i/id_stage_i/register_file_i/i___91__3_i_20/O
                         net (fo=1, routed)           0.452    15.395    u_soc_top/gen_cv32e40p_core.u_core/core_i/id_stage_i/register_file_i/i___91__3_i_20_n_0
    SLICE_X56Y193        LUT6 (Prop_lut6_I5_O)        0.298    15.693 r  u_soc_top/gen_cv32e40p_core.u_core/core_i/id_stage_i/register_file_i/i___91__3_i_8/O
                         net (fo=1, routed)           0.633    16.326    u_soc_top/gen_cv32e40p_core.u_core/core_i/id_stage_i/gen_hwloop_regs.hwloop_regs_i/alu_result[23]
    SLICE_X57Y194        LUT6 (Prop_lut6_I3_O)        0.124    16.450 r  u_soc_top/gen_cv32e40p_core.u_core/core_i/id_stage_i/gen_hwloop_regs.hwloop_regs_i/i___91__3_i_3/O
                         net (fo=37, routed)          0.584    17.034    u_soc_top/gen_cv32e40p_core.u_core/core_i/id_stage_i/register_file_i/hwlp_start_q_reg[0][28]_0
    SLICE_X57Y193        LUT6 (Prop_lut6_I4_O)        0.124    17.158 r  u_soc_top/gen_cv32e40p_core.u_core/core_i/id_stage_i/register_file_i/hwlp_start_q[1][28]_i_3/O
                         net (fo=8, routed)           0.687    17.845    u_soc_top/gen_cv32e40p_core.u_core/core_i/if_stage_i/hwlp_start_q_reg[0][28]
    SLICE_X55Y192        LUT5 (Prop_lut5_I4_O)        0.124    17.969 r  u_soc_top/gen_cv32e40p_core.u_core/core_i/if_stage_i/alu_operand_a_ex_o[28]_i_2/O
                         net (fo=2, routed)           0.304    18.273    u_soc_top/gen_cv32e40p_core.u_core/core_i/if_stage_i/alu_operand_a_ex_o[28]_i_2_n_0
    SLICE_X55Y193        LUT5 (Prop_lut5_I4_O)        0.124    18.397 r  u_soc_top/gen_cv32e40p_core.u_core/core_i/if_stage_i/mult_operand_a_ex_o[28]_i_1/O
                         net (fo=2, routed)           0.493    18.891    u_soc_top/gen_cv32e40p_core.u_core/core_i/id_stage_i/mult_operand_a_ex_o_reg[31]_0[28]
    SLICE_X55Y192        FDCE                                         r  u_soc_top/gen_cv32e40p_core.u_core/core_i/id_stage_i/mult_operand_a_ex_o_reg[28]/D
  -------------------------------------------------------------------    -------------------

                         (clock clk_50m_unbuf rise edge)
                                                     20.000    20.000 r  
    E3                                                0.000    20.000 r  clk_100m_i (IN)
                         net (fo=0)                   0.000    20.000    clk_100m_i
    E3                   IBUF (Prop_ibuf_I_O)         1.411    21.411 r  clk_100m_i_IBUF_inst/O
                         net (fo=1, routed)           1.162    22.573    clk_100m_i_IBUF
    MMCME2_ADV_X1Y2      MMCME2_ADV (Prop_mmcme2_adv_CLKIN1_CLKOUT0)
                                                     -7.324    15.249 r  u_mmcm/CLKOUT0
                         net (fo=1, routed)           1.639    16.888    clk_50m_unbuf
    BUFGCTRL_X0Y16       BUFG (Prop_bufg_I_O)         0.091    16.979 r  u_bufg_clk50/O
                         net (fo=7022, routed)        1.661    18.641    u_soc_top/gen_cv32e40p_core.u_core/core_i/id_stage_i/clk_50m
    SLICE_X55Y192        FDCE                                         r  u_soc_top/gen_cv32e40p_core.u_core/core_i/id_stage_i/mult_operand_a_ex_o_reg[28]/C
                         clock pessimism              0.497    19.138    
                         clock uncertainty           -0.089    19.049    
    SLICE_X55Y192        FDCE (Setup_fdce_C_D)       -0.067    18.982    u_soc_top/gen_cv32e40p_core.u_core/core_i/id_stage_i/mult_operand_a_ex_o_reg[28]
  -------------------------------------------------------------------
                         required time                         18.982    
                         arrival time                         -18.891    
  -------------------------------------------------------------------
                         slack                                  0.092    

Slack (MET) :             0.103ns  (required time - arrival time)
  Source:                 u_soc_top/gen_cv32e40p_core.u_core/core_i/id_stage_i/alu_operator_ex_o_reg[5]/C
                            (rising edge-triggered cell FDCE clocked by clk_50m_unbuf  {rise@0.000ns fall@10.000ns period=20.000ns})
  Destination:            u_soc_top/gen_cv32e40p_core.u_core/core_i/id_stage_i/mult_dot_op_b_ex_o_reg[25]/D
                            (rising edge-triggered cell FDCE clocked by clk_50m_unbuf  {rise@0.000ns fall@10.000ns period=20.000ns})
  Path Group:             clk_50m_unbuf
  Path Type:              Setup (Max at Slow Process Corner)
  Requirement:            20.000ns  (clk_50m_unbuf rise@20.000ns - clk_50m_unbuf rise@0.000ns)
  Data Path Delay:        19.639ns  (logic 6.408ns (32.628%)  route 13.231ns (67.372%))
  Logic Levels:           31  (CARRY4=9 LUT3=3 LUT5=2 LUT6=15 MUXF7=2)
  Clock Path Skew:        -0.124ns (DCD - SCD + CPR)
    Destination Clock Delay (DCD):    -1.367ns = ( 18.633 - 20.000 ) 
    Source Clock Delay      (SCD):    -0.746ns
    Clock Pessimism Removal (CPR):    0.497ns
  Clock Uncertainty:      0.089ns  ((TSJ^2 + DJ^2)^1/2) / 2 + PE
    Total System Jitter     (TSJ):    0.071ns
    Discrete Jitter          (DJ):    0.163ns
    Phase Error              (PE):    0.000ns

    Location             Delay type                Incr(ns)  Path(ns)    Netlist Resource(s)
  -------------------------------------------------------------------    -------------------
                         (clock clk_50m_unbuf rise edge)
                                                      0.000     0.000 r  
    E3                                                0.000     0.000 r  clk_100m_i (IN)
                         net (fo=0)                   0.000     0.000    clk_100m_i
    E3                   IBUF (Prop_ibuf_I_O)         1.482     1.482 r  clk_100m_i_IBUF_inst/O
                         net (fo=1, routed)           1.233     2.715    clk_100m_i_IBUF
    MMCME2_ADV_X1Y2      MMCME2_ADV (Prop_mmcme2_adv_CLKIN1_CLKOUT0)
                                                     -7.070    -4.355 r  u_mmcm/CLKOUT0
                         net (fo=1, routed)           1.719    -2.636    clk_50m_unbuf
    BUFGCTRL_X0Y16       BUFG (Prop_bufg_I_O)         0.096    -2.540 r  u_bufg_clk50/O
                         net (fo=7022, routed)        1.794    -0.746    u_soc_top/gen_cv32e40p_core.u_core/core_i/id_stage_i/clk_50m
    SLICE_X50Y185        FDCE                                         r  u_soc_top/gen_cv32e40p_core.u_core/core_i/id_stage_i/alu_operator_ex_o_reg[5]/C
  -------------------------------------------------------------------    -------------------
    SLICE_X50Y185        FDCE (Prop_fdce_C_Q)         0.518    -0.228 r  u_soc_top/gen_cv32e40p_core.u_core/core_i/id_stage_i/alu_operator_ex_o_reg[5]/Q
                         net (fo=59, routed)          0.503     0.275    u_soc_top/gen_cv32e40p_core.u_core/core_i/id_stage_i/register_file_i/i___147_i_34_0[5]
    SLICE_X51Y185        LUT3 (Prop_lut3_I0_O)        0.124     0.399 r  u_soc_top/gen_cv32e40p_core.u_core/core_i/id_stage_i/register_file_i/i___160_i_5/O
                         net (fo=96, routed)          0.905     1.304    u_soc_top/gen_cv32e40p_core.u_core/core_i/id_stage_i/register_file_i/i___160_i_5_n_0
    SLICE_X50Y184        LUT6 (Prop_lut6_I0_O)        0.124     1.428 r  u_soc_top/gen_cv32e40p_core.u_core/core_i/id_stage_i/register_file_i/BReg_DP[31]_i_128/O
                         net (fo=1, routed)           0.819     2.247    u_soc_top/gen_cv32e40p_core.u_core/core_i/id_stage_i/register_file_i/BReg_DP[31]_i_128_n_0
    SLICE_X49Y184        LUT6 (Prop_lut6_I5_O)        0.124     2.371 r  u_soc_top/gen_cv32e40p_core.u_core/core_i/id_stage_i/register_file_i/BReg_DP[31]_i_111/O
                         net (fo=2, routed)           0.465     2.836    u_soc_top/gen_cv32e40p_core.u_core/core_i/id_stage_i/register_file_i/ex_stage_i/alu_i/adder_op_a[0]
    SLICE_X48Y184        LUT5 (Prop_lut5_I0_O)        0.124     2.960 r  u_soc_top/gen_cv32e40p_core.u_core/core_i/id_stage_i/register_file_i/BReg_DP[31]_i_115/O
                         net (fo=1, routed)           0.000     2.960    u_soc_top/gen_cv32e40p_core.u_core/core_i/id_stage_i/register_file_i/BReg_DP[31]_i_115_n_0
    SLICE_X48Y184        CARRY4 (Prop_carry4_S[0]_CO[3])
                                                      0.532     3.492 r  u_soc_top/gen_cv32e40p_core.u_core/core_i/id_stage_i/register_file_i/BReg_DP_reg[31]_i_89/CO[3]
                         net (fo=1, routed)           0.000     3.492    u_soc_top/gen_cv32e40p_core.u_core/core_i/id_stage_i/register_file_i/BReg_DP_reg[31]_i_89_n_0
    SLICE_X48Y185        CARRY4 (Prop_carry4_CI_CO[3])
                                                      0.114     3.606 r  u_soc_top/gen_cv32e40p_core.u_core/core_i/id_stage_i/register_file_i/BReg_DP_reg[24]_i_12/CO[3]
                         net (fo=1, routed)           0.000     3.606    u_soc_top/gen_cv32e40p_core.u_core/core_i/id_stage_i/register_file_i/BReg_DP_reg[24]_i_12_n_0
    SLICE_X48Y186        CARRY4 (Prop_carry4_CI_O[1])
                                                      0.334     3.940 r  u_soc_top/gen_cv32e40p_core.u_core/core_i/id_stage_i/register_file_i/BReg_DP_reg[31]_i_98/O[1]
                         net (fo=3, routed)           0.950     4.890    u_soc_top/gen_cv32e40p_core.u_core/core_i/id_stage_i/register_file_i/ex_stage_i/alu_i/data0[8]
    SLICE_X49Y187        CARRY4 (Prop_carry4_DI[0]_CO[3])
                                                      0.705     5.595 r  u_soc_top/gen_cv32e40p_core.u_core/core_i/id_stage_i/register_file_i/BReg_DP_reg[31]_i_83/CO[3]
                         net (fo=1, routed)           0.000     5.595    u_soc_top/gen_cv32e40p_core.u_core/core_i/id_stage_i/register_file_i/BReg_DP_reg[31]_i_83_n_0
    SLICE_X49Y188        CARRY4 (Prop_carry4_CI_CO[3])
                                                      0.114     5.709 r  u_soc_top/gen_cv32e40p_core.u_core/core_i/id_stage_i/register_file_i/BReg_DP_reg[16]_i_11/CO[3]
                         net (fo=1, routed)           0.000     5.709    u_soc_top/gen_cv32e40p_core.u_core/core_i/id_stage_i/register_file_i/BReg_DP_reg[16]_i_11_n_0
    SLICE_X49Y189        CARRY4 (Prop_carry4_CI_CO[3])
                                                      0.114     5.823 r  u_soc_top/gen_cv32e40p_core.u_core/core_i/id_stage_i/register_file_i/BReg_DP_reg[31]_i_84/CO[3]
                         net (fo=1, routed)           0.000     5.823    u_soc_top/gen_cv32e40p_core.u_core/core_i/id_stage_i/register_file_i/BReg_DP_reg[31]_i_84_n_0
    SLICE_X49Y190        CARRY4 (Prop_carry4_CI_CO[3])
                                                      0.114     5.937 r  u_soc_top/gen_cv32e40p_core.u_core/core_i/id_stage_i/register_file_i/BReg_DP_reg[8]_i_8/CO[3]
                         net (fo=1, routed)           0.000     5.937    u_soc_top/gen_cv32e40p_core.u_core/core_i/id_stage_i/register_file_i/BReg_DP_reg[8]_i_8_n_0
    SLICE_X49Y191        CARRY4 (Prop_carry4_CI_CO[3])
                                                      0.114     6.051 r  u_soc_top/gen_cv32e40p_core.u_core/core_i/id_stage_i/register_file_i/BReg_DP_reg[31]_i_82/CO[3]
                         net (fo=1, routed)           0.000     6.051    u_soc_top/gen_cv32e40p_core.u_core/core_i/id_stage_i/register_file_i/BReg_DP_reg[31]_i_82_n_0
    SLICE_X49Y192        CARRY4 (Prop_carry4_CI_O[3])
                                                      0.313     6.364 r  u_soc_top/gen_cv32e40p_core.u_core/core_i/id_stage_i/register_file_i/BReg_DP_reg[0]_i_8/O[3]
                         net (fo=2, routed)           0.303     6.667    u_soc_top/gen_cv32e40p_core.u_core/core_i/id_stage_i/register_file_i/ex_stage_i/alu_i/adder_round_result[31]
    SLICE_X47Y192        LUT6 (Prop_lut6_I2_O)        0.306     6.973 r  u_soc_top/gen_cv32e40p_core.u_core/core_i/id_stage_i/register_file_i/BReg_DP[0]_i_6/O
                         net (fo=61, routed)          0.620     7.593    u_soc_top/gen_cv32e40p_core.u_core/core_i/id_stage_i/register_file_i/shift_right_result126_out
    SLICE_X46Y193        LUT3 (Prop_lut3_I2_O)        0.124     7.717 r  u_soc_top/gen_cv32e40p_core.u_core/core_i/id_stage_i/register_file_i/BReg_DP[19]_i_9/O
                         net (fo=3, routed)           0.836     8.553    u_soc_top/gen_cv32e40p_core.u_core/core_i/id_stage_i/register_file_i/ex_stage_i/alu_i/shift_op_a_32[43]
    SLICE_X47Y193        LUT6 (Prop_lut6_I0_O)        0.124     8.677 r  u_soc_top/gen_cv32e40p_core.u_core/core_i/id_stage_i/register_file_i/BReg_DP[19]_i_7/O
                         net (fo=4, routed)           1.007     9.683    u_soc_top/gen_cv32e40p_core.u_core/core_i/id_stage_i/register_file_i/BReg_DP[19]_i_7_n_0
    SLICE_X48Y195        LUT6 (Prop_lut6_I1_O)        0.124     9.807 r  u_soc_top/gen_cv32e40p_core.u_core/core_i/id_stage_i/register_file_i/BReg_DP[15]_i_4/O
                         net (fo=4, routed)           0.608    10.416    u_soc_top/gen_cv32e40p_core.u_core/core_i/id_stage_i/register_file_i/alu_clpx_shift_ex_o_reg[1]_11
    SLICE_X47Y195        LUT3 (Prop_lut3_I0_O)        0.124    10.540 r  u_soc_top/gen_cv32e40p_core.u_core/core_i/id_stage_i/register_file_i/i___91__15_i_38/O
                         net (fo=2, routed)           0.588    11.127    u_soc_top/gen_cv32e40p_core.u_core/core_i/id_stage_i/register_file_i/i___91__15_i_38_n_0
    SLICE_X49Y194        LUT5 (Prop_lut5_I4_O)        0.124    11.251 r  u_soc_top/gen_cv32e40p_core.u_core/core_i/id_stage_i/register_file_i/i___91__15_i_30/O
                         net (fo=6, routed)           0.612    11.864    u_soc_top/gen_cv32e40p_core.u_core/core_i/id_stage_i/register_file_i/ex_stage_i/alu_i/radix_2_rev[15]
    SLICE_X49Y195        LUT6 (Prop_lut6_I5_O)        0.124    11.988 r  u_soc_top/gen_cv32e40p_core.u_core/core_i/id_stage_i/register_file_i/i___28_i_99/O
                         net (fo=1, routed)           0.000    11.988    u_soc_top/gen_cv32e40p_core.u_core/core_i/id_stage_i/register_file_i/i___28_i_99_n_0
    SLICE_X49Y195        MUXF7 (Prop_muxf7_I0_O)      0.212    12.200 r  u_soc_top/gen_cv32e40p_core.u_core/core_i/id_stage_i/register_file_i/i___28_i_93/O
                         net (fo=1, routed)           0.576    12.775    u_soc_top/gen_cv32e40p_core.u_core/core_i/id_stage_i/register_file_i/i___28_i_93_n_0
    SLICE_X50Y193        LUT6 (Prop_lut6_I2_O)        0.299    13.074 r  u_soc_top/gen_cv32e40p_core.u_core/core_i/id_stage_i/register_file_i/i___28_i_86/O
                         net (fo=60, routed)          0.690    13.764    u_soc_top/gen_cv32e40p_core.u_core/core_i/id_stage_i/register_file_i/ex_stage_i/alu_i/extract_sign
    SLICE_X52Y187        LUT6 (Prop_lut6_I5_O)        0.124    13.888 r  u_soc_top/gen_cv32e40p_core.u_core/core_i/id_stage_i/register_file_i/i___29_i_56/O
                         net (fo=1, routed)           0.300    14.188    u_soc_top/gen_cv32e40p_core.u_core/core_i/id_stage_i/register_file_i/i___29_i_56_n_0
    SLICE_X52Y186        LUT6 (Prop_lut6_I5_O)        0.124    14.312 r  u_soc_top/gen_cv32e40p_core.u_core/core_i/id_stage_i/register_file_i/i___29_i_39/O
                         net (fo=1, routed)           0.438    14.750    u_soc_top/gen_cv32e40p_core.u_core/core_i/id_stage_i/register_file_i/ex_stage_i/alu_i/bextins_result[1]
    SLICE_X54Y185        LUT6 (Prop_lut6_I5_O)        0.124    14.874 r  u_soc_top/gen_cv32e40p_core.u_core/core_i/id_stage_i/register_file_i/i___29_i_20/O
                         net (fo=1, routed)           0.000    14.874    u_soc_top/gen_cv32e40p_core.u_core/core_i/id_stage_i/register_file_i/i___29_i_20_n_0
    SLICE_X54Y185        MUXF7 (Prop_muxf7_I1_O)      0.214    15.088 r  u_soc_top/gen_cv32e40p_core.u_core/core_i/id_stage_i/register_file_i/i___29_i_9/O
                         net (fo=1, routed)           0.310    15.398    u_soc_top/gen_cv32e40p_core.u_core/core_i/id_stage_i/register_file_i/i___29_i_9_n_0
    SLICE_X54Y184        LUT6 (Prop_lut6_I5_O)        0.297    15.694 r  u_soc_top/gen_cv32e40p_core.u_core/core_i/id_stage_i/register_file_i/i___29_i_4/O
                         net (fo=1, routed)           0.303    15.998    u_soc_top/gen_cv32e40p_core.u_core/core_i/id_stage_i/gen_hwloop_regs.hwloop_regs_i/alu_result[1]
    SLICE_X54Y183        LUT6 (Prop_lut6_I3_O)        0.124    16.122 r  u_soc_top/gen_cv32e40p_core.u_core/core_i/id_stage_i/gen_hwloop_regs.hwloop_regs_i/i___29_i_2/O
                         net (fo=37, routed)          0.631    16.753    u_soc_top/gen_cv32e40p_core.u_core/regfile_alu_wdata_fw[1]
    SLICE_X56Y182        LUT6 (Prop_lut6_I1_O)        0.124    16.877 f  u_soc_top/gen_cv32e40p_core.u_core/i___29/O
                         net (fo=1, routed)           0.571    17.448    u_soc_top/gen_cv32e40p_core.u_core/core_i/if_stage_i/mult_dot_op_b_ex_o_reg[1]
    SLICE_X57Y183        LUT6 (Prop_lut6_I2_O)        0.124    17.572 r  u_soc_top/gen_cv32e40p_core.u_core/core_i/if_stage_i/mult_operand_b_ex_o[1]_i_1/O
                         net (fo=9, routed)           0.855    18.427    u_soc_top/gen_cv32e40p_core.u_core/core_i/if_stage_i/operand_b[1]
    SLICE_X56Y182        LUT6 (Prop_lut6_I2_O)        0.124    18.551 r  u_soc_top/gen_cv32e40p_core.u_core/core_i/if_stage_i/mult_operand_b_ex_o[25]_i_1/O
                         net (fo=2, routed)           0.343    18.894    u_soc_top/gen_cv32e40p_core.u_core/core_i/id_stage_i/mult_operand_b_ex_o_reg[31]_1[17]
    SLICE_X56Y181        FDCE                                         r  u_soc_top/gen_cv32e40p_core.u_core/core_i/id_stage_i/mult_dot_op_b_ex_o_reg[25]/D
  -------------------------------------------------------------------    -------------------

                         (clock clk_50m_unbuf rise edge)
                                                     20.000    20.000 r  
    E3                                                0.000    20.000 r  clk_100m_i (IN)
                         net (fo=0)                   0.000    20.000    clk_100m_i
    E3                   IBUF (Prop_ibuf_I_O)         1.411    21.411 r  clk_100m_i_IBUF_inst/O
                         net (fo=1, routed)           1.162    22.573    clk_100m_i_IBUF
    MMCME2_ADV_X1Y2      MMCME2_ADV (Prop_mmcme2_adv_CLKIN1_CLKOUT0)
                                                     -7.324    15.249 r  u_mmcm/CLKOUT0
                         net (fo=1, routed)           1.639    16.888    clk_50m_unbuf
    BUFGCTRL_X0Y16       BUFG (Prop_bufg_I_O)         0.091    16.979 r  u_bufg_clk50/O
                         net (fo=7022, routed)        1.653    18.633    u_soc_top/gen_cv32e40p_core.u_core/core_i/id_stage_i/clk_50m
    SLICE_X56Y181        FDCE                                         r  u_soc_top/gen_cv32e40p_core.u_core/core_i/id_stage_i/mult_dot_op_b_ex_o_reg[25]/C
                         clock pessimism              0.497    19.130    
                         clock uncertainty           -0.089    19.041    
    SLICE_X56Y181        FDCE (Setup_fdce_C_D)       -0.045    18.996    u_soc_top/gen_cv32e40p_core.u_core/core_i/id_stage_i/mult_dot_op_b_ex_o_reg[25]
  -------------------------------------------------------------------
                         required time                         18.996    
                         arrival time                         -18.894    
  -------------------------------------------------------------------
                         slack                                  0.103    

Slack (MET) :             0.104ns  (required time - arrival time)
  Source:                 u_soc_top/gen_cv32e40p_core.u_core/core_i/id_stage_i/alu_operator_ex_o_reg[5]/C
                            (rising edge-triggered cell FDCE clocked by clk_50m_unbuf  {rise@0.000ns fall@10.000ns period=20.000ns})
  Destination:            u_soc_top/gen_cv32e40p_core.u_core/core_i/id_stage_i/alu_operand_b_ex_o_reg[26]/D
                            (rising edge-triggered cell FDCE clocked by clk_50m_unbuf  {rise@0.000ns fall@10.000ns period=20.000ns})
  Path Group:             clk_50m_unbuf
  Path Type:              Setup (Max at Slow Process Corner)
  Requirement:            20.000ns  (clk_50m_unbuf rise@20.000ns - clk_50m_unbuf rise@0.000ns)
  Data Path Delay:        19.719ns  (logic 6.442ns (32.669%)  route 13.277ns (67.331%))
  Logic Levels:           31  (CARRY4=9 LUT3=3 LUT5=2 LUT6=15 MUXF7=2)
  Clock Path Skew:        -0.117ns (DCD - SCD + CPR)
    Destination Clock Delay (DCD):    -1.360ns = ( 18.640 - 20.000 ) 
    Source Clock Delay      (SCD):    -0.746ns
    Clock Pessimism Removal (CPR):    0.497ns
  Clock Uncertainty:      0.089ns  ((TSJ^2 + DJ^2)^1/2) / 2 + PE
    Total System Jitter     (TSJ):    0.071ns
    Discrete Jitter          (DJ):    0.163ns
    Phase Error              (PE):    0.000ns

    Location             Delay type                Incr(ns)  Path(ns)    Netlist Resource(s)
  -------------------------------------------------------------------    -------------------
                         (clock clk_50m_unbuf rise edge)
                                                      0.000     0.000 r  
    E3                                                0.000     0.000 r  clk_100m_i (IN)
                         net (fo=0)                   0.000     0.000    clk_100m_i
    E3                   IBUF (Prop_ibuf_I_O)         1.482     1.482 r  clk_100m_i_IBUF_inst/O
                         net (fo=1, routed)           1.233     2.715    clk_100m_i_IBUF
    MMCME2_ADV_X1Y2      MMCME2_ADV (Prop_mmcme2_adv_CLKIN1_CLKOUT0)
                                                     -7.070    -4.355 r  u_mmcm/CLKOUT0
                         net (fo=1, routed)           1.719    -2.636    clk_50m_unbuf
    BUFGCTRL_X0Y16       BUFG (Prop_bufg_I_O)         0.096    -2.540 r  u_bufg_clk50/O
                         net (fo=7022, routed)        1.794    -0.746    u_soc_top/gen_cv32e40p_core.u_core/core_i/id_stage_i/clk_50m
    SLICE_X50Y185        FDCE                                         r  u_soc_top/gen_cv32e40p_core.u_core/core_i/id_stage_i/alu_operator_ex_o_reg[5]/C
  -------------------------------------------------------------------    -------------------
    SLICE_X50Y185        FDCE (Prop_fdce_C_Q)         0.518    -0.228 r  u_soc_top/gen_cv32e40p_core.u_core/core_i/id_stage_i/alu_operator_ex_o_reg[5]/Q
                         net (fo=59, routed)          0.503     0.275    u_soc_top/gen_cv32e40p_core.u_core/core_i/id_stage_i/register_file_i/i___147_i_34_0[5]
    SLICE_X51Y185        LUT3 (Prop_lut3_I0_O)        0.124     0.399 r  u_soc_top/gen_cv32e40p_core.u_core/core_i/id_stage_i/register_file_i/i___160_i_5/O
                         net (fo=96, routed)          0.905     1.304    u_soc_top/gen_cv32e40p_core.u_core/core_i/id_stage_i/register_file_i/i___160_i_5_n_0
    SLICE_X50Y184        LUT6 (Prop_lut6_I0_O)        0.124     1.428 r  u_soc_top/gen_cv32e40p_core.u_core/core_i/id_stage_i/register_file_i/BReg_DP[31]_i_128/O
                         net (fo=1, routed)           0.819     2.247    u_soc_top/gen_cv32e40p_core.u_core/core_i/id_stage_i/register_file_i/BReg_DP[31]_i_128_n_0
    SLICE_X49Y184        LUT6 (Prop_lut6_I5_O)        0.124     2.371 r  u_soc_top/gen_cv32e40p_core.u_core/core_i/id_stage_i/register_file_i/BReg_DP[31]_i_111/O
                         net (fo=2, routed)           0.465     2.836    u_soc_top/gen_cv32e40p_core.u_core/core_i/id_stage_i/register_file_i/ex_stage_i/alu_i/adder_op_a[0]
    SLICE_X48Y184        LUT5 (Prop_lut5_I0_O)        0.124     2.960 r  u_soc_top/gen_cv32e40p_core.u_core/core_i/id_stage_i/register_file_i/BReg_DP[31]_i_115/O
                         net (fo=1, routed)           0.000     2.960    u_soc_top/gen_cv32e40p_core.u_core/core_i/id_stage_i/register_file_i/BReg_DP[31]_i_115_n_0
    SLICE_X48Y184        CARRY4 (Prop_carry4_S[0]_CO[3])
                                                      0.532     3.492 r  u_soc_top/gen_cv32e40p_core.u_core/core_i/id_stage_i/register_file_i/BReg_DP_reg[31]_i_89/CO[3]
                         net (fo=1, routed)           0.000     3.492    u_soc_top/gen_cv32e40p_core.u_core/core_i/id_stage_i/register_file_i/BReg_DP_reg[31]_i_89_n_0
    SLICE_X48Y185        CARRY4 (Prop_carry4_CI_CO[3])
                                                      0.114     3.606 r  u_soc_top/gen_cv32e40p_core.u_core/core_i/id_stage_i/register_file_i/BReg_DP_reg[24]_i_12/CO[3]
                         net (fo=1, routed)           0.000     3.606    u_soc_top/gen_cv32e40p_core.u_core/core_i/id_stage_i/register_file_i/BReg_DP_reg[24]_i_12_n_0
    SLICE_X48Y186        CARRY4 (Prop_carry4_CI_O[1])
                                                      0.334     3.940 r  u_soc_top/gen_cv32e40p_core.u_core/core_i/id_stage_i/register_file_i/BReg_DP_reg[31]_i_98/O[1]
                         net (fo=3, routed)           0.950     4.890    u_soc_top/gen_cv32e40p_core.u_core/core_i/id_stage_i/register_file_i/ex_stage_i/alu_i/data0[8]
    SLICE_X49Y187        CARRY4 (Prop_carry4_DI[0]_CO[3])
                                                      0.705     5.595 r  u_soc_top/gen_cv32e40p_core.u_core/core_i/id_stage_i/register_file_i/BReg_DP_reg[31]_i_83/CO[3]
                         net (fo=1, routed)           0.000     5.595    u_soc_top/gen_cv32e40p_core.u_core/core_i/id_stage_i/register_file_i/BReg_DP_reg[31]_i_83_n_0
    SLICE_X49Y188        CARRY4 (Prop_carry4_CI_CO[3])
                                                      0.114     5.709 r  u_soc_top/gen_cv32e40p_core.u_core/core_i/id_stage_i/register_file_i/BReg_DP_reg[16]_i_11/CO[3]
                         net (fo=1, routed)           0.000     5.709    u_soc_top/gen_cv32e40p_core.u_core/core_i/id_stage_i/register_file_i/BReg_DP_reg[16]_i_11_n_0
    SLICE_X49Y189        CARRY4 (Prop_carry4_CI_CO[3])
                                                      0.114     5.823 r  u_soc_top/gen_cv32e40p_core.u_core/core_i/id_stage_i/register_file_i/BReg_DP_reg[31]_i_84/CO[3]
                         net (fo=1, routed)           0.000     5.823    u_soc_top/gen_cv32e40p_core.u_core/core_i/id_stage_i/register_file_i/BReg_DP_reg[31]_i_84_n_0
    SLICE_X49Y190        CARRY4 (Prop_carry4_CI_CO[3])
                                                      0.114     5.937 r  u_soc_top/gen_cv32e40p_core.u_core/core_i/id_stage_i/register_file_i/BReg_DP_reg[8]_i_8/CO[3]
                         net (fo=1, routed)           0.000     5.937    u_soc_top/gen_cv32e40p_core.u_core/core_i/id_stage_i/register_file_i/BReg_DP_reg[8]_i_8_n_0
    SLICE_X49Y191        CARRY4 (Prop_carry4_CI_CO[3])
                                                      0.114     6.051 r  u_soc_top/gen_cv32e40p_core.u_core/core_i/id_stage_i/register_file_i/BReg_DP_reg[31]_i_82/CO[3]
                         net (fo=1, routed)           0.000     6.051    u_soc_top/gen_cv32e40p_core.u_core/core_i/id_stage_i/register_file_i/BReg_DP_reg[31]_i_82_n_0
    SLICE_X49Y192        CARRY4 (Prop_carry4_CI_O[3])
                                                      0.313     6.364 r  u_soc_top/gen_cv32e40p_core.u_core/core_i/id_stage_i/register_file_i/BReg_DP_reg[0]_i_8/O[3]
                         net (fo=2, routed)           0.303     6.667    u_soc_top/gen_cv32e40p_core.u_core/core_i/id_stage_i/register_file_i/ex_stage_i/alu_i/adder_round_result[31]
    SLICE_X47Y192        LUT6 (Prop_lut6_I2_O)        0.306     6.973 r  u_soc_top/gen_cv32e40p_core.u_core/core_i/id_stage_i/register_file_i/BReg_DP[0]_i_6/O
                         net (fo=61, routed)          0.620     7.593    u_soc_top/gen_cv32e40p_core.u_core/core_i/id_stage_i/register_file_i/shift_right_result126_out
    SLICE_X46Y193        LUT3 (Prop_lut3_I2_O)        0.124     7.717 r  u_soc_top/gen_cv32e40p_core.u_core/core_i/id_stage_i/register_file_i/BReg_DP[19]_i_9/O
                         net (fo=3, routed)           0.836     8.553    u_soc_top/gen_cv32e40p_core.u_core/core_i/id_stage_i/register_file_i/ex_stage_i/alu_i/shift_op_a_32[43]
    SLICE_X47Y193        LUT6 (Prop_lut6_I0_O)        0.124     8.677 r  u_soc_top/gen_cv32e40p_core.u_core/core_i/id_stage_i/register_file_i/BReg_DP[19]_i_7/O
                         net (fo=4, routed)           1.007     9.683    u_soc_top/gen_cv32e40p_core.u_core/core_i/id_stage_i/register_file_i/BReg_DP[19]_i_7_n_0
    SLICE_X48Y195        LUT6 (Prop_lut6_I1_O)        0.124     9.807 r  u_soc_top/gen_cv32e40p_core.u_core/core_i/id_stage_i/register_file_i/BReg_DP[15]_i_4/O
                         net (fo=4, routed)           0.608    10.416    u_soc_top/gen_cv32e40p_core.u_core/core_i/id_stage_i/register_file_i/alu_clpx_shift_ex_o_reg[1]_11
    SLICE_X47Y195        LUT3 (Prop_lut3_I0_O)        0.124    10.540 r  u_soc_top/gen_cv32e40p_core.u_core/core_i/id_stage_i/register_file_i/i___91__15_i_38/O
                         net (fo=2, routed)           0.588    11.127    u_soc_top/gen_cv32e40p_core.u_core/core_i/id_stage_i/register_file_i/i___91__15_i_38_n_0
    SLICE_X49Y194        LUT5 (Prop_lut5_I4_O)        0.124    11.251 r  u_soc_top/gen_cv32e40p_core.u_core/core_i/id_stage_i/register_file_i/i___91__15_i_30/O
                         net (fo=6, routed)           0.612    11.864    u_soc_top/gen_cv32e40p_core.u_core/core_i/id_stage_i/register_file_i/ex_stage_i/alu_i/radix_2_rev[15]
    SLICE_X49Y195        LUT6 (Prop_lut6_I5_O)        0.124    11.988 r  u_soc_top/gen_cv32e40p_core.u_core/core_i/id_stage_i/register_file_i/i___28_i_99/O
                         net (fo=1, routed)           0.000    11.988    u_soc_top/gen_cv32e40p_core.u_core/core_i/id_stage_i/register_file_i/i___28_i_99_n_0
    SLICE_X49Y195        MUXF7 (Prop_muxf7_I0_O)      0.212    12.200 r  u_soc_top/gen_cv32e40p_core.u_core/core_i/id_stage_i/register_file_i/i___28_i_93/O
                         net (fo=1, routed)           0.576    12.775    u_soc_top/gen_cv32e40p_core.u_core/core_i/id_stage_i/register_file_i/i___28_i_93_n_0
    SLICE_X50Y193        LUT6 (Prop_lut6_I2_O)        0.299    13.074 r  u_soc_top/gen_cv32e40p_core.u_core/core_i/id_stage_i/register_file_i/i___28_i_86/O
                         net (fo=60, routed)          0.627    13.702    u_soc_top/gen_cv32e40p_core.u_core/core_i/id_stage_i/register_file_i/ex_stage_i/alu_i/extract_sign
    SLICE_X54Y192        LUT6 (Prop_lut6_I5_O)        0.124    13.826 r  u_soc_top/gen_cv32e40p_core.u_core/core_i/id_stage_i/register_file_i/i___91__5_i_40/O
                         net (fo=1, routed)           0.454    14.280    u_soc_top/gen_cv32e40p_core.u_core/core_i/id_stage_i/register_file_i/i___91__5_i_40_n_0
    SLICE_X57Y192        LUT6 (Prop_lut6_I5_O)        0.124    14.404 r  u_soc_top/gen_cv32e40p_core.u_core/core_i/id_stage_i/register_file_i/i___91__5_i_34/O
                         net (fo=1, routed)           0.442    14.846    u_soc_top/gen_cv32e40p_core.u_core/core_i/id_stage_i/register_file_i/ex_stage_i/alu_i/bextins_result[26]
    SLICE_X58Y192        LUT6 (Prop_lut6_I5_O)        0.124    14.970 r  u_soc_top/gen_cv32e40p_core.u_core/core_i/id_stage_i/register_file_i/i___91__5_i_27/O
                         net (fo=1, routed)           0.000    14.970    u_soc_top/gen_cv32e40p_core.u_core/core_i/id_stage_i/register_file_i/i___91__5_i_27_n_0
    SLICE_X58Y192        MUXF7 (Prop_muxf7_I1_O)      0.247    15.217 r  u_soc_top/gen_cv32e40p_core.u_core/core_i/id_stage_i/register_file_i/i___91__5_i_20/O
                         net (fo=1, routed)           0.410    15.627    u_soc_top/gen_cv32e40p_core.u_core/core_i/id_stage_i/register_file_i/i___91__5_i_20_n_0
    SLICE_X59Y191        LUT6 (Prop_lut6_I5_O)        0.298    15.925 r  u_soc_top/gen_cv32e40p_core.u_core/core_i/id_stage_i/register_file_i/i___91__5_i_8/O
                         net (fo=1, routed)           0.433    16.358    u_soc_top/gen_cv32e40p_core.u_core/core_i/id_stage_i/gen_hwloop_regs.hwloop_regs_i/alu_result[21]
    SLICE_X59Y191        LUT6 (Prop_lut6_I3_O)        0.124    16.482 r  u_soc_top/gen_cv32e40p_core.u_core/core_i/id_stage_i/gen_hwloop_regs.hwloop_regs_i/i___91__5_i_3/O
                         net (fo=36, routed)          0.726    17.207    u_soc_top/gen_cv32e40p_core.u_core/core_i/id_stage_i/gen_hwloop_regs.hwloop_regs_i/csr_access_ex_o_reg_40
    SLICE_X62Y189        LUT6 (Prop_lut6_I1_O)        0.124    17.331 r  u_soc_top/gen_cv32e40p_core.u_core/core_i/id_stage_i/gen_hwloop_regs.hwloop_regs_i/mult_operand_b_ex_o[26]_i_2/O
                         net (fo=2, routed)           0.605    17.936    u_soc_top/gen_cv32e40p_core.u_core/core_i/if_stage_i/mult_operand_b_ex_o_reg[26]
    SLICE_X62Y188        LUT6 (Prop_lut6_I0_O)        0.124    18.060 r  u_soc_top/gen_cv32e40p_core.u_core/core_i/if_stage_i/alu_operand_b_ex_o[26]_i_2/O
                         net (fo=1, routed)           0.789    18.849    u_soc_top/gen_cv32e40p_core.u_core/core_i/if_stage_i/alu_operand_b_ex_o[26]_i_2_n_0
    SLICE_X57Y188        LUT6 (Prop_lut6_I0_O)        0.124    18.973 r  u_soc_top/gen_cv32e40p_core.u_core/core_i/if_stage_i/alu_operand_b_ex_o[26]_i_1/O
                         net (fo=1, routed)           0.000    18.973    u_soc_top/gen_cv32e40p_core.u_core/core_i/id_stage_i/alu_operand_b_ex_o_reg[31]_2[25]
    SLICE_X57Y188        FDCE                                         r  u_soc_top/gen_cv32e40p_core.u_core/core_i/id_stage_i/alu_operand_b_ex_o_reg[26]/D
  -------------------------------------------------------------------    -------------------

                         (clock clk_50m_unbuf rise edge)
                                                     20.000    20.000 r  
    E3                                                0.000    20.000 r  clk_100m_i (IN)
                         net (fo=0)                   0.000    20.000    clk_100m_i
    E3                   IBUF (Prop_ibuf_I_O)         1.411    21.411 r  clk_100m_i_IBUF_inst/O
                         net (fo=1, routed)           1.162    22.573    clk_100m_i_IBUF
    MMCME2_ADV_X1Y2      MMCME2_ADV (Prop_mmcme2_adv_CLKIN1_CLKOUT0)
                                                     -7.324    15.249 r  u_mmcm/CLKOUT0
                         net (fo=1, routed)           1.639    16.888    clk_50m_unbuf
    BUFGCTRL_X0Y16       BUFG (Prop_bufg_I_O)         0.091    16.979 r  u_bufg_clk50/O
                         net (fo=7022, routed)        1.660    18.640    u_soc_top/gen_cv32e40p_core.u_core/core_i/id_stage_i/clk_50m
    SLICE_X57Y188        FDCE                                         r  u_soc_top/gen_cv32e40p_core.u_core/core_i/id_stage_i/alu_operand_b_ex_o_reg[26]/C
                         clock pessimism              0.497    19.137    
                         clock uncertainty           -0.089    19.048    
    SLICE_X57Y188        FDCE (Setup_fdce_C_D)        0.029    19.077    u_soc_top/gen_cv32e40p_core.u_core/core_i/id_stage_i/alu_operand_b_ex_o_reg[26]
  -------------------------------------------------------------------
                         required time                         19.077    
                         arrival time                         -18.973    
  -------------------------------------------------------------------
                         slack                                  0.104    

Slack (MET) :             0.105ns  (required time - arrival time)
  Source:                 u_soc_top/gen_cv32e40p_core.u_core/core_i/id_stage_i/alu_operator_ex_o_reg[5]/C
                            (rising edge-triggered cell FDCE clocked by clk_50m_unbuf  {rise@0.000ns fall@10.000ns period=20.000ns})
  Destination:            u_soc_top/gen_cv32e40p_core.u_core/core_i/id_stage_i/alu_operand_b_ex_o_reg[11]/D
                            (rising edge-triggered cell FDCE clocked by clk_50m_unbuf  {rise@0.000ns fall@10.000ns period=20.000ns})
  Path Group:             clk_50m_unbuf
  Path Type:              Setup (Max at Slow Process Corner)
  Requirement:            20.000ns  (clk_50m_unbuf rise@20.000ns - clk_50m_unbuf rise@0.000ns)
  Data Path Delay:        19.714ns  (logic 6.408ns (32.505%)  route 13.306ns (67.495%))
  Logic Levels:           31  (CARRY4=9 LUT3=3 LUT5=3 LUT6=14 MUXF7=2)
  Clock Path Skew:        -0.121ns (DCD - SCD + CPR)
    Destination Clock Delay (DCD):    -1.364ns = ( 18.636 - 20.000 ) 
    Source Clock Delay      (SCD):    -0.746ns
    Clock Pessimism Removal (CPR):    0.497ns
  Clock Uncertainty:      0.089ns  ((TSJ^2 + DJ^2)^1/2) / 2 + PE
    Total System Jitter     (TSJ):    0.071ns
    Discrete Jitter          (DJ):    0.163ns
    Phase Error              (PE):    0.000ns

    Location             Delay type                Incr(ns)  Path(ns)    Netlist Resource(s)
  -------------------------------------------------------------------    -------------------
                         (clock clk_50m_unbuf rise edge)
                                                      0.000     0.000 r  
    E3                                                0.000     0.000 r  clk_100m_i (IN)
                         net (fo=0)                   0.000     0.000    clk_100m_i
    E3                   IBUF (Prop_ibuf_I_O)         1.482     1.482 r  clk_100m_i_IBUF_inst/O
                         net (fo=1, routed)           1.233     2.715    clk_100m_i_IBUF
    MMCME2_ADV_X1Y2      MMCME2_ADV (Prop_mmcme2_adv_CLKIN1_CLKOUT0)
                                                     -7.070    -4.355 r  u_mmcm/CLKOUT0
                         net (fo=1, routed)           1.719    -2.636    clk_50m_unbuf
    BUFGCTRL_X0Y16       BUFG (Prop_bufg_I_O)         0.096    -2.540 r  u_bufg_clk50/O
                         net (fo=7022, routed)        1.794    -0.746    u_soc_top/gen_cv32e40p_core.u_core/core_i/id_stage_i/clk_50m
    SLICE_X50Y185        FDCE                                         r  u_soc_top/gen_cv32e40p_core.u_core/core_i/id_stage_i/alu_operator_ex_o_reg[5]/C
  -------------------------------------------------------------------    -------------------
    SLICE_X50Y185        FDCE (Prop_fdce_C_Q)         0.518    -0.228 r  u_soc_top/gen_cv32e40p_core.u_core/core_i/id_stage_i/alu_operator_ex_o_reg[5]/Q
                         net (fo=59, routed)          0.503     0.275    u_soc_top/gen_cv32e40p_core.u_core/core_i/id_stage_i/register_file_i/i___147_i_34_0[5]
    SLICE_X51Y185        LUT3 (Prop_lut3_I0_O)        0.124     0.399 r  u_soc_top/gen_cv32e40p_core.u_core/core_i/id_stage_i/register_file_i/i___160_i_5/O
                         net (fo=96, routed)          0.905     1.304    u_soc_top/gen_cv32e40p_core.u_core/core_i/id_stage_i/register_file_i/i___160_i_5_n_0
    SLICE_X50Y184        LUT6 (Prop_lut6_I0_O)        0.124     1.428 r  u_soc_top/gen_cv32e40p_core.u_core/core_i/id_stage_i/register_file_i/BReg_DP[31]_i_128/O
                         net (fo=1, routed)           0.819     2.247    u_soc_top/gen_cv32e40p_core.u_core/core_i/id_stage_i/register_file_i/BReg_DP[31]_i_128_n_0
    SLICE_X49Y184        LUT6 (Prop_lut6_I5_O)        0.124     2.371 r  u_soc_top/gen_cv32e40p_core.u_core/core_i/id_stage_i/register_file_i/BReg_DP[31]_i_111/O
                         net (fo=2, routed)           0.465     2.836    u_soc_top/gen_cv32e40p_core.u_core/core_i/id_stage_i/register_file_i/ex_stage_i/alu_i/adder_op_a[0]
    SLICE_X48Y184        LUT5 (Prop_lut5_I0_O)        0.124     2.960 r  u_soc_top/gen_cv32e40p_core.u_core/core_i/id_stage_i/register_file_i/BReg_DP[31]_i_115/O
                         net (fo=1, routed)           0.000     2.960    u_soc_top/gen_cv32e40p_core.u_core/core_i/id_stage_i/register_file_i/BReg_DP[31]_i_115_n_0
    SLICE_X48Y184        CARRY4 (Prop_carry4_S[0]_CO[3])
                                                      0.532     3.492 r  u_soc_top/gen_cv32e40p_core.u_core/core_i/id_stage_i/register_file_i/BReg_DP_reg[31]_i_89/CO[3]
                         net (fo=1, routed)           0.000     3.492    u_soc_top/gen_cv32e40p_core.u_core/core_i/id_stage_i/register_file_i/BReg_DP_reg[31]_i_89_n_0
    SLICE_X48Y185        CARRY4 (Prop_carry4_CI_CO[3])
                                                      0.114     3.606 r  u_soc_top/gen_cv32e40p_core.u_core/core_i/id_stage_i/register_file_i/BReg_DP_reg[24]_i_12/CO[3]
                         net (fo=1, routed)           0.000     3.606    u_soc_top/gen_cv32e40p_core.u_core/core_i/id_stage_i/register_file_i/BReg_DP_reg[24]_i_12_n_0
    SLICE_X48Y186        CARRY4 (Prop_carry4_CI_O[1])
                                                      0.334     3.940 r  u_soc_top/gen_cv32e40p_core.u_core/core_i/id_stage_i/register_file_i/BReg_DP_reg[31]_i_98/O[1]
                         net (fo=3, routed)           0.950     4.890    u_soc_top/gen_cv32e40p_core.u_core/core_i/id_stage_i/register_file_i/ex_stage_i/alu_i/data0[8]
    SLICE_X49Y187        CARRY4 (Prop_carry4_DI[0]_CO[3])
                                                      0.705     5.595 r  u_soc_top/gen_cv32e40p_core.u_core/core_i/id_stage_i/register_file_i/BReg_DP_reg[31]_i_83/CO[3]
                         net (fo=1, routed)           0.000     5.595    u_soc_top/gen_cv32e40p_core.u_core/core_i/id_stage_i/register_file_i/BReg_DP_reg[31]_i_83_n_0
    SLICE_X49Y188        CARRY4 (Prop_carry4_CI_CO[3])
                                                      0.114     5.709 r  u_soc_top/gen_cv32e40p_core.u_core/core_i/id_stage_i/register_file_i/BReg_DP_reg[16]_i_11/CO[3]
                         net (fo=1, routed)           0.000     5.709    u_soc_top/gen_cv32e40p_core.u_core/core_i/id_stage_i/register_file_i/BReg_DP_reg[16]_i_11_n_0
    SLICE_X49Y189        CARRY4 (Prop_carry4_CI_CO[3])
                                                      0.114     5.823 r  u_soc_top/gen_cv32e40p_core.u_core/core_i/id_stage_i/register_file_i/BReg_DP_reg[31]_i_84/CO[3]
                         net (fo=1, routed)           0.000     5.823    u_soc_top/gen_cv32e40p_core.u_core/core_i/id_stage_i/register_file_i/BReg_DP_reg[31]_i_84_n_0
    SLICE_X49Y190        CARRY4 (Prop_carry4_CI_CO[3])
                                                      0.114     5.937 r  u_soc_top/gen_cv32e40p_core.u_core/core_i/id_stage_i/register_file_i/BReg_DP_reg[8]_i_8/CO[3]
                         net (fo=1, routed)           0.000     5.937    u_soc_top/gen_cv32e40p_core.u_core/core_i/id_stage_i/register_file_i/BReg_DP_reg[8]_i_8_n_0
    SLICE_X49Y191        CARRY4 (Prop_carry4_CI_CO[3])
                                                      0.114     6.051 r  u_soc_top/gen_cv32e40p_core.u_core/core_i/id_stage_i/register_file_i/BReg_DP_reg[31]_i_82/CO[3]
                         net (fo=1, routed)           0.000     6.051    u_soc_top/gen_cv32e40p_core.u_core/core_i/id_stage_i/register_file_i/BReg_DP_reg[31]_i_82_n_0
    SLICE_X49Y192        CARRY4 (Prop_carry4_CI_O[3])
                                                      0.313     6.364 r  u_soc_top/gen_cv32e40p_core.u_core/core_i/id_stage_i/register_file_i/BReg_DP_reg[0]_i_8/O[3]
                         net (fo=2, routed)           0.303     6.667    u_soc_top/gen_cv32e40p_core.u_core/core_i/id_stage_i/register_file_i/ex_stage_i/alu_i/adder_round_result[31]
    SLICE_X47Y192        LUT6 (Prop_lut6_I2_O)        0.306     6.973 r  u_soc_top/gen_cv32e40p_core.u_core/core_i/id_stage_i/register_file_i/BReg_DP[0]_i_6/O
                         net (fo=61, routed)          0.620     7.593    u_soc_top/gen_cv32e40p_core.u_core/core_i/id_stage_i/register_file_i/shift_right_result126_out
    SLICE_X46Y193        LUT3 (Prop_lut3_I2_O)        0.124     7.717 r  u_soc_top/gen_cv32e40p_core.u_core/core_i/id_stage_i/register_file_i/BReg_DP[19]_i_9/O
                         net (fo=3, routed)           0.836     8.553    u_soc_top/gen_cv32e40p_core.u_core/core_i/id_stage_i/register_file_i/ex_stage_i/alu_i/shift_op_a_32[43]
    SLICE_X47Y193        LUT6 (Prop_lut6_I0_O)        0.124     8.677 r  u_soc_top/gen_cv32e40p_core.u_core/core_i/id_stage_i/register_file_i/BReg_DP[19]_i_7/O
                         net (fo=4, routed)           1.007     9.683    u_soc_top/gen_cv32e40p_core.u_core/core_i/id_stage_i/register_file_i/BReg_DP[19]_i_7_n_0
    SLICE_X48Y195        LUT6 (Prop_lut6_I1_O)        0.124     9.807 r  u_soc_top/gen_cv32e40p_core.u_core/core_i/id_stage_i/register_file_i/BReg_DP[15]_i_4/O
                         net (fo=4, routed)           0.608    10.416    u_soc_top/gen_cv32e40p_core.u_core/core_i/id_stage_i/register_file_i/alu_clpx_shift_ex_o_reg[1]_11
    SLICE_X47Y195        LUT3 (Prop_lut3_I0_O)        0.124    10.540 r  u_soc_top/gen_cv32e40p_core.u_core/core_i/id_stage_i/register_file_i/i___91__15_i_38/O
                         net (fo=2, routed)           0.588    11.127    u_soc_top/gen_cv32e40p_core.u_core/core_i/id_stage_i/register_file_i/i___91__15_i_38_n_0
    SLICE_X49Y194        LUT5 (Prop_lut5_I4_O)        0.124    11.251 r  u_soc_top/gen_cv32e40p_core.u_core/core_i/id_stage_i/register_file_i/i___91__15_i_30/O
                         net (fo=6, routed)           0.612    11.864    u_soc_top/gen_cv32e40p_core.u_core/core_i/id_stage_i/register_file_i/ex_stage_i/alu_i/radix_2_rev[15]
    SLICE_X49Y195        LUT6 (Prop_lut6_I5_O)        0.124    11.988 r  u_soc_top/gen_cv32e40p_core.u_core/core_i/id_stage_i/register_file_i/i___28_i_99/O
                         net (fo=1, routed)           0.000    11.988    u_soc_top/gen_cv32e40p_core.u_core/core_i/id_stage_i/register_file_i/i___28_i_99_n_0
    SLICE_X49Y195        MUXF7 (Prop_muxf7_I0_O)      0.212    12.200 r  u_soc_top/gen_cv32e40p_core.u_core/core_i/id_stage_i/register_file_i/i___28_i_93/O
                         net (fo=1, routed)           0.576    12.775    u_soc_top/gen_cv32e40p_core.u_core/core_i/id_stage_i/register_file_i/i___28_i_93_n_0
    SLICE_X50Y193        LUT6 (Prop_lut6_I2_O)        0.299    13.074 r  u_soc_top/gen_cv32e40p_core.u_core/core_i/id_stage_i/register_file_i/i___28_i_86/O
                         net (fo=60, routed)          0.813    13.887    u_soc_top/gen_cv32e40p_core.u_core/core_i/id_stage_i/register_file_i/ex_stage_i/alu_i/extract_sign
    SLICE_X52Y187        LUT6 (Prop_lut6_I5_O)        0.124    14.011 r  u_soc_top/gen_cv32e40p_core.u_core/core_i/id_stage_i/register_file_i/i___91__21_i_39/O
                         net (fo=1, routed)           0.492    14.504    u_soc_top/gen_cv32e40p_core.u_core/core_i/id_stage_i/register_file_i/i___91__21_i_39_n_0
    SLICE_X52Y186        LUT6 (Prop_lut6_I5_O)        0.124    14.628 r  u_soc_top/gen_cv32e40p_core.u_core/core_i/id_stage_i/register_file_i/i___91__21_i_33/O
                         net (fo=1, routed)           0.298    14.926    u_soc_top/gen_cv32e40p_core.u_core/core_i/id_stage_i/register_file_i/ex_stage_i/alu_i/bextins_result[11]
    SLICE_X54Y186        LUT6 (Prop_lut6_I5_O)        0.124    15.050 r  u_soc_top/gen_cv32e40p_core.u_core/core_i/id_stage_i/register_file_i/i___91__21_i_26/O
                         net (fo=1, routed)           0.000    15.050    u_soc_top/gen_cv32e40p_core.u_core/core_i/id_stage_i/register_file_i/i___91__21_i_26_n_0
    SLICE_X54Y186        MUXF7 (Prop_muxf7_I1_O)      0.214    15.264 r  u_soc_top/gen_cv32e40p_core.u_core/core_i/id_stage_i/register_file_i/i___91__21_i_20/O
                         net (fo=1, routed)           0.296    15.559    u_soc_top/gen_cv32e40p_core.u_core/core_i/id_stage_i/register_file_i/i___91__21_i_20_n_0
    SLICE_X55Y184        LUT6 (Prop_lut6_I5_O)        0.297    15.856 r  u_soc_top/gen_cv32e40p_core.u_core/core_i/id_stage_i/register_file_i/i___91__21_i_8/O
                         net (fo=1, routed)           0.306    16.163    u_soc_top/gen_cv32e40p_core.u_core/core_i/id_stage_i/gen_hwloop_regs.hwloop_regs_i/alu_result[11]
    SLICE_X54Y182        LUT6 (Prop_lut6_I3_O)        0.124    16.287 r  u_soc_top/gen_cv32e40p_core.u_core/core_i/id_stage_i/gen_hwloop_regs.hwloop_regs_i/i___91__21_i_3/O
                         net (fo=36, routed)          0.690    16.977    u_soc_top/gen_cv32e40p_core.u_core/core_i/id_stage_i/gen_hwloop_regs.hwloop_regs_i/csr_access_ex_o_reg_22
    SLICE_X56Y178        LUT6 (Prop_lut6_I1_O)        0.124    17.101 r  u_soc_top/gen_cv32e40p_core.u_core/core_i/id_stage_i/gen_hwloop_regs.hwloop_regs_i/alu_operand_b_ex_o[27]_i_7/O
                         net (fo=1, routed)           0.793    17.893    u_soc_top/gen_cv32e40p_core.u_core/core_i/if_stage_i/mult_operand_b_ex_o_reg[27]_1
    SLICE_X53Y178        LUT6 (Prop_lut6_I2_O)        0.124    18.017 r  u_soc_top/gen_cv32e40p_core.u_core/core_i/if_stage_i/alu_operand_b_ex_o[27]_i_3/O
                         net (fo=3, routed)           0.827    18.844    u_soc_top/gen_cv32e40p_core.u_core/core_i/if_stage_i/alu_operand_b_ex_o[27]_i_3_n_0
    SLICE_X52Y184        LUT5 (Prop_lut5_I0_O)        0.124    18.968 r  u_soc_top/gen_cv32e40p_core.u_core/core_i/if_stage_i/alu_operand_b_ex_o[11]_i_1/O
                         net (fo=1, routed)           0.000    18.968    u_soc_top/gen_cv32e40p_core.u_core/core_i/id_stage_i/alu_operand_b_ex_o_reg[31]_2[10]
    SLICE_X52Y184        FDCE                                         r  u_soc_top/gen_cv32e40p_core.u_core/core_i/id_stage_i/alu_operand_b_ex_o_reg[11]/D
  -------------------------------------------------------------------    -------------------

                         (clock clk_50m_unbuf rise edge)
                                                     20.000    20.000 r  
    E3                                                0.000    20.000 r  clk_100m_i (IN)
                         net (fo=0)                   0.000    20.000    clk_100m_i
    E3                   IBUF (Prop_ibuf_I_O)         1.411    21.411 r  clk_100m_i_IBUF_inst/O
                         net (fo=1, routed)           1.162    22.573    clk_100m_i_IBUF
    MMCME2_ADV_X1Y2      MMCME2_ADV (Prop_mmcme2_adv_CLKIN1_CLKOUT0)
                                                     -7.324    15.249 r  u_mmcm/CLKOUT0
                         net (fo=1, routed)           1.639    16.888    clk_50m_unbuf
    BUFGCTRL_X0Y16       BUFG (Prop_bufg_I_O)         0.091    16.979 r  u_bufg_clk50/O
                         net (fo=7022, routed)        1.656    18.636    u_soc_top/gen_cv32e40p_core.u_core/core_i/id_stage_i/clk_50m
    SLICE_X52Y184        FDCE                                         r  u_soc_top/gen_cv32e40p_core.u_core/core_i/id_stage_i/alu_operand_b_ex_o_reg[11]/C
                         clock pessimism              0.497    19.133    
                         clock uncertainty           -0.089    19.044    
    SLICE_X52Y184        FDCE (Setup_fdce_C_D)        0.029    19.073    u_soc_top/gen_cv32e40p_core.u_core/core_i/id_stage_i/alu_operand_b_ex_o_reg[11]
  -------------------------------------------------------------------
                         required time                         19.073    
                         arrival time                         -18.968    
  -------------------------------------------------------------------
                         slack                                  0.105    

Slack (MET) :             0.113ns  (required time - arrival time)
  Source:                 u_soc_top/gen_cv32e40p_core.u_core/core_i/id_stage_i/alu_operator_ex_o_reg[5]/C
                            (rising edge-triggered cell FDCE clocked by clk_50m_unbuf  {rise@0.000ns fall@10.000ns period=20.000ns})
  Destination:            u_soc_top/gen_cv32e40p_core.u_core/core_i/id_stage_i/mult_dot_op_b_ex_o_reg[8]/D
                            (rising edge-triggered cell FDCE clocked by clk_50m_unbuf  {rise@0.000ns fall@10.000ns period=20.000ns})
  Path Group:             clk_50m_unbuf
  Path Type:              Setup (Max at Slow Process Corner)
  Requirement:            20.000ns  (clk_50m_unbuf rise@20.000ns - clk_50m_unbuf rise@0.000ns)
  Data Path Delay:        19.633ns  (logic 6.284ns (32.008%)  route 13.349ns (67.992%))
  Logic Levels:           30  (CARRY4=9 LUT3=3 LUT5=2 LUT6=14 MUXF7=2)
  Clock Path Skew:        -0.125ns (DCD - SCD + CPR)
    Destination Clock Delay (DCD):    -1.368ns = ( 18.632 - 20.000 ) 
    Source Clock Delay      (SCD):    -0.746ns
    Clock Pessimism Removal (CPR):    0.497ns
  Clock Uncertainty:      0.089ns  ((TSJ^2 + DJ^2)^1/2) / 2 + PE
    Total System Jitter     (TSJ):    0.071ns
    Discrete Jitter          (DJ):    0.163ns
    Phase Error              (PE):    0.000ns

    Location             Delay type                Incr(ns)  Path(ns)    Netlist Resource(s)
  -------------------------------------------------------------------    -------------------
                         (clock clk_50m_unbuf rise edge)
                                                      0.000     0.000 r  
    E3                                                0.000     0.000 r  clk_100m_i (IN)
                         net (fo=0)                   0.000     0.000    clk_100m_i
    E3                   IBUF (Prop_ibuf_I_O)         1.482     1.482 r  clk_100m_i_IBUF_inst/O
                         net (fo=1, routed)           1.233     2.715    clk_100m_i_IBUF
    MMCME2_ADV_X1Y2      MMCME2_ADV (Prop_mmcme2_adv_CLKIN1_CLKOUT0)
                                                     -7.070    -4.355 r  u_mmcm/CLKOUT0
                         net (fo=1, routed)           1.719    -2.636    clk_50m_unbuf
    BUFGCTRL_X0Y16       BUFG (Prop_bufg_I_O)         0.096    -2.540 r  u_bufg_clk50/O
                         net (fo=7022, routed)        1.794    -0.746    u_soc_top/gen_cv32e40p_core.u_core/core_i/id_stage_i/clk_50m
    SLICE_X50Y185        FDCE                                         r  u_soc_top/gen_cv32e40p_core.u_core/core_i/id_stage_i/alu_operator_ex_o_reg[5]/C
  -------------------------------------------------------------------    -------------------
    SLICE_X50Y185        FDCE (Prop_fdce_C_Q)         0.518    -0.228 r  u_soc_top/gen_cv32e40p_core.u_core/core_i/id_stage_i/alu_operator_ex_o_reg[5]/Q
                         net (fo=59, routed)          0.503     0.275    u_soc_top/gen_cv32e40p_core.u_core/core_i/id_stage_i/register_file_i/i___147_i_34_0[5]
    SLICE_X51Y185        LUT3 (Prop_lut3_I0_O)        0.124     0.399 r  u_soc_top/gen_cv32e40p_core.u_core/core_i/id_stage_i/register_file_i/i___160_i_5/O
                         net (fo=96, routed)          0.905     1.304    u_soc_top/gen_cv32e40p_core.u_core/core_i/id_stage_i/register_file_i/i___160_i_5_n_0
    SLICE_X50Y184        LUT6 (Prop_lut6_I0_O)        0.124     1.428 r  u_soc_top/gen_cv32e40p_core.u_core/core_i/id_stage_i/register_file_i/BReg_DP[31]_i_128/O
                         net (fo=1, routed)           0.819     2.247    u_soc_top/gen_cv32e40p_core.u_core/core_i/id_stage_i/register_file_i/BReg_DP[31]_i_128_n_0
    SLICE_X49Y184        LUT6 (Prop_lut6_I5_O)        0.124     2.371 r  u_soc_top/gen_cv32e40p_core.u_core/core_i/id_stage_i/register_file_i/BReg_DP[31]_i_111/O
                         net (fo=2, routed)           0.465     2.836    u_soc_top/gen_cv32e40p_core.u_core/core_i/id_stage_i/register_file_i/ex_stage_i/alu_i/adder_op_a[0]
    SLICE_X48Y184        LUT5 (Prop_lut5_I0_O)        0.124     2.960 r  u_soc_top/gen_cv32e40p_core.u_core/core_i/id_stage_i/register_file_i/BReg_DP[31]_i_115/O
                         net (fo=1, routed)           0.000     2.960    u_soc_top/gen_cv32e40p_core.u_core/core_i/id_stage_i/register_file_i/BReg_DP[31]_i_115_n_0
    SLICE_X48Y184        CARRY4 (Prop_carry4_S[0]_CO[3])
                                                      0.532     3.492 r  u_soc_top/gen_cv32e40p_core.u_core/core_i/id_stage_i/register_file_i/BReg_DP_reg[31]_i_89/CO[3]
                         net (fo=1, routed)           0.000     3.492    u_soc_top/gen_cv32e40p_core.u_core/core_i/id_stage_i/register_file_i/BReg_DP_reg[31]_i_89_n_0
    SLICE_X48Y185        CARRY4 (Prop_carry4_CI_CO[3])
                                                      0.114     3.606 r  u_soc_top/gen_cv32e40p_core.u_core/core_i/id_stage_i/register_file_i/BReg_DP_reg[24]_i_12/CO[3]
                         net (fo=1, routed)           0.000     3.606    u_soc_top/gen_cv32e40p_core.u_core/core_i/id_stage_i/register_file_i/BReg_DP_reg[24]_i_12_n_0
    SLICE_X48Y186        CARRY4 (Prop_carry4_CI_O[1])
                                                      0.334     3.940 r  u_soc_top/gen_cv32e40p_core.u_core/core_i/id_stage_i/register_file_i/BReg_DP_reg[31]_i_98/O[1]
                         net (fo=3, routed)           0.950     4.890    u_soc_top/gen_cv32e40p_core.u_core/core_i/id_stage_i/register_file_i/ex_stage_i/alu_i/data0[8]
    SLICE_X49Y187        CARRY4 (Prop_carry4_DI[0]_CO[3])
                                                      0.705     5.595 r  u_soc_top/gen_cv32e40p_core.u_core/core_i/id_stage_i/register_file_i/BReg_DP_reg[31]_i_83/CO[3]
                         net (fo=1, routed)           0.000     5.595    u_soc_top/gen_cv32e40p_core.u_core/core_i/id_stage_i/register_file_i/BReg_DP_reg[31]_i_83_n_0
    SLICE_X49Y188        CARRY4 (Prop_carry4_CI_CO[3])
                                                      0.114     5.709 r  u_soc_top/gen_cv32e40p_core.u_core/core_i/id_stage_i/register_file_i/BReg_DP_reg[16]_i_11/CO[3]
                         net (fo=1, routed)           0.000     5.709    u_soc_top/gen_cv32e40p_core.u_core/core_i/id_stage_i/register_file_i/BReg_DP_reg[16]_i_11_n_0
    SLICE_X49Y189        CARRY4 (Prop_carry4_CI_CO[3])
                                                      0.114     5.823 r  u_soc_top/gen_cv32e40p_core.u_core/core_i/id_stage_i/register_file_i/BReg_DP_reg[31]_i_84/CO[3]
                         net (fo=1, routed)           0.000     5.823    u_soc_top/gen_cv32e40p_core.u_core/core_i/id_stage_i/register_file_i/BReg_DP_reg[31]_i_84_n_0
    SLICE_X49Y190        CARRY4 (Prop_carry4_CI_CO[3])
                                                      0.114     5.937 r  u_soc_top/gen_cv32e40p_core.u_core/core_i/id_stage_i/register_file_i/BReg_DP_reg[8]_i_8/CO[3]
                         net (fo=1, routed)           0.000     5.937    u_soc_top/gen_cv32e40p_core.u_core/core_i/id_stage_i/register_file_i/BReg_DP_reg[8]_i_8_n_0
    SLICE_X49Y191        CARRY4 (Prop_carry4_CI_CO[3])
                                                      0.114     6.051 r  u_soc_top/gen_cv32e40p_core.u_core/core_i/id_stage_i/register_file_i/BReg_DP_reg[31]_i_82/CO[3]
                         net (fo=1, routed)           0.000     6.051    u_soc_top/gen_cv32e40p_core.u_core/core_i/id_stage_i/register_file_i/BReg_DP_reg[31]_i_82_n_0
    SLICE_X49Y192        CARRY4 (Prop_carry4_CI_O[3])
                                                      0.313     6.364 r  u_soc_top/gen_cv32e40p_core.u_core/core_i/id_stage_i/register_file_i/BReg_DP_reg[0]_i_8/O[3]
                         net (fo=2, routed)           0.303     6.667    u_soc_top/gen_cv32e40p_core.u_core/core_i/id_stage_i/register_file_i/ex_stage_i/alu_i/adder_round_result[31]
    SLICE_X47Y192        LUT6 (Prop_lut6_I2_O)        0.306     6.973 r  u_soc_top/gen_cv32e40p_core.u_core/core_i/id_stage_i/register_file_i/BReg_DP[0]_i_6/O
                         net (fo=61, routed)          0.620     7.593    u_soc_top/gen_cv32e40p_core.u_core/core_i/id_stage_i/register_file_i/shift_right_result126_out
    SLICE_X46Y193        LUT3 (Prop_lut3_I2_O)        0.124     7.717 r  u_soc_top/gen_cv32e40p_core.u_core/core_i/id_stage_i/register_file_i/BReg_DP[19]_i_9/O
                         net (fo=3, routed)           0.836     8.553    u_soc_top/gen_cv32e40p_core.u_core/core_i/id_stage_i/register_file_i/ex_stage_i/alu_i/shift_op_a_32[43]
    SLICE_X47Y193        LUT6 (Prop_lut6_I0_O)        0.124     8.677 r  u_soc_top/gen_cv32e40p_core.u_core/core_i/id_stage_i/register_file_i/BReg_DP[19]_i_7/O
                         net (fo=4, routed)           1.007     9.683    u_soc_top/gen_cv32e40p_core.u_core/core_i/id_stage_i/register_file_i/BReg_DP[19]_i_7_n_0
    SLICE_X48Y195        LUT6 (Prop_lut6_I1_O)        0.124     9.807 r  u_soc_top/gen_cv32e40p_core.u_core/core_i/id_stage_i/register_file_i/BReg_DP[15]_i_4/O
                         net (fo=4, routed)           0.608    10.416    u_soc_top/gen_cv32e40p_core.u_core/core_i/id_stage_i/register_file_i/alu_clpx_shift_ex_o_reg[1]_11
    SLICE_X47Y195        LUT3 (Prop_lut3_I0_O)        0.124    10.540 r  u_soc_top/gen_cv32e40p_core.u_core/core_i/id_stage_i/register_file_i/i___91__15_i_38/O
                         net (fo=2, routed)           0.588    11.127    u_soc_top/gen_cv32e40p_core.u_core/core_i/id_stage_i/register_file_i/i___91__15_i_38_n_0
    SLICE_X49Y194        LUT5 (Prop_lut5_I4_O)        0.124    11.251 r  u_soc_top/gen_cv32e40p_core.u_core/core_i/id_stage_i/register_file_i/i___91__15_i_30/O
                         net (fo=6, routed)           0.612    11.864    u_soc_top/gen_cv32e40p_core.u_core/core_i/id_stage_i/register_file_i/ex_stage_i/alu_i/radix_2_rev[15]
    SLICE_X49Y195        LUT6 (Prop_lut6_I5_O)        0.124    11.988 r  u_soc_top/gen_cv32e40p_core.u_core/core_i/id_stage_i/register_file_i/i___28_i_99/O
                         net (fo=1, routed)           0.000    11.988    u_soc_top/gen_cv32e40p_core.u_core/core_i/id_stage_i/register_file_i/i___28_i_99_n_0
    SLICE_X49Y195        MUXF7 (Prop_muxf7_I0_O)      0.212    12.200 r  u_soc_top/gen_cv32e40p_core.u_core/core_i/id_stage_i/register_file_i/i___28_i_93/O
                         net (fo=1, routed)           0.576    12.775    u_soc_top/gen_cv32e40p_core.u_core/core_i/id_stage_i/register_file_i/i___28_i_93_n_0
    SLICE_X50Y193        LUT6 (Prop_lut6_I2_O)        0.299    13.074 r  u_soc_top/gen_cv32e40p_core.u_core/core_i/id_stage_i/register_file_i/i___28_i_86/O
                         net (fo=60, routed)          1.065    14.139    u_soc_top/gen_cv32e40p_core.u_core/core_i/id_stage_i/register_file_i/ex_stage_i/alu_i/extract_sign
    SLICE_X55Y186        LUT6 (Prop_lut6_I4_O)        0.124    14.263 r  u_soc_top/gen_cv32e40p_core.u_core/core_i/id_stage_i/register_file_i/i___28_i_75_comp/O
                         net (fo=1, routed)           0.470    14.733    u_soc_top/gen_cv32e40p_core.u_core/core_i/id_stage_i/register_file_i/ex_stage_i/alu_i/bextins_result[0]
    SLICE_X59Y185        LUT6 (Prop_lut6_I5_O)        0.124    14.857 r  u_soc_top/gen_cv32e40p_core.u_core/core_i/id_stage_i/register_file_i/i___28_i_56/O
                         net (fo=1, routed)           0.442    15.299    u_soc_top/gen_cv32e40p_core.u_core/core_i/id_stage_i/register_file_i/i___28_i_56_n_0
    SLICE_X59Y183        LUT6 (Prop_lut6_I3_O)        0.124    15.423 r  u_soc_top/gen_cv32e40p_core.u_core/core_i/id_stage_i/register_file_i/i___28_i_28/O
                         net (fo=1, routed)           0.000    15.423    u_soc_top/gen_cv32e40p_core.u_core/core_i/id_stage_i/register_file_i/i___28_i_28_n_0
    SLICE_X59Y183        MUXF7 (Prop_muxf7_I0_O)      0.212    15.635 r  u_soc_top/gen_cv32e40p_core.u_core/core_i/id_stage_i/register_file_i/i___28_i_11/O
                         net (fo=1, routed)           0.296    15.931    u_soc_top/gen_cv32e40p_core.u_core/core_i/id_stage_i/gen_hwloop_regs.hwloop_regs_i/alu_result[0]
    SLICE_X59Y182        LUT6 (Prop_lut6_I3_O)        0.299    16.230 r  u_soc_top/gen_cv32e40p_core.u_core/core_i/id_stage_i/gen_hwloop_regs.hwloop_regs_i/i___28_i_3/O
                         net (fo=36, routed)          0.362    16.592    u_soc_top/gen_cv32e40p_core.u_core/core_i/id_stage_i/register_file_i/alu_operand_a_ex_o_reg[0]_4
    SLICE_X59Y183        LUT6 (Prop_lut6_I4_O)        0.124    16.716 r  u_soc_top/gen_cv32e40p_core.u_core/core_i/id_stage_i/register_file_i/alu_operand_c_ex_o[0]_i_2/O
                         net (fo=5, routed)           0.696    17.412    u_soc_top/gen_cv32e40p_core.u_core/core_i/if_stage_i/mult_dot_op_b_ex_o_reg[0]_1
    SLICE_X58Y183        LUT6 (Prop_lut6_I4_O)        0.124    17.536 r  u_soc_top/gen_cv32e40p_core.u_core/core_i/if_stage_i/mult_operand_b_ex_o[0]_i_1/O
                         net (fo=9, routed)           0.629    18.164    u_soc_top/gen_cv32e40p_core.u_core/core_i/if_stage_i/operand_b[0]
    SLICE_X57Y181        LUT6 (Prop_lut6_I1_O)        0.124    18.288 r  u_soc_top/gen_cv32e40p_core.u_core/core_i/if_stage_i/mult_operand_b_ex_o[8]_i_1/O
                         net (fo=2, routed)           0.599    18.887    u_soc_top/gen_cv32e40p_core.u_core/core_i/id_stage_i/mult_operand_b_ex_o_reg[31]_1[0]
    SLICE_X57Y180        FDCE                                         r  u_soc_top/gen_cv32e40p_core.u_core/core_i/id_stage_i/mult_dot_op_b_ex_o_reg[8]/D
  -------------------------------------------------------------------    -------------------

                         (clock clk_50m_unbuf rise edge)
                                                     20.000    20.000 r  
    E3                                                0.000    20.000 r  clk_100m_i (IN)
                         net (fo=0)                   0.000    20.000    clk_100m_i
    E3                   IBUF (Prop_ibuf_I_O)         1.411    21.411 r  clk_100m_i_IBUF_inst/O
                         net (fo=1, routed)           1.162    22.573    clk_100m_i_IBUF
    MMCME2_ADV_X1Y2      MMCME2_ADV (Prop_mmcme2_adv_CLKIN1_CLKOUT0)
                                                     -7.324    15.249 r  u_mmcm/CLKOUT0
                         net (fo=1, routed)           1.639    16.888    clk_50m_unbuf
    BUFGCTRL_X0Y16       BUFG (Prop_bufg_I_O)         0.091    16.979 r  u_bufg_clk50/O
                         net (fo=7022, routed)        1.652    18.632    u_soc_top/gen_cv32e40p_core.u_core/core_i/id_stage_i/clk_50m
    SLICE_X57Y180        FDCE                                         r  u_soc_top/gen_cv32e40p_core.u_core/core_i/id_stage_i/mult_dot_op_b_ex_o_reg[8]/C
                         clock pessimism              0.497    19.129    
                         clock uncertainty           -0.089    19.040    
    SLICE_X57Y180        FDCE (Setup_fdce_C_D)       -0.040    19.000    u_soc_top/gen_cv32e40p_core.u_core/core_i/id_stage_i/mult_dot_op_b_ex_o_reg[8]
  -------------------------------------------------------------------
                         required time                         19.000    
                         arrival time                         -18.887    
  -------------------------------------------------------------------
                         slack                                  0.113    




