Copyright 1986-2022 Xilinx, Inc. All Rights Reserved. Copyright 2022-2023 Advanced Micro Devices, Inc. All Rights Reserved.
----------------------------------------------------------------------------------------------------------------------------------------------------
| Tool Version : Vivado v.2023.2 (win64) Build 4029153 Fri Oct 13 20:14:34 MDT 2023
| Date         : Tue Oct  6 16:45:41 2026
| Host         : DESKTOP-5BKHJFE running 64-bit major release  (build 9200)
| Command      : report_timing -delay_type max -max_paths 20 -file E:/ResearchOnWork/RISC_V_CORE/Synthesis/fpga/ecg_artix7/reports/timing_setup.rpt
| Design       : ecg_arty_top
| Device       : 7a100t-csg324
| Speed File   : -1  PRODUCTION 1.23 2018-06-13
| Design State : Routed
----------------------------------------------------------------------------------------------------------------------------------------------------

Timing Report

Slack (VIOLATED) :        -0.815ns  (required time - arrival time)
  Source:                 u_soc_top/gen_cv32e40p_core.u_core/core_i/id_stage_i/alu_operator_ex_o_reg[5]/C
                            (rising edge-triggered cell FDCE clocked by clk_50m_unbuf  {rise@0.000ns fall@10.000ns period=20.000ns})
  Destination:            u_soc_top/gen_cv32e40p_core.u_core/core_i/id_stage_i/mult_operand_b_ex_o_reg[26]/D
                            (rising edge-triggered cell FDCE clocked by clk_50m_unbuf  {rise@0.000ns fall@10.000ns period=20.000ns})
  Path Group:             clk_50m_unbuf
  Path Type:              Setup (Max at Slow Process Corner)
  Requirement:            20.000ns  (clk_50m_unbuf rise@20.000ns - clk_50m_unbuf rise@0.000ns)
  Data Path Delay:        20.576ns  (logic 5.753ns (27.960%)  route 14.823ns (72.040%))
  Logic Levels:           27  (CARRY4=5 LUT3=2 LUT5=4 LUT6=14 MUXF7=2)
  Clock Path Skew:        -0.105ns (DCD - SCD + CPR)
    Destination Clock Delay (DCD):    -1.526ns = ( 18.474 - 20.000 ) 
    Source Clock Delay      (SCD):    -0.932ns
    Clock Pessimism Removal (CPR):    0.488ns
  Clock Uncertainty:      0.089ns  ((TSJ^2 + DJ^2)^1/2) / 2 + PE
    Total System Jitter     (TSJ):    0.071ns
    Discrete Jitter          (DJ):    0.163ns
    Phase Error              (PE):    0.000ns

    Location             Delay type                Incr(ns)  Path(ns)    Netlist Resource(s)
  -------------------------------------------------------------------    -------------------
                         (clock clk_50m_unbuf rise edge)
                                                      0.000     0.000 r  
    E3                                                0.000     0.000 r  clk_100m_i (IN)
                         net (fo=0)                   0.000     0.000    clk_100m_i
    E3                   IBUF (Prop_ibuf_I_O)         1.482     1.482 r  clk_100m_i_IBUF_inst/O
                         net (fo=1, routed)           1.233     2.715    clk_100m_i_IBUF
    MMCME2_ADV_X1Y2      MMCME2_ADV (Prop_mmcme2_adv_CLKIN1_CLKOUT0)
                                                     -7.070    -4.355 r  u_mmcm/CLKOUT0
                         net (fo=1, routed)           1.719    -2.636    clk_50m_unbuf
    BUFGCTRL_X0Y16       BUFG (Prop_bufg_I_O)         0.096    -2.540 r  u_bufg_clk50/O
                         net (fo=7170, routed)        1.608    -0.932    u_soc_top/gen_cv32e40p_core.u_core/core_i/id_stage_i/clk_50m
    SLICE_X53Y142        FDCE                                         r  u_soc_top/gen_cv32e40p_core.u_core/core_i/id_stage_i/alu_operator_ex_o_reg[5]/C
  -------------------------------------------------------------------    -------------------
    SLICE_X53Y142        FDCE (Prop_fdce_C_Q)         0.456    -0.476 r  u_soc_top/gen_cv32e40p_core.u_core/core_i/id_stage_i/alu_operator_ex_o_reg[5]/Q
                         net (fo=59, routed)          0.670     0.194    u_soc_top/gen_cv32e40p_core.u_core/core_i/id_stage_i/register_file_i/i___147_i_34_0[5]
    SLICE_X55Y142        LUT3 (Prop_lut3_I0_O)        0.124     0.318 r  u_soc_top/gen_cv32e40p_core.u_core/core_i/id_stage_i/register_file_i/i___160_i_5/O
                         net (fo=96, routed)          1.370     1.688    u_soc_top/gen_cv32e40p_core.u_core/core_i/id_stage_i/register_file_i/i___160_i_5_n_0
    SLICE_X56Y145        LUT6 (Prop_lut6_I0_O)        0.124     1.812 r  u_soc_top/gen_cv32e40p_core.u_core/core_i/id_stage_i/register_file_i/i___91__10_i_53/O
                         net (fo=1, routed)           0.426     2.238    u_soc_top/gen_cv32e40p_core.u_core/core_i/id_stage_i/register_file_i/i___91__10_i_53_n_0
    SLICE_X56Y146        LUT6 (Prop_lut6_I5_O)        0.124     2.362 r  u_soc_top/gen_cv32e40p_core.u_core/core_i/id_stage_i/register_file_i/i___91__10_i_40/O
                         net (fo=2, routed)           0.692     3.054    u_soc_top/gen_cv32e40p_core.u_core/core_i/id_stage_i/register_file_i/ex_stage_i/alu_i/adder_op_a[19]
    SLICE_X54Y147        LUT5 (Prop_lut5_I0_O)        0.124     3.178 r  u_soc_top/gen_cv32e40p_core.u_core/core_i/id_stage_i/register_file_i/i___91__10_i_44/O
                         net (fo=1, routed)           0.000     3.178    u_soc_top/gen_cv32e40p_core.u_core/core_i/id_stage_i/register_file_i/i___91__10_i_44_n_0
    SLICE_X54Y147        CARRY4 (Prop_carry4_S[1]_CO[3])
                                                      0.533     3.711 r  u_soc_top/gen_cv32e40p_core.u_core/core_i/id_stage_i/register_file_i/i___91__10_i_30/CO[3]
                         net (fo=1, routed)           0.000     3.711    u_soc_top/gen_cv32e40p_core.u_core/core_i/id_stage_i/register_file_i/i___91__10_i_30_n_0
    SLICE_X54Y148        CARRY4 (Prop_carry4_CI_CO[3])
                                                      0.117     3.828 r  u_soc_top/gen_cv32e40p_core.u_core/core_i/id_stage_i/register_file_i/i___91__7_i_30/CO[3]
                         net (fo=1, routed)           0.000     3.828    u_soc_top/gen_cv32e40p_core.u_core/core_i/id_stage_i/register_file_i/i___91__7_i_30_n_0
    SLICE_X54Y149        CARRY4 (Prop_carry4_CI_O[1])
                                                      0.323     4.151 r  u_soc_top/gen_cv32e40p_core.u_core/core_i/id_stage_i/register_file_i/i___91__3_i_31/O[1]
                         net (fo=4, routed)           0.744     4.894    u_soc_top/gen_cv32e40p_core.u_core/core_i/id_stage_i/register_file_i/ex_stage_i/alu_i/data0[26]
    SLICE_X55Y150        LUT5 (Prop_lut5_I3_O)        0.306     5.200 r  u_soc_top/gen_cv32e40p_core.u_core/core_i/id_stage_i/register_file_i/BReg_DP[31]_i_95/O
                         net (fo=1, routed)           0.000     5.200    u_soc_top/gen_cv32e40p_core.u_core/core_i/id_stage_i/register_file_i/BReg_DP[31]_i_95_n_0
    SLICE_X55Y150        CARRY4 (Prop_carry4_S[2]_CO[3])
                                                      0.398     5.598 r  u_soc_top/gen_cv32e40p_core.u_core/core_i/id_stage_i/register_file_i/BReg_DP_reg[31]_i_82/CO[3]
                         net (fo=1, routed)           0.000     5.598    u_soc_top/gen_cv32e40p_core.u_core/core_i/id_stage_i/register_file_i/BReg_DP_reg[31]_i_82_n_0
    SLICE_X55Y151        CARRY4 (Prop_carry4_CI_O[3])
                                                      0.313     5.911 r  u_soc_top/gen_cv32e40p_core.u_core/core_i/id_stage_i/register_file_i/BReg_DP_reg[0]_i_8/O[3]
                         net (fo=2, routed)           0.495     6.406    u_soc_top/gen_cv32e40p_core.u_core/core_i/id_stage_i/register_file_i/ex_stage_i/alu_i/adder_round_result[31]
    SLICE_X55Y152        LUT6 (Prop_lut6_I2_O)        0.306     6.712 r  u_soc_top/gen_cv32e40p_core.u_core/core_i/id_stage_i/register_file_i/BReg_DP[0]_i_6/O
                         net (fo=61, routed)          1.014     7.726    u_soc_top/gen_cv32e40p_core.u_core/core_i/id_stage_i/register_file_i/shift_right_result126_out
    SLICE_X55Y154        LUT3 (Prop_lut3_I2_O)        0.124     7.850 r  u_soc_top/gen_cv32e40p_core.u_core/core_i/id_stage_i/register_file_i/BReg_DP[16]_i_12/O
                         net (fo=3, routed)           0.616     8.466    u_soc_top/gen_cv32e40p_core.u_core/core_i/id_stage_i/register_file_i/ex_stage_i/alu_i/shift_op_a_32[46]
    SLICE_X59Y156        LUT6 (Prop_lut6_I0_O)        0.124     8.590 r  u_soc_top/gen_cv32e40p_core.u_core/core_i/id_stage_i/register_file_i/BReg_DP[16]_i_8/O
                         net (fo=4, routed)           0.984     9.574    u_soc_top/gen_cv32e40p_core.u_core/core_i/id_stage_i/register_file_i/BReg_DP[16]_i_8_n_0
    SLICE_X57Y157        LUT6 (Prop_lut6_I0_O)        0.124     9.698 r  u_soc_top/gen_cv32e40p_core.u_core/core_i/id_stage_i/register_file_i/BReg_DP[16]_i_4/O
                         net (fo=3, routed)           0.446    10.144    u_soc_top/gen_cv32e40p_core.u_core/core_i/id_stage_i/register_file_i/alu_clpx_shift_ex_o_reg[1]_12
    SLICE_X56Y157        LUT5 (Prop_lut5_I2_O)        0.124    10.268 r  u_soc_top/gen_cv32e40p_core.u_core/core_i/id_stage_i/register_file_i/BReg_DP[16]_i_2/O
                         net (fo=3, routed)           0.827    11.095    u_soc_top/gen_cv32e40p_core.u_core/core_i/id_stage_i/register_file_i/shift_left_result[2]
    SLICE_X58Y157        LUT5 (Prop_lut5_I0_O)        0.124    11.219 r  u_soc_top/gen_cv32e40p_core.u_core/core_i/id_stage_i/register_file_i/i___91__15_i_30/O
                         net (fo=6, routed)           1.090    12.310    u_soc_top/gen_cv32e40p_core.u_core/core_i/id_stage_i/register_file_i/ex_stage_i/alu_i/radix_2_rev[15]
    SLICE_X60Y150        LUT6 (Prop_lut6_I5_O)        0.124    12.434 r  u_soc_top/gen_cv32e40p_core.u_core/core_i/id_stage_i/register_file_i/i___28_i_99/O
                         net (fo=1, routed)           0.000    12.434    u_soc_top/gen_cv32e40p_core.u_core/core_i/id_stage_i/register_file_i/i___28_i_99_n_0
    SLICE_X60Y150        MUXF7 (Prop_muxf7_I0_O)      0.209    12.643 r  u_soc_top/gen_cv32e40p_core.u_core/core_i/id_stage_i/register_file_i/i___28_i_93/O
                         net (fo=1, routed)           0.586    13.229    u_soc_top/gen_cv32e40p_core.u_core/core_i/id_stage_i/register_file_i/i___28_i_93_n_0
    SLICE_X58Y150        LUT6 (Prop_lut6_I2_O)        0.297    13.526 r  u_soc_top/gen_cv32e40p_core.u_core/core_i/id_stage_i/register_file_i/i___28_i_86/O
                         net (fo=64, routed)          1.175    14.700    u_soc_top/gen_cv32e40p_core.u_core/core_i/id_stage_i/register_file_i/ex_stage_i/alu_i/extract_sign
    SLICE_X56Y146        LUT6 (Prop_lut6_I3_O)        0.124    14.824 r  u_soc_top/gen_cv32e40p_core.u_core/core_i/id_stage_i/register_file_i/i___91__5_i_34/O
                         net (fo=1, routed)           0.489    15.314    u_soc_top/gen_cv32e40p_core.u_core/core_i/id_stage_i/register_file_i/ex_stage_i/alu_i/bextins_result[26]
    SLICE_X50Y148        LUT6 (Prop_lut6_I5_O)        0.124    15.438 r  u_soc_top/gen_cv32e40p_core.u_core/core_i/id_stage_i/register_file_i/i___91__5_i_27/O
                         net (fo=1, routed)           0.000    15.438    u_soc_top/gen_cv32e40p_core.u_core/core_i/id_stage_i/register_file_i/i___91__5_i_27_n_0
    SLICE_X50Y148        MUXF7 (Prop_muxf7_I1_O)      0.214    15.652 r  u_soc_top/gen_cv32e40p_core.u_core/core_i/id_stage_i/register_file_i/i___91__5_i_20/O
                         net (fo=1, routed)           0.298    15.949    u_soc_top/gen_cv32e40p_core.u_core/core_i/id_stage_i/register_file_i/i___91__5_i_20_n_0
    SLICE_X51Y149        LUT6 (Prop_lut6_I5_O)        0.297    16.246 r  u_soc_top/gen_cv32e40p_core.u_core/core_i/id_stage_i/register_file_i/i___91__5_i_8/O
                         net (fo=1, routed)           0.423    16.669    u_soc_top/gen_cv32e40p_core.u_core/core_i/id_stage_i/gen_hwloop_regs.hwloop_regs_i/alu_result[20]
    SLICE_X50Y148        LUT6 (Prop_lut6_I3_O)        0.124    16.793 r  u_soc_top/gen_cv32e40p_core.u_core/core_i/id_stage_i/gen_hwloop_regs.hwloop_regs_i/i___91__5_i_3/O
                         net (fo=36, routed)          0.619    17.413    u_soc_top/gen_cv32e40p_core.u_core/core_i/id_stage_i/register_file_i/mult_operand_a_ex_o_reg[26]_0
    SLICE_X50Y146        LUT6 (Prop_lut6_I4_O)        0.124    17.537 r  u_soc_top/gen_cv32e40p_core.u_core/core_i/id_stage_i/register_file_i/i___49_i_1/O
                         net (fo=8, routed)           0.866    18.403    u_soc_top/gen_cv32e40p_core.u_core/core_i/if_stage_i/mult_operand_a_ex_o_reg[26]
    SLICE_X46Y139        LUT6 (Prop_lut6_I3_O)        0.124    18.527 r  u_soc_top/gen_cv32e40p_core.u_core/core_i/if_stage_i/mult_operand_b_ex_o[26]_i_3/O
                         net (fo=1, routed)           0.661    19.188    u_soc_top/gen_cv32e40p_core.u_core/core_i/if_stage_i/mult_operand_b_ex_o[26]_i_3_n_0
    SLICE_X46Y139        LUT6 (Prop_lut6_I5_O)        0.124    19.312 r  u_soc_top/gen_cv32e40p_core.u_core/core_i/if_stage_i/mult_operand_b_ex_o[26]_i_1/O
                         net (fo=2, routed)           0.332    19.644    u_soc_top/gen_cv32e40p_core.u_core/core_i/id_stage_i/mult_operand_b_ex_o_reg[31]_1[18]
    SLICE_X46Y140        FDCE                                         r  u_soc_top/gen_cv32e40p_core.u_core/core_i/id_stage_i/mult_operand_b_ex_o_reg[26]/D
  -------------------------------------------------------------------    -------------------

                         (clock clk_50m_unbuf rise edge)
                                                     20.000    20.000 r  
    E3                                                0.000    20.000 r  clk_100m_i (IN)
                         net (fo=0)                   0.000    20.000    clk_100m_i
    E3                   IBUF (Prop_ibuf_I_O)         1.411    21.411 r  clk_100m_i_IBUF_inst/O
                         net (fo=1, routed)           1.162    22.573    clk_100m_i_IBUF
    MMCME2_ADV_X1Y2      MMCME2_ADV (Prop_mmcme2_adv_CLKIN1_CLKOUT0)
                                                     -7.324    15.249 r  u_mmcm/CLKOUT0
                         net (fo=1, routed)           1.639    16.888    clk_50m_unbuf
    BUFGCTRL_X0Y16       BUFG (Prop_bufg_I_O)         0.091    16.979 r  u_bufg_clk50/O
                         net (fo=7170, routed)        1.495    18.474    u_soc_top/gen_cv32e40p_core.u_core/core_i/id_stage_i/clk_50m
    SLICE_X46Y140        FDCE                                         r  u_soc_top/gen_cv32e40p_core.u_core/core_i/id_stage_i/mult_operand_b_ex_o_reg[26]/C
                         clock pessimism              0.488    18.963    
                         clock uncertainty           -0.089    18.874    
    SLICE_X46Y140        FDCE (Setup_fdce_C_D)       -0.045    18.829    u_soc_top/gen_cv32e40p_core.u_core/core_i/id_stage_i/mult_operand_b_ex_o_reg[26]
  -------------------------------------------------------------------
                         required time                         18.829    
                         arrival time                         -19.644    
  -------------------------------------------------------------------
                         slack                                 -0.815    

Slack (VIOLATED) :        -0.780ns  (required time - arrival time)
  Source:                 u_soc_top/gen_cv32e40p_core.u_core/core_i/id_stage_i/alu_operator_ex_o_reg[5]/C
                            (rising edge-triggered cell FDCE clocked by clk_50m_unbuf  {rise@0.000ns fall@10.000ns period=20.000ns})
  Destination:            u_soc_top/gen_cv32e40p_core.u_core/core_i/id_stage_i/mult_operand_b_ex_o_reg[14]/D
                            (rising edge-triggered cell FDCE clocked by clk_50m_unbuf  {rise@0.000ns fall@10.000ns period=20.000ns})
  Path Group:             clk_50m_unbuf
  Path Type:              Setup (Max at Slow Process Corner)
  Requirement:            20.000ns  (clk_50m_unbuf rise@20.000ns - clk_50m_unbuf rise@0.000ns)
  Data Path Delay:        20.597ns  (logic 5.882ns (28.557%)  route 14.715ns (71.443%))
  Logic Levels:           28  (CARRY4=5 LUT3=2 LUT5=4 LUT6=15 MUXF7=2)
  Clock Path Skew:        -0.027ns (DCD - SCD + CPR)
    Destination Clock Delay (DCD):    -1.536ns = ( 18.464 - 20.000 ) 
    Source Clock Delay      (SCD):    -0.932ns
    Clock Pessimism Removal (CPR):    0.577ns
  Clock Uncertainty:      0.089ns  ((TSJ^2 + DJ^2)^1/2) / 2 + PE
    Total System Jitter     (TSJ):    0.071ns
    Discrete Jitter          (DJ):    0.163ns
    Phase Error              (PE):    0.000ns

    Location             Delay type                Incr(ns)  Path(ns)    Netlist Resource(s)
  -------------------------------------------------------------------    -------------------
                         (clock clk_50m_unbuf rise edge)
                                                      0.000     0.000 r  
    E3                                                0.000     0.000 r  clk_100m_i (IN)
                         net (fo=0)                   0.000     0.000    clk_100m_i
    E3                   IBUF (Prop_ibuf_I_O)         1.482     1.482 r  clk_100m_i_IBUF_inst/O
                         net (fo=1, routed)           1.233     2.715    clk_100m_i_IBUF
    MMCME2_ADV_X1Y2      MMCME2_ADV (Prop_mmcme2_adv_CLKIN1_CLKOUT0)
                                                     -7.070    -4.355 r  u_mmcm/CLKOUT0
                         net (fo=1, routed)           1.719    -2.636    clk_50m_unbuf
    BUFGCTRL_X0Y16       BUFG (Prop_bufg_I_O)         0.096    -2.540 r  u_bufg_clk50/O
                         net (fo=7170, routed)        1.608    -0.932    u_soc_top/gen_cv32e40p_core.u_core/core_i/id_stage_i/clk_50m
    SLICE_X53Y142        FDCE                                         r  u_soc_top/gen_cv32e40p_core.u_core/core_i/id_stage_i/alu_operator_ex_o_reg[5]/C
  -------------------------------------------------------------------    -------------------
    SLICE_X53Y142        FDCE (Prop_fdce_C_Q)         0.456    -0.476 r  u_soc_top/gen_cv32e40p_core.u_core/core_i/id_stage_i/alu_operator_ex_o_reg[5]/Q
                         net (fo=59, routed)          0.670     0.194    u_soc_top/gen_cv32e40p_core.u_core/core_i/id_stage_i/register_file_i/i___147_i_34_0[5]
    SLICE_X55Y142        LUT3 (Prop_lut3_I0_O)        0.124     0.318 r  u_soc_top/gen_cv32e40p_core.u_core/core_i/id_stage_i/register_file_i/i___160_i_5/O
                         net (fo=96, routed)          1.370     1.688    u_soc_top/gen_cv32e40p_core.u_core/core_i/id_stage_i/register_file_i/i___160_i_5_n_0
    SLICE_X56Y145        LUT6 (Prop_lut6_I0_O)        0.124     1.812 r  u_soc_top/gen_cv32e40p_core.u_core/core_i/id_stage_i/register_file_i/i___91__10_i_53/O
                         net (fo=1, routed)           0.426     2.238    u_soc_top/gen_cv32e40p_core.u_core/core_i/id_stage_i/register_file_i/i___91__10_i_53_n_0
    SLICE_X56Y146        LUT6 (Prop_lut6_I5_O)        0.124     2.362 r  u_soc_top/gen_cv32e40p_core.u_core/core_i/id_stage_i/register_file_i/i___91__10_i_40/O
                         net (fo=2, routed)           0.692     3.054    u_soc_top/gen_cv32e40p_core.u_core/core_i/id_stage_i/register_file_i/ex_stage_i/alu_i/adder_op_a[19]
    SLICE_X54Y147        LUT5 (Prop_lut5_I0_O)        0.124     3.178 r  u_soc_top/gen_cv32e40p_core.u_core/core_i/id_stage_i/register_file_i/i___91__10_i_44/O
                         net (fo=1, routed)           0.000     3.178    u_soc_top/gen_cv32e40p_core.u_core/core_i/id_stage_i/register_file_i/i___91__10_i_44_n_0
    SLICE_X54Y147        CARRY4 (Prop_carry4_S[1]_CO[3])
                                                      0.533     3.711 r  u_soc_top/gen_cv32e40p_core.u_core/core_i/id_stage_i/register_file_i/i___91__10_i_30/CO[3]
                         net (fo=1, routed)           0.000     3.711    u_soc_top/gen_cv32e40p_core.u_core/core_i/id_stage_i/register_file_i/i___91__10_i_30_n_0
    SLICE_X54Y148        CARRY4 (Prop_carry4_CI_CO[3])
                                                      0.117     3.828 r  u_soc_top/gen_cv32e40p_core.u_core/core_i/id_stage_i/register_file_i/i___91__7_i_30/CO[3]
                         net (fo=1, routed)           0.000     3.828    u_soc_top/gen_cv32e40p_core.u_core/core_i/id_stage_i/register_file_i/i___91__7_i_30_n_0
    SLICE_X54Y149        CARRY4 (Prop_carry4_CI_O[1])
                                                      0.323     4.151 r  u_soc_top/gen_cv32e40p_core.u_core/core_i/id_stage_i/register_file_i/i___91__3_i_31/O[1]
                         net (fo=4, routed)           0.744     4.894    u_soc_top/gen_cv32e40p_core.u_core/core_i/id_stage_i/register_file_i/ex_stage_i/alu_i/data0[26]
    SLICE_X55Y150        LUT5 (Prop_lut5_I3_O)        0.306     5.200 r  u_soc_top/gen_cv32e40p_core.u_core/core_i/id_stage_i/register_file_i/BReg_DP[31]_i_95/O
                         net (fo=1, routed)           0.000     5.200    u_soc_top/gen_cv32e40p_core.u_core/core_i/id_stage_i/register_file_i/BReg_DP[31]_i_95_n_0
    SLICE_X55Y150        CARRY4 (Prop_carry4_S[2]_CO[3])
                                                      0.398     5.598 r  u_soc_top/gen_cv32e40p_core.u_core/core_i/id_stage_i/register_file_i/BReg_DP_reg[31]_i_82/CO[3]
                         net (fo=1, routed)           0.000     5.598    u_soc_top/gen_cv32e40p_core.u_core/core_i/id_stage_i/register_file_i/BReg_DP_reg[31]_i_82_n_0
    SLICE_X55Y151        CARRY4 (Prop_carry4_CI_O[3])
                                                      0.313     5.911 r  u_soc_top/gen_cv32e40p_core.u_core/core_i/id_stage_i/register_file_i/BReg_DP_reg[0]_i_8/O[3]
                         net (fo=2, routed)           0.495     6.406    u_soc_top/gen_cv32e40p_core.u_core/core_i/id_stage_i/register_file_i/ex_stage_i/alu_i/adder_round_result[31]
    SLICE_X55Y152        LUT6 (Prop_lut6_I2_O)        0.306     6.712 r  u_soc_top/gen_cv32e40p_core.u_core/core_i/id_stage_i/register_file_i/BReg_DP[0]_i_6/O
                         net (fo=61, routed)          1.014     7.726    u_soc_top/gen_cv32e40p_core.u_core/core_i/id_stage_i/register_file_i/shift_right_result126_out
    SLICE_X55Y154        LUT3 (Prop_lut3_I2_O)        0.124     7.850 r  u_soc_top/gen_cv32e40p_core.u_core/core_i/id_stage_i/register_file_i/BReg_DP[16]_i_12/O
                         net (fo=3, routed)           0.616     8.466    u_soc_top/gen_cv32e40p_core.u_core/core_i/id_stage_i/register_file_i/ex_stage_i/alu_i/shift_op_a_32[46]
    SLICE_X59Y156        LUT6 (Prop_lut6_I0_O)        0.124     8.590 r  u_soc_top/gen_cv32e40p_core.u_core/core_i/id_stage_i/register_file_i/BReg_DP[16]_i_8/O
                         net (fo=4, routed)           0.984     9.574    u_soc_top/gen_cv32e40p_core.u_core/core_i/id_stage_i/register_file_i/BReg_DP[16]_i_8_n_0
    SLICE_X57Y157        LUT6 (Prop_lut6_I0_O)        0.124     9.698 r  u_soc_top/gen_cv32e40p_core.u_core/core_i/id_stage_i/register_file_i/BReg_DP[16]_i_4/O
                         net (fo=3, routed)           0.446    10.144    u_soc_top/gen_cv32e40p_core.u_core/core_i/id_stage_i/register_file_i/alu_clpx_shift_ex_o_reg[1]_12
    SLICE_X56Y157        LUT5 (Prop_lut5_I2_O)        0.124    10.268 r  u_soc_top/gen_cv32e40p_core.u_core/core_i/id_stage_i/register_file_i/BReg_DP[16]_i_2/O
                         net (fo=3, routed)           0.827    11.095    u_soc_top/gen_cv32e40p_core.u_core/core_i/id_stage_i/register_file_i/shift_left_result[2]
    SLICE_X58Y157        LUT5 (Prop_lut5_I0_O)        0.124    11.219 r  u_soc_top/gen_cv32e40p_core.u_core/core_i/id_stage_i/register_file_i/i___91__15_i_30/O
                         net (fo=6, routed)           1.090    12.310    u_soc_top/gen_cv32e40p_core.u_core/core_i/id_stage_i/register_file_i/ex_stage_i/alu_i/radix_2_rev[15]
    SLICE_X60Y150        LUT6 (Prop_lut6_I5_O)        0.124    12.434 r  u_soc_top/gen_cv32e40p_core.u_core/core_i/id_stage_i/register_file_i/i___28_i_99/O
                         net (fo=1, routed)           0.000    12.434    u_soc_top/gen_cv32e40p_core.u_core/core_i/id_stage_i/register_file_i/i___28_i_99_n_0
    SLICE_X60Y150        MUXF7 (Prop_muxf7_I0_O)      0.209    12.643 r  u_soc_top/gen_cv32e40p_core.u_core/core_i/id_stage_i/register_file_i/i___28_i_93/O
                         net (fo=1, routed)           0.586    13.229    u_soc_top/gen_cv32e40p_core.u_core/core_i/id_stage_i/register_file_i/i___28_i_93_n_0
    SLICE_X58Y150        LUT6 (Prop_lut6_I2_O)        0.297    13.526 r  u_soc_top/gen_cv32e40p_core.u_core/core_i/id_stage_i/register_file_i/i___28_i_86/O
                         net (fo=64, routed)          0.614    14.140    u_soc_top/gen_cv32e40p_core.u_core/core_i/id_stage_i/register_file_i/ex_stage_i/alu_i/extract_sign
    SLICE_X57Y148        LUT6 (Prop_lut6_I5_O)        0.124    14.264 r  u_soc_top/gen_cv32e40p_core.u_core/core_i/id_stage_i/register_file_i/i___91__17_i_39/O
                         net (fo=1, routed)           0.475    14.739    u_soc_top/gen_cv32e40p_core.u_core/core_i/id_stage_i/register_file_i/i___91__17_i_39_n_0
    SLICE_X51Y146        LUT6 (Prop_lut6_I5_O)        0.124    14.863 r  u_soc_top/gen_cv32e40p_core.u_core/core_i/id_stage_i/register_file_i/i___91__17_i_33/O
                         net (fo=1, routed)           0.320    15.182    u_soc_top/gen_cv32e40p_core.u_core/core_i/id_stage_i/register_file_i/ex_stage_i/alu_i/bextins_result[14]
    SLICE_X49Y145        LUT6 (Prop_lut6_I5_O)        0.124    15.306 r  u_soc_top/gen_cv32e40p_core.u_core/core_i/id_stage_i/register_file_i/i___91__17_i_26/O
                         net (fo=1, routed)           0.000    15.306    u_soc_top/gen_cv32e40p_core.u_core/core_i/id_stage_i/register_file_i/i___91__17_i_26_n_0
    SLICE_X49Y145        MUXF7 (Prop_muxf7_I1_O)      0.217    15.523 r  u_soc_top/gen_cv32e40p_core.u_core/core_i/id_stage_i/register_file_i/i___91__17_i_20/O
                         net (fo=1, routed)           0.454    15.977    u_soc_top/gen_cv32e40p_core.u_core/core_i/id_stage_i/register_file_i/i___91__17_i_20_n_0
    SLICE_X46Y145        LUT6 (Prop_lut6_I5_O)        0.299    16.276 r  u_soc_top/gen_cv32e40p_core.u_core/core_i/id_stage_i/register_file_i/i___91__17_i_8/O
                         net (fo=1, routed)           0.491    16.767    u_soc_top/gen_cv32e40p_core.u_core/core_i/id_stage_i/gen_hwloop_regs.hwloop_regs_i/alu_result[14]
    SLICE_X49Y139        LUT6 (Prop_lut6_I3_O)        0.124    16.891 r  u_soc_top/gen_cv32e40p_core.u_core/core_i/id_stage_i/gen_hwloop_regs.hwloop_regs_i/i___91__17_i_3/O
                         net (fo=37, routed)          0.541    17.432    u_soc_top/gen_cv32e40p_core.u_core/regfile_alu_wdata_fw[14]
    SLICE_X49Y138        LUT6 (Prop_lut6_I5_O)        0.124    17.556 r  u_soc_top/gen_cv32e40p_core.u_core/i___91__17/O
                         net (fo=6, routed)           0.771    18.327    u_soc_top/gen_cv32e40p_core.u_core/i___91__17_n_0
    SLICE_X54Y137        LUT6 (Prop_lut6_I2_O)        0.124    18.451 r  u_soc_top/gen_cv32e40p_core.u_core/i___36/O
                         net (fo=1, routed)           0.607    19.058    u_soc_top/gen_cv32e40p_core.u_core/core_i/if_stage_i/mult_operand_b_ex_o_reg[14]_0
    SLICE_X54Y138        LUT6 (Prop_lut6_I5_O)        0.124    19.182 r  u_soc_top/gen_cv32e40p_core.u_core/core_i/if_stage_i/mult_operand_b_ex_o[14]_i_1/O
                         net (fo=2, routed)           0.483    19.665    u_soc_top/gen_cv32e40p_core.u_core/core_i/id_stage_i/mult_operand_b_ex_o_reg[31]_1[6]
    SLICE_X55Y138        FDCE                                         r  u_soc_top/gen_cv32e40p_core.u_core/core_i/id_stage_i/mult_operand_b_ex_o_reg[14]/D
  -------------------------------------------------------------------    -------------------

                         (clock clk_50m_unbuf rise edge)
                                                     20.000    20.000 r  
    E3                                                0.000    20.000 r  clk_100m_i (IN)
                         net (fo=0)                   0.000    20.000    clk_100m_i
    E3                   IBUF (Prop_ibuf_I_O)         1.411    21.411 r  clk_100m_i_IBUF_inst/O
                         net (fo=1, routed)           1.162    22.573    clk_100m_i_IBUF
    MMCME2_ADV_X1Y2      MMCME2_ADV (Prop_mmcme2_adv_CLKIN1_CLKOUT0)
                                                     -7.324    15.249 r  u_mmcm/CLKOUT0
                         net (fo=1, routed)           1.639    16.888    clk_50m_unbuf
    BUFGCTRL_X0Y16       BUFG (Prop_bufg_I_O)         0.091    16.979 r  u_bufg_clk50/O
                         net (fo=7170, routed)        1.485    18.464    u_soc_top/gen_cv32e40p_core.u_core/core_i/id_stage_i/clk_50m
    SLICE_X55Y138        FDCE                                         r  u_soc_top/gen_cv32e40p_core.u_core/core_i/id_stage_i/mult_operand_b_ex_o_reg[14]/C
                         clock pessimism              0.577    19.041    
                         clock uncertainty           -0.089    18.952    
    SLICE_X55Y138        FDCE (Setup_fdce_C_D)       -0.067    18.885    u_soc_top/gen_cv32e40p_core.u_core/core_i/id_stage_i/mult_operand_b_ex_o_reg[14]
  -------------------------------------------------------------------
                         required time                         18.885    
                         arrival time                         -19.665    
  -------------------------------------------------------------------
                         slack                                 -0.780    

Slack (VIOLATED) :        -0.770ns  (required time - arrival time)
  Source:                 u_soc_top/gen_cv32e40p_core.u_core/core_i/id_stage_i/alu_operator_ex_o_reg[5]/C
                            (rising edge-triggered cell FDCE clocked by clk_50m_unbuf  {rise@0.000ns fall@10.000ns period=20.000ns})
  Destination:            u_soc_top/gen_cv32e40p_core.u_core/core_i/id_stage_i/mult_operand_b_ex_o_reg[17]/D
                            (rising edge-triggered cell FDCE clocked by clk_50m_unbuf  {rise@0.000ns fall@10.000ns period=20.000ns})
  Path Group:             clk_50m_unbuf
  Path Type:              Setup (Max at Slow Process Corner)
  Requirement:            20.000ns  (clk_50m_unbuf rise@20.000ns - clk_50m_unbuf rise@0.000ns)
  Data Path Delay:        20.618ns  (logic 5.882ns (28.528%)  route 14.736ns (71.472%))
  Logic Levels:           28  (CARRY4=5 LUT3=2 LUT5=4 LUT6=15 MUXF7=2)
  Clock Path Skew:        -0.035ns (DCD - SCD + CPR)
    Destination Clock Delay (DCD):    -1.527ns = ( 18.473 - 20.000 ) 
    Source Clock Delay      (SCD):    -0.932ns
    Clock Pessimism Removal (CPR):    0.560ns
  Clock Uncertainty:      0.089ns  ((TSJ^2 + DJ^2)^1/2) / 2 + PE
    Total System Jitter     (TSJ):    0.071ns
    Discrete Jitter          (DJ):    0.163ns
    Phase Error              (PE):    0.000ns

    Location             Delay type                Incr(ns)  Path(ns)    Netlist Resource(s)
  -------------------------------------------------------------------    -------------------
                         (clock clk_50m_unbuf rise edge)
                                                      0.000     0.000 r  
    E3                                                0.000     0.000 r  clk_100m_i (IN)
                         net (fo=0)                   0.000     0.000    clk_100m_i
    E3                   IBUF (Prop_ibuf_I_O)         1.482     1.482 r  clk_100m_i_IBUF_inst/O
                         net (fo=1, routed)           1.233     2.715    clk_100m_i_IBUF
    MMCME2_ADV_X1Y2      MMCME2_ADV (Prop_mmcme2_adv_CLKIN1_CLKOUT0)
                                                     -7.070    -4.355 r  u_mmcm/CLKOUT0
                         net (fo=1, routed)           1.719    -2.636    clk_50m_unbuf
    BUFGCTRL_X0Y16       BUFG (Prop_bufg_I_O)         0.096    -2.540 r  u_bufg_clk50/O
                         net (fo=7170, routed)        1.608    -0.932    u_soc_top/gen_cv32e40p_core.u_core/core_i/id_stage_i/clk_50m
    SLICE_X53Y142        FDCE                                         r  u_soc_top/gen_cv32e40p_core.u_core/core_i/id_stage_i/alu_operator_ex_o_reg[5]/C
  -------------------------------------------------------------------    -------------------
    SLICE_X53Y142        FDCE (Prop_fdce_C_Q)         0.456    -0.476 r  u_soc_top/gen_cv32e40p_core.u_core/core_i/id_stage_i/alu_operator_ex_o_reg[5]/Q
                         net (fo=59, routed)          0.670     0.194    u_soc_top/gen_cv32e40p_core.u_core/core_i/id_stage_i/register_file_i/i___147_i_34_0[5]
    SLICE_X55Y142        LUT3 (Prop_lut3_I0_O)        0.124     0.318 r  u_soc_top/gen_cv32e40p_core.u_core/core_i/id_stage_i/register_file_i/i___160_i_5/O
                         net (fo=96, routed)          1.370     1.688    u_soc_top/gen_cv32e40p_core.u_core/core_i/id_stage_i/register_file_i/i___160_i_5_n_0
    SLICE_X56Y145        LUT6 (Prop_lut6_I0_O)        0.124     1.812 r  u_soc_top/gen_cv32e40p_core.u_core/core_i/id_stage_i/register_file_i/i___91__10_i_53/O
                         net (fo=1, routed)           0.426     2.238    u_soc_top/gen_cv32e40p_core.u_core/core_i/id_stage_i/register_file_i/i___91__10_i_53_n_0
    SLICE_X56Y146        LUT6 (Prop_lut6_I5_O)        0.124     2.362 r  u_soc_top/gen_cv32e40p_core.u_core/core_i/id_stage_i/register_file_i/i___91__10_i_40/O
                         net (fo=2, routed)           0.692     3.054    u_soc_top/gen_cv32e40p_core.u_core/core_i/id_stage_i/register_file_i/ex_stage_i/alu_i/adder_op_a[19]
    SLICE_X54Y147        LUT5 (Prop_lut5_I0_O)        0.124     3.178 r  u_soc_top/gen_cv32e40p_core.u_core/core_i/id_stage_i/register_file_i/i___91__10_i_44/O
                         net (fo=1, routed)           0.000     3.178    u_soc_top/gen_cv32e40p_core.u_core/core_i/id_stage_i/register_file_i/i___91__10_i_44_n_0
    SLICE_X54Y147        CARRY4 (Prop_carry4_S[1]_CO[3])
                                                      0.533     3.711 r  u_soc_top/gen_cv32e40p_core.u_core/core_i/id_stage_i/register_file_i/i___91__10_i_30/CO[3]
                         net (fo=1, routed)           0.000     3.711    u_soc_top/gen_cv32e40p_core.u_core/core_i/id_stage_i/register_file_i/i___91__10_i_30_n_0
    SLICE_X54Y148        CARRY4 (Prop_carry4_CI_CO[3])
                                                      0.117     3.828 r  u_soc_top/gen_cv32e40p_core.u_core/core_i/id_stage_i/register_file_i/i___91__7_i_30/CO[3]
                         net (fo=1, routed)           0.000     3.828    u_soc_top/gen_cv32e40p_core.u_core/core_i/id_stage_i/register_file_i/i___91__7_i_30_n_0
    SLICE_X54Y149        CARRY4 (Prop_carry4_CI_O[1])
                                                      0.323     4.151 r  u_soc_top/gen_cv32e40p_core.u_core/core_i/id_stage_i/register_file_i/i___91__3_i_31/O[1]
                         net (fo=4, routed)           0.744     4.894    u_soc_top/gen_cv32e40p_core.u_core/core_i/id_stage_i/register_file_i/ex_stage_i/alu_i/data0[26]
    SLICE_X55Y150        LUT5 (Prop_lut5_I3_O)        0.306     5.200 r  u_soc_top/gen_cv32e40p_core.u_core/core_i/id_stage_i/register_file_i/BReg_DP[31]_i_95/O
                         net (fo=1, routed)           0.000     5.200    u_soc_top/gen_cv32e40p_core.u_core/core_i/id_stage_i/register_file_i/BReg_DP[31]_i_95_n_0
    SLICE_X55Y150        CARRY4 (Prop_carry4_S[2]_CO[3])
                                                      0.398     5.598 r  u_soc_top/gen_cv32e40p_core.u_core/core_i/id_stage_i/register_file_i/BReg_DP_reg[31]_i_82/CO[3]
                         net (fo=1, routed)           0.000     5.598    u_soc_top/gen_cv32e40p_core.u_core/core_i/id_stage_i/register_file_i/BReg_DP_reg[31]_i_82_n_0
    SLICE_X55Y151        CARRY4 (Prop_carry4_CI_O[3])
                                                      0.313     5.911 r  u_soc_top/gen_cv32e40p_core.u_core/core_i/id_stage_i/register_file_i/BReg_DP_reg[0]_i_8/O[3]
                         net (fo=2, routed)           0.495     6.406    u_soc_top/gen_cv32e40p_core.u_core/core_i/id_stage_i/register_file_i/ex_stage_i/alu_i/adder_round_result[31]
    SLICE_X55Y152        LUT6 (Prop_lut6_I2_O)        0.306     6.712 r  u_soc_top/gen_cv32e40p_core.u_core/core_i/id_stage_i/register_file_i/BReg_DP[0]_i_6/O
                         net (fo=61, routed)          1.014     7.726    u_soc_top/gen_cv32e40p_core.u_core/core_i/id_stage_i/register_file_i/shift_right_result126_out
    SLICE_X55Y154        LUT3 (Prop_lut3_I2_O)        0.124     7.850 r  u_soc_top/gen_cv32e40p_core.u_core/core_i/id_stage_i/register_file_i/BReg_DP[16]_i_12/O
                         net (fo=3, routed)           0.616     8.466    u_soc_top/gen_cv32e40p_core.u_core/core_i/id_stage_i/register_file_i/ex_stage_i/alu_i/shift_op_a_32[46]
    SLICE_X59Y156        LUT6 (Prop_lut6_I0_O)        0.124     8.590 r  u_soc_top/gen_cv32e40p_core.u_core/core_i/id_stage_i/register_file_i/BReg_DP[16]_i_8/O
                         net (fo=4, routed)           0.984     9.574    u_soc_top/gen_cv32e40p_core.u_core/core_i/id_stage_i/register_file_i/BReg_DP[16]_i_8_n_0
    SLICE_X57Y157        LUT6 (Prop_lut6_I0_O)        0.124     9.698 r  u_soc_top/gen_cv32e40p_core.u_core/core_i/id_stage_i/register_file_i/BReg_DP[16]_i_4/O
                         net (fo=3, routed)           0.446    10.144    u_soc_top/gen_cv32e40p_core.u_core/core_i/id_stage_i/register_file_i/alu_clpx_shift_ex_o_reg[1]_12
    SLICE_X56Y157        LUT5 (Prop_lut5_I2_O)        0.124    10.268 r  u_soc_top/gen_cv32e40p_core.u_core/core_i/id_stage_i/register_file_i/BReg_DP[16]_i_2/O
                         net (fo=3, routed)           0.827    11.095    u_soc_top/gen_cv32e40p_core.u_core/core_i/id_stage_i/register_file_i/shift_left_result[2]
    SLICE_X58Y157        LUT5 (Prop_lut5_I0_O)        0.124    11.219 r  u_soc_top/gen_cv32e40p_core.u_core/core_i/id_stage_i/register_file_i/i___91__15_i_30/O
                         net (fo=6, routed)           1.090    12.310    u_soc_top/gen_cv32e40p_core.u_core/core_i/id_stage_i/register_file_i/ex_stage_i/alu_i/radix_2_rev[15]
    SLICE_X60Y150        LUT6 (Prop_lut6_I5_O)        0.124    12.434 r  u_soc_top/gen_cv32e40p_core.u_core/core_i/id_stage_i/register_file_i/i___28_i_99/O
                         net (fo=1, routed)           0.000    12.434    u_soc_top/gen_cv32e40p_core.u_core/core_i/id_stage_i/register_file_i/i___28_i_99_n_0
    SLICE_X60Y150        MUXF7 (Prop_muxf7_I0_O)      0.209    12.643 r  u_soc_top/gen_cv32e40p_core.u_core/core_i/id_stage_i/register_file_i/i___28_i_93/O
                         net (fo=1, routed)           0.586    13.229    u_soc_top/gen_cv32e40p_core.u_core/core_i/id_stage_i/register_file_i/i___28_i_93_n_0
    SLICE_X58Y150        LUT6 (Prop_lut6_I2_O)        0.297    13.526 r  u_soc_top/gen_cv32e40p_core.u_core/core_i/id_stage_i/register_file_i/i___28_i_86/O
                         net (fo=64, routed)          0.508    14.033    u_soc_top/gen_cv32e40p_core.u_core/core_i/id_stage_i/register_file_i/ex_stage_i/alu_i/extract_sign
    SLICE_X61Y149        LUT6 (Prop_lut6_I5_O)        0.124    14.157 r  u_soc_top/gen_cv32e40p_core.u_core/core_i/id_stage_i/register_file_i/i___91__14_i_48/O
                         net (fo=1, routed)           0.530    14.687    u_soc_top/gen_cv32e40p_core.u_core/core_i/id_stage_i/register_file_i/i___91__14_i_48_n_0
    SLICE_X64Y149        LUT6 (Prop_lut6_I5_O)        0.124    14.811 r  u_soc_top/gen_cv32e40p_core.u_core/core_i/id_stage_i/register_file_i/i___91__14_i_34/O
                         net (fo=1, routed)           0.445    15.256    u_soc_top/gen_cv32e40p_core.u_core/core_i/id_stage_i/register_file_i/ex_stage_i/alu_i/bextins_result[17]
    SLICE_X65Y146        LUT6 (Prop_lut6_I5_O)        0.124    15.380 r  u_soc_top/gen_cv32e40p_core.u_core/core_i/id_stage_i/register_file_i/i___91__14_i_26/O
                         net (fo=1, routed)           0.000    15.380    u_soc_top/gen_cv32e40p_core.u_core/core_i/id_stage_i/register_file_i/i___91__14_i_26_n_0
    SLICE_X65Y146        MUXF7 (Prop_muxf7_I1_O)      0.217    15.597 r  u_soc_top/gen_cv32e40p_core.u_core/core_i/id_stage_i/register_file_i/i___91__14_i_20/O
                         net (fo=1, routed)           0.451    16.049    u_soc_top/gen_cv32e40p_core.u_core/core_i/id_stage_i/register_file_i/i___91__14_i_20_n_0
    SLICE_X68Y147        LUT6 (Prop_lut6_I5_O)        0.299    16.348 r  u_soc_top/gen_cv32e40p_core.u_core/core_i/id_stage_i/register_file_i/i___91__14_i_8/O
                         net (fo=1, routed)           0.645    16.993    u_soc_top/gen_cv32e40p_core.u_core/core_i/id_stage_i/int_controller_i/alu_result[1]
    SLICE_X68Y139        LUT6 (Prop_lut6_I3_O)        0.124    17.117 r  u_soc_top/gen_cv32e40p_core.u_core/core_i/id_stage_i/int_controller_i/i___91__14_i_3/O
                         net (fo=36, routed)          0.694    17.811    u_soc_top/gen_cv32e40p_core.u_core/regfile_alu_wdata_fw[17]
    SLICE_X65Y139        LUT6 (Prop_lut6_I5_O)        0.124    17.935 f  u_soc_top/gen_cv32e40p_core.u_core/i___91__14/O
                         net (fo=5, routed)           0.610    18.546    u_soc_top/gen_cv32e40p_core.u_core/core_i/if_stage_i/alu_operand_a_ex_o_reg[17]
    SLICE_X65Y139        LUT6 (Prop_lut6_I1_O)        0.124    18.670 f  u_soc_top/gen_cv32e40p_core.u_core/core_i/if_stage_i/alu_operand_b_ex_o[17]_i_4/O
                         net (fo=2, routed)           0.413    19.083    u_soc_top/gen_cv32e40p_core.u_core/core_i/if_stage_i/alu_operand_b_ex_o[17]_i_4_n_0
    SLICE_X65Y139        LUT6 (Prop_lut6_I2_O)        0.124    19.207 r  u_soc_top/gen_cv32e40p_core.u_core/core_i/if_stage_i/mult_operand_b_ex_o[17]_i_1/O
                         net (fo=2, routed)           0.479    19.686    u_soc_top/gen_cv32e40p_core.u_core/core_i/id_stage_i/mult_operand_b_ex_o_reg[31]_1[9]
    SLICE_X66Y139        FDCE                                         r  u_soc_top/gen_cv32e40p_core.u_core/core_i/id_stage_i/mult_operand_b_ex_o_reg[17]/D
  -------------------------------------------------------------------    -------------------

                         (clock clk_50m_unbuf rise edge)
                                                     20.000    20.000 r  
    E3                                                0.000    20.000 r  clk_100m_i (IN)
                         net (fo=0)                   0.000    20.000    clk_100m_i
    E3                   IBUF (Prop_ibuf_I_O)         1.411    21.411 r  clk_100m_i_IBUF_inst/O
                         net (fo=1, routed)           1.162    22.573    clk_100m_i_IBUF
    MMCME2_ADV_X1Y2      MMCME2_ADV (Prop_mmcme2_adv_CLKIN1_CLKOUT0)
                                                     -7.324    15.249 r  u_mmcm/CLKOUT0
                         net (fo=1, routed)           1.639    16.888    clk_50m_unbuf
    BUFGCTRL_X0Y16       BUFG (Prop_bufg_I_O)         0.091    16.979 r  u_bufg_clk50/O
                         net (fo=7170, routed)        1.494    18.473    u_soc_top/gen_cv32e40p_core.u_core/core_i/id_stage_i/clk_50m
    SLICE_X66Y139        FDCE                                         r  u_soc_top/gen_cv32e40p_core.u_core/core_i/id_stage_i/mult_operand_b_ex_o_reg[17]/C
                         clock pessimism              0.560    19.033    
                         clock uncertainty           -0.089    18.944    
    SLICE_X66Y139        FDCE (Setup_fdce_C_D)       -0.028    18.916    u_soc_top/gen_cv32e40p_core.u_core/core_i/id_stage_i/mult_operand_b_ex_o_reg[17]
  -------------------------------------------------------------------
                         required time                         18.916    
                         arrival time                         -19.686    
  -------------------------------------------------------------------
                         slack                                 -0.770    

Slack (VIOLATED) :        -0.738ns  (required time - arrival time)
  Source:                 u_soc_top/gen_cv32e40p_core.u_core/core_i/id_stage_i/alu_operator_ex_o_reg[5]/C
                            (rising edge-triggered cell FDCE clocked by clk_50m_unbuf  {rise@0.000ns fall@10.000ns period=20.000ns})
  Destination:            u_soc_top/gen_cv32e40p_core.u_core/core_i/id_stage_i/mult_dot_op_b_ex_o_reg[22]/D
                            (rising edge-triggered cell FDCE clocked by clk_50m_unbuf  {rise@0.000ns fall@10.000ns period=20.000ns})
  Path Group:             clk_50m_unbuf
  Path Type:              Setup (Max at Slow Process Corner)
  Requirement:            20.000ns  (clk_50m_unbuf rise@20.000ns - clk_50m_unbuf rise@0.000ns)
  Data Path Delay:        20.548ns  (logic 5.882ns (28.625%)  route 14.666ns (71.375%))
  Logic Levels:           28  (CARRY4=5 LUT3=2 LUT5=5 LUT6=14 MUXF7=2)
  Clock Path Skew:        -0.034ns (DCD - SCD + CPR)
    Destination Clock Delay (DCD):    -1.526ns = ( 18.474 - 20.000 ) 
    Source Clock Delay      (SCD):    -0.932ns
    Clock Pessimism Removal (CPR):    0.560ns
  Clock Uncertainty:      0.089ns  ((TSJ^2 + DJ^2)^1/2) / 2 + PE
    Total System Jitter     (TSJ):    0.071ns
    Discrete Jitter          (DJ):    0.163ns
    Phase Error              (PE):    0.000ns

    Location             Delay type                Incr(ns)  Path(ns)    Netlist Resource(s)
  -------------------------------------------------------------------    -------------------
                         (clock clk_50m_unbuf rise edge)
                                                      0.000     0.000 r  
    E3                                                0.000     0.000 r  clk_100m_i (IN)
                         net (fo=0)                   0.000     0.000    clk_100m_i
    E3                   IBUF (Prop_ibuf_I_O)         1.482     1.482 r  clk_100m_i_IBUF_inst/O
                         net (fo=1, routed)           1.233     2.715    clk_100m_i_IBUF
    MMCME2_ADV_X1Y2      MMCME2_ADV (Prop_mmcme2_adv_CLKIN1_CLKOUT0)
                                                     -7.070    -4.355 r  u_mmcm/CLKOUT0
                         net (fo=1, routed)           1.719    -2.636    clk_50m_unbuf
    BUFGCTRL_X0Y16       BUFG (Prop_bufg_I_O)         0.096    -2.540 r  u_bufg_clk50/O
                         net (fo=7170, routed)        1.608    -0.932    u_soc_top/gen_cv32e40p_core.u_core/core_i/id_stage_i/clk_50m
    SLICE_X53Y142        FDCE                                         r  u_soc_top/gen_cv32e40p_core.u_core/core_i/id_stage_i/alu_operator_ex_o_reg[5]/C
  -------------------------------------------------------------------    -------------------
    SLICE_X53Y142        FDCE (Prop_fdce_C_Q)         0.456    -0.476 r  u_soc_top/gen_cv32e40p_core.u_core/core_i/id_stage_i/alu_operator_ex_o_reg[5]/Q
                         net (fo=59, routed)          0.670     0.194    u_soc_top/gen_cv32e40p_core.u_core/core_i/id_stage_i/register_file_i/i___147_i_34_0[5]
    SLICE_X55Y142        LUT3 (Prop_lut3_I0_O)        0.124     0.318 r  u_soc_top/gen_cv32e40p_core.u_core/core_i/id_stage_i/register_file_i/i___160_i_5/O
                         net (fo=96, routed)          1.370     1.688    u_soc_top/gen_cv32e40p_core.u_core/core_i/id_stage_i/register_file_i/i___160_i_5_n_0
    SLICE_X56Y145        LUT6 (Prop_lut6_I0_O)        0.124     1.812 r  u_soc_top/gen_cv32e40p_core.u_core/core_i/id_stage_i/register_file_i/i___91__10_i_53/O
                         net (fo=1, routed)           0.426     2.238    u_soc_top/gen_cv32e40p_core.u_core/core_i/id_stage_i/register_file_i/i___91__10_i_53_n_0
    SLICE_X56Y146        LUT6 (Prop_lut6_I5_O)        0.124     2.362 r  u_soc_top/gen_cv32e40p_core.u_core/core_i/id_stage_i/register_file_i/i___91__10_i_40/O
                         net (fo=2, routed)           0.692     3.054    u_soc_top/gen_cv32e40p_core.u_core/core_i/id_stage_i/register_file_i/ex_stage_i/alu_i/adder_op_a[19]
    SLICE_X54Y147        LUT5 (Prop_lut5_I0_O)        0.124     3.178 r  u_soc_top/gen_cv32e40p_core.u_core/core_i/id_stage_i/register_file_i/i___91__10_i_44/O
                         net (fo=1, routed)           0.000     3.178    u_soc_top/gen_cv32e40p_core.u_core/core_i/id_stage_i/register_file_i/i___91__10_i_44_n_0
    SLICE_X54Y147        CARRY4 (Prop_carry4_S[1]_CO[3])
                                                      0.533     3.711 r  u_soc_top/gen_cv32e40p_core.u_core/core_i/id_stage_i/register_file_i/i___91__10_i_30/CO[3]
                         net (fo=1, routed)           0.000     3.711    u_soc_top/gen_cv32e40p_core.u_core/core_i/id_stage_i/register_file_i/i___91__10_i_30_n_0
    SLICE_X54Y148        CARRY4 (Prop_carry4_CI_CO[3])
                                                      0.117     3.828 r  u_soc_top/gen_cv32e40p_core.u_core/core_i/id_stage_i/register_file_i/i___91__7_i_30/CO[3]
                         net (fo=1, routed)           0.000     3.828    u_soc_top/gen_cv32e40p_core.u_core/core_i/id_stage_i/register_file_i/i___91__7_i_30_n_0
    SLICE_X54Y149        CARRY4 (Prop_carry4_CI_O[1])
                                                      0.323     4.151 r  u_soc_top/gen_cv32e40p_core.u_core/core_i/id_stage_i/register_file_i/i___91__3_i_31/O[1]
                         net (fo=4, routed)           0.744     4.894    u_soc_top/gen_cv32e40p_core.u_core/core_i/id_stage_i/register_file_i/ex_stage_i/alu_i/data0[26]
    SLICE_X55Y150        LUT5 (Prop_lut5_I3_O)        0.306     5.200 r  u_soc_top/gen_cv32e40p_core.u_core/core_i/id_stage_i/register_file_i/BReg_DP[31]_i_95/O
                         net (fo=1, routed)           0.000     5.200    u_soc_top/gen_cv32e40p_core.u_core/core_i/id_stage_i/register_file_i/BReg_DP[31]_i_95_n_0
    SLICE_X55Y150        CARRY4 (Prop_carry4_S[2]_CO[3])
                                                      0.398     5.598 r  u_soc_top/gen_cv32e40p_core.u_core/core_i/id_stage_i/register_file_i/BReg_DP_reg[31]_i_82/CO[3]
                         net (fo=1, routed)           0.000     5.598    u_soc_top/gen_cv32e40p_core.u_core/core_i/id_stage_i/register_file_i/BReg_DP_reg[31]_i_82_n_0
    SLICE_X55Y151        CARRY4 (Prop_carry4_CI_O[3])
                                                      0.313     5.911 r  u_soc_top/gen_cv32e40p_core.u_core/core_i/id_stage_i/register_file_i/BReg_DP_reg[0]_i_8/O[3]
                         net (fo=2, routed)           0.495     6.406    u_soc_top/gen_cv32e40p_core.u_core/core_i/id_stage_i/register_file_i/ex_stage_i/alu_i/adder_round_result[31]
    SLICE_X55Y152        LUT6 (Prop_lut6_I2_O)        0.306     6.712 r  u_soc_top/gen_cv32e40p_core.u_core/core_i/id_stage_i/register_file_i/BReg_DP[0]_i_6/O
                         net (fo=61, routed)          1.014     7.726    u_soc_top/gen_cv32e40p_core.u_core/core_i/id_stage_i/register_file_i/shift_right_result126_out
    SLICE_X55Y154        LUT3 (Prop_lut3_I2_O)        0.124     7.850 r  u_soc_top/gen_cv32e40p_core.u_core/core_i/id_stage_i/register_file_i/BReg_DP[16]_i_12/O
                         net (fo=3, routed)           0.616     8.466    u_soc_top/gen_cv32e40p_core.u_core/core_i/id_stage_i/register_file_i/ex_stage_i/alu_i/shift_op_a_32[46]
    SLICE_X59Y156        LUT6 (Prop_lut6_I0_O)        0.124     8.590 r  u_soc_top/gen_cv32e40p_core.u_core/core_i/id_stage_i/register_file_i/BReg_DP[16]_i_8/O
                         net (fo=4, routed)           0.984     9.574    u_soc_top/gen_cv32e40p_core.u_core/core_i/id_stage_i/register_file_i/BReg_DP[16]_i_8_n_0
    SLICE_X57Y157        LUT6 (Prop_lut6_I0_O)        0.124     9.698 r  u_soc_top/gen_cv32e40p_core.u_core/core_i/id_stage_i/register_file_i/BReg_DP[16]_i_4/O
                         net (fo=3, routed)           0.446    10.144    u_soc_top/gen_cv32e40p_core.u_core/core_i/id_stage_i/register_file_i/alu_clpx_shift_ex_o_reg[1]_12
    SLICE_X56Y157        LUT5 (Prop_lut5_I2_O)        0.124    10.268 r  u_soc_top/gen_cv32e40p_core.u_core/core_i/id_stage_i/register_file_i/BReg_DP[16]_i_2/O
                         net (fo=3, routed)           0.827    11.095    u_soc_top/gen_cv32e40p_core.u_core/core_i/id_stage_i/register_file_i/shift_left_result[2]
    SLICE_X58Y157        LUT5 (Prop_lut5_I0_O)        0.124    11.219 r  u_soc_top/gen_cv32e40p_core.u_core/core_i/id_stage_i/register_file_i/i___91__15_i_30/O
                         net (fo=6, routed)           1.090    12.310    u_soc_top/gen_cv32e40p_core.u_core/core_i/id_stage_i/register_file_i/ex_stage_i/alu_i/radix_2_rev[15]
    SLICE_X60Y150        LUT6 (Prop_lut6_I5_O)        0.124    12.434 r  u_soc_top/gen_cv32e40p_core.u_core/core_i/id_stage_i/register_file_i/i___28_i_99/O
                         net (fo=1, routed)           0.000    12.434    u_soc_top/gen_cv32e40p_core.u_core/core_i/id_stage_i/register_file_i/i___28_i_99_n_0
    SLICE_X60Y150        MUXF7 (Prop_muxf7_I0_O)      0.209    12.643 r  u_soc_top/gen_cv32e40p_core.u_core/core_i/id_stage_i/register_file_i/i___28_i_93/O
                         net (fo=1, routed)           0.586    13.229    u_soc_top/gen_cv32e40p_core.u_core/core_i/id_stage_i/register_file_i/i___28_i_93_n_0
    SLICE_X58Y150        LUT6 (Prop_lut6_I2_O)        0.297    13.526 r  u_soc_top/gen_cv32e40p_core.u_core/core_i/id_stage_i/register_file_i/i___28_i_86/O
                         net (fo=64, routed)          0.694    14.220    u_soc_top/gen_cv32e40p_core.u_core/core_i/id_stage_i/register_file_i/ex_stage_i/alu_i/extract_sign
    SLICE_X61Y149        LUT6 (Prop_lut6_I5_O)        0.124    14.344 r  u_soc_top/gen_cv32e40p_core.u_core/core_i/id_stage_i/register_file_i/i___91__27_i_38/O
                         net (fo=1, routed)           0.391    14.734    u_soc_top/gen_cv32e40p_core.u_core/core_i/id_stage_i/register_file_i/i___91__27_i_38_n_0
    SLICE_X62Y149        LUT6 (Prop_lut6_I5_O)        0.124    14.858 r  u_soc_top/gen_cv32e40p_core.u_core/core_i/id_stage_i/register_file_i/i___91__27_i_33/O
                         net (fo=1, routed)           0.295    15.154    u_soc_top/gen_cv32e40p_core.u_core/core_i/id_stage_i/register_file_i/ex_stage_i/alu_i/bextins_result[6]
    SLICE_X63Y147        LUT6 (Prop_lut6_I5_O)        0.124    15.278 r  u_soc_top/gen_cv32e40p_core.u_core/core_i/id_stage_i/register_file_i/i___91__27_i_26/O
                         net (fo=1, routed)           0.000    15.278    u_soc_top/gen_cv32e40p_core.u_core/core_i/id_stage_i/register_file_i/i___91__27_i_26_n_0
    SLICE_X63Y147        MUXF7 (Prop_muxf7_I1_O)      0.217    15.495 r  u_soc_top/gen_cv32e40p_core.u_core/core_i/id_stage_i/register_file_i/i___91__27_i_20/O
                         net (fo=1, routed)           0.296    15.791    u_soc_top/gen_cv32e40p_core.u_core/core_i/id_stage_i/register_file_i/i___91__27_i_20_n_0
    SLICE_X63Y145        LUT6 (Prop_lut6_I5_O)        0.299    16.090 r  u_soc_top/gen_cv32e40p_core.u_core/core_i/id_stage_i/register_file_i/i___91__27_i_8/O
                         net (fo=1, routed)           0.428    16.517    u_soc_top/gen_cv32e40p_core.u_core/core_i/id_stage_i/gen_hwloop_regs.hwloop_regs_i/alu_result[6]
    SLICE_X64Y144        LUT6 (Prop_lut6_I3_O)        0.124    16.641 r  u_soc_top/gen_cv32e40p_core.u_core/core_i/id_stage_i/gen_hwloop_regs.hwloop_regs_i/i___91__27_i_3/O
                         net (fo=38, routed)          0.571    17.212    u_soc_top/gen_cv32e40p_core.u_core/regfile_alu_wdata_fw[6]
    SLICE_X63Y141        LUT6 (Prop_lut6_I5_O)        0.124    17.336 r  u_soc_top/gen_cv32e40p_core.u_core/i___91__27/O
                         net (fo=5, routed)           0.827    18.163    u_soc_top/gen_cv32e40p_core.u_core/core_i/if_stage_i/mult_dot_op_c_ex_o_reg[6]
    SLICE_X61Y141        LUT6 (Prop_lut6_I0_O)        0.124    18.287 r  u_soc_top/gen_cv32e40p_core.u_core/core_i/if_stage_i/mult_operand_b_ex_o[6]_i_1/O
                         net (fo=8, routed)           0.573    18.859    u_soc_top/gen_cv32e40p_core.u_core/core_i/if_stage_i/operand_b[6]
    SLICE_X64Y141        LUT5 (Prop_lut5_I0_O)        0.124    18.983 r  u_soc_top/gen_cv32e40p_core.u_core/core_i/if_stage_i/mult_operand_b_ex_o[22]_i_1/O
                         net (fo=2, routed)           0.633    19.616    u_soc_top/gen_cv32e40p_core.u_core/core_i/id_stage_i/mult_operand_b_ex_o_reg[31]_1[14]
    SLICE_X64Y142        FDCE                                         r  u_soc_top/gen_cv32e40p_core.u_core/core_i/id_stage_i/mult_dot_op_b_ex_o_reg[22]/D
  -------------------------------------------------------------------    -------------------

                         (clock clk_50m_unbuf rise edge)
                                                     20.000    20.000 r  
    E3                                                0.000    20.000 r  clk_100m_i (IN)
                         net (fo=0)                   0.000    20.000    clk_100m_i
    E3                   IBUF (Prop_ibuf_I_O)         1.411    21.411 r  clk_100m_i_IBUF_inst/O
                         net (fo=1, routed)           1.162    22.573    clk_100m_i_IBUF
    MMCME2_ADV_X1Y2      MMCME2_ADV (Prop_mmcme2_adv_CLKIN1_CLKOUT0)
                                                     -7.324    15.249 r  u_mmcm/CLKOUT0
                         net (fo=1, routed)           1.639    16.888    clk_50m_unbuf
    BUFGCTRL_X0Y16       BUFG (Prop_bufg_I_O)         0.091    16.979 r  u_bufg_clk50/O
                         net (fo=7170, routed)        1.495    18.474    u_soc_top/gen_cv32e40p_core.u_core/core_i/id_stage_i/clk_50m
    SLICE_X64Y142        FDCE                                         r  u_soc_top/gen_cv32e40p_core.u_core/core_i/id_stage_i/mult_dot_op_b_ex_o_reg[22]/C
                         clock pessimism              0.560    19.034    
                         clock uncertainty           -0.089    18.945    
    SLICE_X64Y142        FDCE (Setup_fdce_C_D)       -0.067    18.878    u_soc_top/gen_cv32e40p_core.u_core/core_i/id_stage_i/mult_dot_op_b_ex_o_reg[22]
  -------------------------------------------------------------------
                         required time                         18.878    
                         arrival time                         -19.616    
  -------------------------------------------------------------------
                         slack                                 -0.738    

Slack (VIOLATED) :        -0.729ns  (required time - arrival time)
  Source:                 u_soc_top/gen_cv32e40p_core.u_core/core_i/id_stage_i/alu_operator_ex_o_reg[5]/C
                            (rising edge-triggered cell FDCE clocked by clk_50m_unbuf  {rise@0.000ns fall@10.000ns period=20.000ns})
  Destination:            u_soc_top/gen_cv32e40p_core.u_core/core_i/id_stage_i/mult_dot_op_b_ex_o_reg[21]/D
                            (rising edge-triggered cell FDCE clocked by clk_50m_unbuf  {rise@0.000ns fall@10.000ns period=20.000ns})
  Path Group:             clk_50m_unbuf
  Path Type:              Setup (Max at Slow Process Corner)
  Requirement:            20.000ns  (clk_50m_unbuf rise@20.000ns - clk_50m_unbuf rise@0.000ns)
  Data Path Delay:        20.570ns  (logic 5.882ns (28.596%)  route 14.688ns (71.404%))
  Logic Levels:           28  (CARRY4=5 LUT3=2 LUT5=5 LUT6=14 MUXF7=2)
  Clock Path Skew:        -0.040ns (DCD - SCD + CPR)
    Destination Clock Delay (DCD):    -1.532ns = ( 18.468 - 20.000 ) 
    Source Clock Delay      (SCD):    -0.932ns
    Clock Pessimism Removal (CPR):    0.560ns
  Clock Uncertainty:      0.089ns  ((TSJ^2 + DJ^2)^1/2) / 2 + PE
    Total System Jitter     (TSJ):    0.071ns
    Discrete Jitter          (DJ):    0.163ns
    Phase Error              (PE):    0.000ns

    Location             Delay type                Incr(ns)  Path(ns)    Netlist Resource(s)
  -------------------------------------------------------------------    -------------------
                         (clock clk_50m_unbuf rise edge)
                                                      0.000     0.000 r  
    E3                                                0.000     0.000 r  clk_100m_i (IN)
                         net (fo=0)                   0.000     0.000    clk_100m_i
    E3                   IBUF (Prop_ibuf_I_O)         1.482     1.482 r  clk_100m_i_IBUF_inst/O
                         net (fo=1, routed)           1.233     2.715    clk_100m_i_IBUF
    MMCME2_ADV_X1Y2      MMCME2_ADV (Prop_mmcme2_adv_CLKIN1_CLKOUT0)
                                                     -7.070    -4.355 r  u_mmcm/CLKOUT0
                         net (fo=1, routed)           1.719    -2.636    clk_50m_unbuf
    BUFGCTRL_X0Y16       BUFG (Prop_bufg_I_O)         0.096    -2.540 r  u_bufg_clk50/O
                         net (fo=7170, routed)        1.608    -0.932    u_soc_top/gen_cv32e40p_core.u_core/core_i/id_stage_i/clk_50m
    SLICE_X53Y142        FDCE                                         r  u_soc_top/gen_cv32e40p_core.u_core/core_i/id_stage_i/alu_operator_ex_o_reg[5]/C
  -------------------------------------------------------------------    -------------------
    SLICE_X53Y142        FDCE (Prop_fdce_C_Q)         0.456    -0.476 r  u_soc_top/gen_cv32e40p_core.u_core/core_i/id_stage_i/alu_operator_ex_o_reg[5]/Q
                         net (fo=59, routed)          0.670     0.194    u_soc_top/gen_cv32e40p_core.u_core/core_i/id_stage_i/register_file_i/i___147_i_34_0[5]
    SLICE_X55Y142        LUT3 (Prop_lut3_I0_O)        0.124     0.318 r  u_soc_top/gen_cv32e40p_core.u_core/core_i/id_stage_i/register_file_i/i___160_i_5/O
                         net (fo=96, routed)          1.370     1.688    u_soc_top/gen_cv32e40p_core.u_core/core_i/id_stage_i/register_file_i/i___160_i_5_n_0
    SLICE_X56Y145        LUT6 (Prop_lut6_I0_O)        0.124     1.812 r  u_soc_top/gen_cv32e40p_core.u_core/core_i/id_stage_i/register_file_i/i___91__10_i_53/O
                         net (fo=1, routed)           0.426     2.238    u_soc_top/gen_cv32e40p_core.u_core/core_i/id_stage_i/register_file_i/i___91__10_i_53_n_0
    SLICE_X56Y146        LUT6 (Prop_lut6_I5_O)        0.124     2.362 r  u_soc_top/gen_cv32e40p_core.u_core/core_i/id_stage_i/register_file_i/i___91__10_i_40/O
                         net (fo=2, routed)           0.692     3.054    u_soc_top/gen_cv32e40p_core.u_core/core_i/id_stage_i/register_file_i/ex_stage_i/alu_i/adder_op_a[19]
    SLICE_X54Y147        LUT5 (Prop_lut5_I0_O)        0.124     3.178 r  u_soc_top/gen_cv32e40p_core.u_core/core_i/id_stage_i/register_file_i/i___91__10_i_44/O
                         net (fo=1, routed)           0.000     3.178    u_soc_top/gen_cv32e40p_core.u_core/core_i/id_stage_i/register_file_i/i___91__10_i_44_n_0
    SLICE_X54Y147        CARRY4 (Prop_carry4_S[1]_CO[3])
                                                      0.533     3.711 r  u_soc_top/gen_cv32e40p_core.u_core/core_i/id_stage_i/register_file_i/i___91__10_i_30/CO[3]
                         net (fo=1, routed)           0.000     3.711    u_soc_top/gen_cv32e40p_core.u_core/core_i/id_stage_i/register_file_i/i___91__10_i_30_n_0
    SLICE_X54Y148        CARRY4 (Prop_carry4_CI_CO[3])
                                                      0.117     3.828 r  u_soc_top/gen_cv32e40p_core.u_core/core_i/id_stage_i/register_file_i/i___91__7_i_30/CO[3]
                         net (fo=1, routed)           0.000     3.828    u_soc_top/gen_cv32e40p_core.u_core/core_i/id_stage_i/register_file_i/i___91__7_i_30_n_0
    SLICE_X54Y149        CARRY4 (Prop_carry4_CI_O[1])
                                                      0.323     4.151 r  u_soc_top/gen_cv32e40p_core.u_core/core_i/id_stage_i/register_file_i/i___91__3_i_31/O[1]
                         net (fo=4, routed)           0.744     4.894    u_soc_top/gen_cv32e40p_core.u_core/core_i/id_stage_i/register_file_i/ex_stage_i/alu_i/data0[26]
    SLICE_X55Y150        LUT5 (Prop_lut5_I3_O)        0.306     5.200 r  u_soc_top/gen_cv32e40p_core.u_core/core_i/id_stage_i/register_file_i/BReg_DP[31]_i_95/O
                         net (fo=1, routed)           0.000     5.200    u_soc_top/gen_cv32e40p_core.u_core/core_i/id_stage_i/register_file_i/BReg_DP[31]_i_95_n_0
    SLICE_X55Y150        CARRY4 (Prop_carry4_S[2]_CO[3])
                                                      0.398     5.598 r  u_soc_top/gen_cv32e40p_core.u_core/core_i/id_stage_i/register_file_i/BReg_DP_reg[31]_i_82/CO[3]
                         net (fo=1, routed)           0.000     5.598    u_soc_top/gen_cv32e40p_core.u_core/core_i/id_stage_i/register_file_i/BReg_DP_reg[31]_i_82_n_0
    SLICE_X55Y151        CARRY4 (Prop_carry4_CI_O[3])
                                                      0.313     5.911 r  u_soc_top/gen_cv32e40p_core.u_core/core_i/id_stage_i/register_file_i/BReg_DP_reg[0]_i_8/O[3]
                         net (fo=2, routed)           0.495     6.406    u_soc_top/gen_cv32e40p_core.u_core/core_i/id_stage_i/register_file_i/ex_stage_i/alu_i/adder_round_result[31]
    SLICE_X55Y152        LUT6 (Prop_lut6_I2_O)        0.306     6.712 r  u_soc_top/gen_cv32e40p_core.u_core/core_i/id_stage_i/register_file_i/BReg_DP[0]_i_6/O
                         net (fo=61, routed)          1.014     7.726    u_soc_top/gen_cv32e40p_core.u_core/core_i/id_stage_i/register_file_i/shift_right_result126_out
    SLICE_X55Y154        LUT3 (Prop_lut3_I2_O)        0.124     7.850 r  u_soc_top/gen_cv32e40p_core.u_core/core_i/id_stage_i/register_file_i/BReg_DP[16]_i_12/O
                         net (fo=3, routed)           0.616     8.466    u_soc_top/gen_cv32e40p_core.u_core/core_i/id_stage_i/register_file_i/ex_stage_i/alu_i/shift_op_a_32[46]
    SLICE_X59Y156        LUT6 (Prop_lut6_I0_O)        0.124     8.590 r  u_soc_top/gen_cv32e40p_core.u_core/core_i/id_stage_i/register_file_i/BReg_DP[16]_i_8/O
                         net (fo=4, routed)           0.984     9.574    u_soc_top/gen_cv32e40p_core.u_core/core_i/id_stage_i/register_file_i/BReg_DP[16]_i_8_n_0
    SLICE_X57Y157        LUT6 (Prop_lut6_I0_O)        0.124     9.698 r  u_soc_top/gen_cv32e40p_core.u_core/core_i/id_stage_i/register_file_i/BReg_DP[16]_i_4/O
                         net (fo=3, routed)           0.446    10.144    u_soc_top/gen_cv32e40p_core.u_core/core_i/id_stage_i/register_file_i/alu_clpx_shift_ex_o_reg[1]_12
    SLICE_X56Y157        LUT5 (Prop_lut5_I2_O)        0.124    10.268 r  u_soc_top/gen_cv32e40p_core.u_core/core_i/id_stage_i/register_file_i/BReg_DP[16]_i_2/O
                         net (fo=3, routed)           0.827    11.095    u_soc_top/gen_cv32e40p_core.u_core/core_i/id_stage_i/register_file_i/shift_left_result[2]
    SLICE_X58Y157        LUT5 (Prop_lut5_I0_O)        0.124    11.219 r  u_soc_top/gen_cv32e40p_core.u_core/core_i/id_stage_i/register_file_i/i___91__15_i_30/O
                         net (fo=6, routed)           1.090    12.310    u_soc_top/gen_cv32e40p_core.u_core/core_i/id_stage_i/register_file_i/ex_stage_i/alu_i/radix_2_rev[15]
    SLICE_X60Y150        LUT6 (Prop_lut6_I5_O)        0.124    12.434 r  u_soc_top/gen_cv32e40p_core.u_core/core_i/id_stage_i/register_file_i/i___28_i_99/O
                         net (fo=1, routed)           0.000    12.434    u_soc_top/gen_cv32e40p_core.u_core/core_i/id_stage_i/register_file_i/i___28_i_99_n_0
    SLICE_X60Y150        MUXF7 (Prop_muxf7_I0_O)      0.209    12.643 r  u_soc_top/gen_cv32e40p_core.u_core/core_i/id_stage_i/register_file_i/i___28_i_93/O
                         net (fo=1, routed)           0.586    13.229    u_soc_top/gen_cv32e40p_core.u_core/core_i/id_stage_i/register_file_i/i___28_i_93_n_0
    SLICE_X58Y150        LUT6 (Prop_lut6_I2_O)        0.297    13.526 r  u_soc_top/gen_cv32e40p_core.u_core/core_i/id_stage_i/register_file_i/i___28_i_86/O
                         net (fo=64, routed)          0.918    14.443    u_soc_top/gen_cv32e40p_core.u_core/core_i/id_stage_i/register_file_i/ex_stage_i/alu_i/extract_sign
    SLICE_X67Y148        LUT6 (Prop_lut6_I5_O)        0.124    14.567 r  u_soc_top/gen_cv32e40p_core.u_core/core_i/id_stage_i/register_file_i/i___91__10_i_50/O
                         net (fo=1, routed)           0.263    14.830    u_soc_top/gen_cv32e40p_core.u_core/core_i/id_stage_i/register_file_i/i___91__10_i_50_n_0
    SLICE_X67Y148        LUT6 (Prop_lut6_I5_O)        0.124    14.954 r  u_soc_top/gen_cv32e40p_core.u_core/core_i/id_stage_i/register_file_i/i___91__10_i_35/O
                         net (fo=1, routed)           0.154    15.109    u_soc_top/gen_cv32e40p_core.u_core/core_i/id_stage_i/register_file_i/ex_stage_i/alu_i/bextins_result[21]
    SLICE_X67Y148        LUT6 (Prop_lut6_I5_O)        0.124    15.233 r  u_soc_top/gen_cv32e40p_core.u_core/core_i/id_stage_i/register_file_i/i___91__10_i_27/O
                         net (fo=1, routed)           0.000    15.233    u_soc_top/gen_cv32e40p_core.u_core/core_i/id_stage_i/register_file_i/i___91__10_i_27_n_0
    SLICE_X67Y148        MUXF7 (Prop_muxf7_I1_O)      0.217    15.450 r  u_soc_top/gen_cv32e40p_core.u_core/core_i/id_stage_i/register_file_i/i___91__10_i_20/O
                         net (fo=1, routed)           0.293    15.742    u_soc_top/gen_cv32e40p_core.u_core/core_i/id_stage_i/register_file_i/i___91__10_i_20_n_0
    SLICE_X67Y149        LUT6 (Prop_lut6_I5_O)        0.299    16.041 r  u_soc_top/gen_cv32e40p_core.u_core/core_i/id_stage_i/register_file_i/i___91__10_i_8/O
                         net (fo=1, routed)           0.436    16.478    u_soc_top/gen_cv32e40p_core.u_core/core_i/id_stage_i/gen_hwloop_regs.hwloop_regs_i/alu_result[16]
    SLICE_X69Y148        LUT6 (Prop_lut6_I3_O)        0.124    16.602 r  u_soc_top/gen_cv32e40p_core.u_core/core_i/id_stage_i/gen_hwloop_regs.hwloop_regs_i/i___91__10_i_3/O
                         net (fo=35, routed)          0.664    17.266    u_soc_top/gen_cv32e40p_core.u_core/regfile_alu_wdata_fw[21]
    SLICE_X69Y146        LUT6 (Prop_lut6_I5_O)        0.124    17.390 r  u_soc_top/gen_cv32e40p_core.u_core/i___91__10/O
                         net (fo=5, routed)           0.752    18.141    u_soc_top/gen_cv32e40p_core.u_core/core_i/if_stage_i/mult_dot_op_c_ex_o_reg[21]
    SLICE_X61Y144        LUT6 (Prop_lut6_I5_O)        0.124    18.265 f  u_soc_top/gen_cv32e40p_core.u_core/core_i/if_stage_i/alu_operand_b_ex_o[21]_i_2/O
                         net (fo=2, routed)           0.765    19.031    u_soc_top/gen_cv32e40p_core.u_core/core_i/if_stage_i/alu_operand_b_ex_o[21]_i_2_n_0
    SLICE_X56Y142        LUT5 (Prop_lut5_I4_O)        0.124    19.155 r  u_soc_top/gen_cv32e40p_core.u_core/core_i/if_stage_i/mult_operand_b_ex_o[21]_i_1/O
                         net (fo=2, routed)           0.483    19.637    u_soc_top/gen_cv32e40p_core.u_core/core_i/id_stage_i/mult_operand_b_ex_o_reg[31]_1[13]
    SLICE_X56Y144        FDCE                                         r  u_soc_top/gen_cv32e40p_core.u_core/core_i/id_stage_i/mult_dot_op_b_ex_o_reg[21]/D
  -------------------------------------------------------------------    -------------------

                         (clock clk_50m_unbuf rise edge)
                                                     20.000    20.000 r  
    E3                                                0.000    20.000 r  clk_100m_i (IN)
                         net (fo=0)                   0.000    20.000    clk_100m_i
    E3                   IBUF (Prop_ibuf_I_O)         1.411    21.411 r  clk_100m_i_IBUF_inst/O
                         net (fo=1, routed)           1.162    22.573    clk_100m_i_IBUF
    MMCME2_ADV_X1Y2      MMCME2_ADV (Prop_mmcme2_adv_CLKIN1_CLKOUT0)
                                                     -7.324    15.249 r  u_mmcm/CLKOUT0
                         net (fo=1, routed)           1.639    16.888    clk_50m_unbuf
    BUFGCTRL_X0Y16       BUFG (Prop_bufg_I_O)         0.091    16.979 r  u_bufg_clk50/O
                         net (fo=7170, routed)        1.489    18.468    u_soc_top/gen_cv32e40p_core.u_core/core_i/id_stage_i/clk_50m
    SLICE_X56Y144        FDCE                                         r  u_soc_top/gen_cv32e40p_core.u_core/core_i/id_stage_i/mult_dot_op_b_ex_o_reg[21]/C
                         clock pessimism              0.560    19.028    
                         clock uncertainty           -0.089    18.939    
    SLICE_X56Y144        FDCE (Setup_fdce_C_D)       -0.031    18.908    u_soc_top/gen_cv32e40p_core.u_core/core_i/id_stage_i/mult_dot_op_b_ex_o_reg[21]
  -------------------------------------------------------------------
                         required time                         18.908    
                         arrival time                         -19.637    
  -------------------------------------------------------------------
                         slack                                 -0.729    

Slack (VIOLATED) :        -0.714ns  (required time - arrival time)
  Source:                 u_soc_top/gen_cv32e40p_core.u_core/core_i/id_stage_i/alu_operator_ex_o_reg[5]/C
                            (rising edge-triggered cell FDCE clocked by clk_50m_unbuf  {rise@0.000ns fall@10.000ns period=20.000ns})
  Destination:            u_soc_top/gen_cv32e40p_core.u_core/core_i/id_stage_i/mult_dot_op_a_ex_o_reg[17]/D
                            (rising edge-triggered cell FDCE clocked by clk_50m_unbuf  {rise@0.000ns fall@10.000ns period=20.000ns})
  Path Group:             clk_50m_unbuf
  Path Type:              Setup (Max at Slow Process Corner)
  Requirement:            20.000ns  (clk_50m_unbuf rise@20.000ns - clk_50m_unbuf rise@0.000ns)
  Data Path Delay:        20.509ns  (logic 5.882ns (28.679%)  route 14.627ns (71.320%))
  Logic Levels:           28  (CARRY4=5 LUT3=2 LUT5=6 LUT6=13 MUXF7=2)
  Clock Path Skew:        -0.035ns (DCD - SCD + CPR)
    Destination Clock Delay (DCD):    -1.527ns = ( 18.473 - 20.000 ) 
    Source Clock Delay      (SCD):    -0.932ns
    Clock Pessimism Removal (CPR):    0.560ns
  Clock Uncertainty:      0.089ns  ((TSJ^2 + DJ^2)^1/2) / 2 + PE
    Total System Jitter     (TSJ):    0.071ns
    Discrete Jitter          (DJ):    0.163ns
    Phase Error              (PE):    0.000ns

    Location             Delay type                Incr(ns)  Path(ns)    Netlist Resource(s)
  -------------------------------------------------------------------    -------------------
                         (clock clk_50m_unbuf rise edge)
                                                      0.000     0.000 r  
    E3                                                0.000     0.000 r  clk_100m_i (IN)
                         net (fo=0)                   0.000     0.000    clk_100m_i
    E3                   IBUF (Prop_ibuf_I_O)         1.482     1.482 r  clk_100m_i_IBUF_inst/O
                         net (fo=1, routed)           1.233     2.715    clk_100m_i_IBUF
    MMCME2_ADV_X1Y2      MMCME2_ADV (Prop_mmcme2_adv_CLKIN1_CLKOUT0)
                                                     -7.070    -4.355 r  u_mmcm/CLKOUT0
                         net (fo=1, routed)           1.719    -2.636    clk_50m_unbuf
    BUFGCTRL_X0Y16       BUFG (Prop_bufg_I_O)         0.096    -2.540 r  u_bufg_clk50/O
                         net (fo=7170, routed)        1.608    -0.932    u_soc_top/gen_cv32e40p_core.u_core/core_i/id_stage_i/clk_50m
    SLICE_X53Y142        FDCE                                         r  u_soc_top/gen_cv32e40p_core.u_core/core_i/id_stage_i/alu_operator_ex_o_reg[5]/C
  -------------------------------------------------------------------    -------------------
    SLICE_X53Y142        FDCE (Prop_fdce_C_Q)         0.456    -0.476 r  u_soc_top/gen_cv32e40p_core.u_core/core_i/id_stage_i/alu_operator_ex_o_reg[5]/Q
                         net (fo=59, routed)          0.670     0.194    u_soc_top/gen_cv32e40p_core.u_core/core_i/id_stage_i/register_file_i/i___147_i_34_0[5]
    SLICE_X55Y142        LUT3 (Prop_lut3_I0_O)        0.124     0.318 r  u_soc_top/gen_cv32e40p_core.u_core/core_i/id_stage_i/register_file_i/i___160_i_5/O
                         net (fo=96, routed)          1.370     1.688    u_soc_top/gen_cv32e40p_core.u_core/core_i/id_stage_i/register_file_i/i___160_i_5_n_0
    SLICE_X56Y145        LUT6 (Prop_lut6_I0_O)        0.124     1.812 r  u_soc_top/gen_cv32e40p_core.u_core/core_i/id_stage_i/register_file_i/i___91__10_i_53/O
                         net (fo=1, routed)           0.426     2.238    u_soc_top/gen_cv32e40p_core.u_core/core_i/id_stage_i/register_file_i/i___91__10_i_53_n_0
    SLICE_X56Y146        LUT6 (Prop_lut6_I5_O)        0.124     2.362 r  u_soc_top/gen_cv32e40p_core.u_core/core_i/id_stage_i/register_file_i/i___91__10_i_40/O
                         net (fo=2, routed)           0.692     3.054    u_soc_top/gen_cv32e40p_core.u_core/core_i/id_stage_i/register_file_i/ex_stage_i/alu_i/adder_op_a[19]
    SLICE_X54Y147        LUT5 (Prop_lut5_I0_O)        0.124     3.178 r  u_soc_top/gen_cv32e40p_core.u_core/core_i/id_stage_i/register_file_i/i___91__10_i_44/O
                         net (fo=1, routed)           0.000     3.178    u_soc_top/gen_cv32e40p_core.u_core/core_i/id_stage_i/register_file_i/i___91__10_i_44_n_0
    SLICE_X54Y147        CARRY4 (Prop_carry4_S[1]_CO[3])
                                                      0.533     3.711 r  u_soc_top/gen_cv32e40p_core.u_core/core_i/id_stage_i/register_file_i/i___91__10_i_30/CO[3]
                         net (fo=1, routed)           0.000     3.711    u_soc_top/gen_cv32e40p_core.u_core/core_i/id_stage_i/register_file_i/i___91__10_i_30_n_0
    SLICE_X54Y148        CARRY4 (Prop_carry4_CI_CO[3])
                                                      0.117     3.828 r  u_soc_top/gen_cv32e40p_core.u_core/core_i/id_stage_i/register_file_i/i___91__7_i_30/CO[3]
                         net (fo=1, routed)           0.000     3.828    u_soc_top/gen_cv32e40p_core.u_core/core_i/id_stage_i/register_file_i/i___91__7_i_30_n_0
    SLICE_X54Y149        CARRY4 (Prop_carry4_CI_O[1])
                                                      0.323     4.151 r  u_soc_top/gen_cv32e40p_core.u_core/core_i/id_stage_i/register_file_i/i___91__3_i_31/O[1]
                         net (fo=4, routed)           0.744     4.894    u_soc_top/gen_cv32e40p_core.u_core/core_i/id_stage_i/register_file_i/ex_stage_i/alu_i/data0[26]
    SLICE_X55Y150        LUT5 (Prop_lut5_I3_O)        0.306     5.200 r  u_soc_top/gen_cv32e40p_core.u_core/core_i/id_stage_i/register_file_i/BReg_DP[31]_i_95/O
                         net (fo=1, routed)           0.000     5.200    u_soc_top/gen_cv32e40p_core.u_core/core_i/id_stage_i/register_file_i/BReg_DP[31]_i_95_n_0
    SLICE_X55Y150        CARRY4 (Prop_carry4_S[2]_CO[3])
                                                      0.398     5.598 r  u_soc_top/gen_cv32e40p_core.u_core/core_i/id_stage_i/register_file_i/BReg_DP_reg[31]_i_82/CO[3]
                         net (fo=1, routed)           0.000     5.598    u_soc_top/gen_cv32e40p_core.u_core/core_i/id_stage_i/register_file_i/BReg_DP_reg[31]_i_82_n_0
    SLICE_X55Y151        CARRY4 (Prop_carry4_CI_O[3])
                                                      0.313     5.911 r  u_soc_top/gen_cv32e40p_core.u_core/core_i/id_stage_i/register_file_i/BReg_DP_reg[0]_i_8/O[3]
                         net (fo=2, routed)           0.495     6.406    u_soc_top/gen_cv32e40p_core.u_core/core_i/id_stage_i/register_file_i/ex_stage_i/alu_i/adder_round_result[31]
    SLICE_X55Y152        LUT6 (Prop_lut6_I2_O)        0.306     6.712 r  u_soc_top/gen_cv32e40p_core.u_core/core_i/id_stage_i/register_file_i/BReg_DP[0]_i_6/O
                         net (fo=61, routed)          1.014     7.726    u_soc_top/gen_cv32e40p_core.u_core/core_i/id_stage_i/register_file_i/shift_right_result126_out
    SLICE_X55Y154        LUT3 (Prop_lut3_I2_O)        0.124     7.850 r  u_soc_top/gen_cv32e40p_core.u_core/core_i/id_stage_i/register_file_i/BReg_DP[16]_i_12/O
                         net (fo=3, routed)           0.616     8.466    u_soc_top/gen_cv32e40p_core.u_core/core_i/id_stage_i/register_file_i/ex_stage_i/alu_i/shift_op_a_32[46]
    SLICE_X59Y156        LUT6 (Prop_lut6_I0_O)        0.124     8.590 r  u_soc_top/gen_cv32e40p_core.u_core/core_i/id_stage_i/register_file_i/BReg_DP[16]_i_8/O
                         net (fo=4, routed)           0.984     9.574    u_soc_top/gen_cv32e40p_core.u_core/core_i/id_stage_i/register_file_i/BReg_DP[16]_i_8_n_0
    SLICE_X57Y157        LUT6 (Prop_lut6_I0_O)        0.124     9.698 r  u_soc_top/gen_cv32e40p_core.u_core/core_i/id_stage_i/register_file_i/BReg_DP[16]_i_4/O
                         net (fo=3, routed)           0.446    10.144    u_soc_top/gen_cv32e40p_core.u_core/core_i/id_stage_i/register_file_i/alu_clpx_shift_ex_o_reg[1]_12
    SLICE_X56Y157        LUT5 (Prop_lut5_I2_O)        0.124    10.268 r  u_soc_top/gen_cv32e40p_core.u_core/core_i/id_stage_i/register_file_i/BReg_DP[16]_i_2/O
                         net (fo=3, routed)           0.827    11.095    u_soc_top/gen_cv32e40p_core.u_core/core_i/id_stage_i/register_file_i/shift_left_result[2]
    SLICE_X58Y157        LUT5 (Prop_lut5_I0_O)        0.124    11.219 r  u_soc_top/gen_cv32e40p_core.u_core/core_i/id_stage_i/register_file_i/i___91__15_i_30/O
                         net (fo=6, routed)           1.090    12.310    u_soc_top/gen_cv32e40p_core.u_core/core_i/id_stage_i/register_file_i/ex_stage_i/alu_i/radix_2_rev[15]
    SLICE_X60Y150        LUT6 (Prop_lut6_I5_O)        0.124    12.434 r  u_soc_top/gen_cv32e40p_core.u_core/core_i/id_stage_i/register_file_i/i___28_i_99/O
                         net (fo=1, routed)           0.000    12.434    u_soc_top/gen_cv32e40p_core.u_core/core_i/id_stage_i/register_file_i/i___28_i_99_n_0
    SLICE_X60Y150        MUXF7 (Prop_muxf7_I0_O)      0.209    12.643 r  u_soc_top/gen_cv32e40p_core.u_core/core_i/id_stage_i/register_file_i/i___28_i_93/O
                         net (fo=1, routed)           0.586    13.229    u_soc_top/gen_cv32e40p_core.u_core/core_i/id_stage_i/register_file_i/i___28_i_93_n_0
    SLICE_X58Y150        LUT6 (Prop_lut6_I2_O)        0.297    13.526 r  u_soc_top/gen_cv32e40p_core.u_core/core_i/id_stage_i/register_file_i/i___28_i_86/O
                         net (fo=64, routed)          0.508    14.033    u_soc_top/gen_cv32e40p_core.u_core/core_i/id_stage_i/register_file_i/ex_stage_i/alu_i/extract_sign
    SLICE_X61Y149        LUT6 (Prop_lut6_I5_O)        0.124    14.157 r  u_soc_top/gen_cv32e40p_core.u_core/core_i/id_stage_i/register_file_i/i___91__14_i_48/O
                         net (fo=1, routed)           0.530    14.687    u_soc_top/gen_cv32e40p_core.u_core/core_i/id_stage_i/register_file_i/i___91__14_i_48_n_0
    SLICE_X64Y149        LUT6 (Prop_lut6_I5_O)        0.124    14.811 r  u_soc_top/gen_cv32e40p_core.u_core/core_i/id_stage_i/register_file_i/i___91__14_i_34/O
                         net (fo=1, routed)           0.445    15.256    u_soc_top/gen_cv32e40p_core.u_core/core_i/id_stage_i/register_file_i/ex_stage_i/alu_i/bextins_result[17]
    SLICE_X65Y146        LUT6 (Prop_lut6_I5_O)        0.124    15.380 r  u_soc_top/gen_cv32e40p_core.u_core/core_i/id_stage_i/register_file_i/i___91__14_i_26/O
                         net (fo=1, routed)           0.000    15.380    u_soc_top/gen_cv32e40p_core.u_core/core_i/id_stage_i/register_file_i/i___91__14_i_26_n_0
    SLICE_X65Y146        MUXF7 (Prop_muxf7_I1_O)      0.217    15.597 r  u_soc_top/gen_cv32e40p_core.u_core/core_i/id_stage_i/register_file_i/i___91__14_i_20/O
                         net (fo=1, routed)           0.451    16.049    u_soc_top/gen_cv32e40p_core.u_core/core_i/id_stage_i/register_file_i/i___91__14_i_20_n_0
    SLICE_X68Y147        LUT6 (Prop_lut6_I5_O)        0.299    16.348 r  u_soc_top/gen_cv32e40p_core.u_core/core_i/id_stage_i/register_file_i/i___91__14_i_8/O
                         net (fo=1, routed)           0.645    16.993    u_soc_top/gen_cv32e40p_core.u_core/core_i/id_stage_i/int_controller_i/alu_result[1]
    SLICE_X68Y139        LUT6 (Prop_lut6_I3_O)        0.124    17.117 r  u_soc_top/gen_cv32e40p_core.u_core/core_i/id_stage_i/int_controller_i/i___91__14_i_3/O
                         net (fo=36, routed)          0.437    17.554    u_soc_top/gen_cv32e40p_core.u_core/core_i/id_stage_i/int_controller_i/csr_access_ex_o_reg_0
    SLICE_X66Y139        LUT6 (Prop_lut6_I1_O)        0.124    17.678 r  u_soc_top/gen_cv32e40p_core.u_core/core_i/id_stage_i/int_controller_i/hwlp_end_q[1][17]_i_2/O
                         net (fo=4, routed)           0.527    18.205    u_soc_top/gen_cv32e40p_core.u_core/core_i/if_stage_i/hwlp_end_q_reg[0][17]
    SLICE_X66Y139        LUT5 (Prop_lut5_I4_O)        0.124    18.329 r  u_soc_top/gen_cv32e40p_core.u_core/core_i/if_stage_i/alu_operand_a_ex_o[17]_i_2/O
                         net (fo=2, routed)           0.478    18.807    u_soc_top/gen_cv32e40p_core.u_core/core_i/if_stage_i/alu_operand_a_ex_o[17]_i_2_n_0
    SLICE_X66Y139        LUT5 (Prop_lut5_I4_O)        0.124    18.931 r  u_soc_top/gen_cv32e40p_core.u_core/core_i/if_stage_i/mult_operand_a_ex_o[17]_i_1/O
                         net (fo=2, routed)           0.647    19.577    u_soc_top/gen_cv32e40p_core.u_core/core_i/id_stage_i/mult_operand_a_ex_o_reg[31]_0[17]
    SLICE_X65Y139        FDCE                                         r  u_soc_top/gen_cv32e40p_core.u_core/core_i/id_stage_i/mult_dot_op_a_ex_o_reg[17]/D
  -------------------------------------------------------------------    -------------------

                         (clock clk_50m_unbuf rise edge)
                                                     20.000    20.000 r  
    E3                                                0.000    20.000 r  clk_100m_i (IN)
                         net (fo=0)                   0.000    20.000    clk_100m_i
    E3                   IBUF (Prop_ibuf_I_O)         1.411    21.411 r  clk_100m_i_IBUF_inst/O
                         net (fo=1, routed)           1.162    22.573    clk_100m_i_IBUF
    MMCME2_ADV_X1Y2      MMCME2_ADV (Prop_mmcme2_adv_CLKIN1_CLKOUT0)
                                                     -7.324    15.249 r  u_mmcm/CLKOUT0
                         net (fo=1, routed)           1.639    16.888    clk_50m_unbuf
    BUFGCTRL_X0Y16       BUFG (Prop_bufg_I_O)         0.091    16.979 r  u_bufg_clk50/O
                         net (fo=7170, routed)        1.494    18.473    u_soc_top/gen_cv32e40p_core.u_core/core_i/id_stage_i/clk_50m
    SLICE_X65Y139        FDCE                                         r  u_soc_top/gen_cv32e40p_core.u_core/core_i/id_stage_i/mult_dot_op_a_ex_o_reg[17]/C
                         clock pessimism              0.560    19.033    
                         clock uncertainty           -0.089    18.944    
    SLICE_X65Y139        FDCE (Setup_fdce_C_D)       -0.081    18.863    u_soc_top/gen_cv32e40p_core.u_core/core_i/id_stage_i/mult_dot_op_a_ex_o_reg[17]
  -------------------------------------------------------------------
                         required time                         18.863    
                         arrival time                         -19.577    
  -------------------------------------------------------------------
                         slack                                 -0.714    

Slack (VIOLATED) :        -0.701ns  (required time - arrival time)
  Source:                 u_soc_top/gen_cv32e40p_core.u_core/core_i/id_stage_i/alu_operator_ex_o_reg[5]/C
                            (rising edge-triggered cell FDCE clocked by clk_50m_unbuf  {rise@0.000ns fall@10.000ns period=20.000ns})
  Destination:            u_soc_top/gen_cv32e40p_core.u_core/core_i/id_stage_i/mult_operand_b_ex_o_reg[29]/D
                            (rising edge-triggered cell FDCE clocked by clk_50m_unbuf  {rise@0.000ns fall@10.000ns period=20.000ns})
  Path Group:             clk_50m_unbuf
  Path Type:              Setup (Max at Slow Process Corner)
  Requirement:            20.000ns  (clk_50m_unbuf rise@20.000ns - clk_50m_unbuf rise@0.000ns)
  Data Path Delay:        20.479ns  (logic 5.909ns (28.854%)  route 14.570ns (71.146%))
  Logic Levels:           28  (CARRY4=5 LUT3=2 LUT5=4 LUT6=15 MUXF7=2)
  Clock Path Skew:        -0.105ns (DCD - SCD + CPR)
    Destination Clock Delay (DCD):    -1.526ns = ( 18.474 - 20.000 ) 
    Source Clock Delay      (SCD):    -0.932ns
    Clock Pessimism Removal (CPR):    0.488ns
  Clock Uncertainty:      0.089ns  ((TSJ^2 + DJ^2)^1/2) / 2 + PE
    Total System Jitter     (TSJ):    0.071ns
    Discrete Jitter          (DJ):    0.163ns
    Phase Error              (PE):    0.000ns

    Location             Delay type                Incr(ns)  Path(ns)    Netlist Resource(s)
  -------------------------------------------------------------------    -------------------
                         (clock clk_50m_unbuf rise edge)
                                                      0.000     0.000 r  
    E3                                                0.000     0.000 r  clk_100m_i (IN)
                         net (fo=0)                   0.000     0.000    clk_100m_i
    E3                   IBUF (Prop_ibuf_I_O)         1.482     1.482 r  clk_100m_i_IBUF_inst/O
                         net (fo=1, routed)           1.233     2.715    clk_100m_i_IBUF
    MMCME2_ADV_X1Y2      MMCME2_ADV (Prop_mmcme2_adv_CLKIN1_CLKOUT0)
                                                     -7.070    -4.355 r  u_mmcm/CLKOUT0
                         net (fo=1, routed)           1.719    -2.636    clk_50m_unbuf
    BUFGCTRL_X0Y16       BUFG (Prop_bufg_I_O)         0.096    -2.540 r  u_bufg_clk50/O
                         net (fo=7170, routed)        1.608    -0.932    u_soc_top/gen_cv32e40p_core.u_core/core_i/id_stage_i/clk_50m
    SLICE_X53Y142        FDCE                                         r  u_soc_top/gen_cv32e40p_core.u_core/core_i/id_stage_i/alu_operator_ex_o_reg[5]/C
  -------------------------------------------------------------------    -------------------
    SLICE_X53Y142        FDCE (Prop_fdce_C_Q)         0.456    -0.476 r  u_soc_top/gen_cv32e40p_core.u_core/core_i/id_stage_i/alu_operator_ex_o_reg[5]/Q
                         net (fo=59, routed)          0.670     0.194    u_soc_top/gen_cv32e40p_core.u_core/core_i/id_stage_i/register_file_i/i___147_i_34_0[5]
    SLICE_X55Y142        LUT3 (Prop_lut3_I0_O)        0.124     0.318 r  u_soc_top/gen_cv32e40p_core.u_core/core_i/id_stage_i/register_file_i/i___160_i_5/O
                         net (fo=96, routed)          1.370     1.688    u_soc_top/gen_cv32e40p_core.u_core/core_i/id_stage_i/register_file_i/i___160_i_5_n_0
    SLICE_X56Y145        LUT6 (Prop_lut6_I0_O)        0.124     1.812 r  u_soc_top/gen_cv32e40p_core.u_core/core_i/id_stage_i/register_file_i/i___91__10_i_53/O
                         net (fo=1, routed)           0.426     2.238    u_soc_top/gen_cv32e40p_core.u_core/core_i/id_stage_i/register_file_i/i___91__10_i_53_n_0
    SLICE_X56Y146        LUT6 (Prop_lut6_I5_O)        0.124     2.362 r  u_soc_top/gen_cv32e40p_core.u_core/core_i/id_stage_i/register_file_i/i___91__10_i_40/O
                         net (fo=2, routed)           0.692     3.054    u_soc_top/gen_cv32e40p_core.u_core/core_i/id_stage_i/register_file_i/ex_stage_i/alu_i/adder_op_a[19]
    SLICE_X54Y147        LUT5 (Prop_lut5_I0_O)        0.124     3.178 r  u_soc_top/gen_cv32e40p_core.u_core/core_i/id_stage_i/register_file_i/i___91__10_i_44/O
                         net (fo=1, routed)           0.000     3.178    u_soc_top/gen_cv32e40p_core.u_core/core_i/id_stage_i/register_file_i/i___91__10_i_44_n_0
    SLICE_X54Y147        CARRY4 (Prop_carry4_S[1]_CO[3])
                                                      0.533     3.711 r  u_soc_top/gen_cv32e40p_core.u_core/core_i/id_stage_i/register_file_i/i___91__10_i_30/CO[3]
                         net (fo=1, routed)           0.000     3.711    u_soc_top/gen_cv32e40p_core.u_core/core_i/id_stage_i/register_file_i/i___91__10_i_30_n_0
    SLICE_X54Y148        CARRY4 (Prop_carry4_CI_CO[3])
                                                      0.117     3.828 r  u_soc_top/gen_cv32e40p_core.u_core/core_i/id_stage_i/register_file_i/i___91__7_i_30/CO[3]
                         net (fo=1, routed)           0.000     3.828    u_soc_top/gen_cv32e40p_core.u_core/core_i/id_stage_i/register_file_i/i___91__7_i_30_n_0
    SLICE_X54Y149        CARRY4 (Prop_carry4_CI_O[1])
                                                      0.323     4.151 r  u_soc_top/gen_cv32e40p_core.u_core/core_i/id_stage_i/register_file_i/i___91__3_i_31/O[1]
                         net (fo=4, routed)           0.744     4.894    u_soc_top/gen_cv32e40p_core.u_core/core_i/id_stage_i/register_file_i/ex_stage_i/alu_i/data0[26]
    SLICE_X55Y150        LUT5 (Prop_lut5_I3_O)        0.306     5.200 r  u_soc_top/gen_cv32e40p_core.u_core/core_i/id_stage_i/register_file_i/BReg_DP[31]_i_95/O
                         net (fo=1, routed)           0.000     5.200    u_soc_top/gen_cv32e40p_core.u_core/core_i/id_stage_i/register_file_i/BReg_DP[31]_i_95_n_0
    SLICE_X55Y150        CARRY4 (Prop_carry4_S[2]_CO[3])
                                                      0.398     5.598 r  u_soc_top/gen_cv32e40p_core.u_core/core_i/id_stage_i/register_file_i/BReg_DP_reg[31]_i_82/CO[3]
                         net (fo=1, routed)           0.000     5.598    u_soc_top/gen_cv32e40p_core.u_core/core_i/id_stage_i/register_file_i/BReg_DP_reg[31]_i_82_n_0
    SLICE_X55Y151        CARRY4 (Prop_carry4_CI_O[3])
                                                      0.313     5.911 r  u_soc_top/gen_cv32e40p_core.u_core/core_i/id_stage_i/register_file_i/BReg_DP_reg[0]_i_8/O[3]
                         net (fo=2, routed)           0.495     6.406    u_soc_top/gen_cv32e40p_core.u_core/core_i/id_stage_i/register_file_i/ex_stage_i/alu_i/adder_round_result[31]
    SLICE_X55Y152        LUT6 (Prop_lut6_I2_O)        0.306     6.712 r  u_soc_top/gen_cv32e40p_core.u_core/core_i/id_stage_i/register_file_i/BReg_DP[0]_i_6/O
                         net (fo=61, routed)          1.014     7.726    u_soc_top/gen_cv32e40p_core.u_core/core_i/id_stage_i/register_file_i/shift_right_result126_out
    SLICE_X55Y154        LUT3 (Prop_lut3_I2_O)        0.124     7.850 r  u_soc_top/gen_cv32e40p_core.u_core/core_i/id_stage_i/register_file_i/BReg_DP[16]_i_12/O
                         net (fo=3, routed)           0.616     8.466    u_soc_top/gen_cv32e40p_core.u_core/core_i/id_stage_i/register_file_i/ex_stage_i/alu_i/shift_op_a_32[46]
    SLICE_X59Y156        LUT6 (Prop_lut6_I0_O)        0.124     8.590 r  u_soc_top/gen_cv32e40p_core.u_core/core_i/id_stage_i/register_file_i/BReg_DP[16]_i_8/O
                         net (fo=4, routed)           0.984     9.574    u_soc_top/gen_cv32e40p_core.u_core/core_i/id_stage_i/register_file_i/BReg_DP[16]_i_8_n_0
    SLICE_X57Y157        LUT6 (Prop_lut6_I0_O)        0.124     9.698 r  u_soc_top/gen_cv32e40p_core.u_core/core_i/id_stage_i/register_file_i/BReg_DP[16]_i_4/O
                         net (fo=3, routed)           0.446    10.144    u_soc_top/gen_cv32e40p_core.u_core/core_i/id_stage_i/register_file_i/alu_clpx_shift_ex_o_reg[1]_12
    SLICE_X56Y157        LUT5 (Prop_lut5_I2_O)        0.124    10.268 r  u_soc_top/gen_cv32e40p_core.u_core/core_i/id_stage_i/register_file_i/BReg_DP[16]_i_2/O
                         net (fo=3, routed)           0.827    11.095    u_soc_top/gen_cv32e40p_core.u_core/core_i/id_stage_i/register_file_i/shift_left_result[2]
    SLICE_X58Y157        LUT5 (Prop_lut5_I0_O)        0.124    11.219 r  u_soc_top/gen_cv32e40p_core.u_core/core_i/id_stage_i/register_file_i/i___91__15_i_30/O
                         net (fo=6, routed)           1.090    12.310    u_soc_top/gen_cv32e40p_core.u_core/core_i/id_stage_i/register_file_i/ex_stage_i/alu_i/radix_2_rev[15]
    SLICE_X60Y150        LUT6 (Prop_lut6_I5_O)        0.124    12.434 r  u_soc_top/gen_cv32e40p_core.u_core/core_i/id_stage_i/register_file_i/i___28_i_99/O
                         net (fo=1, routed)           0.000    12.434    u_soc_top/gen_cv32e40p_core.u_core/core_i/id_stage_i/register_file_i/i___28_i_99_n_0
    SLICE_X60Y150        MUXF7 (Prop_muxf7_I0_O)      0.209    12.643 r  u_soc_top/gen_cv32e40p_core.u_core/core_i/id_stage_i/register_file_i/i___28_i_93/O
                         net (fo=1, routed)           0.586    13.229    u_soc_top/gen_cv32e40p_core.u_core/core_i/id_stage_i/register_file_i/i___28_i_93_n_0
    SLICE_X58Y150        LUT6 (Prop_lut6_I2_O)        0.297    13.526 r  u_soc_top/gen_cv32e40p_core.u_core/core_i/id_stage_i/register_file_i/i___28_i_86/O
                         net (fo=64, routed)          0.982    14.507    u_soc_top/gen_cv32e40p_core.u_core/core_i/id_stage_i/register_file_i/ex_stage_i/alu_i/extract_sign
    SLICE_X51Y147        LUT6 (Prop_lut6_I5_O)        0.124    14.631 r  u_soc_top/gen_cv32e40p_core.u_core/core_i/id_stage_i/register_file_i/i___91__19_i_39/O
                         net (fo=1, routed)           0.306    14.937    u_soc_top/gen_cv32e40p_core.u_core/core_i/id_stage_i/register_file_i/i___91__19_i_39_n_0
    SLICE_X47Y147        LUT6 (Prop_lut6_I5_O)        0.124    15.061 r  u_soc_top/gen_cv32e40p_core.u_core/core_i/id_stage_i/register_file_i/i___91__19_i_33/O
                         net (fo=1, routed)           0.316    15.377    u_soc_top/gen_cv32e40p_core.u_core/core_i/id_stage_i/register_file_i/ex_stage_i/alu_i/bextins_result[13]
    SLICE_X44Y146        LUT6 (Prop_lut6_I5_O)        0.124    15.501 r  u_soc_top/gen_cv32e40p_core.u_core/core_i/id_stage_i/register_file_i/i___91__19_i_26/O
                         net (fo=1, routed)           0.000    15.501    u_soc_top/gen_cv32e40p_core.u_core/core_i/id_stage_i/register_file_i/i___91__19_i_26_n_0
    SLICE_X44Y146        MUXF7 (Prop_muxf7_I1_O)      0.245    15.746 r  u_soc_top/gen_cv32e40p_core.u_core/core_i/id_stage_i/register_file_i/i___91__19_i_20/O
                         net (fo=1, routed)           0.307    16.053    u_soc_top/gen_cv32e40p_core.u_core/core_i/id_stage_i/register_file_i/i___91__19_i_20_n_0
    SLICE_X44Y145        LUT6 (Prop_lut6_I5_O)        0.298    16.351 r  u_soc_top/gen_cv32e40p_core.u_core/core_i/id_stage_i/register_file_i/i___91__19_i_8/O
                         net (fo=1, routed)           0.710    17.061    u_soc_top/gen_cv32e40p_core.u_core/core_i/id_stage_i/gen_hwloop_regs.hwloop_regs_i/alu_result[13]
    SLICE_X44Y141        LUT6 (Prop_lut6_I3_O)        0.124    17.185 r  u_soc_top/gen_cv32e40p_core.u_core/core_i/id_stage_i/gen_hwloop_regs.hwloop_regs_i/i___91__19_i_3/O
                         net (fo=34, routed)          0.383    17.569    u_soc_top/gen_cv32e40p_core.u_core/regfile_alu_wdata_fw[13]
    SLICE_X44Y139        LUT6 (Prop_lut6_I5_O)        0.124    17.693 r  u_soc_top/gen_cv32e40p_core.u_core/i___91__19/O
                         net (fo=5, routed)           0.643    18.335    u_soc_top/gen_cv32e40p_core.u_core/i___91__19_n_0
    SLICE_X45Y139        LUT6 (Prop_lut6_I2_O)        0.124    18.459 r  u_soc_top/gen_cv32e40p_core.u_core/i___34/O
                         net (fo=4, routed)           0.633    19.092    u_soc_top/gen_cv32e40p_core.u_core/core_i/if_stage_i/mult_operand_b_ex_o_reg[29]
    SLICE_X46Y139        LUT6 (Prop_lut6_I3_O)        0.124    19.216 r  u_soc_top/gen_cv32e40p_core.u_core/core_i/if_stage_i/mult_operand_b_ex_o[29]_i_1/O
                         net (fo=2, routed)           0.331    19.547    u_soc_top/gen_cv32e40p_core.u_core/core_i/id_stage_i/mult_operand_b_ex_o_reg[31]_1[21]
    SLICE_X46Y140        FDCE                                         r  u_soc_top/gen_cv32e40p_core.u_core/core_i/id_stage_i/mult_operand_b_ex_o_reg[29]/D
  -------------------------------------------------------------------    -------------------

                         (clock clk_50m_unbuf rise edge)
                                                     20.000    20.000 r  
    E3                                                0.000    20.000 r  clk_100m_i (IN)
                         net (fo=0)                   0.000    20.000    clk_100m_i
    E3                   IBUF (Prop_ibuf_I_O)         1.411    21.411 r  clk_100m_i_IBUF_inst/O
                         net (fo=1, routed)           1.162    22.573    clk_100m_i_IBUF
    MMCME2_ADV_X1Y2      MMCME2_ADV (Prop_mmcme2_adv_CLKIN1_CLKOUT0)
                                                     -7.324    15.249 r  u_mmcm/CLKOUT0
                         net (fo=1, routed)           1.639    16.888    clk_50m_unbuf
    BUFGCTRL_X0Y16       BUFG (Prop_bufg_I_O)         0.091    16.979 r  u_bufg_clk50/O
                         net (fo=7170, routed)        1.495    18.474    u_soc_top/gen_cv32e40p_core.u_core/core_i/id_stage_i/clk_50m
    SLICE_X46Y140        FDCE                                         r  u_soc_top/gen_cv32e40p_core.u_core/core_i/id_stage_i/mult_operand_b_ex_o_reg[29]/C
                         clock pessimism              0.488    18.963    
                         clock uncertainty           -0.089    18.874    
    SLICE_X46Y140        FDCE (Setup_fdce_C_D)       -0.028    18.846    u_soc_top/gen_cv32e40p_core.u_core/core_i/id_stage_i/mult_operand_b_ex_o_reg[29]
  -------------------------------------------------------------------
                         required time                         18.846    
                         arrival time                         -19.547    
  -------------------------------------------------------------------
                         slack                                 -0.701    

Slack (VIOLATED) :        -0.687ns  (required time - arrival time)
  Source:                 u_soc_top/gen_cv32e40p_core.u_core/core_i/id_stage_i/alu_operator_ex_o_reg[5]/C
                            (rising edge-triggered cell FDCE clocked by clk_50m_unbuf  {rise@0.000ns fall@10.000ns period=20.000ns})
  Destination:            u_soc_top/gen_cv32e40p_core.u_core/core_i/id_stage_i/mult_operand_a_ex_o_reg[9]/D
                            (rising edge-triggered cell FDCE clocked by clk_50m_unbuf  {rise@0.000ns fall@10.000ns period=20.000ns})
  Path Group:             clk_50m_unbuf
  Path Type:              Setup (Max at Slow Process Corner)
  Requirement:            20.000ns  (clk_50m_unbuf rise@20.000ns - clk_50m_unbuf rise@0.000ns)
  Data Path Delay:        20.480ns  (logic 5.882ns (28.720%)  route 14.598ns (71.280%))
  Logic Levels:           28  (CARRY4=5 LUT3=2 LUT5=6 LUT6=13 MUXF7=2)
  Clock Path Skew:        -0.037ns (DCD - SCD + CPR)
    Destination Clock Delay (DCD):    -1.529ns = ( 18.471 - 20.000 ) 
    Source Clock Delay      (SCD):    -0.932ns
    Clock Pessimism Removal (CPR):    0.560ns
  Clock Uncertainty:      0.089ns  ((TSJ^2 + DJ^2)^1/2) / 2 + PE
    Total System Jitter     (TSJ):    0.071ns
    Discrete Jitter          (DJ):    0.163ns
    Phase Error              (PE):    0.000ns

    Location             Delay type                Incr(ns)  Path(ns)    Netlist Resource(s)
  -------------------------------------------------------------------    -------------------
                         (clock clk_50m_unbuf rise edge)
                                                      0.000     0.000 r  
    E3                                                0.000     0.000 r  clk_100m_i (IN)
                         net (fo=0)                   0.000     0.000    clk_100m_i
    E3                   IBUF (Prop_ibuf_I_O)         1.482     1.482 r  clk_100m_i_IBUF_inst/O
                         net (fo=1, routed)           1.233     2.715    clk_100m_i_IBUF
    MMCME2_ADV_X1Y2      MMCME2_ADV (Prop_mmcme2_adv_CLKIN1_CLKOUT0)
                                                     -7.070    -4.355 r  u_mmcm/CLKOUT0
                         net (fo=1, routed)           1.719    -2.636    clk_50m_unbuf
    BUFGCTRL_X0Y16       BUFG (Prop_bufg_I_O)         0.096    -2.540 r  u_bufg_clk50/O
                         net (fo=7170, routed)        1.608    -0.932    u_soc_top/gen_cv32e40p_core.u_core/core_i/id_stage_i/clk_50m
    SLICE_X53Y142        FDCE                                         r  u_soc_top/gen_cv32e40p_core.u_core/core_i/id_stage_i/alu_operator_ex_o_reg[5]/C
  -------------------------------------------------------------------    -------------------
    SLICE_X53Y142        FDCE (Prop_fdce_C_Q)         0.456    -0.476 r  u_soc_top/gen_cv32e40p_core.u_core/core_i/id_stage_i/alu_operator_ex_o_reg[5]/Q
                         net (fo=59, routed)          0.670     0.194    u_soc_top/gen_cv32e40p_core.u_core/core_i/id_stage_i/register_file_i/i___147_i_34_0[5]
    SLICE_X55Y142        LUT3 (Prop_lut3_I0_O)        0.124     0.318 r  u_soc_top/gen_cv32e40p_core.u_core/core_i/id_stage_i/register_file_i/i___160_i_5/O
                         net (fo=96, routed)          1.370     1.688    u_soc_top/gen_cv32e40p_core.u_core/core_i/id_stage_i/register_file_i/i___160_i_5_n_0
    SLICE_X56Y145        LUT6 (Prop_lut6_I0_O)        0.124     1.812 r  u_soc_top/gen_cv32e40p_core.u_core/core_i/id_stage_i/register_file_i/i___91__10_i_53/O
                         net (fo=1, routed)           0.426     2.238    u_soc_top/gen_cv32e40p_core.u_core/core_i/id_stage_i/register_file_i/i___91__10_i_53_n_0
    SLICE_X56Y146        LUT6 (Prop_lut6_I5_O)        0.124     2.362 r  u_soc_top/gen_cv32e40p_core.u_core/core_i/id_stage_i/register_file_i/i___91__10_i_40/O
                         net (fo=2, routed)           0.692     3.054    u_soc_top/gen_cv32e40p_core.u_core/core_i/id_stage_i/register_file_i/ex_stage_i/alu_i/adder_op_a[19]
    SLICE_X54Y147        LUT5 (Prop_lut5_I0_O)        0.124     3.178 r  u_soc_top/gen_cv32e40p_core.u_core/core_i/id_stage_i/register_file_i/i___91__10_i_44/O
                         net (fo=1, routed)           0.000     3.178    u_soc_top/gen_cv32e40p_core.u_core/core_i/id_stage_i/register_file_i/i___91__10_i_44_n_0
    SLICE_X54Y147        CARRY4 (Prop_carry4_S[1]_CO[3])
                                                      0.533     3.711 r  u_soc_top/gen_cv32e40p_core.u_core/core_i/id_stage_i/register_file_i/i___91__10_i_30/CO[3]
                         net (fo=1, routed)           0.000     3.711    u_soc_top/gen_cv32e40p_core.u_core/core_i/id_stage_i/register_file_i/i___91__10_i_30_n_0
    SLICE_X54Y148        CARRY4 (Prop_carry4_CI_CO[3])
                                                      0.117     3.828 r  u_soc_top/gen_cv32e40p_core.u_core/core_i/id_stage_i/register_file_i/i___91__7_i_30/CO[3]
                         net (fo=1, routed)           0.000     3.828    u_soc_top/gen_cv32e40p_core.u_core/core_i/id_stage_i/register_file_i/i___91__7_i_30_n_0
    SLICE_X54Y149        CARRY4 (Prop_carry4_CI_O[1])
                                                      0.323     4.151 r  u_soc_top/gen_cv32e40p_core.u_core/core_i/id_stage_i/register_file_i/i___91__3_i_31/O[1]
                         net (fo=4, routed)           0.744     4.894    u_soc_top/gen_cv32e40p_core.u_core/core_i/id_stage_i/register_file_i/ex_stage_i/alu_i/data0[26]
    SLICE_X55Y150        LUT5 (Prop_lut5_I3_O)        0.306     5.200 r  u_soc_top/gen_cv32e40p_core.u_core/core_i/id_stage_i/register_file_i/BReg_DP[31]_i_95/O
                         net (fo=1, routed)           0.000     5.200    u_soc_top/gen_cv32e40p_core.u_core/core_i/id_stage_i/register_file_i/BReg_DP[31]_i_95_n_0
    SLICE_X55Y150        CARRY4 (Prop_carry4_S[2]_CO[3])
                                                      0.398     5.598 r  u_soc_top/gen_cv32e40p_core.u_core/core_i/id_stage_i/register_file_i/BReg_DP_reg[31]_i_82/CO[3]
                         net (fo=1, routed)           0.000     5.598    u_soc_top/gen_cv32e40p_core.u_core/core_i/id_stage_i/register_file_i/BReg_DP_reg[31]_i_82_n_0
    SLICE_X55Y151        CARRY4 (Prop_carry4_CI_O[3])
                                                      0.313     5.911 r  u_soc_top/gen_cv32e40p_core.u_core/core_i/id_stage_i/register_file_i/BReg_DP_reg[0]_i_8/O[3]
                         net (fo=2, routed)           0.495     6.406    u_soc_top/gen_cv32e40p_core.u_core/core_i/id_stage_i/register_file_i/ex_stage_i/alu_i/adder_round_result[31]
    SLICE_X55Y152        LUT6 (Prop_lut6_I2_O)        0.306     6.712 r  u_soc_top/gen_cv32e40p_core.u_core/core_i/id_stage_i/register_file_i/BReg_DP[0]_i_6/O
                         net (fo=61, routed)          1.014     7.726    u_soc_top/gen_cv32e40p_core.u_core/core_i/id_stage_i/register_file_i/shift_right_result126_out
    SLICE_X55Y154        LUT3 (Prop_lut3_I2_O)        0.124     7.850 r  u_soc_top/gen_cv32e40p_core.u_core/core_i/id_stage_i/register_file_i/BReg_DP[16]_i_12/O
                         net (fo=3, routed)           0.616     8.466    u_soc_top/gen_cv32e40p_core.u_core/core_i/id_stage_i/register_file_i/ex_stage_i/alu_i/shift_op_a_32[46]
    SLICE_X59Y156        LUT6 (Prop_lut6_I0_O)        0.124     8.590 r  u_soc_top/gen_cv32e40p_core.u_core/core_i/id_stage_i/register_file_i/BReg_DP[16]_i_8/O
                         net (fo=4, routed)           0.984     9.574    u_soc_top/gen_cv32e40p_core.u_core/core_i/id_stage_i/register_file_i/BReg_DP[16]_i_8_n_0
    SLICE_X57Y157        LUT6 (Prop_lut6_I0_O)        0.124     9.698 r  u_soc_top/gen_cv32e40p_core.u_core/core_i/id_stage_i/register_file_i/BReg_DP[16]_i_4/O
                         net (fo=3, routed)           0.446    10.144    u_soc_top/gen_cv32e40p_core.u_core/core_i/id_stage_i/register_file_i/alu_clpx_shift_ex_o_reg[1]_12
    SLICE_X56Y157        LUT5 (Prop_lut5_I2_O)        0.124    10.268 r  u_soc_top/gen_cv32e40p_core.u_core/core_i/id_stage_i/register_file_i/BReg_DP[16]_i_2/O
                         net (fo=3, routed)           0.827    11.095    u_soc_top/gen_cv32e40p_core.u_core/core_i/id_stage_i/register_file_i/shift_left_result[2]
    SLICE_X58Y157        LUT5 (Prop_lut5_I0_O)        0.124    11.219 r  u_soc_top/gen_cv32e40p_core.u_core/core_i/id_stage_i/register_file_i/i___91__15_i_30/O
                         net (fo=6, routed)           1.090    12.310    u_soc_top/gen_cv32e40p_core.u_core/core_i/id_stage_i/register_file_i/ex_stage_i/alu_i/radix_2_rev[15]
    SLICE_X60Y150        LUT6 (Prop_lut6_I5_O)        0.124    12.434 r  u_soc_top/gen_cv32e40p_core.u_core/core_i/id_stage_i/register_file_i/i___28_i_99/O
                         net (fo=1, routed)           0.000    12.434    u_soc_top/gen_cv32e40p_core.u_core/core_i/id_stage_i/register_file_i/i___28_i_99_n_0
    SLICE_X60Y150        MUXF7 (Prop_muxf7_I0_O)      0.209    12.643 r  u_soc_top/gen_cv32e40p_core.u_core/core_i/id_stage_i/register_file_i/i___28_i_93/O
                         net (fo=1, routed)           0.586    13.229    u_soc_top/gen_cv32e40p_core.u_core/core_i/id_stage_i/register_file_i/i___28_i_93_n_0
    SLICE_X58Y150        LUT6 (Prop_lut6_I2_O)        0.297    13.526 r  u_soc_top/gen_cv32e40p_core.u_core/core_i/id_stage_i/register_file_i/i___28_i_86/O
                         net (fo=64, routed)          0.948    14.474    u_soc_top/gen_cv32e40p_core.u_core/core_i/id_stage_i/register_file_i/ex_stage_i/alu_i/extract_sign
    SLICE_X61Y144        LUT6 (Prop_lut6_I5_O)        0.124    14.598 r  u_soc_top/gen_cv32e40p_core.u_core/core_i/id_stage_i/register_file_i/i___91__23_i_39/O
                         net (fo=1, routed)           0.296    14.894    u_soc_top/gen_cv32e40p_core.u_core/core_i/id_stage_i/register_file_i/i___91__23_i_39_n_0
    SLICE_X59Y143        LUT6 (Prop_lut6_I5_O)        0.124    15.018 r  u_soc_top/gen_cv32e40p_core.u_core/core_i/id_stage_i/register_file_i/i___91__23_i_33/O
                         net (fo=1, routed)           0.403    15.421    u_soc_top/gen_cv32e40p_core.u_core/core_i/id_stage_i/register_file_i/ex_stage_i/alu_i/bextins_result[9]
    SLICE_X59Y143        LUT6 (Prop_lut6_I5_O)        0.124    15.545 r  u_soc_top/gen_cv32e40p_core.u_core/core_i/id_stage_i/register_file_i/i___91__23_i_26/O
                         net (fo=1, routed)           0.000    15.545    u_soc_top/gen_cv32e40p_core.u_core/core_i/id_stage_i/register_file_i/i___91__23_i_26_n_0
    SLICE_X59Y143        MUXF7 (Prop_muxf7_I1_O)      0.217    15.762 r  u_soc_top/gen_cv32e40p_core.u_core/core_i/id_stage_i/register_file_i/i___91__23_i_20/O
                         net (fo=1, routed)           0.306    16.068    u_soc_top/gen_cv32e40p_core.u_core/core_i/id_stage_i/register_file_i/i___91__23_i_20_n_0
    SLICE_X61Y142        LUT6 (Prop_lut6_I5_O)        0.299    16.367 r  u_soc_top/gen_cv32e40p_core.u_core/core_i/id_stage_i/register_file_i/i___91__23_i_8/O
                         net (fo=1, routed)           0.447    16.814    u_soc_top/gen_cv32e40p_core.u_core/core_i/id_stage_i/gen_hwloop_regs.hwloop_regs_i/alu_result[9]
    SLICE_X60Y139        LUT6 (Prop_lut6_I3_O)        0.124    16.938 r  u_soc_top/gen_cv32e40p_core.u_core/core_i/id_stage_i/gen_hwloop_regs.hwloop_regs_i/i___91__23_i_3/O
                         net (fo=37, routed)          0.576    17.515    u_soc_top/gen_cv32e40p_core.u_core/core_i/id_stage_i/register_file_i/hwlp_start_q_reg[0][9]_0
    SLICE_X61Y139        LUT6 (Prop_lut6_I4_O)        0.124    17.639 f  u_soc_top/gen_cv32e40p_core.u_core/core_i/id_stage_i/register_file_i/alu_operand_c_ex_o[9]_i_2/O
                         net (fo=4, routed)           0.487    18.126    u_soc_top/gen_cv32e40p_core.u_core/core_i/if_stage_i/mult_dot_op_c_ex_o_reg[9]
    SLICE_X61Y139        LUT5 (Prop_lut5_I0_O)        0.124    18.250 r  u_soc_top/gen_cv32e40p_core.u_core/core_i/if_stage_i/alu_operand_a_ex_o[9]_i_2/O
                         net (fo=2, routed)           0.548    18.798    u_soc_top/gen_cv32e40p_core.u_core/core_i/if_stage_i/alu_operand_a_ex_o[9]_i_2_n_0
    SLICE_X62Y138        LUT5 (Prop_lut5_I4_O)        0.124    18.922 r  u_soc_top/gen_cv32e40p_core.u_core/core_i/if_stage_i/mult_operand_a_ex_o[9]_i_1/O
                         net (fo=2, routed)           0.627    19.548    u_soc_top/gen_cv32e40p_core.u_core/core_i/id_stage_i/mult_operand_a_ex_o_reg[31]_0[9]
    SLICE_X63Y138        FDCE                                         r  u_soc_top/gen_cv32e40p_core.u_core/core_i/id_stage_i/mult_operand_a_ex_o_reg[9]/D
  -------------------------------------------------------------------    -------------------

                         (clock clk_50m_unbuf rise edge)
                                                     20.000    20.000 r  
    E3                                                0.000    20.000 r  clk_100m_i (IN)
                         net (fo=0)                   0.000    20.000    clk_100m_i
    E3                   IBUF (Prop_ibuf_I_O)         1.411    21.411 r  clk_100m_i_IBUF_inst/O
                         net (fo=1, routed)           1.162    22.573    clk_100m_i_IBUF
    MMCME2_ADV_X1Y2      MMCME2_ADV (Prop_mmcme2_adv_CLKIN1_CLKOUT0)
                                                     -7.324    15.249 r  u_mmcm/CLKOUT0
                         net (fo=1, routed)           1.639    16.888    clk_50m_unbuf
    BUFGCTRL_X0Y16       BUFG (Prop_bufg_I_O)         0.091    16.979 r  u_bufg_clk50/O
                         net (fo=7170, routed)        1.492    18.471    u_soc_top/gen_cv32e40p_core.u_core/core_i/id_stage_i/clk_50m
    SLICE_X63Y138        FDCE                                         r  u_soc_top/gen_cv32e40p_core.u_core/core_i/id_stage_i/mult_operand_a_ex_o_reg[9]/C
                         clock pessimism              0.560    19.031    
                         clock uncertainty           -0.089    18.942    
    SLICE_X63Y138        FDCE (Setup_fdce_C_D)       -0.081    18.861    u_soc_top/gen_cv32e40p_core.u_core/core_i/id_stage_i/mult_operand_a_ex_o_reg[9]
  -------------------------------------------------------------------
                         required time                         18.861    
                         arrival time                         -19.548    
  -------------------------------------------------------------------
                         slack                                 -0.687    

Slack (VIOLATED) :        -0.687ns  (required time - arrival time)
  Source:                 u_soc_top/gen_cv32e40p_core.u_core/core_i/id_stage_i/alu_operator_ex_o_reg[5]/C
                            (rising edge-triggered cell FDCE clocked by clk_50m_unbuf  {rise@0.000ns fall@10.000ns period=20.000ns})
  Destination:            u_soc_top/gen_cv32e40p_core.u_core/core_i/id_stage_i/mult_operand_a_ex_o_reg[13]/D
                            (rising edge-triggered cell FDCE clocked by clk_50m_unbuf  {rise@0.000ns fall@10.000ns period=20.000ns})
  Path Group:             clk_50m_unbuf
  Path Type:              Setup (Max at Slow Process Corner)
  Requirement:            20.000ns  (clk_50m_unbuf rise@20.000ns - clk_50m_unbuf rise@0.000ns)
  Data Path Delay:        20.427ns  (logic 5.909ns (28.928%)  route 14.518ns (71.072%))
  Logic Levels:           28  (CARRY4=5 LUT3=2 LUT5=6 LUT6=13 MUXF7=2)
  Clock Path Skew:        -0.104ns (DCD - SCD + CPR)
    Destination Clock Delay (DCD):    -1.525ns = ( 18.475 - 20.000 ) 
    Source Clock Delay      (SCD):    -0.932ns
    Clock Pessimism Removal (CPR):    0.488ns
  Clock Uncertainty:      0.089ns  ((TSJ^2 + DJ^2)^1/2) / 2 + PE
    Total System Jitter     (TSJ):    0.071ns
    Discrete Jitter          (DJ):    0.163ns
    Phase Error              (PE):    0.000ns

    Location             Delay type                Incr(ns)  Path(ns)    Netlist Resource(s)
  -------------------------------------------------------------------    -------------------
                         (clock clk_50m_unbuf rise edge)
                                                      0.000     0.000 r  
    E3                                                0.000     0.000 r  clk_100m_i (IN)
                         net (fo=0)                   0.000     0.000    clk_100m_i
    E3                   IBUF (Prop_ibuf_I_O)         1.482     1.482 r  clk_100m_i_IBUF_inst/O
                         net (fo=1, routed)           1.233     2.715    clk_100m_i_IBUF
    MMCME2_ADV_X1Y2      MMCME2_ADV (Prop_mmcme2_adv_CLKIN1_CLKOUT0)
                                                     -7.070    -4.355 r  u_mmcm/CLKOUT0
                         net (fo=1, routed)           1.719    -2.636    clk_50m_unbuf
    BUFGCTRL_X0Y16       BUFG (Prop_bufg_I_O)         0.096    -2.540 r  u_bufg_clk50/O
                         net (fo=7170, routed)        1.608    -0.932    u_soc_top/gen_cv32e40p_core.u_core/core_i/id_stage_i/clk_50m
    SLICE_X53Y142        FDCE                                         r  u_soc_top/gen_cv32e40p_core.u_core/core_i/id_stage_i/alu_operator_ex_o_reg[5]/C
  -------------------------------------------------------------------    -------------------
    SLICE_X53Y142        FDCE (Prop_fdce_C_Q)         0.456    -0.476 r  u_soc_top/gen_cv32e40p_core.u_core/core_i/id_stage_i/alu_operator_ex_o_reg[5]/Q
                         net (fo=59, routed)          0.670     0.194    u_soc_top/gen_cv32e40p_core.u_core/core_i/id_stage_i/register_file_i/i___147_i_34_0[5]
    SLICE_X55Y142        LUT3 (Prop_lut3_I0_O)        0.124     0.318 r  u_soc_top/gen_cv32e40p_core.u_core/core_i/id_stage_i/register_file_i/i___160_i_5/O
                         net (fo=96, routed)          1.370     1.688    u_soc_top/gen_cv32e40p_core.u_core/core_i/id_stage_i/register_file_i/i___160_i_5_n_0
    SLICE_X56Y145        LUT6 (Prop_lut6_I0_O)        0.124     1.812 r  u_soc_top/gen_cv32e40p_core.u_core/core_i/id_stage_i/register_file_i/i___91__10_i_53/O
                         net (fo=1, routed)           0.426     2.238    u_soc_top/gen_cv32e40p_core.u_core/core_i/id_stage_i/register_file_i/i___91__10_i_53_n_0
    SLICE_X56Y146        LUT6 (Prop_lut6_I5_O)        0.124     2.362 r  u_soc_top/gen_cv32e40p_core.u_core/core_i/id_stage_i/register_file_i/i___91__10_i_40/O
                         net (fo=2, routed)           0.692     3.054    u_soc_top/gen_cv32e40p_core.u_core/core_i/id_stage_i/register_file_i/ex_stage_i/alu_i/adder_op_a[19]
    SLICE_X54Y147        LUT5 (Prop_lut5_I0_O)        0.124     3.178 r  u_soc_top/gen_cv32e40p_core.u_core/core_i/id_stage_i/register_file_i/i___91__10_i_44/O
                         net (fo=1, routed)           0.000     3.178    u_soc_top/gen_cv32e40p_core.u_core/core_i/id_stage_i/register_file_i/i___91__10_i_44_n_0
    SLICE_X54Y147        CARRY4 (Prop_carry4_S[1]_CO[3])
                                                      0.533     3.711 r  u_soc_top/gen_cv32e40p_core.u_core/core_i/id_stage_i/register_file_i/i___91__10_i_30/CO[3]
                         net (fo=1, routed)           0.000     3.711    u_soc_top/gen_cv32e40p_core.u_core/core_i/id_stage_i/register_file_i/i___91__10_i_30_n_0
    SLICE_X54Y148        CARRY4 (Prop_carry4_CI_CO[3])
                                                      0.117     3.828 r  u_soc_top/gen_cv32e40p_core.u_core/core_i/id_stage_i/register_file_i/i___91__7_i_30/CO[3]
                         net (fo=1, routed)           0.000     3.828    u_soc_top/gen_cv32e40p_core.u_core/core_i/id_stage_i/register_file_i/i___91__7_i_30_n_0
    SLICE_X54Y149        CARRY4 (Prop_carry4_CI_O[1])
                                                      0.323     4.151 r  u_soc_top/gen_cv32e40p_core.u_core/core_i/id_stage_i/register_file_i/i___91__3_i_31/O[1]
                         net (fo=4, routed)           0.744     4.894    u_soc_top/gen_cv32e40p_core.u_core/core_i/id_stage_i/register_file_i/ex_stage_i/alu_i/data0[26]
    SLICE_X55Y150        LUT5 (Prop_lut5_I3_O)        0.306     5.200 r  u_soc_top/gen_cv32e40p_core.u_core/core_i/id_stage_i/register_file_i/BReg_DP[31]_i_95/O
                         net (fo=1, routed)           0.000     5.200    u_soc_top/gen_cv32e40p_core.u_core/core_i/id_stage_i/register_file_i/BReg_DP[31]_i_95_n_0
    SLICE_X55Y150        CARRY4 (Prop_carry4_S[2]_CO[3])
                                                      0.398     5.598 r  u_soc_top/gen_cv32e40p_core.u_core/core_i/id_stage_i/register_file_i/BReg_DP_reg[31]_i_82/CO[3]
                         net (fo=1, routed)           0.000     5.598    u_soc_top/gen_cv32e40p_core.u_core/core_i/id_stage_i/register_file_i/BReg_DP_reg[31]_i_82_n_0
    SLICE_X55Y151        CARRY4 (Prop_carry4_CI_O[3])
                                                      0.313     5.911 r  u_soc_top/gen_cv32e40p_core.u_core/core_i/id_stage_i/register_file_i/BReg_DP_reg[0]_i_8/O[3]
                         net (fo=2, routed)           0.495     6.406    u_soc_top/gen_cv32e40p_core.u_core/core_i/id_stage_i/register_file_i/ex_stage_i/alu_i/adder_round_result[31]
    SLICE_X55Y152        LUT6 (Prop_lut6_I2_O)        0.306     6.712 r  u_soc_top/gen_cv32e40p_core.u_core/core_i/id_stage_i/register_file_i/BReg_DP[0]_i_6/O
                         net (fo=61, routed)          1.014     7.726    u_soc_top/gen_cv32e40p_core.u_core/core_i/id_stage_i/register_file_i/shift_right_result126_out
    SLICE_X55Y154        LUT3 (Prop_lut3_I2_O)        0.124     7.850 r  u_soc_top/gen_cv32e40p_core.u_core/core_i/id_stage_i/register_file_i/BReg_DP[16]_i_12/O
                         net (fo=3, routed)           0.616     8.466    u_soc_top/gen_cv32e40p_core.u_core/core_i/id_stage_i/register_file_i/ex_stage_i/alu_i/shift_op_a_32[46]
    SLICE_X59Y156        LUT6 (Prop_lut6_I0_O)        0.124     8.590 r  u_soc_top/gen_cv32e40p_core.u_core/core_i/id_stage_i/register_file_i/BReg_DP[16]_i_8/O
                         net (fo=4, routed)           0.984     9.574    u_soc_top/gen_cv32e40p_core.u_core/core_i/id_stage_i/register_file_i/BReg_DP[16]_i_8_n_0
    SLICE_X57Y157        LUT6 (Prop_lut6_I0_O)        0.124     9.698 r  u_soc_top/gen_cv32e40p_core.u_core/core_i/id_stage_i/register_file_i/BReg_DP[16]_i_4/O
                         net (fo=3, routed)           0.446    10.144    u_soc_top/gen_cv32e40p_core.u_core/core_i/id_stage_i/register_file_i/alu_clpx_shift_ex_o_reg[1]_12
    SLICE_X56Y157        LUT5 (Prop_lut5_I2_O)        0.124    10.268 r  u_soc_top/gen_cv32e40p_core.u_core/core_i/id_stage_i/register_file_i/BReg_DP[16]_i_2/O
                         net (fo=3, routed)           0.827    11.095    u_soc_top/gen_cv32e40p_core.u_core/core_i/id_stage_i/register_file_i/shift_left_result[2]
    SLICE_X58Y157        LUT5 (Prop_lut5_I0_O)        0.124    11.219 r  u_soc_top/gen_cv32e40p_core.u_core/core_i/id_stage_i/register_file_i/i___91__15_i_30/O
                         net (fo=6, routed)           1.090    12.310    u_soc_top/gen_cv32e40p_core.u_core/core_i/id_stage_i/register_file_i/ex_stage_i/alu_i/radix_2_rev[15]
    SLICE_X60Y150        LUT6 (Prop_lut6_I5_O)        0.124    12.434 r  u_soc_top/gen_cv32e40p_core.u_core/core_i/id_stage_i/register_file_i/i___28_i_99/O
                         net (fo=1, routed)           0.000    12.434    u_soc_top/gen_cv32e40p_core.u_core/core_i/id_stage_i/register_file_i/i___28_i_99_n_0
    SLICE_X60Y150        MUXF7 (Prop_muxf7_I0_O)      0.209    12.643 r  u_soc_top/gen_cv32e40p_core.u_core/core_i/id_stage_i/register_file_i/i___28_i_93/O
                         net (fo=1, routed)           0.586    13.229    u_soc_top/gen_cv32e40p_core.u_core/core_i/id_stage_i/register_file_i/i___28_i_93_n_0
    SLICE_X58Y150        LUT6 (Prop_lut6_I2_O)        0.297    13.526 r  u_soc_top/gen_cv32e40p_core.u_core/core_i/id_stage_i/register_file_i/i___28_i_86/O
                         net (fo=64, routed)          0.982    14.507    u_soc_top/gen_cv32e40p_core.u_core/core_i/id_stage_i/register_file_i/ex_stage_i/alu_i/extract_sign
    SLICE_X51Y147        LUT6 (Prop_lut6_I5_O)        0.124    14.631 r  u_soc_top/gen_cv32e40p_core.u_core/core_i/id_stage_i/register_file_i/i___91__19_i_39/O
                         net (fo=1, routed)           0.306    14.937    u_soc_top/gen_cv32e40p_core.u_core/core_i/id_stage_i/register_file_i/i___91__19_i_39_n_0
    SLICE_X47Y147        LUT6 (Prop_lut6_I5_O)        0.124    15.061 r  u_soc_top/gen_cv32e40p_core.u_core/core_i/id_stage_i/register_file_i/i___91__19_i_33/O
                         net (fo=1, routed)           0.316    15.377    u_soc_top/gen_cv32e40p_core.u_core/core_i/id_stage_i/register_file_i/ex_stage_i/alu_i/bextins_result[13]
    SLICE_X44Y146        LUT6 (Prop_lut6_I5_O)        0.124    15.501 r  u_soc_top/gen_cv32e40p_core.u_core/core_i/id_stage_i/register_file_i/i___91__19_i_26/O
                         net (fo=1, routed)           0.000    15.501    u_soc_top/gen_cv32e40p_core.u_core/core_i/id_stage_i/register_file_i/i___91__19_i_26_n_0
    SLICE_X44Y146        MUXF7 (Prop_muxf7_I1_O)      0.245    15.746 r  u_soc_top/gen_cv32e40p_core.u_core/core_i/id_stage_i/register_file_i/i___91__19_i_20/O
                         net (fo=1, routed)           0.307    16.053    u_soc_top/gen_cv32e40p_core.u_core/core_i/id_stage_i/register_file_i/i___91__19_i_20_n_0
    SLICE_X44Y145        LUT6 (Prop_lut6_I5_O)        0.298    16.351 r  u_soc_top/gen_cv32e40p_core.u_core/core_i/id_stage_i/register_file_i/i___91__19_i_8/O
                         net (fo=1, routed)           0.710    17.061    u_soc_top/gen_cv32e40p_core.u_core/core_i/id_stage_i/gen_hwloop_regs.hwloop_regs_i/alu_result[13]
    SLICE_X44Y141        LUT6 (Prop_lut6_I3_O)        0.124    17.185 r  u_soc_top/gen_cv32e40p_core.u_core/core_i/id_stage_i/gen_hwloop_regs.hwloop_regs_i/i___91__19_i_3/O
                         net (fo=34, routed)          0.644    17.829    u_soc_top/gen_cv32e40p_core.u_core/core_i/id_stage_i/register_file_i/hwlp_counter_q_reg[0][13]_0
    SLICE_X44Y140        LUT6 (Prop_lut6_I4_O)        0.124    17.953 r  u_soc_top/gen_cv32e40p_core.u_core/core_i/id_stage_i/register_file_i/i___34_i_1/O
                         net (fo=8, routed)           0.363    18.316    u_soc_top/gen_cv32e40p_core.u_core/core_i/if_stage_i/hwlp_counter_q_reg[0][13]
    SLICE_X45Y139        LUT5 (Prop_lut5_I4_O)        0.124    18.440 r  u_soc_top/gen_cv32e40p_core.u_core/core_i/if_stage_i/alu_operand_a_ex_o[13]_i_2/O
                         net (fo=2, routed)           0.446    18.886    u_soc_top/gen_cv32e40p_core.u_core/core_i/if_stage_i/alu_operand_a_ex_o[13]_i_2_n_0
    SLICE_X45Y139        LUT5 (Prop_lut5_I4_O)        0.124    19.010 r  u_soc_top/gen_cv32e40p_core.u_core/core_i/if_stage_i/mult_operand_a_ex_o[13]_i_1/O
                         net (fo=2, routed)           0.485    19.495    u_soc_top/gen_cv32e40p_core.u_core/core_i/id_stage_i/mult_operand_a_ex_o_reg[31]_0[13]
    SLICE_X45Y138        FDCE                                         r  u_soc_top/gen_cv32e40p_core.u_core/core_i/id_stage_i/mult_operand_a_ex_o_reg[13]/D
  -------------------------------------------------------------------    -------------------

                         (clock clk_50m_unbuf rise edge)
                                                     20.000    20.000 r  
    E3                                                0.000    20.000 r  clk_100m_i (IN)
                         net (fo=0)                   0.000    20.000    clk_100m_i
    E3                   IBUF (Prop_ibuf_I_O)         1.411    21.411 r  clk_100m_i_IBUF_inst/O
                         net (fo=1, routed)           1.162    22.573    clk_100m_i_IBUF
    MMCME2_ADV_X1Y2      MMCME2_ADV (Prop_mmcme2_adv_CLKIN1_CLKOUT0)
                                                     -7.324    15.249 r  u_mmcm/CLKOUT0
                         net (fo=1, routed)           1.639    16.888    clk_50m_unbuf
    BUFGCTRL_X0Y16       BUFG (Prop_bufg_I_O)         0.091    16.979 r  u_bufg_clk50/O
                         net (fo=7170, routed)        1.496    18.475    u_soc_top/gen_cv32e40p_core.u_core/core_i/id_stage_i/clk_50m
    SLICE_X45Y138        FDCE                                         r  u_soc_top/gen_cv32e40p_core.u_core/core_i/id_stage_i/mult_operand_a_ex_o_reg[13]/C
                         clock pessimism              0.488    18.964    
                         clock uncertainty           -0.089    18.875    
    SLICE_X45Y138        FDCE (Setup_fdce_C_D)       -0.067    18.808    u_soc_top/gen_cv32e40p_core.u_core/core_i/id_stage_i/mult_operand_a_ex_o_reg[13]
  -------------------------------------------------------------------
                         required time                         18.808    
                         arrival time                         -19.495    
  -------------------------------------------------------------------
                         slack                                 -0.687    

Slack (VIOLATED) :        -0.681ns  (required time - arrival time)
  Source:                 u_soc_top/gen_cv32e40p_core.u_core/core_i/id_stage_i/alu_operator_ex_o_reg[5]/C
                            (rising edge-triggered cell FDCE clocked by clk_50m_unbuf  {rise@0.000ns fall@10.000ns period=20.000ns})
  Destination:            u_soc_top/gen_cv32e40p_core.u_core/core_i/id_stage_i/mult_operand_b_ex_o_reg[28]/D
                            (rising edge-triggered cell FDCE clocked by clk_50m_unbuf  {rise@0.000ns fall@10.000ns period=20.000ns})
  Path Group:             clk_50m_unbuf
  Path Type:              Setup (Max at Slow Process Corner)
  Requirement:            20.000ns  (clk_50m_unbuf rise@20.000ns - clk_50m_unbuf rise@0.000ns)
  Data Path Delay:        20.478ns  (logic 5.882ns (28.724%)  route 14.596ns (71.276%))
  Logic Levels:           28  (CARRY4=5 LUT3=2 LUT5=4 LUT6=15 MUXF7=2)
  Clock Path Skew:        -0.033ns (DCD - SCD + CPR)
    Destination Clock Delay (DCD):    -1.525ns = ( 18.475 - 20.000 ) 
    Source Clock Delay      (SCD):    -0.932ns
    Clock Pessimism Removal (CPR):    0.560ns
  Clock Uncertainty:      0.089ns  ((TSJ^2 + DJ^2)^1/2) / 2 + PE
    Total System Jitter     (TSJ):    0.071ns
    Discrete Jitter          (DJ):    0.163ns
    Phase Error              (PE):    0.000ns

    Location             Delay type                Incr(ns)  Path(ns)    Netlist Resource(s)
  -------------------------------------------------------------------    -------------------
                         (clock clk_50m_unbuf rise edge)
                                                      0.000     0.000 r  
    E3                                                0.000     0.000 r  clk_100m_i (IN)
                         net (fo=0)                   0.000     0.000    clk_100m_i
    E3                   IBUF (Prop_ibuf_I_O)         1.482     1.482 r  clk_100m_i_IBUF_inst/O
                         net (fo=1, routed)           1.233     2.715    clk_100m_i_IBUF
    MMCME2_ADV_X1Y2      MMCME2_ADV (Prop_mmcme2_adv_CLKIN1_CLKOUT0)
                                                     -7.070    -4.355 r  u_mmcm/CLKOUT0
                         net (fo=1, routed)           1.719    -2.636    clk_50m_unbuf
    BUFGCTRL_X0Y16       BUFG (Prop_bufg_I_O)         0.096    -2.540 r  u_bufg_clk50/O
                         net (fo=7170, routed)        1.608    -0.932    u_soc_top/gen_cv32e40p_core.u_core/core_i/id_stage_i/clk_50m
    SLICE_X53Y142        FDCE                                         r  u_soc_top/gen_cv32e40p_core.u_core/core_i/id_stage_i/alu_operator_ex_o_reg[5]/C
  -------------------------------------------------------------------    -------------------
    SLICE_X53Y142        FDCE (Prop_fdce_C_Q)         0.456    -0.476 r  u_soc_top/gen_cv32e40p_core.u_core/core_i/id_stage_i/alu_operator_ex_o_reg[5]/Q
                         net (fo=59, routed)          0.670     0.194    u_soc_top/gen_cv32e40p_core.u_core/core_i/id_stage_i/register_file_i/i___147_i_34_0[5]
    SLICE_X55Y142        LUT3 (Prop_lut3_I0_O)        0.124     0.318 r  u_soc_top/gen_cv32e40p_core.u_core/core_i/id_stage_i/register_file_i/i___160_i_5/O
                         net (fo=96, routed)          1.370     1.688    u_soc_top/gen_cv32e40p_core.u_core/core_i/id_stage_i/register_file_i/i___160_i_5_n_0
    SLICE_X56Y145        LUT6 (Prop_lut6_I0_O)        0.124     1.812 r  u_soc_top/gen_cv32e40p_core.u_core/core_i/id_stage_i/register_file_i/i___91__10_i_53/O
                         net (fo=1, routed)           0.426     2.238    u_soc_top/gen_cv32e40p_core.u_core/core_i/id_stage_i/register_file_i/i___91__10_i_53_n_0
    SLICE_X56Y146        LUT6 (Prop_lut6_I5_O)        0.124     2.362 r  u_soc_top/gen_cv32e40p_core.u_core/core_i/id_stage_i/register_file_i/i___91__10_i_40/O
                         net (fo=2, routed)           0.692     3.054    u_soc_top/gen_cv32e40p_core.u_core/core_i/id_stage_i/register_file_i/ex_stage_i/alu_i/adder_op_a[19]
    SLICE_X54Y147        LUT5 (Prop_lut5_I0_O)        0.124     3.178 r  u_soc_top/gen_cv32e40p_core.u_core/core_i/id_stage_i/register_file_i/i___91__10_i_44/O
                         net (fo=1, routed)           0.000     3.178    u_soc_top/gen_cv32e40p_core.u_core/core_i/id_stage_i/register_file_i/i___91__10_i_44_n_0
    SLICE_X54Y147        CARRY4 (Prop_carry4_S[1]_CO[3])
                                                      0.533     3.711 r  u_soc_top/gen_cv32e40p_core.u_core/core_i/id_stage_i/register_file_i/i___91__10_i_30/CO[3]
                         net (fo=1, routed)           0.000     3.711    u_soc_top/gen_cv32e40p_core.u_core/core_i/id_stage_i/register_file_i/i___91__10_i_30_n_0
    SLICE_X54Y148        CARRY4 (Prop_carry4_CI_CO[3])
                                                      0.117     3.828 r  u_soc_top/gen_cv32e40p_core.u_core/core_i/id_stage_i/register_file_i/i___91__7_i_30/CO[3]
                         net (fo=1, routed)           0.000     3.828    u_soc_top/gen_cv32e40p_core.u_core/core_i/id_stage_i/register_file_i/i___91__7_i_30_n_0
    SLICE_X54Y149        CARRY4 (Prop_carry4_CI_O[1])
                                                      0.323     4.151 r  u_soc_top/gen_cv32e40p_core.u_core/core_i/id_stage_i/register_file_i/i___91__3_i_31/O[1]
                         net (fo=4, routed)           0.744     4.894    u_soc_top/gen_cv32e40p_core.u_core/core_i/id_stage_i/register_file_i/ex_stage_i/alu_i/data0[26]
    SLICE_X55Y150        LUT5 (Prop_lut5_I3_O)        0.306     5.200 r  u_soc_top/gen_cv32e40p_core.u_core/core_i/id_stage_i/register_file_i/BReg_DP[31]_i_95/O
                         net (fo=1, routed)           0.000     5.200    u_soc_top/gen_cv32e40p_core.u_core/core_i/id_stage_i/register_file_i/BReg_DP[31]_i_95_n_0
    SLICE_X55Y150        CARRY4 (Prop_carry4_S[2]_CO[3])
                                                      0.398     5.598 r  u_soc_top/gen_cv32e40p_core.u_core/core_i/id_stage_i/register_file_i/BReg_DP_reg[31]_i_82/CO[3]
                         net (fo=1, routed)           0.000     5.598    u_soc_top/gen_cv32e40p_core.u_core/core_i/id_stage_i/register_file_i/BReg_DP_reg[31]_i_82_n_0
    SLICE_X55Y151        CARRY4 (Prop_carry4_CI_O[3])
                                                      0.313     5.911 r  u_soc_top/gen_cv32e40p_core.u_core/core_i/id_stage_i/register_file_i/BReg_DP_reg[0]_i_8/O[3]
                         net (fo=2, routed)           0.495     6.406    u_soc_top/gen_cv32e40p_core.u_core/core_i/id_stage_i/register_file_i/ex_stage_i/alu_i/adder_round_result[31]
    SLICE_X55Y152        LUT6 (Prop_lut6_I2_O)        0.306     6.712 r  u_soc_top/gen_cv32e40p_core.u_core/core_i/id_stage_i/register_file_i/BReg_DP[0]_i_6/O
                         net (fo=61, routed)          1.014     7.726    u_soc_top/gen_cv32e40p_core.u_core/core_i/id_stage_i/register_file_i/shift_right_result126_out
    SLICE_X55Y154        LUT3 (Prop_lut3_I2_O)        0.124     7.850 r  u_soc_top/gen_cv32e40p_core.u_core/core_i/id_stage_i/register_file_i/BReg_DP[16]_i_12/O
                         net (fo=3, routed)           0.616     8.466    u_soc_top/gen_cv32e40p_core.u_core/core_i/id_stage_i/register_file_i/ex_stage_i/alu_i/shift_op_a_32[46]
    SLICE_X59Y156        LUT6 (Prop_lut6_I0_O)        0.124     8.590 r  u_soc_top/gen_cv32e40p_core.u_core/core_i/id_stage_i/register_file_i/BReg_DP[16]_i_8/O
                         net (fo=4, routed)           0.984     9.574    u_soc_top/gen_cv32e40p_core.u_core/core_i/id_stage_i/register_file_i/BReg_DP[16]_i_8_n_0
    SLICE_X57Y157        LUT6 (Prop_lut6_I0_O)        0.124     9.698 r  u_soc_top/gen_cv32e40p_core.u_core/core_i/id_stage_i/register_file_i/BReg_DP[16]_i_4/O
                         net (fo=3, routed)           0.446    10.144    u_soc_top/gen_cv32e40p_core.u_core/core_i/id_stage_i/register_file_i/alu_clpx_shift_ex_o_reg[1]_12
    SLICE_X56Y157        LUT5 (Prop_lut5_I2_O)        0.124    10.268 r  u_soc_top/gen_cv32e40p_core.u_core/core_i/id_stage_i/register_file_i/BReg_DP[16]_i_2/O
                         net (fo=3, routed)           0.827    11.095    u_soc_top/gen_cv32e40p_core.u_core/core_i/id_stage_i/register_file_i/shift_left_result[2]
    SLICE_X58Y157        LUT5 (Prop_lut5_I0_O)        0.124    11.219 r  u_soc_top/gen_cv32e40p_core.u_core/core_i/id_stage_i/register_file_i/i___91__15_i_30/O
                         net (fo=6, routed)           1.090    12.310    u_soc_top/gen_cv32e40p_core.u_core/core_i/id_stage_i/register_file_i/ex_stage_i/alu_i/radix_2_rev[15]
    SLICE_X60Y150        LUT6 (Prop_lut6_I5_O)        0.124    12.434 r  u_soc_top/gen_cv32e40p_core.u_core/core_i/id_stage_i/register_file_i/i___28_i_99/O
                         net (fo=1, routed)           0.000    12.434    u_soc_top/gen_cv32e40p_core.u_core/core_i/id_stage_i/register_file_i/i___28_i_99_n_0
    SLICE_X60Y150        MUXF7 (Prop_muxf7_I0_O)      0.209    12.643 r  u_soc_top/gen_cv32e40p_core.u_core/core_i/id_stage_i/register_file_i/i___28_i_93/O
                         net (fo=1, routed)           0.586    13.229    u_soc_top/gen_cv32e40p_core.u_core/core_i/id_stage_i/register_file_i/i___28_i_93_n_0
    SLICE_X58Y150        LUT6 (Prop_lut6_I2_O)        0.297    13.526 r  u_soc_top/gen_cv32e40p_core.u_core/core_i/id_stage_i/register_file_i/i___28_i_86/O
                         net (fo=64, routed)          0.719    14.244    u_soc_top/gen_cv32e40p_core.u_core/core_i/id_stage_i/register_file_i/ex_stage_i/alu_i/extract_sign
    SLICE_X64Y150        LUT6 (Prop_lut6_I5_O)        0.124    14.368 r  u_soc_top/gen_cv32e40p_core.u_core/core_i/id_stage_i/register_file_i/i___91__20_i_39/O
                         net (fo=1, routed)           0.575    14.943    u_soc_top/gen_cv32e40p_core.u_core/core_i/id_stage_i/register_file_i/i___91__20_i_39_n_0
    SLICE_X68Y149        LUT6 (Prop_lut6_I5_O)        0.124    15.067 r  u_soc_top/gen_cv32e40p_core.u_core/core_i/id_stage_i/register_file_i/i___91__20_i_33/O
                         net (fo=1, routed)           0.162    15.229    u_soc_top/gen_cv32e40p_core.u_core/core_i/id_stage_i/register_file_i/ex_stage_i/alu_i/bextins_result[12]
    SLICE_X68Y149        LUT6 (Prop_lut6_I5_O)        0.124    15.353 r  u_soc_top/gen_cv32e40p_core.u_core/core_i/id_stage_i/register_file_i/i___91__20_i_26/O
                         net (fo=1, routed)           0.000    15.353    u_soc_top/gen_cv32e40p_core.u_core/core_i/id_stage_i/register_file_i/i___91__20_i_26_n_0
    SLICE_X68Y149        MUXF7 (Prop_muxf7_I1_O)      0.217    15.570 r  u_soc_top/gen_cv32e40p_core.u_core/core_i/id_stage_i/register_file_i/i___91__20_i_20/O
                         net (fo=1, routed)           0.301    15.871    u_soc_top/gen_cv32e40p_core.u_core/core_i/id_stage_i/register_file_i/i___91__20_i_20_n_0
    SLICE_X69Y148        LUT6 (Prop_lut6_I5_O)        0.299    16.170 r  u_soc_top/gen_cv32e40p_core.u_core/core_i/id_stage_i/register_file_i/i___91__20_i_8/O
                         net (fo=1, routed)           0.500    16.670    u_soc_top/gen_cv32e40p_core.u_core/core_i/id_stage_i/gen_hwloop_regs.hwloop_regs_i/alu_result[12]
    SLICE_X70Y147        LUT6 (Prop_lut6_I3_O)        0.124    16.794 r  u_soc_top/gen_cv32e40p_core.u_core/core_i/id_stage_i/gen_hwloop_regs.hwloop_regs_i/i___91__20_i_3/O
                         net (fo=36, routed)          0.735    17.529    u_soc_top/gen_cv32e40p_core.u_core/core_i/id_stage_i/gen_hwloop_regs.hwloop_regs_i/csr_access_ex_o_reg_24
    SLICE_X72Y145        LUT6 (Prop_lut6_I1_O)        0.124    17.653 r  u_soc_top/gen_cv32e40p_core.u_core/core_i/id_stage_i/gen_hwloop_regs.hwloop_regs_i/alu_operand_b_ex_o[28]_i_6/O
                         net (fo=1, routed)           0.574    18.227    u_soc_top/gen_cv32e40p_core.u_core/core_i/if_stage_i/mult_operand_b_ex_o_reg[28]_0
    SLICE_X72Y144        LUT6 (Prop_lut6_I0_O)        0.124    18.351 r  u_soc_top/gen_cv32e40p_core.u_core/core_i/if_stage_i/alu_operand_b_ex_o[28]_i_3/O
                         net (fo=3, routed)           0.727    19.078    u_soc_top/gen_cv32e40p_core.u_core/core_i/if_stage_i/alu_operand_b_ex_o[28]_i_3_n_0
    SLICE_X67Y144        LUT6 (Prop_lut6_I2_O)        0.124    19.202 r  u_soc_top/gen_cv32e40p_core.u_core/core_i/if_stage_i/mult_operand_b_ex_o[28]_i_1/O
                         net (fo=2, routed)           0.344    19.546    u_soc_top/gen_cv32e40p_core.u_core/core_i/id_stage_i/mult_operand_b_ex_o_reg[31]_1[20]
    SLICE_X67Y145        FDCE                                         r  u_soc_top/gen_cv32e40p_core.u_core/core_i/id_stage_i/mult_operand_b_ex_o_reg[28]/D
  -------------------------------------------------------------------    -------------------

                         (clock clk_50m_unbuf rise edge)
                                                     20.000    20.000 r  
    E3                                                0.000    20.000 r  clk_100m_i (IN)
                         net (fo=0)                   0.000    20.000    clk_100m_i
    E3                   IBUF (Prop_ibuf_I_O)         1.411    21.411 r  clk_100m_i_IBUF_inst/O
                         net (fo=1, routed)           1.162    22.573    clk_100m_i_IBUF
    MMCME2_ADV_X1Y2      MMCME2_ADV (Prop_mmcme2_adv_CLKIN1_CLKOUT0)
                                                     -7.324    15.249 r  u_mmcm/CLKOUT0
                         net (fo=1, routed)           1.639    16.888    clk_50m_unbuf
    BUFGCTRL_X0Y16       BUFG (Prop_bufg_I_O)         0.091    16.979 r  u_bufg_clk50/O
                         net (fo=7170, routed)        1.496    18.475    u_soc_top/gen_cv32e40p_core.u_core/core_i/id_stage_i/clk_50m
    SLICE_X67Y145        FDCE                                         r  u_soc_top/gen_cv32e40p_core.u_core/core_i/id_stage_i/mult_operand_b_ex_o_reg[28]/C
                         clock pessimism              0.560    19.035    
                         clock uncertainty           -0.089    18.946    
    SLICE_X67Y145        FDCE (Setup_fdce_C_D)       -0.081    18.865    u_soc_top/gen_cv32e40p_core.u_core/core_i/id_stage_i/mult_operand_b_ex_o_reg[28]
  -------------------------------------------------------------------
                         required time                         18.865    
                         arrival time                         -19.546    
  -------------------------------------------------------------------
                         slack                                 -0.681    

Slack (VIOLATED) :        -0.678ns  (required time - arrival time)
  Source:                 u_soc_top/gen_cv32e40p_core.u_core/core_i/id_stage_i/alu_operator_ex_o_reg[5]/C
                            (rising edge-triggered cell FDCE clocked by clk_50m_unbuf  {rise@0.000ns fall@10.000ns period=20.000ns})
  Destination:            u_soc_top/gen_cv32e40p_core.u_core/core_i/id_stage_i/mult_dot_op_b_ex_o_reg[9]/D
                            (rising edge-triggered cell FDCE clocked by clk_50m_unbuf  {rise@0.000ns fall@10.000ns period=20.000ns})
  Path Group:             clk_50m_unbuf
  Path Type:              Setup (Max at Slow Process Corner)
  Requirement:            20.000ns  (clk_50m_unbuf rise@20.000ns - clk_50m_unbuf rise@0.000ns)
  Data Path Delay:        20.497ns  (logic 5.882ns (28.697%)  route 14.615ns (71.303%))
  Logic Levels:           28  (CARRY4=5 LUT3=2 LUT4=1 LUT5=4 LUT6=14 MUXF7=2)
  Clock Path Skew:        -0.035ns (DCD - SCD + CPR)
    Destination Clock Delay (DCD):    -1.527ns = ( 18.473 - 20.000 ) 
    Source Clock Delay      (SCD):    -0.932ns
    Clock Pessimism Removal (CPR):    0.560ns
  Clock Uncertainty:      0.089ns  ((TSJ^2 + DJ^2)^1/2) / 2 + PE
    Total System Jitter     (TSJ):    0.071ns
    Discrete Jitter          (DJ):    0.163ns
    Phase Error              (PE):    0.000ns

    Location             Delay type                Incr(ns)  Path(ns)    Netlist Resource(s)
  -------------------------------------------------------------------    -------------------
                         (clock clk_50m_unbuf rise edge)
                                                      0.000     0.000 r  
    E3                                                0.000     0.000 r  clk_100m_i (IN)
                         net (fo=0)                   0.000     0.000    clk_100m_i
    E3                   IBUF (Prop_ibuf_I_O)         1.482     1.482 r  clk_100m_i_IBUF_inst/O
                         net (fo=1, routed)           1.233     2.715    clk_100m_i_IBUF
    MMCME2_ADV_X1Y2      MMCME2_ADV (Prop_mmcme2_adv_CLKIN1_CLKOUT0)
                                                     -7.070    -4.355 r  u_mmcm/CLKOUT0
                         net (fo=1, routed)           1.719    -2.636    clk_50m_unbuf
    BUFGCTRL_X0Y16       BUFG (Prop_bufg_I_O)         0.096    -2.540 r  u_bufg_clk50/O
                         net (fo=7170, routed)        1.608    -0.932    u_soc_top/gen_cv32e40p_core.u_core/core_i/id_stage_i/clk_50m
    SLICE_X53Y142        FDCE                                         r  u_soc_top/gen_cv32e40p_core.u_core/core_i/id_stage_i/alu_operator_ex_o_reg[5]/C
  -------------------------------------------------------------------    -------------------
    SLICE_X53Y142        FDCE (Prop_fdce_C_Q)         0.456    -0.476 r  u_soc_top/gen_cv32e40p_core.u_core/core_i/id_stage_i/alu_operator_ex_o_reg[5]/Q
                         net (fo=59, routed)          0.670     0.194    u_soc_top/gen_cv32e40p_core.u_core/core_i/id_stage_i/register_file_i/i___147_i_34_0[5]
    SLICE_X55Y142        LUT3 (Prop_lut3_I0_O)        0.124     0.318 r  u_soc_top/gen_cv32e40p_core.u_core/core_i/id_stage_i/register_file_i/i___160_i_5/O
                         net (fo=96, routed)          1.370     1.688    u_soc_top/gen_cv32e40p_core.u_core/core_i/id_stage_i/register_file_i/i___160_i_5_n_0
    SLICE_X56Y145        LUT6 (Prop_lut6_I0_O)        0.124     1.812 r  u_soc_top/gen_cv32e40p_core.u_core/core_i/id_stage_i/register_file_i/i___91__10_i_53/O
                         net (fo=1, routed)           0.426     2.238    u_soc_top/gen_cv32e40p_core.u_core/core_i/id_stage_i/register_file_i/i___91__10_i_53_n_0
    SLICE_X56Y146        LUT6 (Prop_lut6_I5_O)        0.124     2.362 r  u_soc_top/gen_cv32e40p_core.u_core/core_i/id_stage_i/register_file_i/i___91__10_i_40/O
                         net (fo=2, routed)           0.692     3.054    u_soc_top/gen_cv32e40p_core.u_core/core_i/id_stage_i/register_file_i/ex_stage_i/alu_i/adder_op_a[19]
    SLICE_X54Y147        LUT5 (Prop_lut5_I0_O)        0.124     3.178 r  u_soc_top/gen_cv32e40p_core.u_core/core_i/id_stage_i/register_file_i/i___91__10_i_44/O
                         net (fo=1, routed)           0.000     3.178    u_soc_top/gen_cv32e40p_core.u_core/core_i/id_stage_i/register_file_i/i___91__10_i_44_n_0
    SLICE_X54Y147        CARRY4 (Prop_carry4_S[1]_CO[3])
                                                      0.533     3.711 r  u_soc_top/gen_cv32e40p_core.u_core/core_i/id_stage_i/register_file_i/i___91__10_i_30/CO[3]
                         net (fo=1, routed)           0.000     3.711    u_soc_top/gen_cv32e40p_core.u_core/core_i/id_stage_i/register_file_i/i___91__10_i_30_n_0
    SLICE_X54Y148        CARRY4 (Prop_carry4_CI_CO[3])
                                                      0.117     3.828 r  u_soc_top/gen_cv32e40p_core.u_core/core_i/id_stage_i/register_file_i/i___91__7_i_30/CO[3]
                         net (fo=1, routed)           0.000     3.828    u_soc_top/gen_cv32e40p_core.u_core/core_i/id_stage_i/register_file_i/i___91__7_i_30_n_0
    SLICE_X54Y149        CARRY4 (Prop_carry4_CI_O[1])
                                                      0.323     4.151 r  u_soc_top/gen_cv32e40p_core.u_core/core_i/id_stage_i/register_file_i/i___91__3_i_31/O[1]
                         net (fo=4, routed)           0.744     4.894    u_soc_top/gen_cv32e40p_core.u_core/core_i/id_stage_i/register_file_i/ex_stage_i/alu_i/data0[26]
    SLICE_X55Y150        LUT5 (Prop_lut5_I3_O)        0.306     5.200 r  u_soc_top/gen_cv32e40p_core.u_core/core_i/id_stage_i/register_file_i/BReg_DP[31]_i_95/O
                         net (fo=1, routed)           0.000     5.200    u_soc_top/gen_cv32e40p_core.u_core/core_i/id_stage_i/register_file_i/BReg_DP[31]_i_95_n_0
    SLICE_X55Y150        CARRY4 (Prop_carry4_S[2]_CO[3])
                                                      0.398     5.598 r  u_soc_top/gen_cv32e40p_core.u_core/core_i/id_stage_i/register_file_i/BReg_DP_reg[31]_i_82/CO[3]
                         net (fo=1, routed)           0.000     5.598    u_soc_top/gen_cv32e40p_core.u_core/core_i/id_stage_i/register_file_i/BReg_DP_reg[31]_i_82_n_0
    SLICE_X55Y151        CARRY4 (Prop_carry4_CI_O[3])
                                                      0.313     5.911 r  u_soc_top/gen_cv32e40p_core.u_core/core_i/id_stage_i/register_file_i/BReg_DP_reg[0]_i_8/O[3]
                         net (fo=2, routed)           0.495     6.406    u_soc_top/gen_cv32e40p_core.u_core/core_i/id_stage_i/register_file_i/ex_stage_i/alu_i/adder_round_result[31]
    SLICE_X55Y152        LUT6 (Prop_lut6_I2_O)        0.306     6.712 r  u_soc_top/gen_cv32e40p_core.u_core/core_i/id_stage_i/register_file_i/BReg_DP[0]_i_6/O
                         net (fo=61, routed)          1.014     7.726    u_soc_top/gen_cv32e40p_core.u_core/core_i/id_stage_i/register_file_i/shift_right_result126_out
    SLICE_X55Y154        LUT3 (Prop_lut3_I2_O)        0.124     7.850 r  u_soc_top/gen_cv32e40p_core.u_core/core_i/id_stage_i/register_file_i/BReg_DP[16]_i_12/O
                         net (fo=3, routed)           0.616     8.466    u_soc_top/gen_cv32e40p_core.u_core/core_i/id_stage_i/register_file_i/ex_stage_i/alu_i/shift_op_a_32[46]
    SLICE_X59Y156        LUT6 (Prop_lut6_I0_O)        0.124     8.590 r  u_soc_top/gen_cv32e40p_core.u_core/core_i/id_stage_i/register_file_i/BReg_DP[16]_i_8/O
                         net (fo=4, routed)           0.984     9.574    u_soc_top/gen_cv32e40p_core.u_core/core_i/id_stage_i/register_file_i/BReg_DP[16]_i_8_n_0
    SLICE_X57Y157        LUT6 (Prop_lut6_I0_O)        0.124     9.698 r  u_soc_top/gen_cv32e40p_core.u_core/core_i/id_stage_i/register_file_i/BReg_DP[16]_i_4/O
                         net (fo=3, routed)           0.446    10.144    u_soc_top/gen_cv32e40p_core.u_core/core_i/id_stage_i/register_file_i/alu_clpx_shift_ex_o_reg[1]_12
    SLICE_X56Y157        LUT5 (Prop_lut5_I2_O)        0.124    10.268 r  u_soc_top/gen_cv32e40p_core.u_core/core_i/id_stage_i/register_file_i/BReg_DP[16]_i_2/O
                         net (fo=3, routed)           0.827    11.095    u_soc_top/gen_cv32e40p_core.u_core/core_i/id_stage_i/register_file_i/shift_left_result[2]
    SLICE_X58Y157        LUT5 (Prop_lut5_I0_O)        0.124    11.219 r  u_soc_top/gen_cv32e40p_core.u_core/core_i/id_stage_i/register_file_i/i___91__15_i_30/O
                         net (fo=6, routed)           1.090    12.310    u_soc_top/gen_cv32e40p_core.u_core/core_i/id_stage_i/register_file_i/ex_stage_i/alu_i/radix_2_rev[15]
    SLICE_X60Y150        LUT6 (Prop_lut6_I5_O)        0.124    12.434 r  u_soc_top/gen_cv32e40p_core.u_core/core_i/id_stage_i/register_file_i/i___28_i_99/O
                         net (fo=1, routed)           0.000    12.434    u_soc_top/gen_cv32e40p_core.u_core/core_i/id_stage_i/register_file_i/i___28_i_99_n_0
    SLICE_X60Y150        MUXF7 (Prop_muxf7_I0_O)      0.209    12.643 r  u_soc_top/gen_cv32e40p_core.u_core/core_i/id_stage_i/register_file_i/i___28_i_93/O
                         net (fo=1, routed)           0.586    13.229    u_soc_top/gen_cv32e40p_core.u_core/core_i/id_stage_i/register_file_i/i___28_i_93_n_0
    SLICE_X58Y150        LUT6 (Prop_lut6_I2_O)        0.297    13.526 r  u_soc_top/gen_cv32e40p_core.u_core/core_i/id_stage_i/register_file_i/i___28_i_86/O
                         net (fo=64, routed)          0.948    14.474    u_soc_top/gen_cv32e40p_core.u_core/core_i/id_stage_i/register_file_i/ex_stage_i/alu_i/extract_sign
    SLICE_X61Y144        LUT6 (Prop_lut6_I5_O)        0.124    14.598 r  u_soc_top/gen_cv32e40p_core.u_core/core_i/id_stage_i/register_file_i/i___91__23_i_39/O
                         net (fo=1, routed)           0.296    14.894    u_soc_top/gen_cv32e40p_core.u_core/core_i/id_stage_i/register_file_i/i___91__23_i_39_n_0
    SLICE_X59Y143        LUT6 (Prop_lut6_I5_O)        0.124    15.018 r  u_soc_top/gen_cv32e40p_core.u_core/core_i/id_stage_i/register_file_i/i___91__23_i_33/O
                         net (fo=1, routed)           0.403    15.421    u_soc_top/gen_cv32e40p_core.u_core/core_i/id_stage_i/register_file_i/ex_stage_i/alu_i/bextins_result[9]
    SLICE_X59Y143        LUT6 (Prop_lut6_I5_O)        0.124    15.545 r  u_soc_top/gen_cv32e40p_core.u_core/core_i/id_stage_i/register_file_i/i___91__23_i_26/O
                         net (fo=1, routed)           0.000    15.545    u_soc_top/gen_cv32e40p_core.u_core/core_i/id_stage_i/register_file_i/i___91__23_i_26_n_0
    SLICE_X59Y143        MUXF7 (Prop_muxf7_I1_O)      0.217    15.762 r  u_soc_top/gen_cv32e40p_core.u_core/core_i/id_stage_i/register_file_i/i___91__23_i_20/O
                         net (fo=1, routed)           0.306    16.068    u_soc_top/gen_cv32e40p_core.u_core/core_i/id_stage_i/register_file_i/i___91__23_i_20_n_0
    SLICE_X61Y142        LUT6 (Prop_lut6_I5_O)        0.299    16.367 r  u_soc_top/gen_cv32e40p_core.u_core/core_i/id_stage_i/register_file_i/i___91__23_i_8/O
                         net (fo=1, routed)           0.447    16.814    u_soc_top/gen_cv32e40p_core.u_core/core_i/id_stage_i/gen_hwloop_regs.hwloop_regs_i/alu_result[9]
    SLICE_X60Y139        LUT6 (Prop_lut6_I3_O)        0.124    16.938 r  u_soc_top/gen_cv32e40p_core.u_core/core_i/id_stage_i/gen_hwloop_regs.hwloop_regs_i/i___91__23_i_3/O
                         net (fo=37, routed)          0.576    17.515    u_soc_top/gen_cv32e40p_core.u_core/core_i/id_stage_i/register_file_i/hwlp_start_q_reg[0][9]_0
    SLICE_X61Y139        LUT6 (Prop_lut6_I4_O)        0.124    17.639 f  u_soc_top/gen_cv32e40p_core.u_core/core_i/id_stage_i/register_file_i/alu_operand_c_ex_o[9]_i_2/O
                         net (fo=4, routed)           0.713    18.352    u_soc_top/gen_cv32e40p_core.u_core/core_i/if_stage_i/mult_dot_op_c_ex_o_reg[9]
    SLICE_X62Y139        LUT6 (Prop_lut6_I5_O)        0.124    18.476 r  u_soc_top/gen_cv32e40p_core.u_core/core_i/if_stage_i/alu_operand_b_ex_o[25]_i_3/O
                         net (fo=4, routed)           0.614    19.090    u_soc_top/gen_cv32e40p_core.u_core/core_i/if_stage_i/alu_operand_b_ex_o[25]_i_3_n_0
    SLICE_X63Y139        LUT4 (Prop_lut4_I3_O)        0.124    19.214 r  u_soc_top/gen_cv32e40p_core.u_core/core_i/if_stage_i/mult_operand_b_ex_o[9]_i_1/O
                         net (fo=2, routed)           0.350    19.565    u_soc_top/gen_cv32e40p_core.u_core/core_i/id_stage_i/mult_operand_b_ex_o_reg[31]_1[1]
    SLICE_X65Y139        FDCE                                         r  u_soc_top/gen_cv32e40p_core.u_core/core_i/id_stage_i/mult_dot_op_b_ex_o_reg[9]/D
  -------------------------------------------------------------------    -------------------

                         (clock clk_50m_unbuf rise edge)
                                                     20.000    20.000 r  
    E3                                                0.000    20.000 r  clk_100m_i (IN)
                         net (fo=0)                   0.000    20.000    clk_100m_i
    E3                   IBUF (Prop_ibuf_I_O)         1.411    21.411 r  clk_100m_i_IBUF_inst/O
                         net (fo=1, routed)           1.162    22.573    clk_100m_i_IBUF
    MMCME2_ADV_X1Y2      MMCME2_ADV (Prop_mmcme2_adv_CLKIN1_CLKOUT0)
                                                     -7.324    15.249 r  u_mmcm/CLKOUT0
                         net (fo=1, routed)           1.639    16.888    clk_50m_unbuf
    BUFGCTRL_X0Y16       BUFG (Prop_bufg_I_O)         0.091    16.979 r  u_bufg_clk50/O
                         net (fo=7170, routed)        1.494    18.473    u_soc_top/gen_cv32e40p_core.u_core/core_i/id_stage_i/clk_50m
    SLICE_X65Y139        FDCE                                         r  u_soc_top/gen_cv32e40p_core.u_core/core_i/id_stage_i/mult_dot_op_b_ex_o_reg[9]/C
                         clock pessimism              0.560    19.033    
                         clock uncertainty           -0.089    18.944    
    SLICE_X65Y139        FDCE (Setup_fdce_C_D)       -0.058    18.886    u_soc_top/gen_cv32e40p_core.u_core/core_i/id_stage_i/mult_dot_op_b_ex_o_reg[9]
  -------------------------------------------------------------------
                         required time                         18.886    
                         arrival time                         -19.565    
  -------------------------------------------------------------------
                         slack                                 -0.678    

Slack (VIOLATED) :        -0.668ns  (required time - arrival time)
  Source:                 u_soc_top/gen_cv32e40p_core.u_core/core_i/id_stage_i/alu_operator_ex_o_reg[5]/C
                            (rising edge-triggered cell FDCE clocked by clk_50m_unbuf  {rise@0.000ns fall@10.000ns period=20.000ns})
  Destination:            u_soc_top/gen_cv32e40p_core.u_core/core_i/id_stage_i/mult_dot_op_b_ex_o_reg[30]/D
                            (rising edge-triggered cell FDCE clocked by clk_50m_unbuf  {rise@0.000ns fall@10.000ns period=20.000ns})
  Path Group:             clk_50m_unbuf
  Path Type:              Setup (Max at Slow Process Corner)
  Requirement:            20.000ns  (clk_50m_unbuf rise@20.000ns - clk_50m_unbuf rise@0.000ns)
  Data Path Delay:        20.446ns  (logic 5.882ns (28.769%)  route 14.564ns (71.231%))
  Logic Levels:           28  (CARRY4=5 LUT3=2 LUT5=4 LUT6=15 MUXF7=2)
  Clock Path Skew:        -0.105ns (DCD - SCD + CPR)
    Destination Clock Delay (DCD):    -1.526ns = ( 18.474 - 20.000 ) 
    Source Clock Delay      (SCD):    -0.932ns
    Clock Pessimism Removal (CPR):    0.488ns
  Clock Uncertainty:      0.089ns  ((TSJ^2 + DJ^2)^1/2) / 2 + PE
    Total System Jitter     (TSJ):    0.071ns
    Discrete Jitter          (DJ):    0.163ns
    Phase Error              (PE):    0.000ns

    Location             Delay type                Incr(ns)  Path(ns)    Netlist Resource(s)
  -------------------------------------------------------------------    -------------------
                         (clock clk_50m_unbuf rise edge)
                                                      0.000     0.000 r  
    E3                                                0.000     0.000 r  clk_100m_i (IN)
                         net (fo=0)                   0.000     0.000    clk_100m_i
    E3                   IBUF (Prop_ibuf_I_O)         1.482     1.482 r  clk_100m_i_IBUF_inst/O
                         net (fo=1, routed)           1.233     2.715    clk_100m_i_IBUF
    MMCME2_ADV_X1Y2      MMCME2_ADV (Prop_mmcme2_adv_CLKIN1_CLKOUT0)
                                                     -7.070    -4.355 r  u_mmcm/CLKOUT0
                         net (fo=1, routed)           1.719    -2.636    clk_50m_unbuf
    BUFGCTRL_X0Y16       BUFG (Prop_bufg_I_O)         0.096    -2.540 r  u_bufg_clk50/O
                         net (fo=7170, routed)        1.608    -0.932    u_soc_top/gen_cv32e40p_core.u_core/core_i/id_stage_i/clk_50m
    SLICE_X53Y142        FDCE                                         r  u_soc_top/gen_cv32e40p_core.u_core/core_i/id_stage_i/alu_operator_ex_o_reg[5]/C
  -------------------------------------------------------------------    -------------------
    SLICE_X53Y142        FDCE (Prop_fdce_C_Q)         0.456    -0.476 r  u_soc_top/gen_cv32e40p_core.u_core/core_i/id_stage_i/alu_operator_ex_o_reg[5]/Q
                         net (fo=59, routed)          0.670     0.194    u_soc_top/gen_cv32e40p_core.u_core/core_i/id_stage_i/register_file_i/i___147_i_34_0[5]
    SLICE_X55Y142        LUT3 (Prop_lut3_I0_O)        0.124     0.318 r  u_soc_top/gen_cv32e40p_core.u_core/core_i/id_stage_i/register_file_i/i___160_i_5/O
                         net (fo=96, routed)          1.370     1.688    u_soc_top/gen_cv32e40p_core.u_core/core_i/id_stage_i/register_file_i/i___160_i_5_n_0
    SLICE_X56Y145        LUT6 (Prop_lut6_I0_O)        0.124     1.812 r  u_soc_top/gen_cv32e40p_core.u_core/core_i/id_stage_i/register_file_i/i___91__10_i_53/O
                         net (fo=1, routed)           0.426     2.238    u_soc_top/gen_cv32e40p_core.u_core/core_i/id_stage_i/register_file_i/i___91__10_i_53_n_0
    SLICE_X56Y146        LUT6 (Prop_lut6_I5_O)        0.124     2.362 r  u_soc_top/gen_cv32e40p_core.u_core/core_i/id_stage_i/register_file_i/i___91__10_i_40/O
                         net (fo=2, routed)           0.692     3.054    u_soc_top/gen_cv32e40p_core.u_core/core_i/id_stage_i/register_file_i/ex_stage_i/alu_i/adder_op_a[19]
    SLICE_X54Y147        LUT5 (Prop_lut5_I0_O)        0.124     3.178 r  u_soc_top/gen_cv32e40p_core.u_core/core_i/id_stage_i/register_file_i/i___91__10_i_44/O
                         net (fo=1, routed)           0.000     3.178    u_soc_top/gen_cv32e40p_core.u_core/core_i/id_stage_i/register_file_i/i___91__10_i_44_n_0
    SLICE_X54Y147        CARRY4 (Prop_carry4_S[1]_CO[3])
                                                      0.533     3.711 r  u_soc_top/gen_cv32e40p_core.u_core/core_i/id_stage_i/register_file_i/i___91__10_i_30/CO[3]
                         net (fo=1, routed)           0.000     3.711    u_soc_top/gen_cv32e40p_core.u_core/core_i/id_stage_i/register_file_i/i___91__10_i_30_n_0
    SLICE_X54Y148        CARRY4 (Prop_carry4_CI_CO[3])
                                                      0.117     3.828 r  u_soc_top/gen_cv32e40p_core.u_core/core_i/id_stage_i/register_file_i/i___91__7_i_30/CO[3]
                         net (fo=1, routed)           0.000     3.828    u_soc_top/gen_cv32e40p_core.u_core/core_i/id_stage_i/register_file_i/i___91__7_i_30_n_0
    SLICE_X54Y149        CARRY4 (Prop_carry4_CI_O[1])
                                                      0.323     4.151 r  u_soc_top/gen_cv32e40p_core.u_core/core_i/id_stage_i/register_file_i/i___91__3_i_31/O[1]
                         net (fo=4, routed)           0.744     4.894    u_soc_top/gen_cv32e40p_core.u_core/core_i/id_stage_i/register_file_i/ex_stage_i/alu_i/data0[26]
    SLICE_X55Y150        LUT5 (Prop_lut5_I3_O)        0.306     5.200 r  u_soc_top/gen_cv32e40p_core.u_core/core_i/id_stage_i/register_file_i/BReg_DP[31]_i_95/O
                         net (fo=1, routed)           0.000     5.200    u_soc_top/gen_cv32e40p_core.u_core/core_i/id_stage_i/register_file_i/BReg_DP[31]_i_95_n_0
    SLICE_X55Y150        CARRY4 (Prop_carry4_S[2]_CO[3])
                                                      0.398     5.598 r  u_soc_top/gen_cv32e40p_core.u_core/core_i/id_stage_i/register_file_i/BReg_DP_reg[31]_i_82/CO[3]
                         net (fo=1, routed)           0.000     5.598    u_soc_top/gen_cv32e40p_core.u_core/core_i/id_stage_i/register_file_i/BReg_DP_reg[31]_i_82_n_0
    SLICE_X55Y151        CARRY4 (Prop_carry4_CI_O[3])
                                                      0.313     5.911 r  u_soc_top/gen_cv32e40p_core.u_core/core_i/id_stage_i/register_file_i/BReg_DP_reg[0]_i_8/O[3]
                         net (fo=2, routed)           0.495     6.406    u_soc_top/gen_cv32e40p_core.u_core/core_i/id_stage_i/register_file_i/ex_stage_i/alu_i/adder_round_result[31]
    SLICE_X55Y152        LUT6 (Prop_lut6_I2_O)        0.306     6.712 r  u_soc_top/gen_cv32e40p_core.u_core/core_i/id_stage_i/register_file_i/BReg_DP[0]_i_6/O
                         net (fo=61, routed)          1.014     7.726    u_soc_top/gen_cv32e40p_core.u_core/core_i/id_stage_i/register_file_i/shift_right_result126_out
    SLICE_X55Y154        LUT3 (Prop_lut3_I2_O)        0.124     7.850 r  u_soc_top/gen_cv32e40p_core.u_core/core_i/id_stage_i/register_file_i/BReg_DP[16]_i_12/O
                         net (fo=3, routed)           0.616     8.466    u_soc_top/gen_cv32e40p_core.u_core/core_i/id_stage_i/register_file_i/ex_stage_i/alu_i/shift_op_a_32[46]
    SLICE_X59Y156        LUT6 (Prop_lut6_I0_O)        0.124     8.590 r  u_soc_top/gen_cv32e40p_core.u_core/core_i/id_stage_i/register_file_i/BReg_DP[16]_i_8/O
                         net (fo=4, routed)           0.984     9.574    u_soc_top/gen_cv32e40p_core.u_core/core_i/id_stage_i/register_file_i/BReg_DP[16]_i_8_n_0
    SLICE_X57Y157        LUT6 (Prop_lut6_I0_O)        0.124     9.698 r  u_soc_top/gen_cv32e40p_core.u_core/core_i/id_stage_i/register_file_i/BReg_DP[16]_i_4/O
                         net (fo=3, routed)           0.446    10.144    u_soc_top/gen_cv32e40p_core.u_core/core_i/id_stage_i/register_file_i/alu_clpx_shift_ex_o_reg[1]_12
    SLICE_X56Y157        LUT5 (Prop_lut5_I2_O)        0.124    10.268 r  u_soc_top/gen_cv32e40p_core.u_core/core_i/id_stage_i/register_file_i/BReg_DP[16]_i_2/O
                         net (fo=3, routed)           0.827    11.095    u_soc_top/gen_cv32e40p_core.u_core/core_i/id_stage_i/register_file_i/shift_left_result[2]
    SLICE_X58Y157        LUT5 (Prop_lut5_I0_O)        0.124    11.219 r  u_soc_top/gen_cv32e40p_core.u_core/core_i/id_stage_i/register_file_i/i___91__15_i_30/O
                         net (fo=6, routed)           1.090    12.310    u_soc_top/gen_cv32e40p_core.u_core/core_i/id_stage_i/register_file_i/ex_stage_i/alu_i/radix_2_rev[15]
    SLICE_X60Y150        LUT6 (Prop_lut6_I5_O)        0.124    12.434 r  u_soc_top/gen_cv32e40p_core.u_core/core_i/id_stage_i/register_file_i/i___28_i_99/O
                         net (fo=1, routed)           0.000    12.434    u_soc_top/gen_cv32e40p_core.u_core/core_i/id_stage_i/register_file_i/i___28_i_99_n_0
    SLICE_X60Y150        MUXF7 (Prop_muxf7_I0_O)      0.209    12.643 r  u_soc_top/gen_cv32e40p_core.u_core/core_i/id_stage_i/register_file_i/i___28_i_93/O
                         net (fo=1, routed)           0.586    13.229    u_soc_top/gen_cv32e40p_core.u_core/core_i/id_stage_i/register_file_i/i___28_i_93_n_0
    SLICE_X58Y150        LUT6 (Prop_lut6_I2_O)        0.297    13.526 r  u_soc_top/gen_cv32e40p_core.u_core/core_i/id_stage_i/register_file_i/i___28_i_86/O
                         net (fo=64, routed)          0.614    14.140    u_soc_top/gen_cv32e40p_core.u_core/core_i/id_stage_i/register_file_i/ex_stage_i/alu_i/extract_sign
    SLICE_X57Y148        LUT6 (Prop_lut6_I5_O)        0.124    14.264 r  u_soc_top/gen_cv32e40p_core.u_core/core_i/id_stage_i/register_file_i/i___91__17_i_39/O
                         net (fo=1, routed)           0.475    14.739    u_soc_top/gen_cv32e40p_core.u_core/core_i/id_stage_i/register_file_i/i___91__17_i_39_n_0
    SLICE_X51Y146        LUT6 (Prop_lut6_I5_O)        0.124    14.863 r  u_soc_top/gen_cv32e40p_core.u_core/core_i/id_stage_i/register_file_i/i___91__17_i_33/O
                         net (fo=1, routed)           0.320    15.182    u_soc_top/gen_cv32e40p_core.u_core/core_i/id_stage_i/register_file_i/ex_stage_i/alu_i/bextins_result[14]
    SLICE_X49Y145        LUT6 (Prop_lut6_I5_O)        0.124    15.306 r  u_soc_top/gen_cv32e40p_core.u_core/core_i/id_stage_i/register_file_i/i___91__17_i_26/O
                         net (fo=1, routed)           0.000    15.306    u_soc_top/gen_cv32e40p_core.u_core/core_i/id_stage_i/register_file_i/i___91__17_i_26_n_0
    SLICE_X49Y145        MUXF7 (Prop_muxf7_I1_O)      0.217    15.523 r  u_soc_top/gen_cv32e40p_core.u_core/core_i/id_stage_i/register_file_i/i___91__17_i_20/O
                         net (fo=1, routed)           0.454    15.977    u_soc_top/gen_cv32e40p_core.u_core/core_i/id_stage_i/register_file_i/i___91__17_i_20_n_0
    SLICE_X46Y145        LUT6 (Prop_lut6_I5_O)        0.299    16.276 r  u_soc_top/gen_cv32e40p_core.u_core/core_i/id_stage_i/register_file_i/i___91__17_i_8/O
                         net (fo=1, routed)           0.491    16.767    u_soc_top/gen_cv32e40p_core.u_core/core_i/id_stage_i/gen_hwloop_regs.hwloop_regs_i/alu_result[14]
    SLICE_X49Y139        LUT6 (Prop_lut6_I3_O)        0.124    16.891 r  u_soc_top/gen_cv32e40p_core.u_core/core_i/id_stage_i/gen_hwloop_regs.hwloop_regs_i/i___91__17_i_3/O
                         net (fo=37, routed)          0.465    17.356    u_soc_top/gen_cv32e40p_core.u_core/core_i/id_stage_i/gen_hwloop_regs.hwloop_regs_i/csr_access_ex_o_reg_26
    SLICE_X49Y139        LUT6 (Prop_lut6_I1_O)        0.124    17.480 r  u_soc_top/gen_cv32e40p_core.u_core/core_i/id_stage_i/gen_hwloop_regs.hwloop_regs_i/i___35_i_3/O
                         net (fo=2, routed)           0.584    18.064    u_soc_top/gen_cv32e40p_core.u_core/core_i/if_stage_i/mult_operand_b_ex_o_reg[30]
    SLICE_X49Y138        LUT6 (Prop_lut6_I0_O)        0.124    18.188 r  u_soc_top/gen_cv32e40p_core.u_core/core_i/if_stage_i/alu_operand_b_ex_o[14]_i_2/O
                         net (fo=2, routed)           1.011    19.199    u_soc_top/gen_cv32e40p_core.u_core/core_i/if_stage_i/alu_operand_b_ex_o[14]_i_2_n_0
    SLICE_X51Y145        LUT6 (Prop_lut6_I2_O)        0.124    19.323 r  u_soc_top/gen_cv32e40p_core.u_core/core_i/if_stage_i/mult_operand_b_ex_o[30]_i_1/O
                         net (fo=2, routed)           0.190    19.513    u_soc_top/gen_cv32e40p_core.u_core/core_i/id_stage_i/mult_operand_b_ex_o_reg[31]_1[22]
    SLICE_X50Y145        FDCE                                         r  u_soc_top/gen_cv32e40p_core.u_core/core_i/id_stage_i/mult_dot_op_b_ex_o_reg[30]/D
  -------------------------------------------------------------------    -------------------

                         (clock clk_50m_unbuf rise edge)
                                                     20.000    20.000 r  
    E3                                                0.000    20.000 r  clk_100m_i (IN)
                         net (fo=0)                   0.000    20.000    clk_100m_i
    E3                   IBUF (Prop_ibuf_I_O)         1.411    21.411 r  clk_100m_i_IBUF_inst/O
                         net (fo=1, routed)           1.162    22.573    clk_100m_i_IBUF
    MMCME2_ADV_X1Y2      MMCME2_ADV (Prop_mmcme2_adv_CLKIN1_CLKOUT0)
                                                     -7.324    15.249 r  u_mmcm/CLKOUT0
                         net (fo=1, routed)           1.639    16.888    clk_50m_unbuf
    BUFGCTRL_X0Y16       BUFG (Prop_bufg_I_O)         0.091    16.979 r  u_bufg_clk50/O
                         net (fo=7170, routed)        1.495    18.474    u_soc_top/gen_cv32e40p_core.u_core/core_i/id_stage_i/clk_50m
    SLICE_X50Y145        FDCE                                         r  u_soc_top/gen_cv32e40p_core.u_core/core_i/id_stage_i/mult_dot_op_b_ex_o_reg[30]/C
                         clock pessimism              0.488    18.963    
                         clock uncertainty           -0.089    18.874    
    SLICE_X50Y145        FDCE (Setup_fdce_C_D)       -0.028    18.846    u_soc_top/gen_cv32e40p_core.u_core/core_i/id_stage_i/mult_dot_op_b_ex_o_reg[30]
  -------------------------------------------------------------------
                         required time                         18.846    
                         arrival time                         -19.513    
  -------------------------------------------------------------------
                         slack                                 -0.668    

Slack (VIOLATED) :        -0.659ns  (required time - arrival time)
  Source:                 u_soc_top/gen_cv32e40p_core.u_core/core_i/id_stage_i/alu_operator_ex_o_reg[5]/C
                            (rising edge-triggered cell FDCE clocked by clk_50m_unbuf  {rise@0.000ns fall@10.000ns period=20.000ns})
  Destination:            u_soc_top/gen_cv32e40p_core.u_core/core_i/id_stage_i/mult_dot_op_a_ex_o_reg[13]/D
                            (rising edge-triggered cell FDCE clocked by clk_50m_unbuf  {rise@0.000ns fall@10.000ns period=20.000ns})
  Path Group:             clk_50m_unbuf
  Path Type:              Setup (Max at Slow Process Corner)
  Requirement:            20.000ns  (clk_50m_unbuf rise@20.000ns - clk_50m_unbuf rise@0.000ns)
  Data Path Delay:        20.434ns  (logic 5.909ns (28.918%)  route 14.525ns (71.082%))
  Logic Levels:           28  (CARRY4=5 LUT3=2 LUT5=6 LUT6=13 MUXF7=2)
  Clock Path Skew:        -0.105ns (DCD - SCD + CPR)
    Destination Clock Delay (DCD):    -1.526ns = ( 18.474 - 20.000 ) 
    Source Clock Delay      (SCD):    -0.932ns
    Clock Pessimism Removal (CPR):    0.488ns
  Clock Uncertainty:      0.089ns  ((TSJ^2 + DJ^2)^1/2) / 2 + PE
    Total System Jitter     (TSJ):    0.071ns
    Discrete Jitter          (DJ):    0.163ns
    Phase Error              (PE):    0.000ns

    Location             Delay type                Incr(ns)  Path(ns)    Netlist Resource(s)
  -------------------------------------------------------------------    -------------------
                         (clock clk_50m_unbuf rise edge)
                                                      0.000     0.000 r  
    E3                                                0.000     0.000 r  clk_100m_i (IN)
                         net (fo=0)                   0.000     0.000    clk_100m_i
    E3                   IBUF (Prop_ibuf_I_O)         1.482     1.482 r  clk_100m_i_IBUF_inst/O
                         net (fo=1, routed)           1.233     2.715    clk_100m_i_IBUF
    MMCME2_ADV_X1Y2      MMCME2_ADV (Prop_mmcme2_adv_CLKIN1_CLKOUT0)
                                                     -7.070    -4.355 r  u_mmcm/CLKOUT0
                         net (fo=1, routed)           1.719    -2.636    clk_50m_unbuf
    BUFGCTRL_X0Y16       BUFG (Prop_bufg_I_O)         0.096    -2.540 r  u_bufg_clk50/O
                         net (fo=7170, routed)        1.608    -0.932    u_soc_top/gen_cv32e40p_core.u_core/core_i/id_stage_i/clk_50m
    SLICE_X53Y142        FDCE                                         r  u_soc_top/gen_cv32e40p_core.u_core/core_i/id_stage_i/alu_operator_ex_o_reg[5]/C
  -------------------------------------------------------------------    -------------------
    SLICE_X53Y142        FDCE (Prop_fdce_C_Q)         0.456    -0.476 r  u_soc_top/gen_cv32e40p_core.u_core/core_i/id_stage_i/alu_operator_ex_o_reg[5]/Q
                         net (fo=59, routed)          0.670     0.194    u_soc_top/gen_cv32e40p_core.u_core/core_i/id_stage_i/register_file_i/i___147_i_34_0[5]
    SLICE_X55Y142        LUT3 (Prop_lut3_I0_O)        0.124     0.318 r  u_soc_top/gen_cv32e40p_core.u_core/core_i/id_stage_i/register_file_i/i___160_i_5/O
                         net (fo=96, routed)          1.370     1.688    u_soc_top/gen_cv32e40p_core.u_core/core_i/id_stage_i/register_file_i/i___160_i_5_n_0
    SLICE_X56Y145        LUT6 (Prop_lut6_I0_O)        0.124     1.812 r  u_soc_top/gen_cv32e40p_core.u_core/core_i/id_stage_i/register_file_i/i___91__10_i_53/O
                         net (fo=1, routed)           0.426     2.238    u_soc_top/gen_cv32e40p_core.u_core/core_i/id_stage_i/register_file_i/i___91__10_i_53_n_0
    SLICE_X56Y146        LUT6 (Prop_lut6_I5_O)        0.124     2.362 r  u_soc_top/gen_cv32e40p_core.u_core/core_i/id_stage_i/register_file_i/i___91__10_i_40/O
                         net (fo=2, routed)           0.692     3.054    u_soc_top/gen_cv32e40p_core.u_core/core_i/id_stage_i/register_file_i/ex_stage_i/alu_i/adder_op_a[19]
    SLICE_X54Y147        LUT5 (Prop_lut5_I0_O)        0.124     3.178 r  u_soc_top/gen_cv32e40p_core.u_core/core_i/id_stage_i/register_file_i/i___91__10_i_44/O
                         net (fo=1, routed)           0.000     3.178    u_soc_top/gen_cv32e40p_core.u_core/core_i/id_stage_i/register_file_i/i___91__10_i_44_n_0
    SLICE_X54Y147        CARRY4 (Prop_carry4_S[1]_CO[3])
                                                      0.533     3.711 r  u_soc_top/gen_cv32e40p_core.u_core/core_i/id_stage_i/register_file_i/i___91__10_i_30/CO[3]
                         net (fo=1, routed)           0.000     3.711    u_soc_top/gen_cv32e40p_core.u_core/core_i/id_stage_i/register_file_i/i___91__10_i_30_n_0
    SLICE_X54Y148        CARRY4 (Prop_carry4_CI_CO[3])
                                                      0.117     3.828 r  u_soc_top/gen_cv32e40p_core.u_core/core_i/id_stage_i/register_file_i/i___91__7_i_30/CO[3]
                         net (fo=1, routed)           0.000     3.828    u_soc_top/gen_cv32e40p_core.u_core/core_i/id_stage_i/register_file_i/i___91__7_i_30_n_0
    SLICE_X54Y149        CARRY4 (Prop_carry4_CI_O[1])
                                                      0.323     4.151 r  u_soc_top/gen_cv32e40p_core.u_core/core_i/id_stage_i/register_file_i/i___91__3_i_31/O[1]
                         net (fo=4, routed)           0.744     4.894    u_soc_top/gen_cv32e40p_core.u_core/core_i/id_stage_i/register_file_i/ex_stage_i/alu_i/data0[26]
    SLICE_X55Y150        LUT5 (Prop_lut5_I3_O)        0.306     5.200 r  u_soc_top/gen_cv32e40p_core.u_core/core_i/id_stage_i/register_file_i/BReg_DP[31]_i_95/O
                         net (fo=1, routed)           0.000     5.200    u_soc_top/gen_cv32e40p_core.u_core/core_i/id_stage_i/register_file_i/BReg_DP[31]_i_95_n_0
    SLICE_X55Y150        CARRY4 (Prop_carry4_S[2]_CO[3])
                                                      0.398     5.598 r  u_soc_top/gen_cv32e40p_core.u_core/core_i/id_stage_i/register_file_i/BReg_DP_reg[31]_i_82/CO[3]
                         net (fo=1, routed)           0.000     5.598    u_soc_top/gen_cv32e40p_core.u_core/core_i/id_stage_i/register_file_i/BReg_DP_reg[31]_i_82_n_0
    SLICE_X55Y151        CARRY4 (Prop_carry4_CI_O[3])
                                                      0.313     5.911 r  u_soc_top/gen_cv32e40p_core.u_core/core_i/id_stage_i/register_file_i/BReg_DP_reg[0]_i_8/O[3]
                         net (fo=2, routed)           0.495     6.406    u_soc_top/gen_cv32e40p_core.u_core/core_i/id_stage_i/register_file_i/ex_stage_i/alu_i/adder_round_result[31]
    SLICE_X55Y152        LUT6 (Prop_lut6_I2_O)        0.306     6.712 r  u_soc_top/gen_cv32e40p_core.u_core/core_i/id_stage_i/register_file_i/BReg_DP[0]_i_6/O
                         net (fo=61, routed)          1.014     7.726    u_soc_top/gen_cv32e40p_core.u_core/core_i/id_stage_i/register_file_i/shift_right_result126_out
    SLICE_X55Y154        LUT3 (Prop_lut3_I2_O)        0.124     7.850 r  u_soc_top/gen_cv32e40p_core.u_core/core_i/id_stage_i/register_file_i/BReg_DP[16]_i_12/O
                         net (fo=3, routed)           0.616     8.466    u_soc_top/gen_cv32e40p_core.u_core/core_i/id_stage_i/register_file_i/ex_stage_i/alu_i/shift_op_a_32[46]
    SLICE_X59Y156        LUT6 (Prop_lut6_I0_O)        0.124     8.590 r  u_soc_top/gen_cv32e40p_core.u_core/core_i/id_stage_i/register_file_i/BReg_DP[16]_i_8/O
                         net (fo=4, routed)           0.984     9.574    u_soc_top/gen_cv32e40p_core.u_core/core_i/id_stage_i/register_file_i/BReg_DP[16]_i_8_n_0
    SLICE_X57Y157        LUT6 (Prop_lut6_I0_O)        0.124     9.698 r  u_soc_top/gen_cv32e40p_core.u_core/core_i/id_stage_i/register_file_i/BReg_DP[16]_i_4/O
                         net (fo=3, routed)           0.446    10.144    u_soc_top/gen_cv32e40p_core.u_core/core_i/id_stage_i/register_file_i/alu_clpx_shift_ex_o_reg[1]_12
    SLICE_X56Y157        LUT5 (Prop_lut5_I2_O)        0.124    10.268 r  u_soc_top/gen_cv32e40p_core.u_core/core_i/id_stage_i/register_file_i/BReg_DP[16]_i_2/O
                         net (fo=3, routed)           0.827    11.095    u_soc_top/gen_cv32e40p_core.u_core/core_i/id_stage_i/register_file_i/shift_left_result[2]
    SLICE_X58Y157        LUT5 (Prop_lut5_I0_O)        0.124    11.219 r  u_soc_top/gen_cv32e40p_core.u_core/core_i/id_stage_i/register_file_i/i___91__15_i_30/O
                         net (fo=6, routed)           1.090    12.310    u_soc_top/gen_cv32e40p_core.u_core/core_i/id_stage_i/register_file_i/ex_stage_i/alu_i/radix_2_rev[15]
    SLICE_X60Y150        LUT6 (Prop_lut6_I5_O)        0.124    12.434 r  u_soc_top/gen_cv32e40p_core.u_core/core_i/id_stage_i/register_file_i/i___28_i_99/O
                         net (fo=1, routed)           0.000    12.434    u_soc_top/gen_cv32e40p_core.u_core/core_i/id_stage_i/register_file_i/i___28_i_99_n_0
    SLICE_X60Y150        MUXF7 (Prop_muxf7_I0_O)      0.209    12.643 r  u_soc_top/gen_cv32e40p_core.u_core/core_i/id_stage_i/register_file_i/i___28_i_93/O
                         net (fo=1, routed)           0.586    13.229    u_soc_top/gen_cv32e40p_core.u_core/core_i/id_stage_i/register_file_i/i___28_i_93_n_0
    SLICE_X58Y150        LUT6 (Prop_lut6_I2_O)        0.297    13.526 r  u_soc_top/gen_cv32e40p_core.u_core/core_i/id_stage_i/register_file_i/i___28_i_86/O
                         net (fo=64, routed)          0.982    14.507    u_soc_top/gen_cv32e40p_core.u_core/core_i/id_stage_i/register_file_i/ex_stage_i/alu_i/extract_sign
    SLICE_X51Y147        LUT6 (Prop_lut6_I5_O)        0.124    14.631 r  u_soc_top/gen_cv32e40p_core.u_core/core_i/id_stage_i/register_file_i/i___91__19_i_39/O
                         net (fo=1, routed)           0.306    14.937    u_soc_top/gen_cv32e40p_core.u_core/core_i/id_stage_i/register_file_i/i___91__19_i_39_n_0
    SLICE_X47Y147        LUT6 (Prop_lut6_I5_O)        0.124    15.061 r  u_soc_top/gen_cv32e40p_core.u_core/core_i/id_stage_i/register_file_i/i___91__19_i_33/O
                         net (fo=1, routed)           0.316    15.377    u_soc_top/gen_cv32e40p_core.u_core/core_i/id_stage_i/register_file_i/ex_stage_i/alu_i/bextins_result[13]
    SLICE_X44Y146        LUT6 (Prop_lut6_I5_O)        0.124    15.501 r  u_soc_top/gen_cv32e40p_core.u_core/core_i/id_stage_i/register_file_i/i___91__19_i_26/O
                         net (fo=1, routed)           0.000    15.501    u_soc_top/gen_cv32e40p_core.u_core/core_i/id_stage_i/register_file_i/i___91__19_i_26_n_0
    SLICE_X44Y146        MUXF7 (Prop_muxf7_I1_O)      0.245    15.746 r  u_soc_top/gen_cv32e40p_core.u_core/core_i/id_stage_i/register_file_i/i___91__19_i_20/O
                         net (fo=1, routed)           0.307    16.053    u_soc_top/gen_cv32e40p_core.u_core/core_i/id_stage_i/register_file_i/i___91__19_i_20_n_0
    SLICE_X44Y145        LUT6 (Prop_lut6_I5_O)        0.298    16.351 r  u_soc_top/gen_cv32e40p_core.u_core/core_i/id_stage_i/register_file_i/i___91__19_i_8/O
                         net (fo=1, routed)           0.710    17.061    u_soc_top/gen_cv32e40p_core.u_core/core_i/id_stage_i/gen_hwloop_regs.hwloop_regs_i/alu_result[13]
    SLICE_X44Y141        LUT6 (Prop_lut6_I3_O)        0.124    17.185 r  u_soc_top/gen_cv32e40p_core.u_core/core_i/id_stage_i/gen_hwloop_regs.hwloop_regs_i/i___91__19_i_3/O
                         net (fo=34, routed)          0.644    17.829    u_soc_top/gen_cv32e40p_core.u_core/core_i/id_stage_i/register_file_i/hwlp_counter_q_reg[0][13]_0
    SLICE_X44Y140        LUT6 (Prop_lut6_I4_O)        0.124    17.953 r  u_soc_top/gen_cv32e40p_core.u_core/core_i/id_stage_i/register_file_i/i___34_i_1/O
                         net (fo=8, routed)           0.363    18.316    u_soc_top/gen_cv32e40p_core.u_core/core_i/if_stage_i/hwlp_counter_q_reg[0][13]
    SLICE_X45Y139        LUT5 (Prop_lut5_I4_O)        0.124    18.440 r  u_soc_top/gen_cv32e40p_core.u_core/core_i/if_stage_i/alu_operand_a_ex_o[13]_i_2/O
                         net (fo=2, routed)           0.446    18.886    u_soc_top/gen_cv32e40p_core.u_core/core_i/if_stage_i/alu_operand_a_ex_o[13]_i_2_n_0
    SLICE_X45Y139        LUT5 (Prop_lut5_I4_O)        0.124    19.010 r  u_soc_top/gen_cv32e40p_core.u_core/core_i/if_stage_i/mult_operand_a_ex_o[13]_i_1/O
                         net (fo=2, routed)           0.491    19.501    u_soc_top/gen_cv32e40p_core.u_core/core_i/id_stage_i/mult_operand_a_ex_o_reg[31]_0[13]
    SLICE_X46Y139        FDCE                                         r  u_soc_top/gen_cv32e40p_core.u_core/core_i/id_stage_i/mult_dot_op_a_ex_o_reg[13]/D
  -------------------------------------------------------------------    -------------------

                         (clock clk_50m_unbuf rise edge)
                                                     20.000    20.000 r  
    E3                                                0.000    20.000 r  clk_100m_i (IN)
                         net (fo=0)                   0.000    20.000    clk_100m_i
    E3                   IBUF (Prop_ibuf_I_O)         1.411    21.411 r  clk_100m_i_IBUF_inst/O
                         net (fo=1, routed)           1.162    22.573    clk_100m_i_IBUF
    MMCME2_ADV_X1Y2      MMCME2_ADV (Prop_mmcme2_adv_CLKIN1_CLKOUT0)
                                                     -7.324    15.249 r  u_mmcm/CLKOUT0
                         net (fo=1, routed)           1.639    16.888    clk_50m_unbuf
    BUFGCTRL_X0Y16       BUFG (Prop_bufg_I_O)         0.091    16.979 r  u_bufg_clk50/O
                         net (fo=7170, routed)        1.495    18.474    u_soc_top/gen_cv32e40p_core.u_core/core_i/id_stage_i/clk_50m
    SLICE_X46Y139        FDCE                                         r  u_soc_top/gen_cv32e40p_core.u_core/core_i/id_stage_i/mult_dot_op_a_ex_o_reg[13]/C
                         clock pessimism              0.488    18.963    
                         clock uncertainty           -0.089    18.874    
    SLICE_X46Y139        FDCE (Setup_fdce_C_D)       -0.031    18.843    u_soc_top/gen_cv32e40p_core.u_core/core_i/id_stage_i/mult_dot_op_a_ex_o_reg[13]
  -------------------------------------------------------------------
                         required time                         18.843    
                         arrival time                         -19.501    
  -------------------------------------------------------------------
                         slack                                 -0.659    

Slack (VIOLATED) :        -0.633ns  (required time - arrival time)
  Source:                 u_soc_top/gen_cv32e40p_core.u_core/core_i/id_stage_i/alu_operator_ex_o_reg[5]/C
                            (rising edge-triggered cell FDCE clocked by clk_50m_unbuf  {rise@0.000ns fall@10.000ns period=20.000ns})
  Destination:            u_soc_top/gen_cv32e40p_core.u_core/core_i/id_stage_i/alu_operand_b_ex_o_reg[8]/D
                            (rising edge-triggered cell FDCE clocked by clk_50m_unbuf  {rise@0.000ns fall@10.000ns period=20.000ns})
  Path Group:             clk_50m_unbuf
  Path Type:              Setup (Max at Slow Process Corner)
  Requirement:            20.000ns  (clk_50m_unbuf rise@20.000ns - clk_50m_unbuf rise@0.000ns)
  Data Path Delay:        20.583ns  (logic 5.911ns (28.718%)  route 14.672ns (71.282%))
  Logic Levels:           28  (CARRY4=5 LUT3=2 LUT5=5 LUT6=14 MUXF7=2)
  Clock Path Skew:        -0.036ns (DCD - SCD + CPR)
    Destination Clock Delay (DCD):    -1.528ns = ( 18.472 - 20.000 ) 
    Source Clock Delay      (SCD):    -0.932ns
    Clock Pessimism Removal (CPR):    0.560ns
  Clock Uncertainty:      0.089ns  ((TSJ^2 + DJ^2)^1/2) / 2 + PE
    Total System Jitter     (TSJ):    0.071ns
    Discrete Jitter          (DJ):    0.163ns
    Phase Error              (PE):    0.000ns

    Location             Delay type                Incr(ns)  Path(ns)    Netlist Resource(s)
  -------------------------------------------------------------------    -------------------
                         (clock clk_50m_unbuf rise edge)
                                                      0.000     0.000 r  
    E3                                                0.000     0.000 r  clk_100m_i (IN)
                         net (fo=0)                   0.000     0.000    clk_100m_i
    E3                   IBUF (Prop_ibuf_I_O)         1.482     1.482 r  clk_100m_i_IBUF_inst/O
                         net (fo=1, routed)           1.233     2.715    clk_100m_i_IBUF
    MMCME2_ADV_X1Y2      MMCME2_ADV (Prop_mmcme2_adv_CLKIN1_CLKOUT0)
                                                     -7.070    -4.355 r  u_mmcm/CLKOUT0
                         net (fo=1, routed)           1.719    -2.636    clk_50m_unbuf
    BUFGCTRL_X0Y16       BUFG (Prop_bufg_I_O)         0.096    -2.540 r  u_bufg_clk50/O
                         net (fo=7170, routed)        1.608    -0.932    u_soc_top/gen_cv32e40p_core.u_core/core_i/id_stage_i/clk_50m
    SLICE_X53Y142        FDCE                                         r  u_soc_top/gen_cv32e40p_core.u_core/core_i/id_stage_i/alu_operator_ex_o_reg[5]/C
  -------------------------------------------------------------------    -------------------
    SLICE_X53Y142        FDCE (Prop_fdce_C_Q)         0.456    -0.476 r  u_soc_top/gen_cv32e40p_core.u_core/core_i/id_stage_i/alu_operator_ex_o_reg[5]/Q
                         net (fo=59, routed)          0.670     0.194    u_soc_top/gen_cv32e40p_core.u_core/core_i/id_stage_i/register_file_i/i___147_i_34_0[5]
    SLICE_X55Y142        LUT3 (Prop_lut3_I0_O)        0.124     0.318 r  u_soc_top/gen_cv32e40p_core.u_core/core_i/id_stage_i/register_file_i/i___160_i_5/O
                         net (fo=96, routed)          1.370     1.688    u_soc_top/gen_cv32e40p_core.u_core/core_i/id_stage_i/register_file_i/i___160_i_5_n_0
    SLICE_X56Y145        LUT6 (Prop_lut6_I0_O)        0.124     1.812 r  u_soc_top/gen_cv32e40p_core.u_core/core_i/id_stage_i/register_file_i/i___91__10_i_53/O
                         net (fo=1, routed)           0.426     2.238    u_soc_top/gen_cv32e40p_core.u_core/core_i/id_stage_i/register_file_i/i___91__10_i_53_n_0
    SLICE_X56Y146        LUT6 (Prop_lut6_I5_O)        0.124     2.362 r  u_soc_top/gen_cv32e40p_core.u_core/core_i/id_stage_i/register_file_i/i___91__10_i_40/O
                         net (fo=2, routed)           0.692     3.054    u_soc_top/gen_cv32e40p_core.u_core/core_i/id_stage_i/register_file_i/ex_stage_i/alu_i/adder_op_a[19]
    SLICE_X54Y147        LUT5 (Prop_lut5_I0_O)        0.124     3.178 r  u_soc_top/gen_cv32e40p_core.u_core/core_i/id_stage_i/register_file_i/i___91__10_i_44/O
                         net (fo=1, routed)           0.000     3.178    u_soc_top/gen_cv32e40p_core.u_core/core_i/id_stage_i/register_file_i/i___91__10_i_44_n_0
    SLICE_X54Y147        CARRY4 (Prop_carry4_S[1]_CO[3])
                                                      0.533     3.711 r  u_soc_top/gen_cv32e40p_core.u_core/core_i/id_stage_i/register_file_i/i___91__10_i_30/CO[3]
                         net (fo=1, routed)           0.000     3.711    u_soc_top/gen_cv32e40p_core.u_core/core_i/id_stage_i/register_file_i/i___91__10_i_30_n_0
    SLICE_X54Y148        CARRY4 (Prop_carry4_CI_CO[3])
                                                      0.117     3.828 r  u_soc_top/gen_cv32e40p_core.u_core/core_i/id_stage_i/register_file_i/i___91__7_i_30/CO[3]
                         net (fo=1, routed)           0.000     3.828    u_soc_top/gen_cv32e40p_core.u_core/core_i/id_stage_i/register_file_i/i___91__7_i_30_n_0
    SLICE_X54Y149        CARRY4 (Prop_carry4_CI_O[1])
                                                      0.323     4.151 r  u_soc_top/gen_cv32e40p_core.u_core/core_i/id_stage_i/register_file_i/i___91__3_i_31/O[1]
                         net (fo=4, routed)           0.744     4.894    u_soc_top/gen_cv32e40p_core.u_core/core_i/id_stage_i/register_file_i/ex_stage_i/alu_i/data0[26]
    SLICE_X55Y150        LUT5 (Prop_lut5_I3_O)        0.306     5.200 r  u_soc_top/gen_cv32e40p_core.u_core/core_i/id_stage_i/register_file_i/BReg_DP[31]_i_95/O
                         net (fo=1, routed)           0.000     5.200    u_soc_top/gen_cv32e40p_core.u_core/core_i/id_stage_i/register_file_i/BReg_DP[31]_i_95_n_0
    SLICE_X55Y150        CARRY4 (Prop_carry4_S[2]_CO[3])
                                                      0.398     5.598 r  u_soc_top/gen_cv32e40p_core.u_core/core_i/id_stage_i/register_file_i/BReg_DP_reg[31]_i_82/CO[3]
                         net (fo=1, routed)           0.000     5.598    u_soc_top/gen_cv32e40p_core.u_core/core_i/id_stage_i/register_file_i/BReg_DP_reg[31]_i_82_n_0
    SLICE_X55Y151        CARRY4 (Prop_carry4_CI_O[3])
                                                      0.313     5.911 r  u_soc_top/gen_cv32e40p_core.u_core/core_i/id_stage_i/register_file_i/BReg_DP_reg[0]_i_8/O[3]
                         net (fo=2, routed)           0.495     6.406    u_soc_top/gen_cv32e40p_core.u_core/core_i/id_stage_i/register_file_i/ex_stage_i/alu_i/adder_round_result[31]
    SLICE_X55Y152        LUT6 (Prop_lut6_I2_O)        0.306     6.712 r  u_soc_top/gen_cv32e40p_core.u_core/core_i/id_stage_i/register_file_i/BReg_DP[0]_i_6/O
                         net (fo=61, routed)          1.014     7.726    u_soc_top/gen_cv32e40p_core.u_core/core_i/id_stage_i/register_file_i/shift_right_result126_out
    SLICE_X55Y154        LUT3 (Prop_lut3_I2_O)        0.124     7.850 r  u_soc_top/gen_cv32e40p_core.u_core/core_i/id_stage_i/register_file_i/BReg_DP[16]_i_12/O
                         net (fo=3, routed)           0.616     8.466    u_soc_top/gen_cv32e40p_core.u_core/core_i/id_stage_i/register_file_i/ex_stage_i/alu_i/shift_op_a_32[46]
    SLICE_X59Y156        LUT6 (Prop_lut6_I0_O)        0.124     8.590 r  u_soc_top/gen_cv32e40p_core.u_core/core_i/id_stage_i/register_file_i/BReg_DP[16]_i_8/O
                         net (fo=4, routed)           0.984     9.574    u_soc_top/gen_cv32e40p_core.u_core/core_i/id_stage_i/register_file_i/BReg_DP[16]_i_8_n_0
    SLICE_X57Y157        LUT6 (Prop_lut6_I0_O)        0.124     9.698 r  u_soc_top/gen_cv32e40p_core.u_core/core_i/id_stage_i/register_file_i/BReg_DP[16]_i_4/O
                         net (fo=3, routed)           0.446    10.144    u_soc_top/gen_cv32e40p_core.u_core/core_i/id_stage_i/register_file_i/alu_clpx_shift_ex_o_reg[1]_12
    SLICE_X56Y157        LUT5 (Prop_lut5_I2_O)        0.124    10.268 r  u_soc_top/gen_cv32e40p_core.u_core/core_i/id_stage_i/register_file_i/BReg_DP[16]_i_2/O
                         net (fo=3, routed)           0.827    11.095    u_soc_top/gen_cv32e40p_core.u_core/core_i/id_stage_i/register_file_i/shift_left_result[2]
    SLICE_X58Y157        LUT5 (Prop_lut5_I0_O)        0.124    11.219 r  u_soc_top/gen_cv32e40p_core.u_core/core_i/id_stage_i/register_file_i/i___91__15_i_30/O
                         net (fo=6, routed)           1.090    12.310    u_soc_top/gen_cv32e40p_core.u_core/core_i/id_stage_i/register_file_i/ex_stage_i/alu_i/radix_2_rev[15]
    SLICE_X60Y150        LUT6 (Prop_lut6_I5_O)        0.124    12.434 r  u_soc_top/gen_cv32e40p_core.u_core/core_i/id_stage_i/register_file_i/i___28_i_99/O
                         net (fo=1, routed)           0.000    12.434    u_soc_top/gen_cv32e40p_core.u_core/core_i/id_stage_i/register_file_i/i___28_i_99_n_0
    SLICE_X60Y150        MUXF7 (Prop_muxf7_I0_O)      0.209    12.643 r  u_soc_top/gen_cv32e40p_core.u_core/core_i/id_stage_i/register_file_i/i___28_i_93/O
                         net (fo=1, routed)           0.586    13.229    u_soc_top/gen_cv32e40p_core.u_core/core_i/id_stage_i/register_file_i/i___28_i_93_n_0
    SLICE_X58Y150        LUT6 (Prop_lut6_I2_O)        0.297    13.526 r  u_soc_top/gen_cv32e40p_core.u_core/core_i/id_stage_i/register_file_i/i___28_i_86/O
                         net (fo=64, routed)          0.725    14.251    u_soc_top/gen_cv32e40p_core.u_core/core_i/id_stage_i/register_file_i/ex_stage_i/alu_i/extract_sign
    SLICE_X61Y150        LUT6 (Prop_lut6_I5_O)        0.124    14.375 r  u_soc_top/gen_cv32e40p_core.u_core/core_i/id_stage_i/register_file_i/i___91__25_i_38/O
                         net (fo=1, routed)           0.292    14.667    u_soc_top/gen_cv32e40p_core.u_core/core_i/id_stage_i/register_file_i/i___91__25_i_38_n_0
    SLICE_X59Y149        LUT6 (Prop_lut6_I5_O)        0.124    14.791 r  u_soc_top/gen_cv32e40p_core.u_core/core_i/id_stage_i/register_file_i/i___91__25_i_33/O
                         net (fo=1, routed)           0.525    15.317    u_soc_top/gen_cv32e40p_core.u_core/core_i/id_stage_i/register_file_i/ex_stage_i/alu_i/bextins_result[8]
    SLICE_X65Y149        LUT6 (Prop_lut6_I5_O)        0.124    15.441 r  u_soc_top/gen_cv32e40p_core.u_core/core_i/id_stage_i/register_file_i/i___91__25_i_26/O
                         net (fo=1, routed)           0.000    15.441    u_soc_top/gen_cv32e40p_core.u_core/core_i/id_stage_i/register_file_i/i___91__25_i_26_n_0
    SLICE_X65Y149        MUXF7 (Prop_muxf7_I1_O)      0.217    15.658 r  u_soc_top/gen_cv32e40p_core.u_core/core_i/id_stage_i/register_file_i/i___91__25_i_20/O
                         net (fo=1, routed)           0.444    16.102    u_soc_top/gen_cv32e40p_core.u_core/core_i/id_stage_i/register_file_i/i___91__25_i_20_n_0
    SLICE_X67Y146        LUT6 (Prop_lut6_I5_O)        0.299    16.401 r  u_soc_top/gen_cv32e40p_core.u_core/core_i/id_stage_i/register_file_i/i___91__25_i_8/O
                         net (fo=1, routed)           0.445    16.846    u_soc_top/gen_cv32e40p_core.u_core/core_i/id_stage_i/gen_hwloop_regs.hwloop_regs_i/alu_result[8]
    SLICE_X67Y143        LUT6 (Prop_lut6_I3_O)        0.124    16.970 r  u_soc_top/gen_cv32e40p_core.u_core/core_i/id_stage_i/gen_hwloop_regs.hwloop_regs_i/i___91__25_i_3/O
                         net (fo=37, routed)          0.759    17.729    u_soc_top/gen_cv32e40p_core.u_core/core_i/id_stage_i/gen_hwloop_regs.hwloop_regs_i/csr_access_ex_o_reg_13
    SLICE_X68Y138        LUT6 (Prop_lut6_I1_O)        0.124    17.853 f  u_soc_top/gen_cv32e40p_core.u_core/core_i/id_stage_i/gen_hwloop_regs.hwloop_regs_i/alu_operand_b_ex_o[24]_i_6/O
                         net (fo=1, routed)           0.443    18.296    u_soc_top/gen_cv32e40p_core.u_core/core_i/if_stage_i/mult_operand_b_ex_o_reg[24]_2
    SLICE_X68Y141        LUT6 (Prop_lut6_I1_O)        0.124    18.420 r  u_soc_top/gen_cv32e40p_core.u_core/core_i/if_stage_i/alu_operand_b_ex_o[24]_i_3/O
                         net (fo=3, routed)           1.078    19.498    u_soc_top/gen_cv32e40p_core.u_core/core_i/if_stage_i/alu_operand_b_ex_o[24]_i_3_n_0
    SLICE_X59Y143        LUT5 (Prop_lut5_I0_O)        0.153    19.651 r  u_soc_top/gen_cv32e40p_core.u_core/core_i/if_stage_i/alu_operand_b_ex_o[8]_i_1/O
                         net (fo=1, routed)           0.000    19.651    u_soc_top/gen_cv32e40p_core.u_core/core_i/id_stage_i/alu_operand_b_ex_o_reg[31]_2[7]
    SLICE_X59Y143        FDCE                                         r  u_soc_top/gen_cv32e40p_core.u_core/core_i/id_stage_i/alu_operand_b_ex_o_reg[8]/D
  -------------------------------------------------------------------    -------------------

                         (clock clk_50m_unbuf rise edge)
                                                     20.000    20.000 r  
    E3                                                0.000    20.000 r  clk_100m_i (IN)
                         net (fo=0)                   0.000    20.000    clk_100m_i
    E3                   IBUF (Prop_ibuf_I_O)         1.411    21.411 r  clk_100m_i_IBUF_inst/O
                         net (fo=1, routed)           1.162    22.573    clk_100m_i_IBUF
    MMCME2_ADV_X1Y2      MMCME2_ADV (Prop_mmcme2_adv_CLKIN1_CLKOUT0)
                                                     -7.324    15.249 r  u_mmcm/CLKOUT0
                         net (fo=1, routed)           1.639    16.888    clk_50m_unbuf
    BUFGCTRL_X0Y16       BUFG (Prop_bufg_I_O)         0.091    16.979 r  u_bufg_clk50/O
                         net (fo=7170, routed)        1.493    18.472    u_soc_top/gen_cv32e40p_core.u_core/core_i/id_stage_i/clk_50m
    SLICE_X59Y143        FDCE                                         r  u_soc_top/gen_cv32e40p_core.u_core/core_i/id_stage_i/alu_operand_b_ex_o_reg[8]/C
                         clock pessimism              0.560    19.032    
                         clock uncertainty           -0.089    18.943    
    SLICE_X59Y143        FDCE (Setup_fdce_C_D)        0.075    19.018    u_soc_top/gen_cv32e40p_core.u_core/core_i/id_stage_i/alu_operand_b_ex_o_reg[8]
  -------------------------------------------------------------------
                         required time                         19.018    
                         arrival time                         -19.651    
  -------------------------------------------------------------------
                         slack                                 -0.633    

Slack (VIOLATED) :        -0.625ns  (required time - arrival time)
  Source:                 u_soc_top/gen_cv32e40p_core.u_core/core_i/id_stage_i/alu_operator_ex_o_reg[5]/C
                            (rising edge-triggered cell FDCE clocked by clk_50m_unbuf  {rise@0.000ns fall@10.000ns period=20.000ns})
  Destination:            u_soc_top/gen_cv32e40p_core.u_core/core_i/id_stage_i/mult_operand_a_ex_o_reg[29]/D
                            (rising edge-triggered cell FDCE clocked by clk_50m_unbuf  {rise@0.000ns fall@10.000ns period=20.000ns})
  Path Group:             clk_50m_unbuf
  Path Type:              Setup (Max at Slow Process Corner)
  Requirement:            20.000ns  (clk_50m_unbuf rise@20.000ns - clk_50m_unbuf rise@0.000ns)
  Data Path Delay:        20.400ns  (logic 5.877ns (28.809%)  route 14.523ns (71.191%))
  Logic Levels:           28  (CARRY4=5 LUT3=2 LUT5=6 LUT6=13 MUXF7=2)
  Clock Path Skew:        -0.105ns (DCD - SCD + CPR)
    Destination Clock Delay (DCD):    -1.526ns = ( 18.474 - 20.000 ) 
    Source Clock Delay      (SCD):    -0.932ns
    Clock Pessimism Removal (CPR):    0.488ns
  Clock Uncertainty:      0.089ns  ((TSJ^2 + DJ^2)^1/2) / 2 + PE
    Total System Jitter     (TSJ):    0.071ns
    Discrete Jitter          (DJ):    0.163ns
    Phase Error              (PE):    0.000ns

    Location             Delay type                Incr(ns)  Path(ns)    Netlist Resource(s)
  -------------------------------------------------------------------    -------------------
                         (clock clk_50m_unbuf rise edge)
                                                      0.000     0.000 r  
    E3                                                0.000     0.000 r  clk_100m_i (IN)
                         net (fo=0)                   0.000     0.000    clk_100m_i
    E3                   IBUF (Prop_ibuf_I_O)         1.482     1.482 r  clk_100m_i_IBUF_inst/O
                         net (fo=1, routed)           1.233     2.715    clk_100m_i_IBUF
    MMCME2_ADV_X1Y2      MMCME2_ADV (Prop_mmcme2_adv_CLKIN1_CLKOUT0)
                                                     -7.070    -4.355 r  u_mmcm/CLKOUT0
                         net (fo=1, routed)           1.719    -2.636    clk_50m_unbuf
    BUFGCTRL_X0Y16       BUFG (Prop_bufg_I_O)         0.096    -2.540 r  u_bufg_clk50/O
                         net (fo=7170, routed)        1.608    -0.932    u_soc_top/gen_cv32e40p_core.u_core/core_i/id_stage_i/clk_50m
    SLICE_X53Y142        FDCE                                         r  u_soc_top/gen_cv32e40p_core.u_core/core_i/id_stage_i/alu_operator_ex_o_reg[5]/C
  -------------------------------------------------------------------    -------------------
    SLICE_X53Y142        FDCE (Prop_fdce_C_Q)         0.456    -0.476 r  u_soc_top/gen_cv32e40p_core.u_core/core_i/id_stage_i/alu_operator_ex_o_reg[5]/Q
                         net (fo=59, routed)          0.670     0.194    u_soc_top/gen_cv32e40p_core.u_core/core_i/id_stage_i/register_file_i/i___147_i_34_0[5]
    SLICE_X55Y142        LUT3 (Prop_lut3_I0_O)        0.124     0.318 r  u_soc_top/gen_cv32e40p_core.u_core/core_i/id_stage_i/register_file_i/i___160_i_5/O
                         net (fo=96, routed)          1.370     1.688    u_soc_top/gen_cv32e40p_core.u_core/core_i/id_stage_i/register_file_i/i___160_i_5_n_0
    SLICE_X56Y145        LUT6 (Prop_lut6_I0_O)        0.124     1.812 r  u_soc_top/gen_cv32e40p_core.u_core/core_i/id_stage_i/register_file_i/i___91__10_i_53/O
                         net (fo=1, routed)           0.426     2.238    u_soc_top/gen_cv32e40p_core.u_core/core_i/id_stage_i/register_file_i/i___91__10_i_53_n_0
    SLICE_X56Y146        LUT6 (Prop_lut6_I5_O)        0.124     2.362 r  u_soc_top/gen_cv32e40p_core.u_core/core_i/id_stage_i/register_file_i/i___91__10_i_40/O
                         net (fo=2, routed)           0.692     3.054    u_soc_top/gen_cv32e40p_core.u_core/core_i/id_stage_i/register_file_i/ex_stage_i/alu_i/adder_op_a[19]
    SLICE_X54Y147        LUT5 (Prop_lut5_I0_O)        0.124     3.178 r  u_soc_top/gen_cv32e40p_core.u_core/core_i/id_stage_i/register_file_i/i___91__10_i_44/O
                         net (fo=1, routed)           0.000     3.178    u_soc_top/gen_cv32e40p_core.u_core/core_i/id_stage_i/register_file_i/i___91__10_i_44_n_0
    SLICE_X54Y147        CARRY4 (Prop_carry4_S[1]_CO[3])
                                                      0.533     3.711 r  u_soc_top/gen_cv32e40p_core.u_core/core_i/id_stage_i/register_file_i/i___91__10_i_30/CO[3]
                         net (fo=1, routed)           0.000     3.711    u_soc_top/gen_cv32e40p_core.u_core/core_i/id_stage_i/register_file_i/i___91__10_i_30_n_0
    SLICE_X54Y148        CARRY4 (Prop_carry4_CI_CO[3])
                                                      0.117     3.828 r  u_soc_top/gen_cv32e40p_core.u_core/core_i/id_stage_i/register_file_i/i___91__7_i_30/CO[3]
                         net (fo=1, routed)           0.000     3.828    u_soc_top/gen_cv32e40p_core.u_core/core_i/id_stage_i/register_file_i/i___91__7_i_30_n_0
    SLICE_X54Y149        CARRY4 (Prop_carry4_CI_O[1])
                                                      0.323     4.151 r  u_soc_top/gen_cv32e40p_core.u_core/core_i/id_stage_i/register_file_i/i___91__3_i_31/O[1]
                         net (fo=4, routed)           0.744     4.894    u_soc_top/gen_cv32e40p_core.u_core/core_i/id_stage_i/register_file_i/ex_stage_i/alu_i/data0[26]
    SLICE_X55Y150        LUT5 (Prop_lut5_I3_O)        0.306     5.200 r  u_soc_top/gen_cv32e40p_core.u_core/core_i/id_stage_i/register_file_i/BReg_DP[31]_i_95/O
                         net (fo=1, routed)           0.000     5.200    u_soc_top/gen_cv32e40p_core.u_core/core_i/id_stage_i/register_file_i/BReg_DP[31]_i_95_n_0
    SLICE_X55Y150        CARRY4 (Prop_carry4_S[2]_CO[3])
                                                      0.398     5.598 r  u_soc_top/gen_cv32e40p_core.u_core/core_i/id_stage_i/register_file_i/BReg_DP_reg[31]_i_82/CO[3]
                         net (fo=1, routed)           0.000     5.598    u_soc_top/gen_cv32e40p_core.u_core/core_i/id_stage_i/register_file_i/BReg_DP_reg[31]_i_82_n_0
    SLICE_X55Y151        CARRY4 (Prop_carry4_CI_O[3])
                                                      0.313     5.911 r  u_soc_top/gen_cv32e40p_core.u_core/core_i/id_stage_i/register_file_i/BReg_DP_reg[0]_i_8/O[3]
                         net (fo=2, routed)           0.495     6.406    u_soc_top/gen_cv32e40p_core.u_core/core_i/id_stage_i/register_file_i/ex_stage_i/alu_i/adder_round_result[31]
    SLICE_X55Y152        LUT6 (Prop_lut6_I2_O)        0.306     6.712 r  u_soc_top/gen_cv32e40p_core.u_core/core_i/id_stage_i/register_file_i/BReg_DP[0]_i_6/O
                         net (fo=61, routed)          1.014     7.726    u_soc_top/gen_cv32e40p_core.u_core/core_i/id_stage_i/register_file_i/shift_right_result126_out
    SLICE_X55Y154        LUT3 (Prop_lut3_I2_O)        0.124     7.850 r  u_soc_top/gen_cv32e40p_core.u_core/core_i/id_stage_i/register_file_i/BReg_DP[16]_i_12/O
                         net (fo=3, routed)           0.616     8.466    u_soc_top/gen_cv32e40p_core.u_core/core_i/id_stage_i/register_file_i/ex_stage_i/alu_i/shift_op_a_32[46]
    SLICE_X59Y156        LUT6 (Prop_lut6_I0_O)        0.124     8.590 r  u_soc_top/gen_cv32e40p_core.u_core/core_i/id_stage_i/register_file_i/BReg_DP[16]_i_8/O
                         net (fo=4, routed)           0.984     9.574    u_soc_top/gen_cv32e40p_core.u_core/core_i/id_stage_i/register_file_i/BReg_DP[16]_i_8_n_0
    SLICE_X57Y157        LUT6 (Prop_lut6_I0_O)        0.124     9.698 r  u_soc_top/gen_cv32e40p_core.u_core/core_i/id_stage_i/register_file_i/BReg_DP[16]_i_4/O
                         net (fo=3, routed)           0.446    10.144    u_soc_top/gen_cv32e40p_core.u_core/core_i/id_stage_i/register_file_i/alu_clpx_shift_ex_o_reg[1]_12
    SLICE_X56Y157        LUT5 (Prop_lut5_I2_O)        0.124    10.268 r  u_soc_top/gen_cv32e40p_core.u_core/core_i/id_stage_i/register_file_i/BReg_DP[16]_i_2/O
                         net (fo=3, routed)           0.827    11.095    u_soc_top/gen_cv32e40p_core.u_core/core_i/id_stage_i/register_file_i/shift_left_result[2]
    SLICE_X58Y157        LUT5 (Prop_lut5_I0_O)        0.124    11.219 r  u_soc_top/gen_cv32e40p_core.u_core/core_i/id_stage_i/register_file_i/i___91__15_i_30/O
                         net (fo=6, routed)           1.090    12.310    u_soc_top/gen_cv32e40p_core.u_core/core_i/id_stage_i/register_file_i/ex_stage_i/alu_i/radix_2_rev[15]
    SLICE_X60Y150        LUT6 (Prop_lut6_I5_O)        0.124    12.434 r  u_soc_top/gen_cv32e40p_core.u_core/core_i/id_stage_i/register_file_i/i___28_i_99/O
                         net (fo=1, routed)           0.000    12.434    u_soc_top/gen_cv32e40p_core.u_core/core_i/id_stage_i/register_file_i/i___28_i_99_n_0
    SLICE_X60Y150        MUXF7 (Prop_muxf7_I0_O)      0.209    12.643 r  u_soc_top/gen_cv32e40p_core.u_core/core_i/id_stage_i/register_file_i/i___28_i_93/O
                         net (fo=1, routed)           0.586    13.229    u_soc_top/gen_cv32e40p_core.u_core/core_i/id_stage_i/register_file_i/i___28_i_93_n_0
    SLICE_X58Y150        LUT6 (Prop_lut6_I2_O)        0.297    13.526 r  u_soc_top/gen_cv32e40p_core.u_core/core_i/id_stage_i/register_file_i/i___28_i_86/O
                         net (fo=64, routed)          1.068    14.594    u_soc_top/gen_cv32e40p_core.u_core/core_i/id_stage_i/register_file_i/ex_stage_i/alu_i/extract_sign
    SLICE_X50Y145        LUT6 (Prop_lut6_I5_O)        0.124    14.718 r  u_soc_top/gen_cv32e40p_core.u_core/core_i/id_stage_i/register_file_i/i___91__2_i_40/O
                         net (fo=1, routed)           0.295    15.013    u_soc_top/gen_cv32e40p_core.u_core/core_i/id_stage_i/register_file_i/i___91__2_i_40_n_0
    SLICE_X51Y146        LUT6 (Prop_lut6_I5_O)        0.124    15.137 r  u_soc_top/gen_cv32e40p_core.u_core/core_i/id_stage_i/register_file_i/i___91__2_i_34/O
                         net (fo=1, routed)           0.306    15.443    u_soc_top/gen_cv32e40p_core.u_core/core_i/id_stage_i/register_file_i/ex_stage_i/alu_i/bextins_result[29]
    SLICE_X50Y145        LUT6 (Prop_lut6_I5_O)        0.124    15.567 r  u_soc_top/gen_cv32e40p_core.u_core/core_i/id_stage_i/register_file_i/i___91__2_i_27/O
                         net (fo=1, routed)           0.000    15.567    u_soc_top/gen_cv32e40p_core.u_core/core_i/id_stage_i/register_file_i/i___91__2_i_27_n_0
    SLICE_X50Y145        MUXF7 (Prop_muxf7_I1_O)      0.214    15.781 r  u_soc_top/gen_cv32e40p_core.u_core/core_i/id_stage_i/register_file_i/i___91__2_i_20/O
                         net (fo=1, routed)           0.457    16.239    u_soc_top/gen_cv32e40p_core.u_core/core_i/id_stage_i/register_file_i/i___91__2_i_20_n_0
    SLICE_X45Y145        LUT6 (Prop_lut6_I5_O)        0.297    16.536 r  u_soc_top/gen_cv32e40p_core.u_core/core_i/id_stage_i/register_file_i/i___91__2_i_8/O
                         net (fo=1, routed)           0.446    16.982    u_soc_top/gen_cv32e40p_core.u_core/core_i/id_stage_i/gen_hwloop_regs.hwloop_regs_i/alu_result[23]
    SLICE_X44Y142        LUT6 (Prop_lut6_I3_O)        0.124    17.106 r  u_soc_top/gen_cv32e40p_core.u_core/core_i/id_stage_i/gen_hwloop_regs.hwloop_regs_i/i___91__2_i_3/O
                         net (fo=37, routed)          0.640    17.746    u_soc_top/gen_cv32e40p_core.u_core/core_i/id_stage_i/register_file_i/mult_operand_a_ex_o_reg[29]_0
    SLICE_X44Y140        LUT6 (Prop_lut6_I4_O)        0.124    17.870 r  u_soc_top/gen_cv32e40p_core.u_core/core_i/id_stage_i/register_file_i/alu_operand_c_ex_o[29]_i_2/O
                         net (fo=2, routed)           0.412    18.282    u_soc_top/gen_cv32e40p_core.u_core/core_i/if_stage_i/mult_dot_op_c_ex_o_reg[29]_0
    SLICE_X45Y140        LUT5 (Prop_lut5_I0_O)        0.124    18.406 r  u_soc_top/gen_cv32e40p_core.u_core/core_i/if_stage_i/alu_operand_a_ex_o[29]_i_2/O
                         net (fo=2, routed)           0.446    18.852    u_soc_top/gen_cv32e40p_core.u_core/core_i/if_stage_i/alu_operand_a_ex_o[29]_i_2_n_0
    SLICE_X45Y140        LUT5 (Prop_lut5_I4_O)        0.124    18.976 r  u_soc_top/gen_cv32e40p_core.u_core/core_i/if_stage_i/mult_operand_a_ex_o[29]_i_1/O
                         net (fo=2, routed)           0.491    19.468    u_soc_top/gen_cv32e40p_core.u_core/core_i/id_stage_i/mult_operand_a_ex_o_reg[31]_0[29]
    SLICE_X46Y140        FDCE                                         r  u_soc_top/gen_cv32e40p_core.u_core/core_i/id_stage_i/mult_operand_a_ex_o_reg[29]/D
  -------------------------------------------------------------------    -------------------

                         (clock clk_50m_unbuf rise edge)
                                                     20.000    20.000 r  
    E3                                                0.000    20.000 r  clk_100m_i (IN)
                         net (fo=0)                   0.000    20.000    clk_100m_i
    E3                   IBUF (Prop_ibuf_I_O)         1.411    21.411 r  clk_100m_i_IBUF_inst/O
                         net (fo=1, routed)           1.162    22.573    clk_100m_i_IBUF
    MMCME2_ADV_X1Y2      MMCME2_ADV (Prop_mmcme2_adv_CLKIN1_CLKOUT0)
                                                     -7.324    15.249 r  u_mmcm/CLKOUT0
                         net (fo=1, routed)           1.639    16.888    clk_50m_unbuf
    BUFGCTRL_X0Y16       BUFG (Prop_bufg_I_O)         0.091    16.979 r  u_bufg_clk50/O
                         net (fo=7170, routed)        1.495    18.474    u_soc_top/gen_cv32e40p_core.u_core/core_i/id_stage_i/clk_50m
    SLICE_X46Y140        FDCE                                         r  u_soc_top/gen_cv32e40p_core.u_core/core_i/id_stage_i/mult_operand_a_ex_o_reg[29]/C
                         clock pessimism              0.488    18.963    
                         clock uncertainty           -0.089    18.874    
    SLICE_X46Y140        FDCE (Setup_fdce_C_D)       -0.031    18.843    u_soc_top/gen_cv32e40p_core.u_core/core_i/id_stage_i/mult_operand_a_ex_o_reg[29]
  -------------------------------------------------------------------
                         required time                         18.843    
                         arrival time                         -19.468    
  -------------------------------------------------------------------
                         slack                                 -0.625    

Slack (VIOLATED) :        -0.623ns  (required time - arrival time)
  Source:                 u_soc_top/gen_cv32e40p_core.u_core/core_i/id_stage_i/alu_operator_ex_o_reg[5]/C
                            (rising edge-triggered cell FDCE clocked by clk_50m_unbuf  {rise@0.000ns fall@10.000ns period=20.000ns})
  Destination:            u_soc_top/gen_cv32e40p_core.u_core/core_i/id_stage_i/mult_dot_op_b_ex_o_reg[19]/D
                            (rising edge-triggered cell FDCE clocked by clk_50m_unbuf  {rise@0.000ns fall@10.000ns period=20.000ns})
  Path Group:             clk_50m_unbuf
  Path Type:              Setup (Max at Slow Process Corner)
  Requirement:            20.000ns  (clk_50m_unbuf rise@20.000ns - clk_50m_unbuf rise@0.000ns)
  Data Path Delay:        20.458ns  (logic 5.785ns (28.278%)  route 14.673ns (71.722%))
  Logic Levels:           27  (CARRY4=5 LUT3=2 LUT5=5 LUT6=13 MUXF7=2)
  Clock Path Skew:        -0.033ns (DCD - SCD + CPR)
    Destination Clock Delay (DCD):    -1.525ns = ( 18.475 - 20.000 ) 
    Source Clock Delay      (SCD):    -0.932ns
    Clock Pessimism Removal (CPR):    0.560ns
  Clock Uncertainty:      0.089ns  ((TSJ^2 + DJ^2)^1/2) / 2 + PE
    Total System Jitter     (TSJ):    0.071ns
    Discrete Jitter          (DJ):    0.163ns
    Phase Error              (PE):    0.000ns

    Location             Delay type                Incr(ns)  Path(ns)    Netlist Resource(s)
  -------------------------------------------------------------------    -------------------
                         (clock clk_50m_unbuf rise edge)
                                                      0.000     0.000 r  
    E3                                                0.000     0.000 r  clk_100m_i (IN)
                         net (fo=0)                   0.000     0.000    clk_100m_i
    E3                   IBUF (Prop_ibuf_I_O)         1.482     1.482 r  clk_100m_i_IBUF_inst/O
                         net (fo=1, routed)           1.233     2.715    clk_100m_i_IBUF
    MMCME2_ADV_X1Y2      MMCME2_ADV (Prop_mmcme2_adv_CLKIN1_CLKOUT0)
                                                     -7.070    -4.355 r  u_mmcm/CLKOUT0
                         net (fo=1, routed)           1.719    -2.636    clk_50m_unbuf
    BUFGCTRL_X0Y16       BUFG (Prop_bufg_I_O)         0.096    -2.540 r  u_bufg_clk50/O
                         net (fo=7170, routed)        1.608    -0.932    u_soc_top/gen_cv32e40p_core.u_core/core_i/id_stage_i/clk_50m
    SLICE_X53Y142        FDCE                                         r  u_soc_top/gen_cv32e40p_core.u_core/core_i/id_stage_i/alu_operator_ex_o_reg[5]/C
  -------------------------------------------------------------------    -------------------
    SLICE_X53Y142        FDCE (Prop_fdce_C_Q)         0.456    -0.476 r  u_soc_top/gen_cv32e40p_core.u_core/core_i/id_stage_i/alu_operator_ex_o_reg[5]/Q
                         net (fo=59, routed)          0.670     0.194    u_soc_top/gen_cv32e40p_core.u_core/core_i/id_stage_i/register_file_i/i___147_i_34_0[5]
    SLICE_X55Y142        LUT3 (Prop_lut3_I0_O)        0.124     0.318 r  u_soc_top/gen_cv32e40p_core.u_core/core_i/id_stage_i/register_file_i/i___160_i_5/O
                         net (fo=96, routed)          1.370     1.688    u_soc_top/gen_cv32e40p_core.u_core/core_i/id_stage_i/register_file_i/i___160_i_5_n_0
    SLICE_X56Y145        LUT6 (Prop_lut6_I0_O)        0.124     1.812 r  u_soc_top/gen_cv32e40p_core.u_core/core_i/id_stage_i/register_file_i/i___91__10_i_53/O
                         net (fo=1, routed)           0.426     2.238    u_soc_top/gen_cv32e40p_core.u_core/core_i/id_stage_i/register_file_i/i___91__10_i_53_n_0
    SLICE_X56Y146        LUT6 (Prop_lut6_I5_O)        0.124     2.362 r  u_soc_top/gen_cv32e40p_core.u_core/core_i/id_stage_i/register_file_i/i___91__10_i_40/O
                         net (fo=2, routed)           0.692     3.054    u_soc_top/gen_cv32e40p_core.u_core/core_i/id_stage_i/register_file_i/ex_stage_i/alu_i/adder_op_a[19]
    SLICE_X54Y147        LUT5 (Prop_lut5_I0_O)        0.124     3.178 r  u_soc_top/gen_cv32e40p_core.u_core/core_i/id_stage_i/register_file_i/i___91__10_i_44/O
                         net (fo=1, routed)           0.000     3.178    u_soc_top/gen_cv32e40p_core.u_core/core_i/id_stage_i/register_file_i/i___91__10_i_44_n_0
    SLICE_X54Y147        CARRY4 (Prop_carry4_S[1]_CO[3])
                                                      0.533     3.711 r  u_soc_top/gen_cv32e40p_core.u_core/core_i/id_stage_i/register_file_i/i___91__10_i_30/CO[3]
                         net (fo=1, routed)           0.000     3.711    u_soc_top/gen_cv32e40p_core.u_core/core_i/id_stage_i/register_file_i/i___91__10_i_30_n_0
    SLICE_X54Y148        CARRY4 (Prop_carry4_CI_CO[3])
                                                      0.117     3.828 r  u_soc_top/gen_cv32e40p_core.u_core/core_i/id_stage_i/register_file_i/i___91__7_i_30/CO[3]
                         net (fo=1, routed)           0.000     3.828    u_soc_top/gen_cv32e40p_core.u_core/core_i/id_stage_i/register_file_i/i___91__7_i_30_n_0
    SLICE_X54Y149        CARRY4 (Prop_carry4_CI_O[1])
                                                      0.323     4.151 r  u_soc_top/gen_cv32e40p_core.u_core/core_i/id_stage_i/register_file_i/i___91__3_i_31/O[1]
                         net (fo=4, routed)           0.744     4.894    u_soc_top/gen_cv32e40p_core.u_core/core_i/id_stage_i/register_file_i/ex_stage_i/alu_i/data0[26]
    SLICE_X55Y150        LUT5 (Prop_lut5_I3_O)        0.306     5.200 r  u_soc_top/gen_cv32e40p_core.u_core/core_i/id_stage_i/register_file_i/BReg_DP[31]_i_95/O
                         net (fo=1, routed)           0.000     5.200    u_soc_top/gen_cv32e40p_core.u_core/core_i/id_stage_i/register_file_i/BReg_DP[31]_i_95_n_0
    SLICE_X55Y150        CARRY4 (Prop_carry4_S[2]_CO[3])
                                                      0.398     5.598 r  u_soc_top/gen_cv32e40p_core.u_core/core_i/id_stage_i/register_file_i/BReg_DP_reg[31]_i_82/CO[3]
                         net (fo=1, routed)           0.000     5.598    u_soc_top/gen_cv32e40p_core.u_core/core_i/id_stage_i/register_file_i/BReg_DP_reg[31]_i_82_n_0
    SLICE_X55Y151        CARRY4 (Prop_carry4_CI_O[3])
                                                      0.313     5.911 r  u_soc_top/gen_cv32e40p_core.u_core/core_i/id_stage_i/register_file_i/BReg_DP_reg[0]_i_8/O[3]
                         net (fo=2, routed)           0.495     6.406    u_soc_top/gen_cv32e40p_core.u_core/core_i/id_stage_i/register_file_i/ex_stage_i/alu_i/adder_round_result[31]
    SLICE_X55Y152        LUT6 (Prop_lut6_I2_O)        0.306     6.712 r  u_soc_top/gen_cv32e40p_core.u_core/core_i/id_stage_i/register_file_i/BReg_DP[0]_i_6/O
                         net (fo=61, routed)          1.014     7.726    u_soc_top/gen_cv32e40p_core.u_core/core_i/id_stage_i/register_file_i/shift_right_result126_out
    SLICE_X55Y154        LUT3 (Prop_lut3_I2_O)        0.124     7.850 r  u_soc_top/gen_cv32e40p_core.u_core/core_i/id_stage_i/register_file_i/BReg_DP[16]_i_12/O
                         net (fo=3, routed)           0.616     8.466    u_soc_top/gen_cv32e40p_core.u_core/core_i/id_stage_i/register_file_i/ex_stage_i/alu_i/shift_op_a_32[46]
    SLICE_X59Y156        LUT6 (Prop_lut6_I0_O)        0.124     8.590 r  u_soc_top/gen_cv32e40p_core.u_core/core_i/id_stage_i/register_file_i/BReg_DP[16]_i_8/O
                         net (fo=4, routed)           0.984     9.574    u_soc_top/gen_cv32e40p_core.u_core/core_i/id_stage_i/register_file_i/BReg_DP[16]_i_8_n_0
    SLICE_X57Y157        LUT6 (Prop_lut6_I0_O)        0.124     9.698 r  u_soc_top/gen_cv32e40p_core.u_core/core_i/id_stage_i/register_file_i/BReg_DP[16]_i_4/O
                         net (fo=3, routed)           0.446    10.144    u_soc_top/gen_cv32e40p_core.u_core/core_i/id_stage_i/register_file_i/alu_clpx_shift_ex_o_reg[1]_12
    SLICE_X56Y157        LUT5 (Prop_lut5_I2_O)        0.124    10.268 r  u_soc_top/gen_cv32e40p_core.u_core/core_i/id_stage_i/register_file_i/BReg_DP[16]_i_2/O
                         net (fo=3, routed)           0.827    11.095    u_soc_top/gen_cv32e40p_core.u_core/core_i/id_stage_i/register_file_i/shift_left_result[2]
    SLICE_X58Y157        LUT5 (Prop_lut5_I0_O)        0.124    11.219 r  u_soc_top/gen_cv32e40p_core.u_core/core_i/id_stage_i/register_file_i/i___91__15_i_30/O
                         net (fo=6, routed)           1.090    12.310    u_soc_top/gen_cv32e40p_core.u_core/core_i/id_stage_i/register_file_i/ex_stage_i/alu_i/radix_2_rev[15]
    SLICE_X60Y150        LUT6 (Prop_lut6_I5_O)        0.124    12.434 r  u_soc_top/gen_cv32e40p_core.u_core/core_i/id_stage_i/register_file_i/i___28_i_99/O
                         net (fo=1, routed)           0.000    12.434    u_soc_top/gen_cv32e40p_core.u_core/core_i/id_stage_i/register_file_i/i___28_i_99_n_0
    SLICE_X60Y150        MUXF7 (Prop_muxf7_I0_O)      0.209    12.643 r  u_soc_top/gen_cv32e40p_core.u_core/core_i/id_stage_i/register_file_i/i___28_i_93/O
                         net (fo=1, routed)           0.586    13.229    u_soc_top/gen_cv32e40p_core.u_core/core_i/id_stage_i/register_file_i/i___28_i_93_n_0
    SLICE_X58Y150        LUT6 (Prop_lut6_I2_O)        0.297    13.526 r  u_soc_top/gen_cv32e40p_core.u_core/core_i/id_stage_i/register_file_i/i___28_i_86/O
                         net (fo=64, routed)          0.909    14.434    u_soc_top/gen_cv32e40p_core.u_core/core_i/id_stage_i/register_file_i/ex_stage_i/alu_i/extract_sign
    SLICE_X61Y147        LUT6 (Prop_lut6_I3_O)        0.124    14.558 r  u_soc_top/gen_cv32e40p_core.u_core/core_i/id_stage_i/register_file_i/i___91__32_i_32/O
                         net (fo=1, routed)           0.293    14.851    u_soc_top/gen_cv32e40p_core.u_core/core_i/id_stage_i/register_file_i/ex_stage_i/alu_i/bextins_result[3]
    SLICE_X61Y145        LUT6 (Prop_lut6_I5_O)        0.124    14.975 r  u_soc_top/gen_cv32e40p_core.u_core/core_i/id_stage_i/register_file_i/i___91__32_i_25/O
                         net (fo=1, routed)           0.000    14.975    u_soc_top/gen_cv32e40p_core.u_core/core_i/id_stage_i/register_file_i/i___91__32_i_25_n_0
    SLICE_X61Y145        MUXF7 (Prop_muxf7_I1_O)      0.245    15.220 r  u_soc_top/gen_cv32e40p_core.u_core/core_i/id_stage_i/register_file_i/i___91__32_i_12/O
                         net (fo=1, routed)           0.523    15.743    u_soc_top/gen_cv32e40p_core.u_core/core_i/id_stage_i/register_file_i/i___91__32_i_12_n_0
    SLICE_X62Y144        LUT6 (Prop_lut6_I5_O)        0.298    16.041 r  u_soc_top/gen_cv32e40p_core.u_core/core_i/id_stage_i/register_file_i/i___91__32_i_4/O
                         net (fo=1, routed)           0.322    16.364    u_soc_top/gen_cv32e40p_core.u_core/core_i/id_stage_i/gen_hwloop_regs.hwloop_regs_i/alu_result[3]
    SLICE_X64Y143        LUT6 (Prop_lut6_I3_O)        0.124    16.488 r  u_soc_top/gen_cv32e40p_core.u_core/core_i/id_stage_i/gen_hwloop_regs.hwloop_regs_i/i___91__32_i_2/O
                         net (fo=37, routed)          0.565    17.053    u_soc_top/gen_cv32e40p_core.u_core/regfile_alu_wdata_fw[3]
    SLICE_X64Y142        LUT6 (Prop_lut6_I2_O)        0.124    17.177 r  u_soc_top/gen_cv32e40p_core.u_core/i___91__33/O
                         net (fo=1, routed)           0.825    18.003    u_soc_top/gen_cv32e40p_core.u_core/core_i/if_stage_i/mult_dot_op_b_ex_o_reg[3]
    SLICE_X66Y147        LUT6 (Prop_lut6_I0_O)        0.124    18.127 r  u_soc_top/gen_cv32e40p_core.u_core/core_i/if_stage_i/mult_operand_b_ex_o[3]_i_1/O
                         net (fo=9, routed)           0.927    19.053    u_soc_top/gen_cv32e40p_core.u_core/core_i/if_stage_i/operand_b[3]
    SLICE_X66Y144        LUT5 (Prop_lut5_I0_O)        0.124    19.177 r  u_soc_top/gen_cv32e40p_core.u_core/core_i/if_stage_i/mult_operand_b_ex_o[19]_i_1/O
                         net (fo=2, routed)           0.349    19.526    u_soc_top/gen_cv32e40p_core.u_core/core_i/id_stage_i/mult_operand_b_ex_o_reg[31]_1[11]
    SLICE_X68Y144        FDCE                                         r  u_soc_top/gen_cv32e40p_core.u_core/core_i/id_stage_i/mult_dot_op_b_ex_o_reg[19]/D
  -------------------------------------------------------------------    -------------------

                         (clock clk_50m_unbuf rise edge)
                                                     20.000    20.000 r  
    E3                                                0.000    20.000 r  clk_100m_i (IN)
                         net (fo=0)                   0.000    20.000    clk_100m_i
    E3                   IBUF (Prop_ibuf_I_O)         1.411    21.411 r  clk_100m_i_IBUF_inst/O
                         net (fo=1, routed)           1.162    22.573    clk_100m_i_IBUF
    MMCME2_ADV_X1Y2      MMCME2_ADV (Prop_mmcme2_adv_CLKIN1_CLKOUT0)
                                                     -7.324    15.249 r  u_mmcm/CLKOUT0
                         net (fo=1, routed)           1.639    16.888    clk_50m_unbuf
    BUFGCTRL_X0Y16       BUFG (Prop_bufg_I_O)         0.091    16.979 r  u_bufg_clk50/O
                         net (fo=7170, routed)        1.496    18.475    u_soc_top/gen_cv32e40p_core.u_core/core_i/id_stage_i/clk_50m
    SLICE_X68Y144        FDCE                                         r  u_soc_top/gen_cv32e40p_core.u_core/core_i/id_stage_i/mult_dot_op_b_ex_o_reg[19]/C
                         clock pessimism              0.560    19.035    
                         clock uncertainty           -0.089    18.946    
    SLICE_X68Y144        FDCE (Setup_fdce_C_D)       -0.043    18.903    u_soc_top/gen_cv32e40p_core.u_core/core_i/id_stage_i/mult_dot_op_b_ex_o_reg[19]
  -------------------------------------------------------------------
                         required time                         18.903    
                         arrival time                         -19.526    
  -------------------------------------------------------------------
                         slack                                 -0.623    

Slack (VIOLATED) :        -0.621ns  (required time - arrival time)
  Source:                 u_soc_top/gen_cv32e40p_core.u_core/core_i/id_stage_i/alu_operator_ex_o_reg[5]/C
                            (rising edge-triggered cell FDCE clocked by clk_50m_unbuf  {rise@0.000ns fall@10.000ns period=20.000ns})
  Destination:            u_soc_top/gen_cv32e40p_core.u_core/core_i/id_stage_i/mult_dot_op_b_ex_o_reg[28]/D
                            (rising edge-triggered cell FDCE clocked by clk_50m_unbuf  {rise@0.000ns fall@10.000ns period=20.000ns})
  Path Group:             clk_50m_unbuf
  Path Type:              Setup (Max at Slow Process Corner)
  Requirement:            20.000ns  (clk_50m_unbuf rise@20.000ns - clk_50m_unbuf rise@0.000ns)
  Data Path Delay:        20.486ns  (logic 5.882ns (28.713%)  route 14.604ns (71.287%))
  Logic Levels:           28  (CARRY4=5 LUT3=2 LUT5=4 LUT6=15 MUXF7=2)
  Clock Path Skew:        -0.033ns (DCD - SCD + CPR)
    Destination Clock Delay (DCD):    -1.525ns = ( 18.475 - 20.000 ) 
    Source Clock Delay      (SCD):    -0.932ns
    Clock Pessimism Removal (CPR):    0.560ns
  Clock Uncertainty:      0.089ns  ((TSJ^2 + DJ^2)^1/2) / 2 + PE
    Total System Jitter     (TSJ):    0.071ns
    Discrete Jitter          (DJ):    0.163ns
    Phase Error              (PE):    0.000ns

    Location             Delay type                Incr(ns)  Path(ns)    Netlist Resource(s)
  -------------------------------------------------------------------    -------------------
                         (clock clk_50m_unbuf rise edge)
                                                      0.000     0.000 r  
    E3                                                0.000     0.000 r  clk_100m_i (IN)
                         net (fo=0)                   0.000     0.000    clk_100m_i
    E3                   IBUF (Prop_ibuf_I_O)         1.482     1.482 r  clk_100m_i_IBUF_inst/O
                         net (fo=1, routed)           1.233     2.715    clk_100m_i_IBUF
    MMCME2_ADV_X1Y2      MMCME2_ADV (Prop_mmcme2_adv_CLKIN1_CLKOUT0)
                                                     -7.070    -4.355 r  u_mmcm/CLKOUT0
                         net (fo=1, routed)           1.719    -2.636    clk_50m_unbuf
    BUFGCTRL_X0Y16       BUFG (Prop_bufg_I_O)         0.096    -2.540 r  u_bufg_clk50/O
                         net (fo=7170, routed)        1.608    -0.932    u_soc_top/gen_cv32e40p_core.u_core/core_i/id_stage_i/clk_50m
    SLICE_X53Y142        FDCE                                         r  u_soc_top/gen_cv32e40p_core.u_core/core_i/id_stage_i/alu_operator_ex_o_reg[5]/C
  -------------------------------------------------------------------    -------------------
    SLICE_X53Y142        FDCE (Prop_fdce_C_Q)         0.456    -0.476 r  u_soc_top/gen_cv32e40p_core.u_core/core_i/id_stage_i/alu_operator_ex_o_reg[5]/Q
                         net (fo=59, routed)          0.670     0.194    u_soc_top/gen_cv32e40p_core.u_core/core_i/id_stage_i/register_file_i/i___147_i_34_0[5]
    SLICE_X55Y142        LUT3 (Prop_lut3_I0_O)        0.124     0.318 r  u_soc_top/gen_cv32e40p_core.u_core/core_i/id_stage_i/register_file_i/i___160_i_5/O
                         net (fo=96, routed)          1.370     1.688    u_soc_top/gen_cv32e40p_core.u_core/core_i/id_stage_i/register_file_i/i___160_i_5_n_0
    SLICE_X56Y145        LUT6 (Prop_lut6_I0_O)        0.124     1.812 r  u_soc_top/gen_cv32e40p_core.u_core/core_i/id_stage_i/register_file_i/i___91__10_i_53/O
                         net (fo=1, routed)           0.426     2.238    u_soc_top/gen_cv32e40p_core.u_core/core_i/id_stage_i/register_file_i/i___91__10_i_53_n_0
    SLICE_X56Y146        LUT6 (Prop_lut6_I5_O)        0.124     2.362 r  u_soc_top/gen_cv32e40p_core.u_core/core_i/id_stage_i/register_file_i/i___91__10_i_40/O
                         net (fo=2, routed)           0.692     3.054    u_soc_top/gen_cv32e40p_core.u_core/core_i/id_stage_i/register_file_i/ex_stage_i/alu_i/adder_op_a[19]
    SLICE_X54Y147        LUT5 (Prop_lut5_I0_O)        0.124     3.178 r  u_soc_top/gen_cv32e40p_core.u_core/core_i/id_stage_i/register_file_i/i___91__10_i_44/O
                         net (fo=1, routed)           0.000     3.178    u_soc_top/gen_cv32e40p_core.u_core/core_i/id_stage_i/register_file_i/i___91__10_i_44_n_0
    SLICE_X54Y147        CARRY4 (Prop_carry4_S[1]_CO[3])
                                                      0.533     3.711 r  u_soc_top/gen_cv32e40p_core.u_core/core_i/id_stage_i/register_file_i/i___91__10_i_30/CO[3]
                         net (fo=1, routed)           0.000     3.711    u_soc_top/gen_cv32e40p_core.u_core/core_i/id_stage_i/register_file_i/i___91__10_i_30_n_0
    SLICE_X54Y148        CARRY4 (Prop_carry4_CI_CO[3])
                                                      0.117     3.828 r  u_soc_top/gen_cv32e40p_core.u_core/core_i/id_stage_i/register_file_i/i___91__7_i_30/CO[3]
                         net (fo=1, routed)           0.000     3.828    u_soc_top/gen_cv32e40p_core.u_core/core_i/id_stage_i/register_file_i/i___91__7_i_30_n_0
    SLICE_X54Y149        CARRY4 (Prop_carry4_CI_O[1])
                                                      0.323     4.151 r  u_soc_top/gen_cv32e40p_core.u_core/core_i/id_stage_i/register_file_i/i___91__3_i_31/O[1]
                         net (fo=4, routed)           0.744     4.894    u_soc_top/gen_cv32e40p_core.u_core/core_i/id_stage_i/register_file_i/ex_stage_i/alu_i/data0[26]
    SLICE_X55Y150        LUT5 (Prop_lut5_I3_O)        0.306     5.200 r  u_soc_top/gen_cv32e40p_core.u_core/core_i/id_stage_i/register_file_i/BReg_DP[31]_i_95/O
                         net (fo=1, routed)           0.000     5.200    u_soc_top/gen_cv32e40p_core.u_core/core_i/id_stage_i/register_file_i/BReg_DP[31]_i_95_n_0
    SLICE_X55Y150        CARRY4 (Prop_carry4_S[2]_CO[3])
                                                      0.398     5.598 r  u_soc_top/gen_cv32e40p_core.u_core/core_i/id_stage_i/register_file_i/BReg_DP_reg[31]_i_82/CO[3]
                         net (fo=1, routed)           0.000     5.598    u_soc_top/gen_cv32e40p_core.u_core/core_i/id_stage_i/register_file_i/BReg_DP_reg[31]_i_82_n_0
    SLICE_X55Y151        CARRY4 (Prop_carry4_CI_O[3])
                                                      0.313     5.911 r  u_soc_top/gen_cv32e40p_core.u_core/core_i/id_stage_i/register_file_i/BReg_DP_reg[0]_i_8/O[3]
                         net (fo=2, routed)           0.495     6.406    u_soc_top/gen_cv32e40p_core.u_core/core_i/id_stage_i/register_file_i/ex_stage_i/alu_i/adder_round_result[31]
    SLICE_X55Y152        LUT6 (Prop_lut6_I2_O)        0.306     6.712 r  u_soc_top/gen_cv32e40p_core.u_core/core_i/id_stage_i/register_file_i/BReg_DP[0]_i_6/O
                         net (fo=61, routed)          1.014     7.726    u_soc_top/gen_cv32e40p_core.u_core/core_i/id_stage_i/register_file_i/shift_right_result126_out
    SLICE_X55Y154        LUT3 (Prop_lut3_I2_O)        0.124     7.850 r  u_soc_top/gen_cv32e40p_core.u_core/core_i/id_stage_i/register_file_i/BReg_DP[16]_i_12/O
                         net (fo=3, routed)           0.616     8.466    u_soc_top/gen_cv32e40p_core.u_core/core_i/id_stage_i/register_file_i/ex_stage_i/alu_i/shift_op_a_32[46]
    SLICE_X59Y156        LUT6 (Prop_lut6_I0_O)        0.124     8.590 r  u_soc_top/gen_cv32e40p_core.u_core/core_i/id_stage_i/register_file_i/BReg_DP[16]_i_8/O
                         net (fo=4, routed)           0.984     9.574    u_soc_top/gen_cv32e40p_core.u_core/core_i/id_stage_i/register_file_i/BReg_DP[16]_i_8_n_0
    SLICE_X57Y157        LUT6 (Prop_lut6_I0_O)        0.124     9.698 r  u_soc_top/gen_cv32e40p_core.u_core/core_i/id_stage_i/register_file_i/BReg_DP[16]_i_4/O
                         net (fo=3, routed)           0.446    10.144    u_soc_top/gen_cv32e40p_core.u_core/core_i/id_stage_i/register_file_i/alu_clpx_shift_ex_o_reg[1]_12
    SLICE_X56Y157        LUT5 (Prop_lut5_I2_O)        0.124    10.268 r  u_soc_top/gen_cv32e40p_core.u_core/core_i/id_stage_i/register_file_i/BReg_DP[16]_i_2/O
                         net (fo=3, routed)           0.827    11.095    u_soc_top/gen_cv32e40p_core.u_core/core_i/id_stage_i/register_file_i/shift_left_result[2]
    SLICE_X58Y157        LUT5 (Prop_lut5_I0_O)        0.124    11.219 r  u_soc_top/gen_cv32e40p_core.u_core/core_i/id_stage_i/register_file_i/i___91__15_i_30/O
                         net (fo=6, routed)           1.090    12.310    u_soc_top/gen_cv32e40p_core.u_core/core_i/id_stage_i/register_file_i/ex_stage_i/alu_i/radix_2_rev[15]
    SLICE_X60Y150        LUT6 (Prop_lut6_I5_O)        0.124    12.434 r  u_soc_top/gen_cv32e40p_core.u_core/core_i/id_stage_i/register_file_i/i___28_i_99/O
                         net (fo=1, routed)           0.000    12.434    u_soc_top/gen_cv32e40p_core.u_core/core_i/id_stage_i/register_file_i/i___28_i_99_n_0
    SLICE_X60Y150        MUXF7 (Prop_muxf7_I0_O)      0.209    12.643 r  u_soc_top/gen_cv32e40p_core.u_core/core_i/id_stage_i/register_file_i/i___28_i_93/O
                         net (fo=1, routed)           0.586    13.229    u_soc_top/gen_cv32e40p_core.u_core/core_i/id_stage_i/register_file_i/i___28_i_93_n_0
    SLICE_X58Y150        LUT6 (Prop_lut6_I2_O)        0.297    13.526 r  u_soc_top/gen_cv32e40p_core.u_core/core_i/id_stage_i/register_file_i/i___28_i_86/O
                         net (fo=64, routed)          0.719    14.244    u_soc_top/gen_cv32e40p_core.u_core/core_i/id_stage_i/register_file_i/ex_stage_i/alu_i/extract_sign
    SLICE_X64Y150        LUT6 (Prop_lut6_I5_O)        0.124    14.368 r  u_soc_top/gen_cv32e40p_core.u_core/core_i/id_stage_i/register_file_i/i___91__20_i_39/O
                         net (fo=1, routed)           0.575    14.943    u_soc_top/gen_cv32e40p_core.u_core/core_i/id_stage_i/register_file_i/i___91__20_i_39_n_0
    SLICE_X68Y149        LUT6 (Prop_lut6_I5_O)        0.124    15.067 r  u_soc_top/gen_cv32e40p_core.u_core/core_i/id_stage_i/register_file_i/i___91__20_i_33/O
                         net (fo=1, routed)           0.162    15.229    u_soc_top/gen_cv32e40p_core.u_core/core_i/id_stage_i/register_file_i/ex_stage_i/alu_i/bextins_result[12]
    SLICE_X68Y149        LUT6 (Prop_lut6_I5_O)        0.124    15.353 r  u_soc_top/gen_cv32e40p_core.u_core/core_i/id_stage_i/register_file_i/i___91__20_i_26/O
                         net (fo=1, routed)           0.000    15.353    u_soc_top/gen_cv32e40p_core.u_core/core_i/id_stage_i/register_file_i/i___91__20_i_26_n_0
    SLICE_X68Y149        MUXF7 (Prop_muxf7_I1_O)      0.217    15.570 r  u_soc_top/gen_cv32e40p_core.u_core/core_i/id_stage_i/register_file_i/i___91__20_i_20/O
                         net (fo=1, routed)           0.301    15.871    u_soc_top/gen_cv32e40p_core.u_core/core_i/id_stage_i/register_file_i/i___91__20_i_20_n_0
    SLICE_X69Y148        LUT6 (Prop_lut6_I5_O)        0.299    16.170 r  u_soc_top/gen_cv32e40p_core.u_core/core_i/id_stage_i/register_file_i/i___91__20_i_8/O
                         net (fo=1, routed)           0.500    16.670    u_soc_top/gen_cv32e40p_core.u_core/core_i/id_stage_i/gen_hwloop_regs.hwloop_regs_i/alu_result[12]
    SLICE_X70Y147        LUT6 (Prop_lut6_I3_O)        0.124    16.794 r  u_soc_top/gen_cv32e40p_core.u_core/core_i/id_stage_i/gen_hwloop_regs.hwloop_regs_i/i___91__20_i_3/O
                         net (fo=36, routed)          0.735    17.529    u_soc_top/gen_cv32e40p_core.u_core/core_i/id_stage_i/gen_hwloop_regs.hwloop_regs_i/csr_access_ex_o_reg_24
    SLICE_X72Y145        LUT6 (Prop_lut6_I1_O)        0.124    17.653 r  u_soc_top/gen_cv32e40p_core.u_core/core_i/id_stage_i/gen_hwloop_regs.hwloop_regs_i/alu_operand_b_ex_o[28]_i_6/O
                         net (fo=1, routed)           0.574    18.227    u_soc_top/gen_cv32e40p_core.u_core/core_i/if_stage_i/mult_operand_b_ex_o_reg[28]_0
    SLICE_X72Y144        LUT6 (Prop_lut6_I0_O)        0.124    18.351 r  u_soc_top/gen_cv32e40p_core.u_core/core_i/if_stage_i/alu_operand_b_ex_o[28]_i_3/O
                         net (fo=3, routed)           0.727    19.078    u_soc_top/gen_cv32e40p_core.u_core/core_i/if_stage_i/alu_operand_b_ex_o[28]_i_3_n_0
    SLICE_X67Y144        LUT6 (Prop_lut6_I2_O)        0.124    19.202 r  u_soc_top/gen_cv32e40p_core.u_core/core_i/if_stage_i/mult_operand_b_ex_o[28]_i_1/O
                         net (fo=2, routed)           0.352    19.554    u_soc_top/gen_cv32e40p_core.u_core/core_i/id_stage_i/mult_operand_b_ex_o_reg[31]_1[20]
    SLICE_X66Y143        FDCE                                         r  u_soc_top/gen_cv32e40p_core.u_core/core_i/id_stage_i/mult_dot_op_b_ex_o_reg[28]/D
  -------------------------------------------------------------------    -------------------

                         (clock clk_50m_unbuf rise edge)
                                                     20.000    20.000 r  
    E3                                                0.000    20.000 r  clk_100m_i (IN)
                         net (fo=0)                   0.000    20.000    clk_100m_i
    E3                   IBUF (Prop_ibuf_I_O)         1.411    21.411 r  clk_100m_i_IBUF_inst/O
                         net (fo=1, routed)           1.162    22.573    clk_100m_i_IBUF
    MMCME2_ADV_X1Y2      MMCME2_ADV (Prop_mmcme2_adv_CLKIN1_CLKOUT0)
                                                     -7.324    15.249 r  u_mmcm/CLKOUT0
                         net (fo=1, routed)           1.639    16.888    clk_50m_unbuf
    BUFGCTRL_X0Y16       BUFG (Prop_bufg_I_O)         0.091    16.979 r  u_bufg_clk50/O
                         net (fo=7170, routed)        1.496    18.475    u_soc_top/gen_cv32e40p_core.u_core/core_i/id_stage_i/clk_50m
    SLICE_X66Y143        FDCE                                         r  u_soc_top/gen_cv32e40p_core.u_core/core_i/id_stage_i/mult_dot_op_b_ex_o_reg[28]/C
                         clock pessimism              0.560    19.035    
                         clock uncertainty           -0.089    18.946    
    SLICE_X66Y143        FDCE (Setup_fdce_C_D)       -0.013    18.933    u_soc_top/gen_cv32e40p_core.u_core/core_i/id_stage_i/mult_dot_op_b_ex_o_reg[28]
  -------------------------------------------------------------------
                         required time                         18.933    
                         arrival time                         -19.554    
  -------------------------------------------------------------------
                         slack                                 -0.621    

Slack (VIOLATED) :        -0.619ns  (required time - arrival time)
  Source:                 u_soc_top/gen_cv32e40p_core.u_core/core_i/id_stage_i/alu_operator_ex_o_reg[5]/C
                            (rising edge-triggered cell FDCE clocked by clk_50m_unbuf  {rise@0.000ns fall@10.000ns period=20.000ns})
  Destination:            u_soc_top/gen_cv32e40p_core.u_core/core_i/id_stage_i/mult_operand_b_ex_o_reg[19]/D
                            (rising edge-triggered cell FDCE clocked by clk_50m_unbuf  {rise@0.000ns fall@10.000ns period=20.000ns})
  Path Group:             clk_50m_unbuf
  Path Type:              Setup (Max at Slow Process Corner)
  Requirement:            20.000ns  (clk_50m_unbuf rise@20.000ns - clk_50m_unbuf rise@0.000ns)
  Data Path Delay:        20.457ns  (logic 5.785ns (28.279%)  route 14.672ns (71.721%))
  Logic Levels:           27  (CARRY4=5 LUT3=2 LUT5=5 LUT6=13 MUXF7=2)
  Clock Path Skew:        -0.033ns (DCD - SCD + CPR)
    Destination Clock Delay (DCD):    -1.525ns = ( 18.475 - 20.000 ) 
    Source Clock Delay      (SCD):    -0.932ns
    Clock Pessimism Removal (CPR):    0.560ns
  Clock Uncertainty:      0.089ns  ((TSJ^2 + DJ^2)^1/2) / 2 + PE
    Total System Jitter     (TSJ):    0.071ns
    Discrete Jitter          (DJ):    0.163ns
    Phase Error              (PE):    0.000ns

    Location             Delay type                Incr(ns)  Path(ns)    Netlist Resource(s)
  -------------------------------------------------------------------    -------------------
                         (clock clk_50m_unbuf rise edge)
                                                      0.000     0.000 r  
    E3                                                0.000     0.000 r  clk_100m_i (IN)
                         net (fo=0)                   0.000     0.000    clk_100m_i
    E3                   IBUF (Prop_ibuf_I_O)         1.482     1.482 r  clk_100m_i_IBUF_inst/O
                         net (fo=1, routed)           1.233     2.715    clk_100m_i_IBUF
    MMCME2_ADV_X1Y2      MMCME2_ADV (Prop_mmcme2_adv_CLKIN1_CLKOUT0)
                                                     -7.070    -4.355 r  u_mmcm/CLKOUT0
                         net (fo=1, routed)           1.719    -2.636    clk_50m_unbuf
    BUFGCTRL_X0Y16       BUFG (Prop_bufg_I_O)         0.096    -2.540 r  u_bufg_clk50/O
                         net (fo=7170, routed)        1.608    -0.932    u_soc_top/gen_cv32e40p_core.u_core/core_i/id_stage_i/clk_50m
    SLICE_X53Y142        FDCE                                         r  u_soc_top/gen_cv32e40p_core.u_core/core_i/id_stage_i/alu_operator_ex_o_reg[5]/C
  -------------------------------------------------------------------    -------------------
    SLICE_X53Y142        FDCE (Prop_fdce_C_Q)         0.456    -0.476 r  u_soc_top/gen_cv32e40p_core.u_core/core_i/id_stage_i/alu_operator_ex_o_reg[5]/Q
                         net (fo=59, routed)          0.670     0.194    u_soc_top/gen_cv32e40p_core.u_core/core_i/id_stage_i/register_file_i/i___147_i_34_0[5]
    SLICE_X55Y142        LUT3 (Prop_lut3_I0_O)        0.124     0.318 r  u_soc_top/gen_cv32e40p_core.u_core/core_i/id_stage_i/register_file_i/i___160_i_5/O
                         net (fo=96, routed)          1.370     1.688    u_soc_top/gen_cv32e40p_core.u_core/core_i/id_stage_i/register_file_i/i___160_i_5_n_0
    SLICE_X56Y145        LUT6 (Prop_lut6_I0_O)        0.124     1.812 r  u_soc_top/gen_cv32e40p_core.u_core/core_i/id_stage_i/register_file_i/i___91__10_i_53/O
                         net (fo=1, routed)           0.426     2.238    u_soc_top/gen_cv32e40p_core.u_core/core_i/id_stage_i/register_file_i/i___91__10_i_53_n_0
    SLICE_X56Y146        LUT6 (Prop_lut6_I5_O)        0.124     2.362 r  u_soc_top/gen_cv32e40p_core.u_core/core_i/id_stage_i/register_file_i/i___91__10_i_40/O
                         net (fo=2, routed)           0.692     3.054    u_soc_top/gen_cv32e40p_core.u_core/core_i/id_stage_i/register_file_i/ex_stage_i/alu_i/adder_op_a[19]
    SLICE_X54Y147        LUT5 (Prop_lut5_I0_O)        0.124     3.178 r  u_soc_top/gen_cv32e40p_core.u_core/core_i/id_stage_i/register_file_i/i___91__10_i_44/O
                         net (fo=1, routed)           0.000     3.178    u_soc_top/gen_cv32e40p_core.u_core/core_i/id_stage_i/register_file_i/i___91__10_i_44_n_0
    SLICE_X54Y147        CARRY4 (Prop_carry4_S[1]_CO[3])
                                                      0.533     3.711 r  u_soc_top/gen_cv32e40p_core.u_core/core_i/id_stage_i/register_file_i/i___91__10_i_30/CO[3]
                         net (fo=1, routed)           0.000     3.711    u_soc_top/gen_cv32e40p_core.u_core/core_i/id_stage_i/register_file_i/i___91__10_i_30_n_0
    SLICE_X54Y148        CARRY4 (Prop_carry4_CI_CO[3])
                                                      0.117     3.828 r  u_soc_top/gen_cv32e40p_core.u_core/core_i/id_stage_i/register_file_i/i___91__7_i_30/CO[3]
                         net (fo=1, routed)           0.000     3.828    u_soc_top/gen_cv32e40p_core.u_core/core_i/id_stage_i/register_file_i/i___91__7_i_30_n_0
    SLICE_X54Y149        CARRY4 (Prop_carry4_CI_O[1])
                                                      0.323     4.151 r  u_soc_top/gen_cv32e40p_core.u_core/core_i/id_stage_i/register_file_i/i___91__3_i_31/O[1]
                         net (fo=4, routed)           0.744     4.894    u_soc_top/gen_cv32e40p_core.u_core/core_i/id_stage_i/register_file_i/ex_stage_i/alu_i/data0[26]
    SLICE_X55Y150        LUT5 (Prop_lut5_I3_O)        0.306     5.200 r  u_soc_top/gen_cv32e40p_core.u_core/core_i/id_stage_i/register_file_i/BReg_DP[31]_i_95/O
                         net (fo=1, routed)           0.000     5.200    u_soc_top/gen_cv32e40p_core.u_core/core_i/id_stage_i/register_file_i/BReg_DP[31]_i_95_n_0
    SLICE_X55Y150        CARRY4 (Prop_carry4_S[2]_CO[3])
                                                      0.398     5.598 r  u_soc_top/gen_cv32e40p_core.u_core/core_i/id_stage_i/register_file_i/BReg_DP_reg[31]_i_82/CO[3]
                         net (fo=1, routed)           0.000     5.598    u_soc_top/gen_cv32e40p_core.u_core/core_i/id_stage_i/register_file_i/BReg_DP_reg[31]_i_82_n_0
    SLICE_X55Y151        CARRY4 (Prop_carry4_CI_O[3])
                                                      0.313     5.911 r  u_soc_top/gen_cv32e40p_core.u_core/core_i/id_stage_i/register_file_i/BReg_DP_reg[0]_i_8/O[3]
                         net (fo=2, routed)           0.495     6.406    u_soc_top/gen_cv32e40p_core.u_core/core_i/id_stage_i/register_file_i/ex_stage_i/alu_i/adder_round_result[31]
    SLICE_X55Y152        LUT6 (Prop_lut6_I2_O)        0.306     6.712 r  u_soc_top/gen_cv32e40p_core.u_core/core_i/id_stage_i/register_file_i/BReg_DP[0]_i_6/O
                         net (fo=61, routed)          1.014     7.726    u_soc_top/gen_cv32e40p_core.u_core/core_i/id_stage_i/register_file_i/shift_right_result126_out
    SLICE_X55Y154        LUT3 (Prop_lut3_I2_O)        0.124     7.850 r  u_soc_top/gen_cv32e40p_core.u_core/core_i/id_stage_i/register_file_i/BReg_DP[16]_i_12/O
                         net (fo=3, routed)           0.616     8.466    u_soc_top/gen_cv32e40p_core.u_core/core_i/id_stage_i/register_file_i/ex_stage_i/alu_i/shift_op_a_32[46]
    SLICE_X59Y156        LUT6 (Prop_lut6_I0_O)        0.124     8.590 r  u_soc_top/gen_cv32e40p_core.u_core/core_i/id_stage_i/register_file_i/BReg_DP[16]_i_8/O
                         net (fo=4, routed)           0.984     9.574    u_soc_top/gen_cv32e40p_core.u_core/core_i/id_stage_i/register_file_i/BReg_DP[16]_i_8_n_0
    SLICE_X57Y157        LUT6 (Prop_lut6_I0_O)        0.124     9.698 r  u_soc_top/gen_cv32e40p_core.u_core/core_i/id_stage_i/register_file_i/BReg_DP[16]_i_4/O
                         net (fo=3, routed)           0.446    10.144    u_soc_top/gen_cv32e40p_core.u_core/core_i/id_stage_i/register_file_i/alu_clpx_shift_ex_o_reg[1]_12
    SLICE_X56Y157        LUT5 (Prop_lut5_I2_O)        0.124    10.268 r  u_soc_top/gen_cv32e40p_core.u_core/core_i/id_stage_i/register_file_i/BReg_DP[16]_i_2/O
                         net (fo=3, routed)           0.827    11.095    u_soc_top/gen_cv32e40p_core.u_core/core_i/id_stage_i/register_file_i/shift_left_result[2]
    SLICE_X58Y157        LUT5 (Prop_lut5_I0_O)        0.124    11.219 r  u_soc_top/gen_cv32e40p_core.u_core/core_i/id_stage_i/register_file_i/i___91__15_i_30/O
                         net (fo=6, routed)           1.090    12.310    u_soc_top/gen_cv32e40p_core.u_core/core_i/id_stage_i/register_file_i/ex_stage_i/alu_i/radix_2_rev[15]
    SLICE_X60Y150        LUT6 (Prop_lut6_I5_O)        0.124    12.434 r  u_soc_top/gen_cv32e40p_core.u_core/core_i/id_stage_i/register_file_i/i___28_i_99/O
                         net (fo=1, routed)           0.000    12.434    u_soc_top/gen_cv32e40p_core.u_core/core_i/id_stage_i/register_file_i/i___28_i_99_n_0
    SLICE_X60Y150        MUXF7 (Prop_muxf7_I0_O)      0.209    12.643 r  u_soc_top/gen_cv32e40p_core.u_core/core_i/id_stage_i/register_file_i/i___28_i_93/O
                         net (fo=1, routed)           0.586    13.229    u_soc_top/gen_cv32e40p_core.u_core/core_i/id_stage_i/register_file_i/i___28_i_93_n_0
    SLICE_X58Y150        LUT6 (Prop_lut6_I2_O)        0.297    13.526 r  u_soc_top/gen_cv32e40p_core.u_core/core_i/id_stage_i/register_file_i/i___28_i_86/O
                         net (fo=64, routed)          0.909    14.434    u_soc_top/gen_cv32e40p_core.u_core/core_i/id_stage_i/register_file_i/ex_stage_i/alu_i/extract_sign
    SLICE_X61Y147        LUT6 (Prop_lut6_I3_O)        0.124    14.558 r  u_soc_top/gen_cv32e40p_core.u_core/core_i/id_stage_i/register_file_i/i___91__32_i_32/O
                         net (fo=1, routed)           0.293    14.851    u_soc_top/gen_cv32e40p_core.u_core/core_i/id_stage_i/register_file_i/ex_stage_i/alu_i/bextins_result[3]
    SLICE_X61Y145        LUT6 (Prop_lut6_I5_O)        0.124    14.975 r  u_soc_top/gen_cv32e40p_core.u_core/core_i/id_stage_i/register_file_i/i___91__32_i_25/O
                         net (fo=1, routed)           0.000    14.975    u_soc_top/gen_cv32e40p_core.u_core/core_i/id_stage_i/register_file_i/i___91__32_i_25_n_0
    SLICE_X61Y145        MUXF7 (Prop_muxf7_I1_O)      0.245    15.220 r  u_soc_top/gen_cv32e40p_core.u_core/core_i/id_stage_i/register_file_i/i___91__32_i_12/O
                         net (fo=1, routed)           0.523    15.743    u_soc_top/gen_cv32e40p_core.u_core/core_i/id_stage_i/register_file_i/i___91__32_i_12_n_0
    SLICE_X62Y144        LUT6 (Prop_lut6_I5_O)        0.298    16.041 r  u_soc_top/gen_cv32e40p_core.u_core/core_i/id_stage_i/register_file_i/i___91__32_i_4/O
                         net (fo=1, routed)           0.322    16.364    u_soc_top/gen_cv32e40p_core.u_core/core_i/id_stage_i/gen_hwloop_regs.hwloop_regs_i/alu_result[3]
    SLICE_X64Y143        LUT6 (Prop_lut6_I3_O)        0.124    16.488 r  u_soc_top/gen_cv32e40p_core.u_core/core_i/id_stage_i/gen_hwloop_regs.hwloop_regs_i/i___91__32_i_2/O
                         net (fo=37, routed)          0.565    17.053    u_soc_top/gen_cv32e40p_core.u_core/regfile_alu_wdata_fw[3]
    SLICE_X64Y142        LUT6 (Prop_lut6_I2_O)        0.124    17.177 r  u_soc_top/gen_cv32e40p_core.u_core/i___91__33/O
                         net (fo=1, routed)           0.825    18.003    u_soc_top/gen_cv32e40p_core.u_core/core_i/if_stage_i/mult_dot_op_b_ex_o_reg[3]
    SLICE_X66Y147        LUT6 (Prop_lut6_I0_O)        0.124    18.127 r  u_soc_top/gen_cv32e40p_core.u_core/core_i/if_stage_i/mult_operand_b_ex_o[3]_i_1/O
                         net (fo=9, routed)           0.927    19.053    u_soc_top/gen_cv32e40p_core.u_core/core_i/if_stage_i/operand_b[3]
    SLICE_X66Y144        LUT5 (Prop_lut5_I0_O)        0.124    19.177 r  u_soc_top/gen_cv32e40p_core.u_core/core_i/if_stage_i/mult_operand_b_ex_o[19]_i_1/O
                         net (fo=2, routed)           0.348    19.525    u_soc_top/gen_cv32e40p_core.u_core/core_i/id_stage_i/mult_operand_b_ex_o_reg[31]_1[11]
    SLICE_X69Y143        FDCE                                         r  u_soc_top/gen_cv32e40p_core.u_core/core_i/id_stage_i/mult_operand_b_ex_o_reg[19]/D
  -------------------------------------------------------------------    -------------------

                         (clock clk_50m_unbuf rise edge)
                                                     20.000    20.000 r  
    E3                                                0.000    20.000 r  clk_100m_i (IN)
                         net (fo=0)                   0.000    20.000    clk_100m_i
    E3                   IBUF (Prop_ibuf_I_O)         1.411    21.411 r  clk_100m_i_IBUF_inst/O
                         net (fo=1, routed)           1.162    22.573    clk_100m_i_IBUF
    MMCME2_ADV_X1Y2      MMCME2_ADV (Prop_mmcme2_adv_CLKIN1_CLKOUT0)
                                                     -7.324    15.249 r  u_mmcm/CLKOUT0
                         net (fo=1, routed)           1.639    16.888    clk_50m_unbuf
    BUFGCTRL_X0Y16       BUFG (Prop_bufg_I_O)         0.091    16.979 r  u_bufg_clk50/O
                         net (fo=7170, routed)        1.496    18.475    u_soc_top/gen_cv32e40p_core.u_core/core_i/id_stage_i/clk_50m
    SLICE_X69Y143        FDCE                                         r  u_soc_top/gen_cv32e40p_core.u_core/core_i/id_stage_i/mult_operand_b_ex_o_reg[19]/C
                         clock pessimism              0.560    19.035    
                         clock uncertainty           -0.089    18.946    
    SLICE_X69Y143        FDCE (Setup_fdce_C_D)       -0.040    18.906    u_soc_top/gen_cv32e40p_core.u_core/core_i/id_stage_i/mult_operand_b_ex_o_reg[19]
  -------------------------------------------------------------------
                         required time                         18.906    
                         arrival time                         -19.525    
  -------------------------------------------------------------------
                         slack                                 -0.619    

Slack (VIOLATED) :        -0.618ns  (required time - arrival time)
  Source:                 u_soc_top/gen_cv32e40p_core.u_core/core_i/id_stage_i/alu_operator_ex_o_reg[5]/C
                            (rising edge-triggered cell FDCE clocked by clk_50m_unbuf  {rise@0.000ns fall@10.000ns period=20.000ns})
  Destination:            u_soc_top/gen_cv32e40p_core.u_core/core_i/id_stage_i/mult_operand_b_ex_o_reg[21]/D
                            (rising edge-triggered cell FDCE clocked by clk_50m_unbuf  {rise@0.000ns fall@10.000ns period=20.000ns})
  Path Group:             clk_50m_unbuf
  Path Type:              Setup (Max at Slow Process Corner)
  Requirement:            20.000ns  (clk_50m_unbuf rise@20.000ns - clk_50m_unbuf rise@0.000ns)
  Data Path Delay:        20.438ns  (logic 5.882ns (28.779%)  route 14.556ns (71.221%))
  Logic Levels:           28  (CARRY4=5 LUT3=2 LUT5=5 LUT6=14 MUXF7=2)
  Clock Path Skew:        -0.024ns (DCD - SCD + CPR)
    Destination Clock Delay (DCD):    -1.533ns = ( 18.467 - 20.000 ) 
    Source Clock Delay      (SCD):    -0.932ns
    Clock Pessimism Removal (CPR):    0.577ns
  Clock Uncertainty:      0.089ns  ((TSJ^2 + DJ^2)^1/2) / 2 + PE
    Total System Jitter     (TSJ):    0.071ns
    Discrete Jitter          (DJ):    0.163ns
    Phase Error              (PE):    0.000ns

    Location             Delay type                Incr(ns)  Path(ns)    Netlist Resource(s)
  -------------------------------------------------------------------    -------------------
                         (clock clk_50m_unbuf rise edge)
                                                      0.000     0.000 r  
    E3                                                0.000     0.000 r  clk_100m_i (IN)
                         net (fo=0)                   0.000     0.000    clk_100m_i
    E3                   IBUF (Prop_ibuf_I_O)         1.482     1.482 r  clk_100m_i_IBUF_inst/O
                         net (fo=1, routed)           1.233     2.715    clk_100m_i_IBUF
    MMCME2_ADV_X1Y2      MMCME2_ADV (Prop_mmcme2_adv_CLKIN1_CLKOUT0)
                                                     -7.070    -4.355 r  u_mmcm/CLKOUT0
                         net (fo=1, routed)           1.719    -2.636    clk_50m_unbuf
    BUFGCTRL_X0Y16       BUFG (Prop_bufg_I_O)         0.096    -2.540 r  u_bufg_clk50/O
                         net (fo=7170, routed)        1.608    -0.932    u_soc_top/gen_cv32e40p_core.u_core/core_i/id_stage_i/clk_50m
    SLICE_X53Y142        FDCE                                         r  u_soc_top/gen_cv32e40p_core.u_core/core_i/id_stage_i/alu_operator_ex_o_reg[5]/C
  -------------------------------------------------------------------    -------------------
    SLICE_X53Y142        FDCE (Prop_fdce_C_Q)         0.456    -0.476 r  u_soc_top/gen_cv32e40p_core.u_core/core_i/id_stage_i/alu_operator_ex_o_reg[5]/Q
                         net (fo=59, routed)          0.670     0.194    u_soc_top/gen_cv32e40p_core.u_core/core_i/id_stage_i/register_file_i/i___147_i_34_0[5]
    SLICE_X55Y142        LUT3 (Prop_lut3_I0_O)        0.124     0.318 r  u_soc_top/gen_cv32e40p_core.u_core/core_i/id_stage_i/register_file_i/i___160_i_5/O
                         net (fo=96, routed)          1.370     1.688    u_soc_top/gen_cv32e40p_core.u_core/core_i/id_stage_i/register_file_i/i___160_i_5_n_0
    SLICE_X56Y145        LUT6 (Prop_lut6_I0_O)        0.124     1.812 r  u_soc_top/gen_cv32e40p_core.u_core/core_i/id_stage_i/register_file_i/i___91__10_i_53/O
                         net (fo=1, routed)           0.426     2.238    u_soc_top/gen_cv32e40p_core.u_core/core_i/id_stage_i/register_file_i/i___91__10_i_53_n_0
    SLICE_X56Y146        LUT6 (Prop_lut6_I5_O)        0.124     2.362 r  u_soc_top/gen_cv32e40p_core.u_core/core_i/id_stage_i/register_file_i/i___91__10_i_40/O
                         net (fo=2, routed)           0.692     3.054    u_soc_top/gen_cv32e40p_core.u_core/core_i/id_stage_i/register_file_i/ex_stage_i/alu_i/adder_op_a[19]
    SLICE_X54Y147        LUT5 (Prop_lut5_I0_O)        0.124     3.178 r  u_soc_top/gen_cv32e40p_core.u_core/core_i/id_stage_i/register_file_i/i___91__10_i_44/O
                         net (fo=1, routed)           0.000     3.178    u_soc_top/gen_cv32e40p_core.u_core/core_i/id_stage_i/register_file_i/i___91__10_i_44_n_0
    SLICE_X54Y147        CARRY4 (Prop_carry4_S[1]_CO[3])
                                                      0.533     3.711 r  u_soc_top/gen_cv32e40p_core.u_core/core_i/id_stage_i/register_file_i/i___91__10_i_30/CO[3]
                         net (fo=1, routed)           0.000     3.711    u_soc_top/gen_cv32e40p_core.u_core/core_i/id_stage_i/register_file_i/i___91__10_i_30_n_0
    SLICE_X54Y148        CARRY4 (Prop_carry4_CI_CO[3])
                                                      0.117     3.828 r  u_soc_top/gen_cv32e40p_core.u_core/core_i/id_stage_i/register_file_i/i___91__7_i_30/CO[3]
                         net (fo=1, routed)           0.000     3.828    u_soc_top/gen_cv32e40p_core.u_core/core_i/id_stage_i/register_file_i/i___91__7_i_30_n_0
    SLICE_X54Y149        CARRY4 (Prop_carry4_CI_O[1])
                                                      0.323     4.151 r  u_soc_top/gen_cv32e40p_core.u_core/core_i/id_stage_i/register_file_i/i___91__3_i_31/O[1]
                         net (fo=4, routed)           0.744     4.894    u_soc_top/gen_cv32e40p_core.u_core/core_i/id_stage_i/register_file_i/ex_stage_i/alu_i/data0[26]
    SLICE_X55Y150        LUT5 (Prop_lut5_I3_O)        0.306     5.200 r  u_soc_top/gen_cv32e40p_core.u_core/core_i/id_stage_i/register_file_i/BReg_DP[31]_i_95/O
                         net (fo=1, routed)           0.000     5.200    u_soc_top/gen_cv32e40p_core.u_core/core_i/id_stage_i/register_file_i/BReg_DP[31]_i_95_n_0
    SLICE_X55Y150        CARRY4 (Prop_carry4_S[2]_CO[3])
                                                      0.398     5.598 r  u_soc_top/gen_cv32e40p_core.u_core/core_i/id_stage_i/register_file_i/BReg_DP_reg[31]_i_82/CO[3]
                         net (fo=1, routed)           0.000     5.598    u_soc_top/gen_cv32e40p_core.u_core/core_i/id_stage_i/register_file_i/BReg_DP_reg[31]_i_82_n_0
    SLICE_X55Y151        CARRY4 (Prop_carry4_CI_O[3])
                                                      0.313     5.911 r  u_soc_top/gen_cv32e40p_core.u_core/core_i/id_stage_i/register_file_i/BReg_DP_reg[0]_i_8/O[3]
                         net (fo=2, routed)           0.495     6.406    u_soc_top/gen_cv32e40p_core.u_core/core_i/id_stage_i/register_file_i/ex_stage_i/alu_i/adder_round_result[31]
    SLICE_X55Y152        LUT6 (Prop_lut6_I2_O)        0.306     6.712 r  u_soc_top/gen_cv32e40p_core.u_core/core_i/id_stage_i/register_file_i/BReg_DP[0]_i_6/O
                         net (fo=61, routed)          1.014     7.726    u_soc_top/gen_cv32e40p_core.u_core/core_i/id_stage_i/register_file_i/shift_right_result126_out
    SLICE_X55Y154        LUT3 (Prop_lut3_I2_O)        0.124     7.850 r  u_soc_top/gen_cv32e40p_core.u_core/core_i/id_stage_i/register_file_i/BReg_DP[16]_i_12/O
                         net (fo=3, routed)           0.616     8.466    u_soc_top/gen_cv32e40p_core.u_core/core_i/id_stage_i/register_file_i/ex_stage_i/alu_i/shift_op_a_32[46]
    SLICE_X59Y156        LUT6 (Prop_lut6_I0_O)        0.124     8.590 r  u_soc_top/gen_cv32e40p_core.u_core/core_i/id_stage_i/register_file_i/BReg_DP[16]_i_8/O
                         net (fo=4, routed)           0.984     9.574    u_soc_top/gen_cv32e40p_core.u_core/core_i/id_stage_i/register_file_i/BReg_DP[16]_i_8_n_0
    SLICE_X57Y157        LUT6 (Prop_lut6_I0_O)        0.124     9.698 r  u_soc_top/gen_cv32e40p_core.u_core/core_i/id_stage_i/register_file_i/BReg_DP[16]_i_4/O
                         net (fo=3, routed)           0.446    10.144    u_soc_top/gen_cv32e40p_core.u_core/core_i/id_stage_i/register_file_i/alu_clpx_shift_ex_o_reg[1]_12
    SLICE_X56Y157        LUT5 (Prop_lut5_I2_O)        0.124    10.268 r  u_soc_top/gen_cv32e40p_core.u_core/core_i/id_stage_i/register_file_i/BReg_DP[16]_i_2/O
                         net (fo=3, routed)           0.827    11.095    u_soc_top/gen_cv32e40p_core.u_core/core_i/id_stage_i/register_file_i/shift_left_result[2]
    SLICE_X58Y157        LUT5 (Prop_lut5_I0_O)        0.124    11.219 r  u_soc_top/gen_cv32e40p_core.u_core/core_i/id_stage_i/register_file_i/i___91__15_i_30/O
                         net (fo=6, routed)           1.090    12.310    u_soc_top/gen_cv32e40p_core.u_core/core_i/id_stage_i/register_file_i/ex_stage_i/alu_i/radix_2_rev[15]
    SLICE_X60Y150        LUT6 (Prop_lut6_I5_O)        0.124    12.434 r  u_soc_top/gen_cv32e40p_core.u_core/core_i/id_stage_i/register_file_i/i___28_i_99/O
                         net (fo=1, routed)           0.000    12.434    u_soc_top/gen_cv32e40p_core.u_core/core_i/id_stage_i/register_file_i/i___28_i_99_n_0
    SLICE_X60Y150        MUXF7 (Prop_muxf7_I0_O)      0.209    12.643 r  u_soc_top/gen_cv32e40p_core.u_core/core_i/id_stage_i/register_file_i/i___28_i_93/O
                         net (fo=1, routed)           0.586    13.229    u_soc_top/gen_cv32e40p_core.u_core/core_i/id_stage_i/register_file_i/i___28_i_93_n_0
    SLICE_X58Y150        LUT6 (Prop_lut6_I2_O)        0.297    13.526 r  u_soc_top/gen_cv32e40p_core.u_core/core_i/id_stage_i/register_file_i/i___28_i_86/O
                         net (fo=64, routed)          0.918    14.443    u_soc_top/gen_cv32e40p_core.u_core/core_i/id_stage_i/register_file_i/ex_stage_i/alu_i/extract_sign
    SLICE_X67Y148        LUT6 (Prop_lut6_I5_O)        0.124    14.567 r  u_soc_top/gen_cv32e40p_core.u_core/core_i/id_stage_i/register_file_i/i___91__10_i_50/O
                         net (fo=1, routed)           0.263    14.830    u_soc_top/gen_cv32e40p_core.u_core/core_i/id_stage_i/register_file_i/i___91__10_i_50_n_0
    SLICE_X67Y148        LUT6 (Prop_lut6_I5_O)        0.124    14.954 r  u_soc_top/gen_cv32e40p_core.u_core/core_i/id_stage_i/register_file_i/i___91__10_i_35/O
                         net (fo=1, routed)           0.154    15.109    u_soc_top/gen_cv32e40p_core.u_core/core_i/id_stage_i/register_file_i/ex_stage_i/alu_i/bextins_result[21]
    SLICE_X67Y148        LUT6 (Prop_lut6_I5_O)        0.124    15.233 r  u_soc_top/gen_cv32e40p_core.u_core/core_i/id_stage_i/register_file_i/i___91__10_i_27/O
                         net (fo=1, routed)           0.000    15.233    u_soc_top/gen_cv32e40p_core.u_core/core_i/id_stage_i/register_file_i/i___91__10_i_27_n_0
    SLICE_X67Y148        MUXF7 (Prop_muxf7_I1_O)      0.217    15.450 r  u_soc_top/gen_cv32e40p_core.u_core/core_i/id_stage_i/register_file_i/i___91__10_i_20/O
                         net (fo=1, routed)           0.293    15.742    u_soc_top/gen_cv32e40p_core.u_core/core_i/id_stage_i/register_file_i/i___91__10_i_20_n_0
    SLICE_X67Y149        LUT6 (Prop_lut6_I5_O)        0.299    16.041 r  u_soc_top/gen_cv32e40p_core.u_core/core_i/id_stage_i/register_file_i/i___91__10_i_8/O
                         net (fo=1, routed)           0.436    16.478    u_soc_top/gen_cv32e40p_core.u_core/core_i/id_stage_i/gen_hwloop_regs.hwloop_regs_i/alu_result[16]
    SLICE_X69Y148        LUT6 (Prop_lut6_I3_O)        0.124    16.602 r  u_soc_top/gen_cv32e40p_core.u_core/core_i/id_stage_i/gen_hwloop_regs.hwloop_regs_i/i___91__10_i_3/O
                         net (fo=35, routed)          0.664    17.266    u_soc_top/gen_cv32e40p_core.u_core/regfile_alu_wdata_fw[21]
    SLICE_X69Y146        LUT6 (Prop_lut6_I5_O)        0.124    17.390 r  u_soc_top/gen_cv32e40p_core.u_core/i___91__10/O
                         net (fo=5, routed)           0.752    18.141    u_soc_top/gen_cv32e40p_core.u_core/core_i/if_stage_i/mult_dot_op_c_ex_o_reg[21]
    SLICE_X61Y144        LUT6 (Prop_lut6_I5_O)        0.124    18.265 f  u_soc_top/gen_cv32e40p_core.u_core/core_i/if_stage_i/alu_operand_b_ex_o[21]_i_2/O
                         net (fo=2, routed)           0.765    19.031    u_soc_top/gen_cv32e40p_core.u_core/core_i/if_stage_i/alu_operand_b_ex_o[21]_i_2_n_0
    SLICE_X56Y142        LUT5 (Prop_lut5_I4_O)        0.124    19.155 r  u_soc_top/gen_cv32e40p_core.u_core/core_i/if_stage_i/mult_operand_b_ex_o[21]_i_1/O
                         net (fo=2, routed)           0.351    19.506    u_soc_top/gen_cv32e40p_core.u_core/core_i/id_stage_i/mult_operand_b_ex_o_reg[31]_1[13]
    SLICE_X55Y143        FDCE                                         r  u_soc_top/gen_cv32e40p_core.u_core/core_i/id_stage_i/mult_operand_b_ex_o_reg[21]/D
  -------------------------------------------------------------------    -------------------

                         (clock clk_50m_unbuf rise edge)
                                                     20.000    20.000 r  
    E3                                                0.000    20.000 r  clk_100m_i (IN)
                         net (fo=0)                   0.000    20.000    clk_100m_i
    E3                   IBUF (Prop_ibuf_I_O)         1.411    21.411 r  clk_100m_i_IBUF_inst/O
                         net (fo=1, routed)           1.162    22.573    clk_100m_i_IBUF
    MMCME2_ADV_X1Y2      MMCME2_ADV (Prop_mmcme2_adv_CLKIN1_CLKOUT0)
                                                     -7.324    15.249 r  u_mmcm/CLKOUT0
                         net (fo=1, routed)           1.639    16.888    clk_50m_unbuf
    BUFGCTRL_X0Y16       BUFG (Prop_bufg_I_O)         0.091    16.979 r  u_bufg_clk50/O
                         net (fo=7170, routed)        1.488    18.467    u_soc_top/gen_cv32e40p_core.u_core/core_i/id_stage_i/clk_50m
    SLICE_X55Y143        FDCE                                         r  u_soc_top/gen_cv32e40p_core.u_core/core_i/id_stage_i/mult_operand_b_ex_o_reg[21]/C
                         clock pessimism              0.577    19.044    
                         clock uncertainty           -0.089    18.955    
    SLICE_X55Y143        FDCE (Setup_fdce_C_D)       -0.067    18.888    u_soc_top/gen_cv32e40p_core.u_core/core_i/id_stage_i/mult_operand_b_ex_o_reg[21]
  -------------------------------------------------------------------
                         required time                         18.888    
                         arrival time                         -19.506    
  -------------------------------------------------------------------
                         slack                                 -0.618    

Slack (VIOLATED) :        -0.610ns  (required time - arrival time)
  Source:                 u_soc_top/gen_cv32e40p_core.u_core/core_i/id_stage_i/alu_operator_ex_o_reg[5]/C
                            (rising edge-triggered cell FDCE clocked by clk_50m_unbuf  {rise@0.000ns fall@10.000ns period=20.000ns})
  Destination:            u_soc_top/gen_cv32e40p_core.u_core/core_i/id_stage_i/mult_dot_op_b_ex_o_reg[16]/D
                            (rising edge-triggered cell FDCE clocked by clk_50m_unbuf  {rise@0.000ns fall@10.000ns period=20.000ns})
  Path Group:             clk_50m_unbuf
  Path Type:              Setup (Max at Slow Process Corner)
  Requirement:            20.000ns  (clk_50m_unbuf rise@20.000ns - clk_50m_unbuf rise@0.000ns)
  Data Path Delay:        20.441ns  (logic 5.877ns (28.751%)  route 14.564ns (71.249%))
  Logic Levels:           28  (CARRY4=5 LUT3=2 LUT5=5 LUT6=14 MUXF7=2)
  Clock Path Skew:        -0.037ns (DCD - SCD + CPR)
    Destination Clock Delay (DCD):    -1.529ns = ( 18.471 - 20.000 ) 
    Source Clock Delay      (SCD):    -0.932ns
    Clock Pessimism Removal (CPR):    0.560ns
  Clock Uncertainty:      0.089ns  ((TSJ^2 + DJ^2)^1/2) / 2 + PE
    Total System Jitter     (TSJ):    0.071ns
    Discrete Jitter          (DJ):    0.163ns
    Phase Error              (PE):    0.000ns

    Location             Delay type                Incr(ns)  Path(ns)    Netlist Resource(s)
  -------------------------------------------------------------------    -------------------
                         (clock clk_50m_unbuf rise edge)
                                                      0.000     0.000 r  
    E3                                                0.000     0.000 r  clk_100m_i (IN)
                         net (fo=0)                   0.000     0.000    clk_100m_i
    E3                   IBUF (Prop_ibuf_I_O)         1.482     1.482 r  clk_100m_i_IBUF_inst/O
                         net (fo=1, routed)           1.233     2.715    clk_100m_i_IBUF
    MMCME2_ADV_X1Y2      MMCME2_ADV (Prop_mmcme2_adv_CLKIN1_CLKOUT0)
                                                     -7.070    -4.355 r  u_mmcm/CLKOUT0
                         net (fo=1, routed)           1.719    -2.636    clk_50m_unbuf
    BUFGCTRL_X0Y16       BUFG (Prop_bufg_I_O)         0.096    -2.540 r  u_bufg_clk50/O
                         net (fo=7170, routed)        1.608    -0.932    u_soc_top/gen_cv32e40p_core.u_core/core_i/id_stage_i/clk_50m
    SLICE_X53Y142        FDCE                                         r  u_soc_top/gen_cv32e40p_core.u_core/core_i/id_stage_i/alu_operator_ex_o_reg[5]/C
  -------------------------------------------------------------------    -------------------
    SLICE_X53Y142        FDCE (Prop_fdce_C_Q)         0.456    -0.476 r  u_soc_top/gen_cv32e40p_core.u_core/core_i/id_stage_i/alu_operator_ex_o_reg[5]/Q
                         net (fo=59, routed)          0.670     0.194    u_soc_top/gen_cv32e40p_core.u_core/core_i/id_stage_i/register_file_i/i___147_i_34_0[5]
    SLICE_X55Y142        LUT3 (Prop_lut3_I0_O)        0.124     0.318 r  u_soc_top/gen_cv32e40p_core.u_core/core_i/id_stage_i/register_file_i/i___160_i_5/O
                         net (fo=96, routed)          1.370     1.688    u_soc_top/gen_cv32e40p_core.u_core/core_i/id_stage_i/register_file_i/i___160_i_5_n_0
    SLICE_X56Y145        LUT6 (Prop_lut6_I0_O)        0.124     1.812 r  u_soc_top/gen_cv32e40p_core.u_core/core_i/id_stage_i/register_file_i/i___91__10_i_53/O
                         net (fo=1, routed)           0.426     2.238    u_soc_top/gen_cv32e40p_core.u_core/core_i/id_stage_i/register_file_i/i___91__10_i_53_n_0
    SLICE_X56Y146        LUT6 (Prop_lut6_I5_O)        0.124     2.362 r  u_soc_top/gen_cv32e40p_core.u_core/core_i/id_stage_i/register_file_i/i___91__10_i_40/O
                         net (fo=2, routed)           0.692     3.054    u_soc_top/gen_cv32e40p_core.u_core/core_i/id_stage_i/register_file_i/ex_stage_i/alu_i/adder_op_a[19]
    SLICE_X54Y147        LUT5 (Prop_lut5_I0_O)        0.124     3.178 r  u_soc_top/gen_cv32e40p_core.u_core/core_i/id_stage_i/register_file_i/i___91__10_i_44/O
                         net (fo=1, routed)           0.000     3.178    u_soc_top/gen_cv32e40p_core.u_core/core_i/id_stage_i/register_file_i/i___91__10_i_44_n_0
    SLICE_X54Y147        CARRY4 (Prop_carry4_S[1]_CO[3])
                                                      0.533     3.711 r  u_soc_top/gen_cv32e40p_core.u_core/core_i/id_stage_i/register_file_i/i___91__10_i_30/CO[3]
                         net (fo=1, routed)           0.000     3.711    u_soc_top/gen_cv32e40p_core.u_core/core_i/id_stage_i/register_file_i/i___91__10_i_30_n_0
    SLICE_X54Y148        CARRY4 (Prop_carry4_CI_CO[3])
                                                      0.117     3.828 r  u_soc_top/gen_cv32e40p_core.u_core/core_i/id_stage_i/register_file_i/i___91__7_i_30/CO[3]
                         net (fo=1, routed)           0.000     3.828    u_soc_top/gen_cv32e40p_core.u_core/core_i/id_stage_i/register_file_i/i___91__7_i_30_n_0
    SLICE_X54Y149        CARRY4 (Prop_carry4_CI_O[1])
                                                      0.323     4.151 r  u_soc_top/gen_cv32e40p_core.u_core/core_i/id_stage_i/register_file_i/i___91__3_i_31/O[1]
                         net (fo=4, routed)           0.744     4.894    u_soc_top/gen_cv32e40p_core.u_core/core_i/id_stage_i/register_file_i/ex_stage_i/alu_i/data0[26]
    SLICE_X55Y150        LUT5 (Prop_lut5_I3_O)        0.306     5.200 r  u_soc_top/gen_cv32e40p_core.u_core/core_i/id_stage_i/register_file_i/BReg_DP[31]_i_95/O
                         net (fo=1, routed)           0.000     5.200    u_soc_top/gen_cv32e40p_core.u_core/core_i/id_stage_i/register_file_i/BReg_DP[31]_i_95_n_0
    SLICE_X55Y150        CARRY4 (Prop_carry4_S[2]_CO[3])
                                                      0.398     5.598 r  u_soc_top/gen_cv32e40p_core.u_core/core_i/id_stage_i/register_file_i/BReg_DP_reg[31]_i_82/CO[3]
                         net (fo=1, routed)           0.000     5.598    u_soc_top/gen_cv32e40p_core.u_core/core_i/id_stage_i/register_file_i/BReg_DP_reg[31]_i_82_n_0
    SLICE_X55Y151        CARRY4 (Prop_carry4_CI_O[3])
                                                      0.313     5.911 r  u_soc_top/gen_cv32e40p_core.u_core/core_i/id_stage_i/register_file_i/BReg_DP_reg[0]_i_8/O[3]
                         net (fo=2, routed)           0.495     6.406    u_soc_top/gen_cv32e40p_core.u_core/core_i/id_stage_i/register_file_i/ex_stage_i/alu_i/adder_round_result[31]
    SLICE_X55Y152        LUT6 (Prop_lut6_I2_O)        0.306     6.712 r  u_soc_top/gen_cv32e40p_core.u_core/core_i/id_stage_i/register_file_i/BReg_DP[0]_i_6/O
                         net (fo=61, routed)          1.014     7.726    u_soc_top/gen_cv32e40p_core.u_core/core_i/id_stage_i/register_file_i/shift_right_result126_out
    SLICE_X55Y154        LUT3 (Prop_lut3_I2_O)        0.124     7.850 r  u_soc_top/gen_cv32e40p_core.u_core/core_i/id_stage_i/register_file_i/BReg_DP[16]_i_12/O
                         net (fo=3, routed)           0.616     8.466    u_soc_top/gen_cv32e40p_core.u_core/core_i/id_stage_i/register_file_i/ex_stage_i/alu_i/shift_op_a_32[46]
    SLICE_X59Y156        LUT6 (Prop_lut6_I0_O)        0.124     8.590 r  u_soc_top/gen_cv32e40p_core.u_core/core_i/id_stage_i/register_file_i/BReg_DP[16]_i_8/O
                         net (fo=4, routed)           0.984     9.574    u_soc_top/gen_cv32e40p_core.u_core/core_i/id_stage_i/register_file_i/BReg_DP[16]_i_8_n_0
    SLICE_X57Y157        LUT6 (Prop_lut6_I0_O)        0.124     9.698 r  u_soc_top/gen_cv32e40p_core.u_core/core_i/id_stage_i/register_file_i/BReg_DP[16]_i_4/O
                         net (fo=3, routed)           0.446    10.144    u_soc_top/gen_cv32e40p_core.u_core/core_i/id_stage_i/register_file_i/alu_clpx_shift_ex_o_reg[1]_12
    SLICE_X56Y157        LUT5 (Prop_lut5_I2_O)        0.124    10.268 r  u_soc_top/gen_cv32e40p_core.u_core/core_i/id_stage_i/register_file_i/BReg_DP[16]_i_2/O
                         net (fo=3, routed)           0.827    11.095    u_soc_top/gen_cv32e40p_core.u_core/core_i/id_stage_i/register_file_i/shift_left_result[2]
    SLICE_X58Y157        LUT5 (Prop_lut5_I0_O)        0.124    11.219 r  u_soc_top/gen_cv32e40p_core.u_core/core_i/id_stage_i/register_file_i/i___91__15_i_30/O
                         net (fo=6, routed)           1.090    12.310    u_soc_top/gen_cv32e40p_core.u_core/core_i/id_stage_i/register_file_i/ex_stage_i/alu_i/radix_2_rev[15]
    SLICE_X60Y150        LUT6 (Prop_lut6_I5_O)        0.124    12.434 r  u_soc_top/gen_cv32e40p_core.u_core/core_i/id_stage_i/register_file_i/i___28_i_99/O
                         net (fo=1, routed)           0.000    12.434    u_soc_top/gen_cv32e40p_core.u_core/core_i/id_stage_i/register_file_i/i___28_i_99_n_0
    SLICE_X60Y150        MUXF7 (Prop_muxf7_I0_O)      0.209    12.643 r  u_soc_top/gen_cv32e40p_core.u_core/core_i/id_stage_i/register_file_i/i___28_i_93/O
                         net (fo=1, routed)           0.586    13.229    u_soc_top/gen_cv32e40p_core.u_core/core_i/id_stage_i/register_file_i/i___28_i_93_n_0
    SLICE_X58Y150        LUT6 (Prop_lut6_I2_O)        0.297    13.526 r  u_soc_top/gen_cv32e40p_core.u_core/core_i/id_stage_i/register_file_i/i___28_i_86/O
                         net (fo=64, routed)          0.595    14.120    u_soc_top/gen_cv32e40p_core.u_core/core_i/id_stage_i/register_file_i/ex_stage_i/alu_i/extract_sign
    SLICE_X57Y149        LUT6 (Prop_lut6_I5_O)        0.124    14.244 r  u_soc_top/gen_cv32e40p_core.u_core/core_i/id_stage_i/register_file_i/i___91__15_i_40/O
                         net (fo=1, routed)           0.151    14.396    u_soc_top/gen_cv32e40p_core.u_core/core_i/id_stage_i/register_file_i/i___91__15_i_40_n_0
    SLICE_X57Y149        LUT6 (Prop_lut6_I5_O)        0.124    14.520 r  u_soc_top/gen_cv32e40p_core.u_core/core_i/id_stage_i/register_file_i/i___91__15_i_33/O
                         net (fo=1, routed)           0.645    15.165    u_soc_top/gen_cv32e40p_core.u_core/core_i/id_stage_i/register_file_i/ex_stage_i/alu_i/bextins_result[16]
    SLICE_X46Y147        LUT6 (Prop_lut6_I5_O)        0.124    15.289 r  u_soc_top/gen_cv32e40p_core.u_core/core_i/id_stage_i/register_file_i/i___91__15_i_26/O
                         net (fo=1, routed)           0.000    15.289    u_soc_top/gen_cv32e40p_core.u_core/core_i/id_stage_i/register_file_i/i___91__15_i_26_n_0
    SLICE_X46Y147        MUXF7 (Prop_muxf7_I1_O)      0.214    15.503 r  u_soc_top/gen_cv32e40p_core.u_core/core_i/id_stage_i/register_file_i/i___91__15_i_20/O
                         net (fo=1, routed)           0.292    15.795    u_soc_top/gen_cv32e40p_core.u_core/core_i/id_stage_i/register_file_i/i___91__15_i_20_n_0
    SLICE_X49Y147        LUT6 (Prop_lut6_I5_O)        0.297    16.092 r  u_soc_top/gen_cv32e40p_core.u_core/core_i/id_stage_i/register_file_i/i___91__15_i_8/O
                         net (fo=1, routed)           0.484    16.575    u_soc_top/gen_cv32e40p_core.u_core/core_i/id_stage_i/int_controller_i/alu_result[0]
    SLICE_X43Y143        LUT6 (Prop_lut6_I3_O)        0.124    16.699 r  u_soc_top/gen_cv32e40p_core.u_core/core_i/id_stage_i/int_controller_i/i___91__15_i_3/O
                         net (fo=34, routed)          0.640    17.339    u_soc_top/gen_cv32e40p_core.u_core/core_i/id_stage_i/register_file_i/hwlp_start_q_reg[0][16]_0
    SLICE_X45Y141        LUT6 (Prop_lut6_I4_O)        0.124    17.463 r  u_soc_top/gen_cv32e40p_core.u_core/core_i/id_stage_i/register_file_i/hwlp_start_q[1][16]_i_3/O
                         net (fo=8, routed)           0.837    18.300    u_soc_top/gen_cv32e40p_core.u_core/core_i/if_stage_i/hwlp_start_q_reg[0][16]
    SLICE_X54Y140        LUT6 (Prop_lut6_I4_O)        0.124    18.424 f  u_soc_top/gen_cv32e40p_core.u_core/core_i/if_stage_i/alu_operand_b_ex_o[16]_i_2/O
                         net (fo=2, routed)           0.617    19.041    u_soc_top/gen_cv32e40p_core.u_core/core_i/if_stage_i/alu_operand_b_ex_o[16]_i_2_n_0
    SLICE_X59Y140        LUT5 (Prop_lut5_I4_O)        0.124    19.165 r  u_soc_top/gen_cv32e40p_core.u_core/core_i/if_stage_i/mult_operand_b_ex_o[16]_i_1/O
                         net (fo=2, routed)           0.344    19.509    u_soc_top/gen_cv32e40p_core.u_core/core_i/id_stage_i/mult_operand_b_ex_o_reg[31]_1[8]
    SLICE_X59Y141        FDCE                                         r  u_soc_top/gen_cv32e40p_core.u_core/core_i/id_stage_i/mult_dot_op_b_ex_o_reg[16]/D
  -------------------------------------------------------------------    -------------------

                         (clock clk_50m_unbuf rise edge)
                                                     20.000    20.000 r  
    E3                                                0.000    20.000 r  clk_100m_i (IN)
                         net (fo=0)                   0.000    20.000    clk_100m_i
    E3                   IBUF (Prop_ibuf_I_O)         1.411    21.411 r  clk_100m_i_IBUF_inst/O
                         net (fo=1, routed)           1.162    22.573    clk_100m_i_IBUF
    MMCME2_ADV_X1Y2      MMCME2_ADV (Prop_mmcme2_adv_CLKIN1_CLKOUT0)
                                                     -7.324    15.249 r  u_mmcm/CLKOUT0
                         net (fo=1, routed)           1.639    16.888    clk_50m_unbuf
    BUFGCTRL_X0Y16       BUFG (Prop_bufg_I_O)         0.091    16.979 r  u_bufg_clk50/O
                         net (fo=7170, routed)        1.492    18.471    u_soc_top/gen_cv32e40p_core.u_core/core_i/id_stage_i/clk_50m
    SLICE_X59Y141        FDCE                                         r  u_soc_top/gen_cv32e40p_core.u_core/core_i/id_stage_i/mult_dot_op_b_ex_o_reg[16]/C
                         clock pessimism              0.560    19.031    
                         clock uncertainty           -0.089    18.942    
    SLICE_X59Y141        FDCE (Setup_fdce_C_D)       -0.043    18.899    u_soc_top/gen_cv32e40p_core.u_core/core_i/id_stage_i/mult_dot_op_b_ex_o_reg[16]
  -------------------------------------------------------------------
                         required time                         18.899    
                         arrival time                         -19.509    
  -------------------------------------------------------------------
                         slack                                 -0.610    




